id,from_account_id,to_account_id,amount,amount_minor,description,date_posted,is_void,note,transaction_type,source_type,source_id,reconciliation_id,reason,idempotency_key,created_by,voided_by,voided_at,created_at
5,,1,800000,80000000,Client payment received from SAFDAR ALI SB AJNALA (ASLAM CONT),2026-05-06T13:49:00,False,[SRC:Payment:231],Receipt,Payment,231,,,,,,,2026-08-17T14:03:34.318788
6,,2,35600,3560000,Sale receipt from subedar sb dukandar jps (MB NO.7999),2026-05-06T16:51:03.328031,False,Method: Cash [SRC:DirectSale:697],Receipt,,,,,,,,,2026-08-17T14:03:34.320206
7,,2,21370,2137000,Sale receipt from SHAMRAIZ SB KANIYAN (MB NO.8001),2026-05-06T16:56:30.221560,False,Method: Cash [SRC:DirectSale:698],Receipt,,,,,,,,,2026-08-17T14:03:34.321028
8,,2,33500,3350000,Sale receipt from AFZAL NUMBERDAR SB RANGPUR (SB-SL-1698),2026-05-06T16:59:53.707771,False,Method: Cash [SRC:DirectSale:699],Receipt,,,,,,,,,2026-08-17T14:03:34.321713
9,,2,141180,14118000,Client payment received from MUHAMMAD ARSHAD SB GHURAL (SUBEDAR QADAR DAD SB),2026-05-06T09:54:00,False,[SRC:Payment:232],Receipt,Payment,232,,,,,,,2026-08-17T14:03:34.322625
10,,2,295000,29500000,Client payment received from MALIK NAVEED SB KHAN PUR KHOKHAR,2026-05-09T09:02:00,False,[SRC:Payment:233],Receipt,Payment,233,,,,,,,2026-08-17T14:03:34.323401
11,,2,100000,10000000,Client payment received from MALIK NAVEED SB KHAN PUR KHOKHAR,2026-05-09T09:03:00,False,[SRC:Payment:234],Receipt,Payment,234,,,,,,,2026-08-17T14:03:34.324517
12,,2,80500,8050000,Client payment received from MALIK NAVEED SB KHAN PUR KHOKHAR,2026-05-09T09:04:00,False,8086-B 200 DISCOUNT [SRC:Payment:235],Receipt,Payment,235,,,,,,,2026-08-17T14:03:34.325252
13,,,200,20000,Waive-off loss for MALIK NAVEED SB KHAN PUR KHOKHAR,2026-05-09T09:04:00,False,8086-B 200 DISCOUNT [SRC:Payment:235]:LOSS,Loss,Payment,235,,,,,,,2026-08-17T14:03:34.326082
14,,2,31900,3190000,Client payment received from DILDAAR HUSSAIN SB PARSUWAL,2026-05-09T12:12:00,False,[SRC:Payment:236],Receipt,Payment,236,,,,,,,2026-08-17T14:03:34.326872
15,,2,1000,100000,Client payment received from SAEED KHAN SN JPS KOANKH,2026-05-09T12:34:00,False,[SRC:Payment:237],Receipt,Payment,237,,,,,,,2026-08-17T14:03:34.327759
16,,2,50000,5000000,Client payment received from CH MUHAMMAD AKRAM RIHANIA SB JPS,2026-05-09T16:46:00,False,[SRC:Payment:238],Receipt,Payment,238,,,,,,,2026-08-17T14:03:34.328541
17,,2,18200,1820000,Sale receipt from JAMEEL SB JAGWAN (MB NO.8064),2026-05-07T10:32:00,False,Method: Cash [SRC:DirectSale:754],Receipt,,,,,,,,,2026-08-17T14:03:34.329375
18,,2,9250,925000,Client payment received from HAJI WARIS SB JPS,2026-05-10T11:22:00,False,[SRC:Payment:240],Receipt,Payment,240,,,,,,,2026-08-17T14:03:34.330063
19,,2,26000,2600000,Client payment received from NAUMAN RIHANIA SB JPS,2026-05-11T11:19:00,False,[SRC:Payment:241],Receipt,Payment,241,,,,,,,2026-08-17T14:03:34.330827
20,,2,5000,500000,Sale receipt from SUBEDAR MUHAMMAD ARSHAD SB KHANPUR KHOKHAR (MB NO.8166),2026-05-11T11:38:00,False,Method: Cash [SRC:DirectSale:778],Receipt,,,,,,,,,2026-08-17T14:03:34.331677
21,,1,100000,10000000,Client payment received from MIRZA AMJAD JAVED SB AJNALA SITE,2026-05-11T17:20:00,False,[SRC:Payment:242],Receipt,Payment,242,,,,,,,2026-08-17T14:03:34.332507
22,,2,42725,4272500,Client payment received from MALIK ADNAN,2026-05-11T17:32:00,False,[SRC:Payment:243],Receipt,Payment,243,,,,,,,2026-08-17T14:03:34.333162
23,,2,2275,227500,Client payment received from MALIK ILYAS SB JPS,2026-05-11T17:32:00,False,[SRC:Payment:244],Receipt,Payment,244,,,,,,,2026-08-17T14:03:34.333837
24,,2,50000,5000000,Client payment received from ABDUL SATTAR SB DHINDA FARM,2026-05-11T17:34:00,False,[SRC:Payment:245],Receipt,Payment,245,,,,,,,2026-08-17T14:03:34.334820
25,,2,49500,4950000,Client payment received from MALIK NAVEED SB KHAN PUR KHOKHAR,2026-05-11T10:00:00,False,[SRC:Payment:246],Receipt,Payment,246,,,,,,,2026-08-17T14:03:34.335568
26,,,596,59600,Waive-off loss for MALIK NAVEED SB KHAN PUR KHOKHAR,2026-05-11T10:00:00,False,Discount as company loss [SRC:Payment:246]:LOSS,Loss,Payment,246,,,,,,,2026-08-17T14:03:34.336500
27,,2,10150,1015000,Client payment received from HAFIZ TAUSEEF SB AJNALA,2026-05-11T10:18:00,False,[SRC:Payment:247],Receipt,Payment,247,,,,,,,2026-08-17T14:03:34.337210
28,,1,20000,2000000,Sale receipt from MASTER ZAHOOR SB JPS (MB NO.8189),2026-05-12T10:25:00,False,Method: Bank [SRC:DirectSale:789],Receipt,,,,,,,,,2026-08-17T14:03:34.337883
29,,2,3000,300000,Client payment received from SAEED KHAN SN JPS KOANKH,2026-05-12T10:50:00,False,[SRC:Payment:248],Receipt,Payment,248,,,,,,,2026-08-17T14:03:34.338615
30,,2,25850,2585000,Client payment received from MUHAMMAD ARSHAD SB GHURAL (SUBEDAR QADAR DAD SB),2026-05-12T10:56:00,False,M.B.N 8196 [SRC:Payment:249],Receipt,Payment,249,,,,,,,2026-08-17T14:03:34.339279
31,,,30,3000,Waive-off loss for MUHAMMAD ARSHAD SB GHURAL (SUBEDAR QADAR DAD SB),2026-05-12T10:56:00,False,M.B.N 8196 [SRC:Payment:249]:LOSS,Loss,Payment,249,,,,,,,2026-08-17T14:03:34.339996
32,,2,30500,3050000,Sale receipt from MUHAMMAD ALI SB MULL (MB NO.8191),2026-05-12T10:33:00,False,Method: Cash [SRC:DirectSale:791],Receipt,,,,,,,,,2026-08-17T14:03:34.340648
33,,2,145500,14550000,Client payment received from MUHAMMAD SHABEER SB CONT TIBBA AJNALA,2026-05-12T16:41:00,False,[SRC:Payment:250],Receipt,Payment,250,,,,,,,2026-08-17T14:03:34.341251
34,,,625,62500,Waive-off loss for MUHAMMAD SHABEER SB CONT TIBBA AJNALA,2026-05-12T16:41:00,False,Discount as company loss [SRC:Payment:250]:LOSS,Loss,Payment,250,,,,,,,2026-08-17T14:03:34.341910
35,,2,50000,5000000,Client payment received from JAWAD SB AJNALA JPS,2026-05-13T13:45:00,False,[SRC:Payment:251],Receipt,Payment,251,,,,,,,2026-08-17T14:03:34.342790
36,,1,200000,20000000,Client payment received from HAJI IQBAL SB JPS (SB-CP-1249),2026-05-14T15:19:00,False,[SRC:Payment:252],Receipt,Payment,252,,,,,,,2026-08-17T14:03:34.343464
37,,2,22000,2200000,Client payment received from AHMED SUBHANI SB AJNALA,2026-05-14T15:56:00,False,[SRC:Payment:253],Receipt,Payment,253,,,,,,,2026-08-17T14:03:34.344231
38,,,473,47300,Waive-off loss for AHMED SUBHANI SB AJNALA,2026-05-14T15:56:00,False,Discount as company loss [SRC:Payment:253]:LOSS,Loss,Payment,253,,,,,,,2026-08-17T14:03:34.345047
39,,2,10000,1000000,Client payment received from SUBEDAR MUHAMMAD ARSHAD SB KHANPUR KHOKHAR,2026-05-14T16:20:00,False,[SRC:Payment:254],Receipt,Payment,254,,,,,,,2026-08-17T14:03:34.345909
40,,2,90000,9000000,Client payment received from DR AMIN SB JPS,2026-05-14T16:47:00,False,[SRC:Payment:255],Receipt,Payment,255,,,,,,,2026-08-17T14:03:34.346821
41,,2,50000,5000000,Client payment received from RANA ZAHID SB JPS,2026-05-14T09:39:00,False,[SRC:Payment:256],Receipt,Payment,256,,,,,,,2026-08-17T14:03:34.347690
42,,2,30000,3000000,Client payment received from SUBEDAR MUHAMMAD ARSHAD SB KHANPUR KHOKHAR,2026-05-15T09:40:00,False,[SRC:Payment:257],Receipt,Payment,257,,,,,,,2026-08-17T14:03:34.348488
43,,,350,35000,Waive-off loss for SUBEDAR MUHAMMAD ARSHAD SB KHANPUR KHOKHAR,2026-05-15T09:40:00,False,Discount as company loss [SRC:Payment:257]:LOSS,Loss,Payment,257,,,,,,,2026-08-17T14:03:34.349276
44,,2,30000,3000000,Client payment received from ABDUL SATTAR SB DHINDA FARM,2026-05-17T11:02:00,False,[SRC:Payment:258],Receipt,Payment,258,,,,,,,2026-08-17T14:03:34.350069
45,,2,12600,1260000,Client payment received from SHABEEB SB KANIYAN,2026-05-16T13:26:00,False,[SRC:Payment:259],Receipt,Payment,259,,,,,,,2026-08-17T14:03:34.350876
46,,,8.5,850,Waive-off loss for SHABEEB SB KANIYAN,2026-05-16T13:26:00,False,Discount as company loss [SRC:Payment:259]:LOSS,Loss,Payment,259,,,,,,,2026-08-17T14:03:34.351903
47,,2,35320,3532000,Sale receipt from ISHTIAQ CONT KOANKH (MB NO.8364),2026-05-17T14:24:00,False,Method: Cash [SRC:DirectSale:858],Receipt,,,,,,,,,2026-08-17T14:03:34.352767
48,,2,35000,3500000,Client payment received from NAWAZ SB DHINDA (RIZWAN CONT),2026-05-17T14:28:00,False,[SRC:Payment:260],Receipt,Payment,260,,,,,,,2026-08-17T14:03:34.353488
49,,,281,28100,Waive-off loss for NAWAZ SB DHINDA (RIZWAN CONT),2026-05-17T14:28:00,False,Discount as company loss [SRC:Payment:260]:LOSS,Loss,Payment,260,,,,,,,2026-08-17T14:03:34.354526
50,,2,90000,9000000,Client payment received from HAJI IQBAL SB JPS (SB-CP-1258),2026-05-15T10:16:00,False,8403 [SRC:Payment:261],Receipt,Payment,261,,,,,,,2026-08-17T14:03:34.355263
51,,2,30000,3000000,Client payment received from NAUMAN RIHANIA SB JPS,2026-05-17T15:19:00,False,[SRC:Payment:262],Receipt,Payment,262,,,,,,,2026-08-17T14:03:34.356117
52,,2,40000,4000000,Client payment received from WAJID SB AJNALA,2026-05-17T15:19:00,False,[SRC:Payment:263],Receipt,Payment,263,,,,,,,2026-08-17T14:03:34.357060
53,,2,2480,248000,Client payment received from MALIK MEHMOOD SB PARSUWAL,2026-05-18T15:30:00,False,[SRC:Payment:264],Receipt,Payment,264,,,,,,,2026-08-17T14:03:34.357787
54,,1,15750,1575000,Client payment received from ABDUL AZEEM SB KHAN PUR KHOKHAR,2026-05-18T15:42:00,False,[SRC:Payment:265],Receipt,Payment,265,,,,,,,2026-08-17T14:03:34.358753
55,,2,30000,3000000,Client payment received from ABDUL SATTAR SB DHINDA FARM,2026-05-19T09:44:00,False,[SRC:Payment:266],Receipt,Payment,266,,,,,,,2026-08-17T14:03:34.359472
58,,2,28900,2890000,Sale receipt from ABDUL GHAFFAR SB JPS (MB NO.8438),2026-05-18T00:22:00,False,Method: Cash [SRC:DirectSale:890],Receipt,,,,,,,,,2026-08-17T14:03:34.360096
59,,2,50000,5000000,Client payment received from IRFAN SB JPS (ATEEQ SB),2026-05-18T12:27:00,False,[SRC:Payment:267],Receipt,Payment,267,,,,,,,2026-08-17T14:03:34.360746
60,,2,86000,8600000,Client payment received from MIRZA SHAMSHEED SB BHUCH (SB-CP-1265),2026-05-19T12:49:00,False,[SRC:Payment:268],Receipt,Payment,268,,,,,,,2026-08-17T14:03:34.361438
61,,1,400000,40000000,Client payment received from MIRZA SHAMSHEED SB BHUCH (SB-CP-1266),2026-05-19T13:31:00,False,[SRC:Payment:269],Receipt,Payment,269,,,,,,,2026-08-17T14:03:34.362072
62,,,330,33000,Waive-off loss for MIRZA SHAMSHEED SB BHUCH (SB-CP-1266),2026-05-19T13:31:00,False,Accounts receive transaction [SRC:Payment:269]:LOSS,Loss,Payment,269,,,,,,,2026-08-17T14:03:34.362945
63,,3,1000000,100000000,Client payment received from HAJI IQBAL SB JPS (MB NO.7654),2026-04-22T00:00:00,False,[SRC:Payment:185],Receipt,Payment,185,,,,,,,2026-08-17T14:03:34.363629
64,,1,50000,5000000,Client payment received from MASTER ZAHOOR SB JPS,2026-05-20T10:37:00,False,[SRC:Payment:270],Receipt,Payment,270,,,,,,,2026-08-17T14:03:34.364241
65,,2,30000,3000000,Sale receipt from MUHAMMAD ALI SB MULL (MB NO.8483),2026-05-20T11:01:45.446707,False,Method: Cash [SRC:DirectSale:914],Receipt,,,,,,,,,2026-08-17T14:03:34.365167
66,,2,36700,3670000,Sale receipt from ABDUL GHAFFAR SB JPS (MB NO.8487),2026-05-20T11:03:00,False,Method: Cash [SRC:DirectSale:916],Receipt,,,,,,,,,2026-08-17T14:03:34.366035
67,2,,1000,100000,COMPANY LOADER PETROL,2026-05-20T14:27:00,False,,Expense,,,,,,,,,2026-08-17T14:03:34.366819
69,,2,30000,3000000,Client payment received from NAUMAN RIHANIA SB JPS,2026-05-21T12:56:00,False,[SRC:Payment:272],Receipt,Payment,272,,,,,,,2026-08-17T14:03:34.367535
70,,2,8750,875000,Sale receipt from MIRZA NAZAR BAIG SB KOANKH (MB NO.8519),2026-05-21T13:48:00,False,Method: Cash [SRC:DirectSale:934],Receipt,,,,,,,,,2026-08-17T14:03:34.368160
71,,2,47350,4735000,Client payment received from MUHAMMAD ARSHAD SB MARRIAGE HALL JPS,2026-05-22T13:03:00,False,59 DISCOUNTED AND REST NILL [SRC:Payment:274],Receipt,Payment,274,,,,,,,2026-08-17T14:03:34.368818
72,,,59,5900,Waive-off loss for MUHAMMAD ARSHAD SB MARRIAGE HALL JPS,2026-05-22T13:03:00,False,59 DISCOUNTED AND REST NILL [SRC:Payment:274]:LOSS,Loss,Payment,274,,,,,,,2026-08-17T14:03:34.370497
73,,2,10000,1000000,Sale receipt from GHULAM GHOUS SB JPS (MB NO.8515),2026-05-21T11:18:00,False,Method: Cash [SRC:DirectSale:941],Receipt,,,,,,,,,2026-08-17T14:03:34.371623
74,,2,49500,4950000,Sale receipt from ABDUL SATTAR SB DHINDA FARM (MB NO.8527),2026-05-23T01:34:00,False,Method: Cash [SRC:DirectSale:942],Receipt,,,,,,,,,2026-08-17T14:03:34.372869
75,,2,960,96000,Client payment received from MIRZA NAZAR BAIG SB KOANKH,2026-05-21T13:47:00,False,[SRC:Payment:275],Receipt,Payment,275,,,,,,,2026-08-17T14:03:34.373733
76,,2,6000,600000,Sale receipt from MIRZA NAZAR BAIG SB KOANKH (MB NO.8534),2026-05-21T01:48:00,False,Method: Cash [SRC:DirectSale:947],Receipt,,,,,,,,,2026-08-17T14:03:34.375519
77,,1,120000,12000000,Client payment received from SAGHEER BAIB SB KOANKH,2026-05-21T13:51:00,False,[SRC:Payment:276],Receipt,Payment,276,,,,,,,2026-08-17T14:03:34.376477
80,,2,50800,5080000,Sale receipt from JAMEEL SB JAGWAN (MB NO.8553),2026-05-21T03:01:00,False,Method: Cash [SRC:DirectSale:954],Receipt,,,,,,,,,2026-08-17T14:03:34.377243
81,,1,40000,4000000,Client payment received from RANA ZAHID SB JPS,2026-05-23T16:04:00,False,[SRC:Payment:279],Receipt,Payment,279,,,,,,,2026-08-17T14:03:34.379602
82,,2,1300,130000,Client payment received from ABDUL AZEEM SB KHAN PUR KHOKHAR,2026-05-23T16:14:00,False,[SRC:Payment:280],Receipt,Payment,280,,,,,,,2026-08-17T14:03:34.380462
83,5,2,100000,10000000,Funds received from account AJ,2026-05-23T16:47:00,False,loan,Transfer,,,,,,,,,2026-08-17T14:03:34.382568
84,,1,387000,38700000,Client payment received from SAJID BAIG MAKKI KOANKH (SB-CP-1274),2026-05-21T00:00:00,False,[SRC:Payment:277],Receipt,Payment,277,,,,,,,2026-08-17T14:03:34.383591
85,,2,117000,11700000,Client payment received from MUHAMMAD ARSHAD SB GHURAL (SUBEDAR QADAR DAD SB),2026-05-24T16:17:00,False,[SRC:Payment:282],Receipt,Payment,282,,,,,,,2026-08-17T14:03:34.384398
86,,2,32500,3250000,Client payment received from MUHAMMAD ASHRAF SB JPS NEAR SCHOOL (SALEEM CONT),2026-05-24T16:22:00,False,[SRC:Payment:283],Receipt,Payment,283,,,,,,,2026-08-17T14:03:34.385509
87,,,79,7900,Waive-off loss for MUHAMMAD ASHRAF SB JPS NEAR SCHOOL (SALEEM CONT),2026-05-24T16:22:00,False,Discount as company loss [SRC:Payment:283]:LOSS,Loss,Payment,283,,,,,,,2026-08-17T14:03:34.386748
88,,3,200000,20000000,Client payment received from HAJI IQBAL SB JPS,2026-05-24T16:28:00,False,[SRC:Payment:284],Receipt,Payment,284,,,,,,,2026-08-17T14:03:34.388006
89,,1,50000,5000000,Client payment received from CH IMRAN SB JPS,2026-05-21T16:36:00,False,[SRC:Payment:285],Receipt,Payment,285,,,,,,,2026-08-17T14:03:34.388820
90,,2,40000,4000000,Client payment received from ABDUL SATTAR SB DHINDA FARM,2026-05-24T16:38:00,False,[SRC:Payment:286],Receipt,Payment,286,,,,,,,2026-08-17T14:03:34.389602
91,,2,80000,8000000,Client payment received from HAFIZ ABDUL JABBAR SB RANGPUR,2026-05-24T16:52:00,False,[SRC:Payment:287],Receipt,Payment,287,,,,,,,2026-08-17T14:03:34.390626
92,,1,88000,8800000,Client payment received from SAGHEER BAIB SB KOANKH,2026-05-24T16:55:00,False,[SRC:Payment:288],Receipt,Payment,288,,,,,,,2026-08-17T14:03:34.391419
93,,,289,28900,Waive-off loss for SAGHEER BAIB SB KOANKH,2026-05-24T16:55:00,False,Discount as company loss [SRC:Payment:288]:LOSS,Loss,Payment,288,,,,,,,2026-08-17T14:03:34.392080
94,,2,10000,1000000,Client payment received from MUFTI YAQOOB ALAM SB KOANKH,2026-05-24T16:55:00,False,[SRC:Payment:289],Receipt,Payment,289,,,,,,,2026-08-17T14:03:34.392852
95,,,4425,442500,Waive-off loss for MUFTI YAQOOB ALAM SB KOANKH,2026-05-24T16:55:00,False,Discount as company loss [SRC:Payment:289]:LOSS,Loss,Payment,289,,,,,,,2026-08-17T14:03:34.393534
96,,2,6,600,Client payment received from ZEESHAN ATTARI SB JPS,2026-05-24T16:56:00,False,[SRC:Payment:290],Receipt,Payment,290,,,,,,,2026-08-17T14:03:34.394407
97,,,21100,2110000,Waive-off loss for ZEESHAN ATTARI SB JPS,2026-05-24T16:56:00,False,Discount as company loss [SRC:Payment:290]:LOSS,Loss,Payment,290,,,,,,,2026-08-17T14:03:34.395094
99,,2,22750,2275000,Sale receipt from ALI HAIDER SB KOANKH (MB NO.8628),2026-05-25T12:46:00,False,Method: Cash [SRC:DirectSale:993],Receipt,,,,,,,,,2026-08-17T14:03:34.395832
101,,1,170560,17056000,Client payment received from SAFDAR ALI SB AJNALA (ASLAM CONT) (SB-CP-1290),2026-05-25T00:00:00,False,[SRC:Payment:293],Receipt,Payment,293,,,,,,,2026-08-17T14:03:34.396488
113,2,,11788,1178800,Client refund to SALMAAN SB GHURAL (GOGA SB GHURAL),2026-05-26T14:34:00,False,[SRC:ClientRefund:300],Payment,Payment,300,,,,,,,2026-08-17T14:03:34.397097
132,2,10,50000,5000000,Intra-company transfer,2026-05-30T10:58:00,False,,Transfer,,,,,,,,,2026-08-17T14:03:34.397757
133,2,10,600000,60000000,Intra-company transfer,2026-05-30T10:59:00,False,,Transfer,,,,,,,,,2026-08-17T14:03:34.398602
134,,2,30000,3000000,Client payment received from HAJI WARIS SB JPS,2026-05-25T14:39:00,False,[SRC:Payment:301],Receipt,Payment,301,,,,,,,2026-08-17T14:03:34.399260
135,,2,780,78000,Client payment received from MIRZA NAZAR BAIG SB KOANKH,2026-05-25T14:43:00,False,[SRC:Payment:302],Receipt,Payment,302,,,,,,,2026-08-17T14:03:34.399939
137,,2,13790,1379000,Sale receipt from SHOUKAT ALI SB TIBBA (MB NO.8646),2026-05-25T15:31:00,False,Method: Cash [SRC:DirectSale:1007],Receipt,,,,,,,,,2026-08-17T14:03:34.400590
138,,2,59000,5900000,Client payment received from IRFAN SB DEDHAR SHARIF,2026-05-25T15:48:00,False,[SRC:Payment:304],Receipt,Payment,304,,,,,,,2026-08-17T14:03:34.401201
139,,,898,89800,Waive-off loss for IRFAN SB DEDHAR SHARIF,2026-05-25T15:48:00,False,Discount as company loss [SRC:Payment:304]:LOSS,Loss,Payment,304,,,,,,,2026-08-17T14:03:34.401900
140,,2,50000,5000000,Client payment received from IMRAN SB MALAK PUR,2026-05-25T16:08:00,False,[SRC:Payment:305],Receipt,Payment,305,,,,,,,2026-08-17T14:03:34.403234
141,,1,100000,10000000,Client payment received from FAZAL ILAHI SB JALPUWAL (SB-CP-1293),2026-05-25T00:00:00,False,[SRC:Payment:303],Receipt,Payment,303,,,,,,,2026-08-17T14:03:34.403985
142,,2,8500,850000,Client payment received from NASIR SUBHANI SB AJNALA,2026-05-25T16:43:00,False,[SRC:Payment:308],Receipt,Payment,308,,,,,,,2026-08-17T14:03:34.404855
143,,,363,36300,Waive-off loss for NASIR SUBHANI SB AJNALA,2026-05-25T16:43:00,False,Discount as company loss [SRC:Payment:308]:LOSS,Loss,Payment,308,,,,,,,2026-08-17T14:03:34.405779
144,,2,150000,15000000,Client payment received from MUHAMMAD SALEEM SB RUPOWAL (SB-CP-1299),2026-05-26T00:00:00,False,[SRC:Payment:309],Receipt,Payment,309,,,,,,,2026-08-17T14:03:34.406795
145,,2,5000,500000,Client payment received from ILYAS RIHANIA SB JPS,2026-05-30T17:15:00,False,[SRC:Payment:310],Receipt,Payment,310,,,,,,,2026-08-17T14:03:34.407521
146,,2,74500,7450000,Client payment received from ABDUL SATTAR SB DHINDA FARM,2026-05-30T17:24:00,False,[SRC:Payment:311],Receipt,Payment,311,,,,,,,2026-08-17T14:03:34.408150
147,,2,37500,3750000,Sale receipt from KHALID SB HANDA DERHA (MB NO.8714),2026-05-30T17:38:00,False,Method: Cash [SRC:DirectSale:1028],Receipt,,,,,,,,,2026-08-17T14:03:34.408807
148,,2,51450,5145000,Client payment received from FAKHAR SHAH SB AJNALA,2026-05-17T18:16:00,False,[SRC:Payment:312],Receipt,Payment,312,,,,,,,2026-08-17T14:03:34.411212
149,,,20,2000,Waive-off loss for FAKHAR SHAH SB AJNALA,2026-05-17T18:16:00,False,Discount as company loss [SRC:Payment:312]:LOSS,Loss,Payment,312,,,,,,,2026-08-17T14:03:34.412545
150,,4,8741,874100,Client payment received from ABDUL AZEEM SB KHAN PUR KHOKHAR,2026-05-30T10:30:00,False,[SRC:Payment:313],Receipt,Payment,313,,,,,,,2026-08-17T14:03:34.413607
151,,2,1,100,Client payment received from MALIK MEHMOOD SB PARSUWAL,2026-05-30T10:31:00,False,[SRC:Payment:314],Receipt,Payment,314,,,,,,,2026-08-17T14:03:34.414477
152,,,1999,199900,Waive-off loss for MALIK MEHMOOD SB PARSUWAL,2026-05-30T10:31:00,False,Discount as company loss [SRC:Payment:314]:LOSS,Loss,Payment,314,,,,,,,2026-08-17T14:03:34.418033
153,,2,56500,5650000,Client payment received from DR LATEEF SB JPS,2026-05-03T10:49:00,False,[SRC:Payment:315],Receipt,Payment,315,,,,,,,2026-08-17T14:03:34.418873
154,,,270,27000,Waive-off loss for DR LATEEF SB JPS,2026-05-03T10:49:00,False,Discount as company loss [SRC:Payment:315]:LOSS,Loss,Payment,315,,,,,,,2026-08-17T14:03:34.419637
155,,1,87470,8747000,Client payment received from ATIF BAIG SB KOANKH,2026-05-31T13:23:00,False,[SRC:Payment:317],Receipt,Payment,317,,,,,,,2026-08-17T14:03:34.420286
156,,2,4450,445000,Sale receipt from MIRZA SHAMSHEED SB BHUCH (MB NO.8671),2026-05-26T13:36:00,False,Method: Cash [SRC:DirectSale:1044],Receipt,,,,,,,,,2026-08-17T14:03:34.421018
157,,2,15100,1510000,Sale receipt from ASAD SB KOANKH (MB NO.8673),2026-05-26T13:39:00,False,Method: Cash [SRC:DirectSale:1046],Receipt,,,,,,,,,2026-08-17T14:03:34.421865
158,,2,10000,1000000,Client payment received from GHULAM GHOUS SB JPS,2026-05-26T13:47:00,False,[SRC:Payment:318],Receipt,Payment,318,,,,,,,2026-08-17T14:03:34.422692
159,,2,56400,5640000,Client payment received from RAJA PARWEZ SB RANGPUR,2026-05-26T15:01:00,False,[SRC:Payment:319],Receipt,Payment,319,,,,,,,2026-08-17T14:03:34.423367
160,,1,137918.2,13791820,Sale receipt from MUHAMMAD RAZAQ SB JPS (MB NO.8685),2026-05-26T15:12:00,False,Method: Bank [SRC:DirectSale:1051],Receipt,,,,,,,,,2026-08-17T14:03:34.424059
161,,2,200,20000,Sale receipt from MUHAMMAD RAZAQ SB JPS (MB NO.8692),2026-05-26T15:31:00,False,Method: Cash [SRC:DirectSale:1056],Receipt,,,,,,,,,2026-08-17T14:03:34.424740
162,,2,73500,7350000,Sale receipt from ABDUL SATTAR SB DHINDA FARM (MB NO.8739/8742),2026-05-31T15:45:00,False,Method: Cash [SRC:DirectSale:1060],Receipt,,,,,,,,,2026-08-17T14:03:34.425475
163,,2,13800,1380000,Client payment received from ILYAS RIHANIA SB JPS,2026-06-01T12:47:00,False,[SRC:Payment:322],Receipt,Payment,322,,,,,,,2026-08-17T14:03:34.426354
164,,,20,2000,Waive-off loss for ILYAS RIHANIA SB JPS,2026-06-01T12:47:00,False,Discount as company loss [SRC:Payment:322]:LOSS,Loss,Payment,322,,,,,,,2026-08-17T14:03:34.427103
165,,1,500000,50000000,Client payment received from SIKANDAR SB JAGUWAN,2026-05-31T12:53:00,False,[SRC:Payment:323],Receipt,Payment,323,,,,,,,2026-08-17T14:03:34.428036
166,,1,200000,20000000,Client payment received from SIKANDAR SB JAGUWAN,2026-05-31T12:26:00,False,[SRC:Payment:324],Receipt,Payment,324,,,,,,,2026-08-17T14:03:34.429591
167,,2,29700,2970000,Sale receipt from NAZIR AHMED SB KOANKH (MB NO.8760),2026-06-01T13:00:00,False,Method: Cash [SRC:DirectSale:1070],Receipt,,,,,,,,,2026-08-17T14:03:34.430543
168,,2,200000,20000000,Client payment received from SUBEDAR MUHAMMAD ARSHAD SB KHANPUR KHOKHAR,2026-06-01T13:21:00,False,[SRC:Payment:325],Receipt,Payment,325,,,,,,,2026-08-17T14:03:34.431699
169,,,1,100,Waive-off loss for SUBEDAR MUHAMMAD ARSHAD SB KHANPUR KHOKHAR,2026-06-01T13:21:00,False,Discount as company loss [SRC:Payment:325]:LOSS,Loss,Payment,325,,,,,,,2026-08-17T14:03:34.432809
170,,2,2880,288000,Sale receipt from ILYAS RIHANIA SB JPS (MB NO.8780),2026-06-01T15:51:00,False,Method: Cash [SRC:DirectSale:1082],Receipt,,,,,,,,,2026-08-17T14:03:34.433494
171,2,,170,17000,Client refund to ATIF BAIG SB KOANKH,2026-05-31T16:00:00,False,[SRC:ClientRefund:326],Payment,Payment,326,,,,,,,2026-08-17T14:03:34.434124
172,,2,1,100,Client payment received from ATIF BAIG SB KOANKH,2026-05-31T16:04:00,False,[SRC:Payment:327],Receipt,Payment,327,,,,,,,2026-08-17T14:03:34.435051
173,,,6,600,Waive-off loss for ATIF BAIG SB KOANKH,2026-05-31T16:04:00,False,Discount as company loss [SRC:Payment:327]:LOSS,Loss,Payment,327,,,,,,,2026-08-17T14:03:34.435837
174,2,,420,42000,OFFICE TEA,2026-06-01T16:05:00,False,,Expense,,,,,,,,,2026-08-17T14:03:34.436636
175,2,4,200000,20000000,Intra-company transfer,2026-06-01T16:07:00,False,,Transfer,,,,,,,,,2026-08-17T14:03:34.437267
176,2,4,200000,20000000,Intra-company transfer,2026-06-01T16:33:00,False,,Transfer,,,,,,,,,2026-08-17T14:03:34.437948
177,,2,200000,20000000,Client payment received from SHEHZAD BAIG SB KOANKH,2026-06-01T10:58:00,False,[SRC:Payment:328],Receipt,Payment,328,,,,,,,2026-08-17T14:03:34.438914
178,,2,2880,288000,Sale receipt from ILYAS RIHANIA SB JPS (MB NO.8789),2026-06-02T11:04:00,False,Method: Cash [SRC:DirectSale:1085],Receipt,,,,,,,,,2026-08-17T14:03:34.439691
180,,2,15000,1500000,Sale receipt from CASH SALE FBM (MB NO.8791),2026-06-02T11:27:00,False,Method: Cash [SRC:DirectSale:1087],Receipt,,,,,,,,,2026-08-17T14:03:34.440675
181,,2,50000,5000000,Client payment received from SUBEDAR MUHAMMAD ARSHAD SB KHANPUR KHOKHAR,2026-06-02T12:19:00,False,[SRC:Payment:329],Receipt,Payment,329,,,,,,,2026-08-17T14:03:34.441682
182,,2,7340,734000,Sale receipt from CASH SALE FBM (MB NO.8801),2026-06-02T12:36:00,False,Method: Cash [SRC:DirectSale:1093],Receipt,,,,,,,,,2026-08-17T14:03:34.442695
183,,4,180000,18000000,Client payment received from YASIR YAQOOB SB DILAWARPUR,2026-06-02T16:24:00,False,[SRC:Payment:331],Receipt,Payment,331,,,,,,,2026-08-17T14:03:34.443661
184,,2,19000,1900000,Client payment received from YASIR YAQOOB SB DILAWARPUR (SB-CP-1321),2026-05-23T00:00:00,False,[SRC:Payment:332],Receipt,Payment,332,,,,,,,2026-08-17T14:03:34.444570
186,,2,1,100,Client payment received from HAFIZ ABDUL JABBAR SB RANGPUR,2026-06-02T17:37:00,False,[SRC:Payment:333],Receipt,Payment,333,,,,,,,2026-08-17T14:03:34.445752
187,,,38370,3837000,Waive-off loss for HAFIZ ABDUL JABBAR SB RANGPUR,2026-06-02T17:37:00,False,Discount as company loss [SRC:Payment:333]:LOSS,Loss,Payment,333,,,,,,,2026-08-17T14:03:34.446750
188,,1,60000,6000000,Client payment received from ASIF HUSSAIN JPS (ALI ALMUNIUM),2026-06-02T09:48:00,False,[SRC:Payment:334],Receipt,Payment,334,,,,,,,2026-08-17T14:03:34.447736
189,,1,100000,10000000,Client payment received from MIRZA AKHTAR BAIG SB KOANKH,2026-06-02T10:03:00,False,[SRC:Payment:335],Receipt,Payment,335,,,,,,,2026-08-17T14:03:34.448686
190,,2,80000,8000000,Client payment received from RAJA ALTAF SB JPS,2026-06-02T10:04:00,False,[SRC:Payment:336],Receipt,Payment,336,,,,,,,2026-08-17T14:03:34.450415
197,,2,1900,190000,Sale receipt from CASH SALE FBM (SB-SL-2099),2026-06-03T17:34:00,False,Method: Cash [SRC:DirectSale:1103],Receipt,,,,,,,,,2026-08-17T14:03:34.451857
198,,1,100000,10000000,Client payment received from MIRZA AMJAD JAVED SB AJNALA SITE,2026-06-03T17:47:00,False,direct paid to supplier 8874 [SRC:Payment:337],Receipt,Payment,337,,,,,,,2026-08-17T14:03:34.452975
199,2,,2500,250000,Client refund to MALIK NAVEED SB KHAN PUR KHOKHAR,2026-06-03T08:50:00,False,return [SRC:ClientRefund:339],Payment,Payment,339,,,,,,,2026-08-17T14:03:34.453909
200,,2,1,100,Client payment received from MALIK NAVEED SB KHAN PUR KHOKHAR,2026-06-03T08:51:00,False,discount [SRC:Payment:340],Receipt,Payment,340,,,,,,,2026-08-17T14:03:34.455918
201,,,167.5,16750,Waive-off loss for MALIK NAVEED SB KHAN PUR KHOKHAR,2026-06-03T08:51:00,False,discount [SRC:Payment:340]:LOSS,Loss,Payment,340,,,,,,,2026-08-17T14:03:34.456716
202,,2,14900,1490000,Sale receipt from ABDULLAH SB JALPUWAL (MB NO.8881),2026-06-04T09:25:00,False,Method: Cash [SRC:DirectSale:1110],Receipt,,,,,,,,,2026-08-17T14:03:34.457418
203,,2,3000,300000,Sale receipt from MAQSOOD SB RANG PUR (MB NO.8882),2026-06-08T09:28:00,False,Method: Cash [SRC:DirectSale:1111],Receipt,,,,,,,,,2026-08-17T14:03:34.458056
204,,2,53000,5300000,Sale receipt from RAFAQAT HUSSAIN SB MALIK (MASJID) (MB NO.8883),2026-06-04T11:48:00,False,Method: Cash [SRC:DirectSale:1114],Receipt,,,,,,,,,2026-08-17T14:03:34.458795
205,,2,13000,1300000,Sale receipt from SUBEDAR IRON STORE (MB NO.8884),2026-06-08T12:09:00,False,Method: Cash [SRC:DirectSale:1115],Receipt,,,,,,,,,2026-08-17T14:03:34.461186
206,,2,460,46000,Sale receipt from RIZWAN KAKA SB JPS (MB NO.8886),2026-06-08T12:13:00,False,Method: Cash [SRC:DirectSale:1116],Receipt,,,,,,,,,2026-08-17T14:03:34.461943
207,,2,2500,250000,Client payment received from SHABEEB SB KANIYAN,2026-06-04T12:39:00,False,8889 [SRC:Payment:341],Receipt,Payment,341,,,,,,,2026-08-17T14:03:34.462808
208,,2,35000,3500000,Sale receipt from ADNAN SB DOIYAN (MB NO.8890),2026-06-08T12:41:00,False,Method: Cash [SRC:DirectSale:1120],Receipt,,,,,,,,,2026-08-17T14:03:34.463526
209,,2,750,75000,Sale receipt from ATIF SB KOANKH (MB NO.8891),2026-06-04T12:42:00,False,Method: Cash [SRC:DirectSale:1121],Receipt,,,,,,,,,2026-08-17T14:03:34.464435
210,,2,50000,5000000,Sale receipt from SUBEDAR MUHAMMAD ARSHAD SB KHANPUR KHOKHAR (MB NO.8894),2026-06-08T12:47:00,False,Method: Cash [SRC:DirectSale:1122],Receipt,,,,,,,,,2026-08-17T14:03:34.465119
211,,2,50000,5000000,Client payment received from MAZHAR SB RUPOWAL DERA,2026-06-04T13:04:00,False,8895 [SRC:Payment:342],Receipt,Payment,342,,,,,,,2026-08-17T14:03:34.465863
212,,2,200000,20000000,Client payment received from MUHAMMAD SALEEM SB RUPOWAL,2026-06-04T13:09:00,False,8897 [SRC:Payment:343],Receipt,Payment,343,,,,,,,2026-08-17T14:03:34.466641
213,,2,37250,3725000,Sale receipt from SYED SHAFQAT ABBAS SB GHURAIRA (MB NO.8901),2026-06-04T13:28:00,False,IT ALSO HAVE RETURN BUT DUE TO NON COMPLIANCE MADE IT CASH Method: Cash [SRC:DirectSale:1125],Receipt,,,,,,,,,2026-08-17T14:03:34.467362
214,,2,7125.3,712530,Sale receipt from TALHA WELDER (MB NO.8903),2026-06-08T13:51:00,False,Method: Cash [SRC:DirectSale:1127],Receipt,,,,,,,,,2026-08-17T14:03:34.468184
216,2,,50600,5060000,Client refund to SALMAAN SB GHURAL (GOGA SB GHURAL),2026-06-04T14:09:00,False,RETURN PAYMENT 8905 [SRC:ClientRefund:346],Payment,Payment,346,,,,,,,2026-08-17T14:03:34.468899
217,,,12.5,1250,Waive-off loss for SALMAAN SB GHURAL (GOGA SB GHURAL),2026-06-04T14:10:00,False,Discount as company loss [SRC:Payment:347]:LOSS,Loss,Payment,347,,,,,,,2026-08-17T14:03:34.469753
218,,2,23422,2342200,Sale receipt from MISTRI SUHAIL SB DHINDA (MB NO.8906),2026-06-08T14:26:00,False,Method: Cash [SRC:DirectSale:1130],Receipt,,,,,,,,,2026-08-17T14:03:34.470922
219,,2,4947,494700,Sale receipt from SAGHEER SB JPS (MB NO.8909),2026-06-08T14:36:00,False,Method: Cash [SRC:DirectSale:1131],Receipt,,,,,,,,,2026-08-17T14:03:34.471937
220,,2,22250,2225000,Sale receipt from MIRZA ANSAR BAIG SB KOANKH (MB NO.8913),2026-06-05T14:46:00,False,Method: Cash [SRC:DirectSale:1133],Receipt,,,,,,,,,2026-08-17T14:03:34.472729
221,,2,14000,1400000,Sale receipt from NASAR IQBAL BUTT SB JPS (MB NO.8914),2026-06-05T16:58:00,False,Method: Cash [SRC:DirectSale:1134],Receipt,,,,,,,,,2026-08-17T14:03:34.473453
222,,2,4692,469200,Sale receipt from NASAR IQBAL BUTT SB JPS (MB NO.8916),2026-06-08T17:01:00,False,Method: Cash [SRC:DirectSale:1136],Receipt,,,,,,,,,2026-08-17T14:03:34.474253
223,,2,4000,400000,Sale receipt from ALI SB KOANKH (MB NO.8917),2026-06-05T17:02:00,False,Method: Cash [SRC:DirectSale:1137],Receipt,,,,,,,,,2026-08-17T14:03:34.475684
224,,2,45464,4546400,Sale receipt from GHAZANFAR SB BHUCH (MB NO.8918),2026-06-05T17:05:00,False,Method: Cash [SRC:DirectSale:1138],Receipt,,,,,,,,,2026-08-17T14:03:34.476654
225,,2,32000,3200000,Sale receipt from SHEHZAD BUTT SB KOANKH (MB NO.8921),2026-06-05T17:10:00,False,Method: Cash [SRC:DirectSale:1140],Receipt,,,,,,,,,2026-08-17T14:03:34.477442
226,,2,100000,10000000,Client payment received from AZHAR BUTT SB JPS BUTT SWEETS,2026-06-05T17:27:00,False,[SRC:Payment:348],Receipt,Payment,348,,,,,,,2026-08-17T14:03:34.478330
227,,2,40000,4000000,Client payment received from CH IMRAN SB JPS,2026-06-02T09:59:00,False,PAYMENT RECEIVED [SRC:Payment:349],Receipt,Payment,349,,,,,,,2026-08-17T14:03:34.479029
230,,2,14700,1470000,Sale receipt from MUHAMMAD RAZAQ SB JPS (MB NO.9085),2026-06-09T11:24:00,False,Method: Cash [SRC:DirectSale:1158],Receipt,,,,,,,,,2026-08-17T14:03:34.480504
231,,2,50000,5000000,Client payment received from ABDUL SATTAR SB DHINDA FARM,2026-06-06T11:49:00,False,8932 [SRC:Payment:353],Receipt,Payment,353,,,,,,,2026-08-17T14:03:34.481543
232,,2,1,100,Client payment received from SIKANDAR SB JAGUWAN,2026-06-09T13:29:00,False,[SRC:Payment:354],Receipt,Payment,354,,,,,,,2026-08-17T14:03:34.482905
233,,,879,87900,Waive-off loss for SIKANDAR SB JAGUWAN,2026-06-09T13:29:00,False,Discount as company loss [SRC:Payment:354]:LOSS,Loss,Payment,354,,,,,,,2026-08-17T14:03:34.484100
234,,2,50500,5050000,Sale receipt from MIRZA SHAMSHEED SB BHUCH (MB NO.9092),2026-06-09T13:35:59.596994,False,Method: Cash [SRC:DirectSale:1170],Receipt,,,,,,,,,2026-08-17T14:03:34.484856
236,,2,22600,2260000,Client payment received from AURANGZEB SB KOANKH,2026-06-09T15:20:00,False,[SRC:Payment:356],Receipt,Payment,356,,,,,,,2026-08-17T14:03:34.485800
237,,,32,3200,Waive-off loss for AURANGZEB SB KOANKH,2026-06-09T15:20:00,False,Discount as company loss [SRC:Payment:356]:LOSS,Loss,Payment,356,,,,,,,2026-08-17T14:03:34.486783
238,,2,4400,440000,Client payment received from ATEEQ UR REHMAN SB DHINDA,2026-06-09T12:05:00,False,BIKE REPAIR [SRC:Payment:357],Receipt,Payment,357,,,,,,,2026-08-17T14:03:34.487490
239,,2,1000,100000,Sale receipt from SHERAZ SB MALIK PUR (MB NO.9114),2026-06-09T12:06:00,False,Method: Cash [SRC:DirectSale:1180],Receipt,,,,,,,,,2026-08-17T14:03:34.488438
240,,1,60000,6000000,Client payment received from SIKANDAR SB JAGUWAN,2026-06-10T12:56:00,False,[SRC:Payment:358],Receipt,Payment,358,,,,,,,2026-08-17T14:03:34.489132
241,,2,30000,3000000,Client payment received from CH IMRAN SB JPS,2026-06-10T15:02:00,False,[SRC:Payment:359],Receipt,Payment,359,,,,,,,2026-08-17T14:03:34.489814
242,,2,300000,30000000,Client payment received from CH IMRAN SB JPS,2026-06-10T15:02:00,False,[SRC:Payment:360],Receipt,Payment,360,,,,,,,2026-08-17T14:03:34.490528
243,,2,87748,8774800,Sale receipt from SYED SHAFQAT ABBAS SB GHURAIRA (MB NO.9145),2026-06-10T15:31:00,False,Method: Cash [SRC:DirectSale:1197],Receipt,,,,,,,,,2026-08-17T14:03:34.491165
245,,2,7420,742000,Sale receipt from AMANAT SB JPS (SB-SL-2200),2026-06-15T11:31:00,False,Method: Cash [SRC:DirectSale:1204],Receipt,,,,,,,,,2026-08-17T14:03:34.491924
246,,2,6800,680000,Sale receipt from AMIR SB AJNALA (SB-SL-2201),2026-06-15T11:33:00,False,Method: Cash [SRC:DirectSale:1205],Receipt,,,,,,,,,2026-08-17T14:03:34.492797
247,,2,750,75000,Sale receipt from RAFAQAT HUSSAIN SB MALIK (MASJID) (MB NO.9331),2026-06-15T12:26:58.266101,False,Method: Cash [SRC:DirectSale:1210],Receipt,,,,,,,,,2026-08-17T14:03:34.493490
248,,2,1,100,Client payment received from MALIK JAVED SB KHAN PUR KHOKHAR,2026-06-06T14:06:00,False,[SRC:Payment:364],Receipt,Payment,364,,,,,,,2026-08-17T14:03:34.494123
249,,,3489,348900,Waive-off loss for MALIK JAVED SB KHAN PUR KHOKHAR,2026-06-06T14:06:00,False,Discount as company loss [SRC:Payment:364]:LOSS,Loss,Payment,364,,,,,,,2026-08-17T14:03:34.495169
250,,2,123500,12350000,Client payment received from MALIK NAVEED SB KHAN PUR KHOKHAR,2026-06-06T15:18:00,False,[SRC:Payment:365],Receipt,Payment,365,,,,,,,2026-08-17T14:03:34.496021
251,,,415.2,41520,Waive-off loss for MALIK NAVEED SB KHAN PUR KHOKHAR,2026-06-06T15:18:00,False,Discount as company loss [SRC:Payment:365]:LOSS,Loss,Payment,365,,,,,,,2026-08-17T14:03:34.496723
252,,2,1,100,Client payment received from ZEESHAN ATTARI SB JPS,2026-06-06T16:20:00,False,[SRC:Payment:366],Receipt,Payment,366,,,,,,,2026-08-17T14:03:34.497398
253,,,6099,609900,Waive-off loss for ZEESHAN ATTARI SB JPS,2026-06-06T16:20:00,False,Discount as company loss [SRC:Payment:366]:LOSS,Loss,Payment,366,,,,,,,2026-08-17T14:03:34.498029
254,,2,10000,1000000,Client payment received from YOUNIS GHAFFARI SB JPS,2026-06-07T10:13:00,False,8979 [SRC:Payment:367],Receipt,Payment,367,,,,,,,2026-08-17T14:03:34.498854
255,,2,250,25000,Sale receipt from SHEHZAD BUTT SB KOANKH (MB NO.8983),2026-06-07T10:43:00,False,RETURN 6.6 AND AGAIN DELIVERED 7.6 SO 1 KG NEW SALE Method: Cash [SRC:DirectSale:1233],Receipt,,,,,,,,,2026-08-17T14:03:34.499539
256,,2,100000,10000000,Client payment received from SUBEDAR MUHAMMAD ARSHAD SB KHANPUR KHOKHAR,2026-06-07T10:47:00,False,8984 [SRC:Payment:368],Receipt,Payment,368,,,,,,,2026-08-17T14:03:34.500163
257,,2,36800,3680000,Sale receipt from AZHAR HUSSAIN SB JALPOWAL (SB-SL-2231),2026-06-07T11:06:00,False,Method: Cash [SRC:DirectSale:1235],Receipt,,,,,,,,,2026-08-17T14:03:34.500822
258,,4,50000,5000000,Client payment received from SARWAR SB MASON,2026-06-07T11:33:00,False,8990 [SRC:Payment:369],Receipt,Payment,369,,,,,,,2026-08-17T14:03:34.501541
259,,2,33250,3325000,Sale receipt from BILAL SB GHURAL WELDER (MB NO.8998),2026-06-07T12:03:00,False,Method: Cash [SRC:DirectSale:1240],Receipt,,,,,,,,,2026-08-17T14:03:34.502227
260,,2,28500,2850000,Sale receipt from RAFAQAT HUSSAIN SB MALIK (MASJID) (MB NO.8998-A),2026-06-07T12:39:00,False,Method: Cash [SRC:DirectSale:1244],Receipt,,,,,,,,,2026-08-17T14:03:34.503053
261,,2,28600,2860000,Sale receipt from RAFAQAT HUSSAIN SB MALIK (MASJID) (MB NO.9001),2026-06-07T12:50:00,False,Method: Cash [SRC:DirectSale:1247],Receipt,,,,,,,,,2026-08-17T14:03:34.503746
262,,2,2700,270000,Sale receipt from QAISER SB DOYIAN (MB NO.9012),2026-06-07T13:31:00,False,Method: Cash [SRC:DirectSale:1252],Receipt,,,,,,,,,2026-08-17T14:03:34.504407
264,,1,50000,5000000,Client payment received from MASTER ZAHOOR SB JPS (SB-CP-1357),2026-06-07T00:00:00,False,9015 [SRC:Payment:370],Receipt,Payment,370,,,,,,,2026-08-17T14:03:34.505230
265,,2,31000,3100000,Client payment received from EHSAN SB CHAUHAN,2026-06-07T15:31:00,False,9017 [SRC:Payment:371],Receipt,Payment,371,,,,,,,2026-08-17T14:03:34.506070
266,,,589,58900,Waive-off loss for EHSAN SB CHAUHAN,2026-06-07T15:31:00,False,9017 [SRC:Payment:371]:LOSS,Loss,Payment,371,,,,,,,2026-08-17T14:03:34.506997
267,,2,50000,5000000,Sale receipt from KHALID SB HANDA DERHA (MB NO.9019),2026-06-07T14:52:00,False,Method: Cash [SRC:DirectSale:1256],Receipt,,,,,,,,,2026-08-17T14:03:34.507724
268,,2,14000,1400000,Sale receipt from NASAR IQBAL BUTT SB JPS (MB NO.9023),2026-06-08T08:43:00,False,Method: Cash [SRC:DirectSale:1260],Receipt,,,,,,,,,2026-08-17T14:03:34.508421
269,,2,7050,705000,Sale receipt from SHEHZAD BUTT SB KOANKH (MB NO.9025),2026-06-08T08:47:00,False,Method: Cash [SRC:DirectSale:1262],Receipt,,,,,,,,,2026-08-17T14:03:34.509206
270,,2,1096.5,109650,Sale receipt from LIAQAT SB JPS (MB NO.9028),2026-06-17T08:59:00,False,3.5 ADJUSTMENT Method: Cash [SRC:DirectSale:1264],Receipt,,,,,,,,,2026-08-17T14:03:34.509950
272,,2,1700,170000,Sale receipt from ZAFAR SB GHURAIRA (MB NO.9038),2026-06-08T12:11:00,False,Method: Cash [SRC:DirectSale:1275],Receipt,,,,,,,,,2026-08-17T14:03:34.510710
273,,2,35000,3500000,Client payment received from FIYAZ BAIG SB KOANKH,2026-06-08T12:13:00,False,9039 [SRC:Payment:374],Receipt,Payment,374,,,,,,,2026-08-17T14:03:34.511417
274,,,465,46500,Waive-off loss for FIYAZ BAIG SB KOANKH,2026-06-08T12:13:00,False,9039 [SRC:Payment:374]:LOSS,Loss,Payment,374,,,,,,,2026-08-17T14:03:34.512050
275,,2,69500,6950000,Sale receipt from JABBAR SB PARSUWAL (MB NO.9045),2026-06-08T12:24:00,False,Method: Cash [SRC:DirectSale:1280],Receipt,,,,,,,,,2026-08-17T14:03:34.512868
276,,2,22550,2255000,Client payment received from RANA ZAHEER SB JPS (SB-CP-1360),2026-05-07T00:00:00,False,[SRC:Payment:373],Receipt,Payment,373,,,,,,,2026-08-17T14:03:34.513571
277,,2,30000,3000000,Client payment received from AZHAR BUTT SB JPS BUTT SWEETS,2026-06-08T15:15:00,False,9062 [SRC:Payment:375],Receipt,Payment,375,,,,,,,2026-08-17T14:03:34.514277
278,,2,7000,700000,Sale receipt from MALIK NAVEED SB KHAN PUR KHOKHAR (MB NO.9068),2026-06-08T15:29:00,False,Method: Cash [SRC:DirectSale:1303],Receipt,,,,,,,,,2026-08-17T14:03:34.514983
279,,2,84565,8456500,Sale receipt from MASOOD SB KHAN PUR KHOKHAR (MB NO.9069),2026-06-08T15:48:00,False,Method: Cash [SRC:DirectSale:1305],Receipt,,,,,,,,,2026-08-17T14:03:34.515858
281,,2,14000,1400000,Sale receipt from SHEHZAD BUTT SB KOANKH (MB NO.9082),2026-06-09T16:24:00,False,Method: Cash [SRC:DirectSale:1308],Receipt,,,,,,,,,2026-08-17T14:03:34.516624
282,,2,2800,280000,Sale receipt from JAHANGIR LOADER PARSUWAL (MB NO.9103),2026-06-09T09:03:00,False,Method: Cash [SRC:DirectSale:1310],Receipt,,,,,,,,,2026-08-17T14:03:34.517298
283,,2,6000,600000,Sale receipt from SHEHZAD SB SHOP (MB NO.9015),2026-06-09T09:08:00,False,Method: Cash [SRC:DirectSale:1311],Receipt,,,,,,,,,2026-08-17T14:03:34.517994
284,,2,45000,4500000,Client payment received from GHULAM GHOUS SB JPS (SB-CP-1364),2026-06-10T00:00:00,False,9109 [SRC:Payment:377],Receipt,Payment,377,,,,,,,2026-08-17T14:03:34.518781
285,,2,2500,250000,Client payment received from ARIF SB JPS(HAJI ASHFAQ S),2026-06-17T09:56:00,False,[SRC:Payment:378],Receipt,Payment,378,,,,,,,2026-08-17T14:03:34.519469
286,,,99,9900,Waive-off loss for ARIF SB JPS(HAJI ASHFAQ S),2026-06-17T09:56:00,False,Discount as company loss [SRC:Payment:378]:LOSS,Loss,Payment,378,,,,,,,2026-08-17T14:03:34.520099
287,2,,24.5,2450,Client refund to ARIF SB JPS(HAJI ASHFAQ S),2026-06-17T09:58:00,False,[SRC:ClientRefund:379],Payment,Payment,379,,,,,,,2026-08-17T14:03:34.520778
288,,2,21500,2150000,Sale receipt from HAJI WARIS SB JPS (MB NO.9421),2026-06-17T10:32:00,False,Method: Cash [SRC:DirectSale:1321],Receipt,,,,,,,,,2026-08-17T14:03:34.521452
289,,1,21000,2100000,Sale receipt from SHAMRAIZ SB JAGUWAN (MB NO.9427),2026-06-17T10:44:00,False,Method: Bank [SRC:DirectSale:1325],Receipt,,,,,,,,,2026-08-17T14:03:34.522138
290,,2,21750,2175000,Client payment received from RANA ZAHEER SB JPS,2026-06-17T10:50:00,False,[SRC:Payment:380],Receipt,Payment,380,,,,,,,2026-08-17T14:03:34.523036
291,,2,8000,800000,Client payment received from ABDULLAH SB KOANKH (SB-CP-1367),2026-06-03T00:00:00,False,[SRC:Payment:381],Receipt,Payment,381,,,,,,,2026-08-17T14:03:34.523738
293,,2,0.2,20,Client payment received from ABDULLAH SB KOANKH,2026-06-03T10:58:00,False,[SRC:Payment:382],Receipt,Payment,382,,,,,,,2026-08-17T14:03:34.524534
294,,,332,33200,Waive-off loss for ABDULLAH SB KOANKH,2026-06-03T10:58:00,False,Discount as company loss [SRC:Payment:382]:LOSS,Loss,Payment,382,,,,,,,2026-08-17T14:03:34.525443
295,,2,50000,5000000,Client payment received from SHEHBAZ SB RANGPUR,2026-06-10T11:46:00,False,9127 [SRC:Payment:383],Receipt,Payment,383,,,,,,,2026-08-17T14:03:34.526371
296,,2,13600,1360000,Sale receipt from QAISER SB JPS WELDER (SB-SL-2328),2026-06-10T11:50:00,False,Method: Cash [SRC:DirectSale:1332],Receipt,,,,,,,,,2026-08-17T14:03:34.527057
297,2,,60860,6086000,Client refund to MALIK JAVED SB KHAN PUR KHOKHAR,2026-06-10T11:53:00,False,9131 [SRC:ClientRefund:384],Payment,Payment,384,,,,,,,2026-08-17T14:03:34.528073
298,,2,14900,1490000,Sale receipt from AZAM SB AJNALA (MB NO.9144),2026-06-10T12:12:00,False,Method: Cash [SRC:DirectSale:1337],Receipt,,,,,,,,,2026-08-17T14:03:34.529775
299,,2,55500,5550000,Client payment received from MIRZA AKHTAR BAIG SB KOANKH,2026-06-10T12:15:00,False,9146 [SRC:Payment:385],Receipt,Payment,385,,,,,,,2026-08-17T14:03:34.530669
300,,,86,8600,Waive-off loss for MIRZA AKHTAR BAIG SB KOANKH,2026-06-10T12:15:00,False,9146 [SRC:Payment:385]:LOSS,Loss,Payment,385,,,,,,,2026-08-17T14:03:34.537894
301,,2,11000,1100000,Client payment received from KHALID SB HANDA DERHA,2026-06-07T12:22:00,False,9148 [SRC:Payment:386],Receipt,Payment,386,,,,,,,2026-08-17T14:03:34.538935
302,,,236,23600,Waive-off loss for KHALID SB HANDA DERHA,2026-06-07T12:22:00,False,9148 [SRC:Payment:386]:LOSS,Loss,Payment,386,,,,,,,2026-08-17T14:03:34.539839
303,,2,250000,25000000,Client payment received from MIRZA REHMAN SB JPS,2026-06-18T13:28:00,False,[SRC:Payment:388],Receipt,Payment,388,,,,,,,2026-08-17T14:03:34.541028
304,,2,50000,5000000,Client payment received from MASTER ZAHOOR SB JPS,2026-06-17T13:29:00,False,[SRC:Payment:389],Receipt,Payment,389,,,,,,,2026-08-17T14:03:34.541996
305,,2,22000,2200000,Client payment received from MALIK ADNAN,2026-06-17T13:38:00,False,9446 [SRC:Payment:390],Receipt,Payment,390,,,,,,,2026-08-17T14:03:34.543031
306,,,450,45000,Waive-off loss for MALIK ADNAN,2026-06-17T13:38:00,False,9446 [SRC:Payment:390]:LOSS,Loss,Payment,390,,,,,,,2026-08-17T14:03:34.543929
307,,2,20000,2000000,Client payment received from CH MUHAMMAD AKRAM RIHANIA SB JPS,2026-06-18T14:47:00,False,9432 [SRC:Payment:391],Receipt,Payment,391,,,,,,,2026-08-17T14:03:34.544744
308,,2,10000,1000000,Client payment received from AZHAR BUTT SB JPS BUTT SWEETS,2026-06-10T15:36:00,False,9152 [SRC:Payment:392],Receipt,Payment,392,,,,,,,2026-08-17T14:03:34.545489
309,2,,36000,3600000,Client refund to MUHAMMAD ARSHAD SB DHINDA POTAN WALAY,2026-06-18T16:56:00,False,[SRC:ClientRefund:393],Payment,Payment,,,,,,,,2026-08-17T14:03:34.546491
311,,2,2800,280000,Sale receipt from CASH SALE FBM (MB NO.9492),2026-06-19T09:23:00,False,Method: Cash [SRC:DirectSale:1347],Receipt,,,,,,,,,2026-08-17T14:03:34.547469
312,,2,3080,308000,Sale receipt from FARAZ SB KOANKH (MB NO.9493),2026-06-19T09:24:00,False,Method: Cash [SRC:DirectSale:1348],Receipt,,,,,,,,,2026-08-17T14:03:34.548211
313,,2,532500,53250000,Client payment received from HAJI AKRAM SB CONT DOYIAN,2026-06-19T09:27:00,False,9494 [SRC:Payment:394],Receipt,Payment,394,,,,,,,2026-08-17T14:03:34.548975
314,,,232.6,23260,Waive-off loss for HAJI AKRAM SB CONT DOYIAN,2026-06-19T09:27:00,False,9494 [SRC:Payment:394]:LOSS,Loss,Payment,394,,,,,,,2026-08-17T14:03:34.549895
315,,2,50000,5000000,Client payment received from MALIK ILYAS SB JPS,2026-06-11T11:57:00,False,9166 [SRC:Payment:395],Receipt,Payment,395,,,,,,,2026-08-17T14:03:34.550699
316,,2,29000,2900000,Sale receipt from MALIK JAVED SB KHAN PUR KHOKHAR (MB NO.9461),2026-06-18T12:15:00,False,Method: Cash [SRC:DirectSale:1356],Receipt,,,,,,,,,2026-08-17T14:03:34.552560
317,,1,1500000,150000000,Client payment received from HDC MEHAR MEHDI SB JPS,2026-06-18T12:35:00,False,9491 [SRC:Payment:398],Receipt,Payment,398,,,,,,,2026-08-17T14:03:34.553389
318,,2,500,50000,Sale receipt from M ARSHAD CONT JPS (MB NO.9501),2026-06-19T12:40:00,False,Method: Cash [SRC:DirectSale:1357],Receipt,,,,,,,,,2026-08-17T14:03:34.554057
319,,2,14200,1420000,Sale receipt from ZAHID BUTT SB JPS (MB NO.9504),2026-06-19T14:19:00,False,Method: Cash [SRC:DirectSale:1361],Receipt,,,,,,,,,2026-08-17T14:03:34.554845
322,2,,6060,606000,Client refund to GHULAM GHOUS SB JPS,2026-06-10T11:12:00,False,9149 [SRC:ClientRefund:401],Payment,Payment,401,,,,,,,2026-08-17T14:03:34.555767
323,,2,34000,3400000,Client payment received from NASAR IQBAL BUTT SB JPS,2026-06-19T13:19:00,False,[SRC:Payment:402],Receipt,Payment,402,,,,,,,2026-08-17T14:03:34.556951
324,,,264,26400,Waive-off loss for NASAR IQBAL BUTT SB JPS,2026-06-19T13:19:00,False,Discount as company loss [SRC:Payment:402]:LOSS,Loss,Payment,402,,,,,,,2026-08-17T14:03:34.557723
325,,2,4723.5,472350,Sale receipt from NASAR IQBAL BUTT SB JPS (MB NO.9509),2026-06-19T13:21:00,False,Method: Cash [SRC:DirectSale:1369],Receipt,,,,,,,,,2026-08-17T14:03:34.558522
326,,1,56000,5600000,Sale receipt from SHAMRAIZ SB JAGUWAN (MB NO.9531),2026-06-20T14:19:00,False,Method: Bank [SRC:DirectSale:1384],Receipt,,,,,,,,,2026-08-17T14:03:34.559392
328,2,,6537.6,653760,Client refund to HAJI AKRAM SB CONT DOYIAN,2026-06-21T12:08:00,False,[SRC:ClientRefund:405],Payment,Payment,405,,,,,,,2026-08-17T14:03:34.560076
329,,2,35000,3500000,Sale receipt from ABDUL SATTAR SB DHINDA FARM (MB NO.9574+9576),2026-06-21T12:24:00,False,Method: Cash [SRC:DirectSale:1416],Receipt,,,,,,,,,2026-08-17T14:03:34.560776
330,2,,35988,3598800,Client refund to MUHAMMAD ARSHAD SB DHINDA POTAN WALAY,2026-06-17T12:43:00,False,9438 [SRC:ClientRefund:406],Payment,Payment,406,,,,,,,2026-08-17T14:03:34.561425
331,,2,2890,289000,Sale receipt from RAJA AMEER HAMZA SB JPS (MB NO.9586),2026-06-21T12:47:00,False,Method: Cash [SRC:DirectSale:1422],Receipt,,,,,,,,,2026-08-17T14:03:34.562103
332,,2,12380,1238000,Sale receipt from MUHAMMAD ARSHAD SB DHINDA POTAN WALAY (MB NO.9584),2026-06-21T12:44:00,False,Method: Cash [SRC:DirectSale:1420],Receipt,,,,,,,,,2026-08-17T14:03:34.562921
333,,2,1,100,Client payment received from AURANGZEB SB KOANKH,2026-06-21T13:56:00,False,9592 [SRC:Payment:408],Receipt,Payment,408,,,,,,,2026-08-17T14:03:34.563597
334,,,6299,629900,Waive-off loss for AURANGZEB SB KOANKH,2026-06-21T13:56:00,False,9592 [SRC:Payment:408]:LOSS,Loss,Payment,408,,,,,,,2026-08-17T14:03:34.564211
335,,2,375000,37500000,Client payment received from MAZHAR SB RUPOWAL DERA,2026-06-21T15:04:00,False,[SRC:Payment:409],Receipt,Payment,409,,,,,,,2026-08-17T14:03:34.565028
336,,2,100000,10000000,Client payment received from MUHAMMAD ABID SB KOANKH,2026-06-21T16:34:00,False,[SRC:Payment:410],Receipt,Payment,410,,,,,,,2026-08-17T14:03:34.565994
337,,1,138000,13800000,Sale receipt from SHAMRAIZ SB JAGUWAN (MB NO.9600),2026-06-21T16:51:00,False,Method: Bank [SRC:DirectSale:1429],Receipt,,,,,,,,,2026-08-17T14:03:34.567247
338,,2,44000,4400000,Client payment received from RAZAQ SB KHANPUR KHOKHAR,2026-06-22T11:19:00,False,[SRC:Payment:411],Receipt,Payment,411,,,,,,,2026-08-17T14:03:34.567992
339,,,0.8,80,Waive-off loss for RAZAQ SB KHANPUR KHOKHAR,2026-06-22T11:19:00,False,Discount as company loss [SRC:Payment:411]:LOSS,Loss,Payment,411,,,,,,,2026-08-17T14:03:34.568661
340,,2,28600,2860000,Sale receipt from RANA ZAHEER SB JPS (SB-SL-2435),2026-06-22T12:36:00,False,Method: Cash [SRC:DirectSale:1439],Receipt,,,,,,,,,2026-08-17T14:03:34.569478
341,,2,25500,2550000,Sale receipt from RAJA PARWEZ SB RANGPUR (MB NO.9626),2026-06-22T13:40:00,False,Method: Cash [SRC:DirectSale:1444],Receipt,,,,,,,,,2026-08-17T14:03:34.571479
342,,2,70000,7000000,Sale receipt from MIRZA NAZAR BAIG SB KOANKH (MB NO.9627),2026-06-22T13:44:00,False,Method: Cash [SRC:DirectSale:1445],Receipt,,,,,,,,,2026-08-17T14:03:34.572347
343,,2,11150,1115000,Client payment received from MIRZA NAZAR BAIG SB KOANKH,2026-05-31T13:48:00,False,[SRC:Payment:413],Receipt,Payment,413,,,,,,,2026-08-17T14:03:34.573098
346,,2,53000,5300000,Client payment received from MUHAMMAD ARSHAD SB GHURAL (SUBEDAR QADAR DAD SB),2026-06-22T14:30:00,False,[SRC:Payment:415],Receipt,Payment,415,,,,,,,2026-08-17T14:03:34.573782
347,,,607,60700,Waive-off loss for MUHAMMAD ARSHAD SB GHURAL (SUBEDAR QADAR DAD SB),2026-06-22T14:30:00,False,Discount as company loss [SRC:Payment:415]:LOSS,Loss,Payment,415,,,,,,,2026-08-17T14:03:34.574941
348,,1,43375,4337500,Client payment received from DR EHSAN SB DHINDA,2026-06-22T17:43:00,False,[SRC:Payment:416],Receipt,Payment,416,,,,,,,2026-08-17T14:03:34.575876
349,,2,1,100,Client payment received from SHERAZ SB MALIK PUR,2026-06-22T17:44:00,False,[SRC:Payment:417],Receipt,Payment,417,,,,,,,2026-08-17T14:03:34.576672
350,,,12810,1281000,Waive-off loss for SHERAZ SB MALIK PUR,2026-06-22T17:44:00,False,Discount as company loss [SRC:Payment:417]:LOSS,Loss,Payment,417,,,,,,,2026-08-17T14:03:34.577308
351,,1,50000,5000000,Client payment received from MASTER ZAHOOR SB JPS,2026-06-22T09:27:00,False,[SRC:Payment:418],Receipt,Payment,418,,,,,,,2026-08-17T14:03:34.578652
352,,2,13800,1380000,Sale receipt from GHULAM SARWAR SB JPS(HAJI JAVED SB) (SB-SL-2460),2026-06-22T10:27:00,False,Method: Cash [SRC:DirectSale:1464],Receipt,,,,,,,,,2026-08-17T14:03:34.579565
353,,2,20000,2000000,Client payment received from MUHAMMAD ASGHAR FAUJI SB JPS,2026-06-22T09:28:00,False,9655 [SRC:Payment:419],Receipt,Payment,419,,,,,,,2026-08-17T14:03:34.580221
354,,2,14500,1450000,Client payment received from SHEHBAZ BAIG SB KOANKH,2026-06-23T13:09:00,False,[SRC:Payment:420],Receipt,Payment,420,,,,,,,2026-08-17T14:03:34.580912
355,,2,14000,1400000,Sale receipt from HAJI WARIS SB JPS (MB NO.9680),2026-06-23T13:15:00,False,Method: Cash [SRC:DirectSale:1481],Receipt,,,,,,,,,2026-08-17T14:03:34.581568
357,,2,1,100,Client payment received from MUHAMMAD SHABEER SB CONT TIBBA AJNALA,2026-06-23T15:03:00,False,DISCOUNT CEMENT BILL NUMBER 9696 [SRC:Payment:422],Receipt,Payment,422,,,,,,,2026-08-17T14:03:34.582504
358,,,449,44900,Waive-off loss for MUHAMMAD SHABEER SB CONT TIBBA AJNALA,2026-06-23T15:03:00,False,DISCOUNT CEMENT BILL NUMBER 9696 [SRC:Payment:422]:LOSS,Loss,Payment,422,,,,,,,2026-08-17T14:03:34.583280
359,,2,4500,450000,Sale receipt from ABDUL REHMAN SB JPS(ZAFAR CONT) (MB NO.9701),2026-06-23T16:53:00,False,Method: Cash [SRC:DirectSale:1490],Receipt,,,,,,,,,2026-08-17T14:03:34.583989
360,,1,29500,2950000,Client payment received from ABDUL AZIZ SB DEDHAR SHARIF,2026-06-24T09:23:00,False,9718 [SRC:Payment:423],Receipt,Payment,423,,,,,,,2026-08-17T14:03:34.584640
361,,2,100000,10000000,Client payment received from MAZHAR SB RUPOWAL DERA,2026-06-23T10:21:00,False,9724 [SRC:Payment:424],Receipt,Payment,424,,,,,,,2026-08-17T14:03:34.585252
362,,,0.2,20,Waive-off loss for MAZHAR SB RUPOWAL DERA,2026-06-23T10:21:00,False,9724 [SRC:Payment:424]:LOSS,Loss,Payment,424,,,,,,,2026-08-17T14:03:34.586569
363,,2,13800,1380000,Sale receipt from GHULAM SARWAR SB JPS(HAJI JAVED SB) (SB-SL-2489),2026-06-23T10:36:00,False,Method: Cash [SRC:DirectSale:1493],Receipt,,,,,,,,,2026-08-17T14:03:34.587303
364,,2,50000,5000000,Client payment received from MIRZA NAZAR BAIG SB KOANKH,2026-06-22T10:30:00,False,9710 [SRC:Payment:425],Receipt,Payment,425,,,,,,,2026-08-17T14:03:34.588139
365,,2,5000,500000,Client payment received from QAISER SB JPS,2026-06-20T10:58:00,False,[SRC:Payment:426],Receipt,Payment,426,,,,,,,2026-08-17T14:03:34.589217
366,,2,20000,2000000,Sale receipt from MUHAMMAD RAZAQ SB JPS (MB NO.9741),2026-06-24T13:42:00,False,Method: Cash [SRC:DirectSale:1508],Receipt,,,,,,,,,2026-08-17T14:03:34.590051
368,,2,14500,1450000,Client payment received from MUHAMMAD RAZAQ SB JPS,2026-06-21T14:20:00,False,9529 [SRC:Payment:428],Receipt,Payment,428,,,,,,,2026-08-17T14:03:34.590856
369,,2,13040,1304000,Client payment received from MUHAMMAD RAZAQ SB JPS,2026-06-25T10:15:00,False,9741 [SRC:Payment:431],Receipt,Payment,431,,,,,,,2026-08-17T14:03:34.591537
370,,,4,400,Waive-off loss for MUHAMMAD RAZAQ SB JPS,2026-06-25T10:15:00,False,9741 [SRC:Payment:431]:LOSS,Loss,Payment,431,,,,,,,2026-08-17T14:03:34.592160
371,,2,1400,140000,Sale receipt from GHULAM SARWAR SB JPS(HAJI JAVED SB) (MB NO.9748/9759),2026-06-24T11:58:00,False,Method: Cash [SRC:DirectSale:1522],Receipt,,,,,,,,,2026-08-17T14:03:34.592987
372,2,,42600,4260000,Client refund to AFGHAN SB GHURAL,2026-06-25T12:32:00,False,9760 [SRC:ClientRefund:432],Payment,Payment,432,,,,,,,2026-08-17T14:03:34.593702
373,2,,20000,2000000,Client refund to NADEEM SB DHINDA,2026-06-23T13:57:00,False,[SRC:ClientRefund:434],Payment,Payment,434,,,,,,,2026-08-17T14:03:34.594947
374,2,,8000,800000,Client refund to NADEEM SB DHINDA,2026-06-25T13:58:00,False,[SRC:ClientRefund:435],Payment,Payment,435,,,,,,,2026-08-17T14:03:34.595900
375,,2,32000,3200000,Client payment received from RAJA PARWEZ SB RANGPUR,2026-06-25T15:25:00,False,[SRC:Payment:436],Receipt,Payment,436,,,,,,,2026-08-17T14:03:34.596660
376,,2,121480,12148000,Client payment received from RAJA ARSHAD SB JAGUWAN,2026-06-25T15:30:00,False,[SRC:Payment:437],Receipt,Payment,437,,,,,,,2026-08-17T14:03:34.597369
377,,,4,400,Waive-off loss for RAJA ARSHAD SB JAGUWAN,2026-06-25T15:30:00,False,Discount as company loss [SRC:Payment:437]:LOSS,Loss,Payment,437,,,,,,,2026-08-17T14:03:34.598035
378,,2,2370,237000,Sale receipt from NASAR IQBAL BUTT SB JPS (MB NO.9767),2026-06-25T16:07:00,False,Method: Cash [SRC:DirectSale:1532],Receipt,,,,,,,,,2026-08-17T14:03:34.598805
379,,2,8650,865000,Sale receipt from ABDUL REHMAN SB JPS(ZAFAR CONT) (MB NO.9769),2026-06-25T08:18:00,False,Method: Cash [SRC:DirectSale:1533],Receipt,,,,,,,,,2026-08-17T14:03:34.599802
380,2,,50325.6,5032560,Client refund to AURANGZEB SB KOANKH,2026-06-25T10:33:00,False,9770 [SRC:ClientRefund:438],Payment,Payment,438,,,,,,,2026-08-17T14:03:34.602398
381,,2,50000,5000000,Client payment received from IRFAN SB JPS (ATEEQ SB),2026-06-25T10:35:00,False,9773 [SRC:Payment:439],Receipt,Payment,439,,,,,,,2026-08-17T14:03:34.603359
382,,2,9000,900000,Client payment received from QAISER SB JPS,2026-06-25T12:00:00,False,[SRC:Payment:440],Receipt,Payment,440,,,,,,,2026-08-17T14:03:34.604062
383,2,,250503,25050300,Client refund to HAJI WARIS SB JPS,2026-06-08T12:07:00,False,[SRC:ClientRefund:441],Payment,Payment,441,,,,,,,2026-08-17T14:03:34.605055
386,,2,124000,12400000,Sale receipt from HAJI WARIS SB JPS (MB NO.9791),2026-06-27T12:10:00,False,Method: Cash [SRC:DirectSale:1538],Receipt,,,,,,,,,2026-08-17T14:03:34.606152
387,,2,13500,1350000,Sale receipt from HAJI WARIS SB JPS (SB-SL-2535),2026-06-27T12:33:00,False,Method: Cash [SRC:DirectSale:1539],Receipt,,,,,,,,,2026-08-17T14:03:34.606972
388,,2,2370,237000,Sale receipt from NASAR IQBAL BUTT SB JPS (MB NO.9795),2026-06-27T12:49:00,False,Method: Cash [SRC:DirectSale:1542],Receipt,,,,,,,,,2026-08-17T14:03:34.607691
389,,2,41500,4150000,Sale receipt from RAZA ULLAH SB MALAK PUR (MB NO.9811),2026-06-27T13:02:00,False,Method: Cash [SRC:DirectSale:1544],Receipt,,,,,,,,,2026-08-17T14:03:34.608390
390,,2,7500,750000,Sale receipt from AZHAR BUTT SB JPS BUTT SWEETS (MB NO.9801),2026-06-27T13:07:00,False,Method: Cash [SRC:DirectSale:1545],Receipt,,,,,,,,,2026-08-17T14:03:34.609160
393,,2,10000,1000000,Sale receipt from MUHAMMAD SHABEER SB CONT TIBBA AJNALA (MB NO.9013),2026-06-07T13:55:00,False,Method: Cash [SRC:DirectSale:1254],Receipt,,,,,,,,,2026-08-17T14:03:34.609871
394,,2,28770,2877000,Sale receipt from MUHAMMAD SHABEER SB CONT TIBBA AJNALA (MB NO.8322),2026-05-16T13:32:00,False,Method: Cash [SRC:DirectSale:1253],Receipt,,,,,,,,,2026-08-17T14:03:34.610616
396,,2,14000,1400000,Client payment received from MUHAMMAD SHABEER SB CONT TIBBA AJNALA,2026-06-25T15:27:00,False,[SRC:Payment:445],Receipt,Payment,445,,,,,,,2026-08-17T14:03:34.611266
397,,,450,45000,Waive-off loss for MUHAMMAD SHABEER SB CONT TIBBA AJNALA,2026-06-25T15:27:00,False,Discount as company loss [SRC:Payment:445]:LOSS,Loss,Payment,445,,,,,,,2026-08-17T14:03:34.611990
398,,1,130000,13000000,Client payment received from NADEEM SB DHINDA,2026-06-23T15:59:00,False,[SRC:Payment:446],Receipt,Payment,446,,,,,,,2026-08-17T14:03:34.612829
399,,2,32000,3200000,Client payment received from KASHIF SB DHINDA,2026-06-23T16:00:00,False,[SRC:Payment:447],Receipt,Payment,447,,,,,,,2026-08-17T14:03:34.613512
400,,1,35000,3500000,Client payment received from MASTER ZAHOOR SB JPS,2026-06-27T16:21:00,False,[SRC:Payment:448],Receipt,Payment,448,,,,,,,2026-08-17T14:03:34.614154
401,,1,31250,3125000,Client payment received from ATIF BAIG SB KOANKH,2026-06-22T11:33:00,False,9451 [SRC:Payment:449],Receipt,Payment,449,,,,,,,2026-08-17T14:03:34.614952
402,,2,4000,400000,Sale receipt from QAISER SB JPS (MB NO.9833),2026-06-28T12:03:00,False,Method: Cash [SRC:DirectSale:1562],Receipt,,,,,,,,,2026-08-17T14:03:34.615638
403,,2,13800,1380000,Sale receipt from GHULAM SARWAR SB JPS(HAJI JAVED SB) (MB NO.9839),2026-06-28T13:11:00,False,Method: Cash [SRC:DirectSale:1570],Receipt,,,,,,,,,2026-08-17T14:03:34.616248
404,,2,71000,7100000,Client payment received from HAJI YOUSUF BUTT JPS,2026-06-28T13:52:00,False,9846 [SRC:Payment:450],Receipt,Payment,450,,,,,,,2026-08-17T14:03:34.617069
405,,2,1,100,Client payment received from RAOOF SB GHURAL,2026-06-14T14:43:00,False,CHAUGATH LABOUR NAFI [SRC:Payment:452],Receipt,Payment,452,,,,,,,2026-08-17T14:03:34.617811
406,,,499,49900,Waive-off loss for RAOOF SB GHURAL,2026-06-14T14:43:00,False,CHAUGATH LABOUR NAFI [SRC:Payment:452]:LOSS,Loss,Payment,452,,,,,,,2026-08-17T14:03:34.618725
407,,2,27400,2740000,Client payment received from HAJI WARIS SB JPS,2026-06-28T14:53:00,False,[SRC:Payment:453],Receipt,Payment,453,,,,,,,2026-08-17T14:03:34.619561
408,,2,12500,1250000,Client payment received from ALI SHAN SB RANGRA,2026-06-28T14:54:00,False,[SRC:Payment:454],Receipt,Payment,454,,,,,,,2026-08-17T14:03:34.620232
409,,2,1,100,Client payment received from RAOOF SB GHURAL,2026-06-28T15:03:00,False,DISCOUNT CEMENT STEEL [SRC:Payment:455],Receipt,Payment,455,,,,,,,2026-08-17T14:03:34.620907
410,,,4969,496900,Waive-off loss for RAOOF SB GHURAL,2026-06-28T15:03:00,False,DISCOUNT CEMENT STEEL [SRC:Payment:455]:LOSS,Loss,Payment,455,,,,,,,2026-08-17T14:03:34.626041
411,,2,27700,2770000,Client payment received from RAJA PARWEZ SB RANGPUR,2026-06-28T16:49:00,False,[SRC:Payment:456],Receipt,Payment,456,,,,,,,2026-08-17T14:03:34.626919
412,,,83,8300,Waive-off loss for RAJA PARWEZ SB RANGPUR,2026-06-28T16:49:00,False,Discount as company loss [SRC:Payment:456]:LOSS,Loss,Payment,456,,,,,,,2026-08-17T14:03:34.627695
413,,2,119000,11900000,Client payment received from RAJA PARWEZ SB RANGPUR,2026-05-07T16:55:00,False,[SRC:Payment:457],Receipt,Payment,457,,,,,,,2026-08-17T14:03:34.628419
414,,2,100000,10000000,Client payment received from ASIF SB KOANKH,2026-06-29T10:50:00,False,[SRC:Payment:458],Receipt,Payment,458,,,,,,,2026-08-17T14:03:34.629155
415,,2,138500,13850000,Sale receipt from ASIF SB DERHA HANDA (MB NO.9872),2026-06-29T10:56:00,False,Method: Cash [SRC:DirectSale:1587],Receipt,,,,,,,,,2026-08-17T14:03:34.629844
416,,2,24000,2400000,Client payment received from MALIK ILYAS SB JPS,2026-06-29T13:27:00,False,[SRC:Payment:459],Receipt,Payment,459,,,,,,,2026-08-17T14:03:34.630599
417,,4,120000,12000000,Client payment received from MUHAMMAD AKRAM SB SANTAL SURKHIYAN,2026-06-29T13:35:00,False,[SRC:Payment:460],Receipt,Payment,460,,,,,,,2026-08-17T14:03:34.631430
418,,2,1,100,Client payment received from SAFDAR ALI SB AJNALA (ASLAM CONT),2026-06-29T15:03:00,False,CEMENT DISCOUNT MB NO 9902 [SRC:Payment:461],Receipt,Payment,461,,,,,,,2026-08-17T14:03:34.632096
419,,,5499,549900,Waive-off loss for SAFDAR ALI SB AJNALA (ASLAM CONT),2026-06-29T15:03:00,False,CEMENT DISCOUNT MB NO 9902 [SRC:Payment:461]:LOSS,Loss,Payment,461,,,,,,,2026-08-17T14:03:34.632972
420,,2,1,100,Client payment received from JAMEEL SB JAGWAN,2026-06-12T15:58:00,False,[SRC:Payment:463],Receipt,Payment,463,,,,,,,2026-08-17T14:03:34.633725
421,,,6999,699900,Waive-off loss for JAMEEL SB JAGWAN,2026-06-12T15:58:00,False,Discount as company loss [SRC:Payment:463]:LOSS,Loss,Payment,463,,,,,,,2026-08-17T14:03:34.634480
422,,4,29250,2925000,Client payment received from JAMEEL SB JAGWAN,2026-06-29T15:59:00,False,[SRC:Payment:464],Receipt,Payment,464,,,,,,,2026-08-17T14:03:34.635144
423,,1,63684,6368400,Sale receipt from DR EHSAN SB DHINDA (MB NO.9167),2026-06-11T16:20:00,False,Method: Bank [SRC:DirectSale:1600],Receipt,,,,,,,,,2026-08-17T14:03:34.635997
424,,2,7800,780000,Sale receipt from SHEHZAD SB GHURAIRA (MB NO.9169),2026-06-29T16:36:00,False,Method: Cash [SRC:DirectSale:1602],Receipt,,,,,,,,,2026-08-17T14:03:34.636683
425,,2,40000,4000000,Client payment received from ASIF HUSSAIN JPS (ALI ALMUNIUM),2026-06-11T16:38:00,False,[SRC:Payment:466],Receipt,Payment,466,,,,,,,2026-08-17T14:03:34.637304
426,,2,90000,9000000,Client payment received from SUBEDAR MUHAMMAD ARSHAD SB KHANPUR KHOKHAR,2026-06-11T17:02:00,False,[SRC:Payment:467],Receipt,Payment,467,,,,,,,2026-08-17T14:03:34.638049
427,,2,50000,5000000,Client payment received from SUBEDAR MUHAMMAD ARSHAD SB KHANPUR KHOKHAR,2026-06-21T17:03:00,False,[SRC:Payment:468],Receipt,Payment,468,,,,,,,2026-08-17T14:03:34.638848
428,,2,1,100,Client payment received from TALHA SB JPS,2026-06-11T17:16:00,False,[SRC:Payment:469],Receipt,Payment,469,,,,,,,2026-08-17T14:03:34.639538
429,,,1999,199900,Waive-off loss for TALHA SB JPS,2026-06-11T17:16:00,False,Discount as company loss [SRC:Payment:469]:LOSS,Loss,Payment,469,,,,,,,2026-08-17T14:03:34.640171
430,,2,30500,3050000,Sale receipt from SHEHBAZ BAIG SB KOANKH (MB NO.9909),2026-06-30T11:18:00,False,Method: Cash [SRC:DirectSale:1607],Receipt,,,,,,,,,2026-08-17T14:03:34.640832
431,,2,5000,500000,Client payment received from QAISER SB JPS,2026-06-30T11:28:00,False,[SRC:Payment:470],Receipt,Payment,470,,,,,,,2026-08-17T14:03:34.641505
432,,2,790,79000,Client payment received from NASAR IQBAL BUTT SB JPS,2026-06-14T11:45:00,False,[SRC:Payment:471],Receipt,Payment,471,,,,,,,2026-08-17T14:03:34.642143
434,,2,2000,200000,Sale receipt from RAFAQAT HUSSAIN SB MALIK (MASJID) (MB NO.9915),2026-06-30T12:25:00,False,Method: Cash [SRC:DirectSale:1612],Receipt,,,,,,,,,2026-08-17T14:03:34.643006
435,,2,16800,1680000,Client payment received from GHULAM SARWAR SB JPS(HAJI JAVED SB),2026-06-30T12:32:00,False,[SRC:Payment:472],Receipt,Payment,472,,,,,,,2026-08-17T14:03:34.643700
436,,2,14800,1480000,Client payment received from SAIF ULLAH SB KOANKH,2026-06-11T14:32:00,False,[SRC:Payment:474],Receipt,Payment,474,,,,,,,2026-08-17T14:03:34.644403
437,,,15,1500,Waive-off loss for SAIF ULLAH SB KOANKH,2026-06-11T14:32:00,False,Discount as company loss [SRC:Payment:474]:LOSS,Loss,Payment,474,,,,,,,2026-08-17T14:03:34.645054
438,,2,142000,14200000,Client payment received from ALI SHAN SB RANGRA,2026-06-30T15:19:00,False,[SRC:Payment:476],Receipt,Payment,476,,,,,,,2026-08-17T14:03:34.645919
439,,,136.9,13690,Waive-off loss for ALI SHAN SB RANGRA,2026-06-30T15:19:00,False,Discount as company loss [SRC:Payment:476]:LOSS,Loss,Payment,476,,,,,,,2026-08-17T14:03:34.646732
440,,2,7550,755000,Client payment received from ATEEQ UR REHMAN SB DHINDA,2026-06-30T15:42:00,False,[SRC:Payment:477],Receipt,Payment,477,,,,,,,2026-08-17T14:03:34.647428
441,2,,4000,400000,Client refund to ATEEQ UR REHMAN SB DHINDA,2026-06-30T15:43:00,False,[SRC:ClientRefund:478],Payment,Payment,478,,,,,,,2026-08-17T14:03:34.648064
442,,2,35000,3500000,Client payment received from KHALIL AHMED SB DHINDA KALAAN,2026-06-30T16:15:00,False,9920 [SRC:Payment:479],Receipt,Payment,479,,,,,,,2026-08-17T14:03:34.648724
443,,,136,13600,Waive-off loss for KHALIL AHMED SB DHINDA KALAAN,2026-06-30T16:15:00,False,9920 [SRC:Payment:479]:LOSS,Loss,Payment,479,,,,,,,2026-08-17T14:03:34.649638
444,,2,7500,750000,Client payment received from NASAR IQBAL BUTT SB JPS,2026-06-30T17:09:00,False,[SRC:Payment:480],Receipt,Payment,480,,,,,,,2026-08-17T14:03:34.650462
445,,,360,36000,Waive-off loss for NASAR IQBAL BUTT SB JPS,2026-06-30T17:09:00,False,Discount as company loss [SRC:Payment:480]:LOSS,Loss,Payment,480,,,,,,,2026-08-17T14:03:34.651142
446,,2,25000,2500000,Client payment received from ABDUL SATTAR SB DHINDA FARM,2026-06-30T17:18:00,False,9954 [SRC:Payment:481],Receipt,Payment,481,,,,,,,2026-08-17T14:03:34.651824
447,,2,36000,3600000,Sale receipt from SYED SHAFQAT ABBAS SB GHURAIRA (MB NO.9974),2026-07-01T12:26:00,False,Method: Cash [SRC:DirectSale:1635],Receipt,,,,,,,,,2026-08-17T14:03:34.652697
448,,2,200000,20000000,Client payment received from IRFAN SB DEDHAR SHARIF,2026-06-12T12:46:00,False,9220 [SRC:Payment:482],Receipt,Payment,482,,,,,,,2026-08-17T14:03:34.653562
449,,2,170000,17000000,Client payment received from IRFAN SB DEDHAR SHARIF,2026-06-16T12:47:00,False,9398 [SRC:Payment:483],Receipt,Payment,483,,,,,,,2026-08-17T14:03:34.654285
450,,,500,50000,Waive-off loss for IRFAN SB DEDHAR SHARIF,2026-06-16T12:47:00,False,9398 [SRC:Payment:483]:LOSS,Loss,Payment,483,,,,,,,2026-08-17T14:03:34.654998
451,,2,23300,2330000,Client payment received from HAJI WARIS SB JPS,2026-07-01T13:18:00,False,[SRC:Payment:484],Receipt,Payment,484,,,,,,,2026-08-17T14:03:34.655839
452,,,49.99,4999,Waive-off loss for HAJI WARIS SB JPS,2026-07-01T13:18:00,False,Discount as company loss [SRC:Payment:484]:LOSS,Loss,Payment,484,,,,,,,2026-08-17T14:03:34.656518
453,,2,1,100,Client payment received from HAJI IQBAL SB JPS,2026-06-11T13:35:00,False,[SRC:Payment:485],Receipt,Payment,485,,,,,,,2026-08-17T14:03:34.657141
454,,,1197,119700,Waive-off loss for HAJI IQBAL SB JPS,2026-06-11T13:35:00,False,Discount as company loss [SRC:Payment:485]:LOSS,Loss,Payment,485,,,,,,,2026-08-17T14:03:34.657812
455,,2,11800,1180000,Sale receipt from SHEHBAZ BAIG SB KOANKH (MB NO.9982),2026-07-01T13:45:00,False,Method: Cash [SRC:DirectSale:1640],Receipt,,,,,,,,,2026-08-17T14:03:34.658541
456,,2,14000,1400000,Sale receipt from NASAR IQBAL BUTT SB JPS (MB NO.9983),2026-07-01T13:48:00,False,Method: Cash [SRC:DirectSale:1641],Receipt,,,,,,,,,2026-08-17T14:03:34.659204
457,,2,28600,2860000,Sale receipt from RANA ZAHEER SB JPS (MB NO.9968),2026-07-01T13:51:00,False,Method: Cash [SRC:DirectSale:1642],Receipt,,,,,,,,,2026-08-17T14:03:34.659878
458,,2,21400,2140000,Client payment received from GHULAM MURTZA SB KOANKH,2026-07-01T13:36:00,False,[SRC:Payment:486],Receipt,Payment,486,,,,,,,2026-08-17T14:03:34.660517
459,,,50,5000,Waive-off loss for GHULAM MURTZA SB KOANKH,2026-07-01T13:36:00,False,Discount as company loss [SRC:Payment:486]:LOSS,Loss,Payment,486,,,,,,,2026-08-17T14:03:34.661137
460,,2,7000,700000,Sale receipt from NASAR IQBAL BUTT SB JPS (MB NO.9986),2026-07-01T14:25:00,False,Method: Cash [SRC:DirectSale:1643],Receipt,,,,,,,,,2026-08-17T14:03:34.661789
461,,2,50000,5000000,Client payment received from SUBEDAR MUHAMMAD ARSHAD SB KHANPUR KHOKHAR,2026-07-01T14:32:00,False,9994 [SRC:Payment:487],Receipt,Payment,487,,,,,,,2026-08-17T14:03:34.662695
462,,1,75350,7535000,Client payment received from SHAMRAIZ SB JAGUWAN,2026-07-01T14:51:00,False,[SRC:Payment:488],Receipt,Payment,488,,,,,,,2026-08-17T14:03:34.663409
463,,2,6850,685000,Sale receipt from RIZWAN KAKA SB JPS (MB NO.10002),2026-07-01T15:49:00,False,Method: Cash [SRC:DirectSale:1645],Receipt,,,,,,,,,2026-08-17T14:03:34.664044
464,,2,50000,5000000,Client payment received from ASIF HUSSAIN JPS (ALI ALMUNIUM),2026-07-02T11:48:00,False,10012 [SRC:Payment:491],Receipt,Payment,491,,,,,,,2026-08-17T14:03:34.664695
465,,2,41700,4170000,Client payment received from MUHAMMAD RAFEEQ SB AJNALA,2026-07-02T12:25:00,False,[SRC:Payment:492],Receipt,Payment,492,,,,,,,2026-08-17T14:03:34.665354
466,,,1900,190000,Waive-off loss for MUHAMMAD RAFEEQ SB AJNALA,2026-07-02T12:25:00,False,Discount as company loss [SRC:Payment:492]:LOSS,Loss,Payment,492,,,,,,,2026-08-17T14:03:34.666400
467,,2,1,100,Client payment received from MUHAMMAD RAFEEQ SB AJNALA,2026-07-02T12:26:00,False,[SRC:Payment:493],Receipt,Payment,493,,,,,,,2026-08-17T14:03:34.667486
468,,,299,29900,Waive-off loss for MUHAMMAD RAFEEQ SB AJNALA,2026-07-02T12:26:00,False,Discount as company loss [SRC:Payment:493]:LOSS,Loss,Payment,493,,,,,,,2026-08-17T14:03:34.668166
469,,2,25500,2550000,Client payment received from RAJA ARSHAD SB JAGUWAN,2026-07-02T13:01:00,False,[SRC:Payment:494],Receipt,Payment,494,,,,,,,2026-08-17T14:03:34.668858
470,,,210.37,21037,Waive-off loss for RAJA ARSHAD SB JAGUWAN,2026-07-02T13:01:00,False,Discount as company loss [SRC:Payment:494]:LOSS,Loss,Payment,494,,,,,,,2026-08-17T14:03:34.669950
471,2,,2813,281300,Client refund to MIRZA NAZAR BAIG SB KOANKH,2026-07-02T13:02:00,False,[SRC:ClientRefund:495],Payment,Payment,495,,,,,,,2026-08-17T14:03:34.670783
472,,2,10500,1050000,Sale receipt from CH MUHAMMAD AKRAM RIHANIA SB JPS (MB NO.10057),2026-07-03T09:41:00,False,Method: Cash [SRC:DirectSale:1682],Receipt,,,,,,,,,2026-08-17T14:03:34.671789
473,,2,34000,3400000,Client payment received from MAQSOOD SB MALAK PUR,2026-07-03T10:51:00,False,CEMENT STEEL DISCOUNT [SRC:Payment:496],Receipt,Payment,496,,,,,,,2026-08-17T14:03:34.672660
474,,,3077,307700,Waive-off loss for MAQSOOD SB MALAK PUR,2026-07-03T10:51:00,False,CEMENT STEEL DISCOUNT [SRC:Payment:496]:LOSS,Loss,Payment,496,,,,,,,2026-08-17T14:03:34.673307
475,,2,76500,7650000,Client payment received from NADEEM SB DHINDA,2026-07-03T11:02:00,False,[SRC:Payment:497],Receipt,Payment,497,,,,,,,2026-08-17T14:03:34.674001
476,,,340,34000,Waive-off loss for NADEEM SB DHINDA,2026-07-03T11:02:00,False,Discount as company loss [SRC:Payment:497]:LOSS,Loss,Payment,497,,,,,,,2026-08-17T14:03:34.674800
477,,2,150000,15000000,Client payment received from DR AMIN SB JPS,2026-06-10T11:38:00,False,[SRC:Payment:498],Receipt,Payment,498,,,,,,,2026-08-17T14:03:34.675742
478,,2,1,100,Client payment received from DR AMIN SB JPS,2026-06-12T11:39:00,False,9206 [SRC:Payment:499],Receipt,Payment,499,,,,,,,2026-08-17T14:03:34.676733
479,,,11611,1161100,Waive-off loss for DR AMIN SB JPS,2026-06-12T11:39:00,False,9206 [SRC:Payment:499]:LOSS,Loss,Payment,499,,,,,,,2026-08-17T14:03:34.677451
480,,2,39500,3950000,Client payment received from HAJI WARIS SB JPS,2026-07-04T16:05:00,False,[SRC:Payment:500],Receipt,Payment,500,,,,,,,2026-08-17T14:03:34.678408
481,,,120.51,12051,Waive-off loss for HAJI WARIS SB JPS,2026-07-04T16:05:00,False,Discount as company loss [SRC:Payment:500]:LOSS,Loss,Payment,500,,,,,,,2026-08-17T14:03:34.679124
482,,2,3600,360000,Client payment received from SYED SHAFQAT ABBAS SB GHURAIRA,2026-07-04T16:06:00,False,[SRC:Payment:501],Receipt,Payment,501,,,,,,,2026-08-17T14:03:34.679921
483,,2,14600,1460000,Client payment received from GHULAM MURTZA SB KOANKH,2026-07-04T17:06:00,False,[SRC:Payment:502],Receipt,Payment,502,,,,,,,2026-08-17T14:03:34.680615
484,,2,4622,462200,Client payment received from FAISAL SB AJNALA,2026-07-04T17:07:00,False,[SRC:Payment:503],Receipt,Payment,503,,,,,,,2026-08-17T14:03:34.681230
485,,2,37278,3727800,Client payment received from KHALID SB HANDA DERHA,2026-07-01T13:01:00,False,[SRC:Payment:504],Receipt,Payment,504,,,,,,,2026-08-17T14:03:34.681907
486,,,0.1,10,Waive-off loss for KHALID SB HANDA DERHA,2026-07-01T13:01:00,False,Discount as company loss [SRC:Payment:504]:LOSS,Loss,Payment,504,,,,,,,2026-08-17T14:03:34.682784
487,,2,60000,6000000,Sale receipt from KHALID SB HANDA DERHA (MB NO.10127),2026-07-05T13:03:00,False,Method: Cash [SRC:DirectSale:1710],Receipt,,,,,,,,,2026-08-17T14:03:34.683482
488,,2,47380,4738000,Client payment received from MAZHAR SB RUPOWAL DERA,2026-07-05T14:24:00,False,[SRC:Payment:505],Receipt,Payment,505,,,,,,,2026-08-17T14:03:34.684346
489,,2,29000,2900000,Sale receipt from SAGHEER BAIG SB KOANKH (SB-SL-2718),2026-07-05T15:09:00,False,Method: Cash [SRC:DirectSale:1722],Receipt,,,,,,,,,2026-08-17T14:03:34.685023
490,,2,28000,2800000,Sale receipt from MALIK ARSHAD JPSB (MB NO.10197),2026-07-06T16:41:00,False,Method: Cash [SRC:DirectSale:1735],Receipt,,,,,,,,,2026-08-17T14:03:34.685956
491,,2,28000,2800000,Client payment received from ABDUL SATTAR SB DHINDA FARM,2026-07-07T15:15:00,False,[SRC:Payment:506],Receipt,Payment,506,,,,,,,2026-08-17T14:03:34.687874
492,,2,14400,1440000,Sale receipt from GHULAM MURTZA SB KOANKH (MB NO.10278),2026-07-08T10:16:00,False,Method: Cash [SRC:DirectSale:1754],Receipt,,,,,,,,,2026-08-17T14:03:34.688719
493,,2,34000,3400000,Client payment received from SHABEER HUSSAIN SB PARSUWAL,2026-07-08T12:27:00,False,[SRC:Payment:507],Receipt,Payment,507,,,,,,,2026-08-17T14:03:34.691200
494,,1,650000,65000000,Client payment received from NADEEM BUTT SB JPS,2026-07-08T15:17:00,False,[SRC:Payment:508],Receipt,Payment,508,,,,,,,2026-08-17T14:03:34.692759
495,,2,10000,1000000,Client payment received from ABDULLAH SB KOANKH,2026-06-18T15:47:00,False,[SRC:Payment:509],Receipt,Payment,509,,,,,,,2026-08-17T14:03:34.693684
496,,2,1,100,Client payment received from ALI SHAN SB RANGRA,2026-07-08T10:08:00,False,[SRC:Payment:510],Receipt,Payment,510,,,,,,,2026-08-17T14:03:34.694776
497,,,1999,199900,Waive-off loss for ALI SHAN SB RANGRA,2026-07-08T10:08:00,False,Discount as company loss [SRC:Payment:510]:LOSS,Loss,Payment,510,,,,,,,2026-08-17T14:03:34.696112
498,,2,400000,40000000,Client payment received from NADEEM BUTT SB JPS,2026-07-09T11:19:00,False,[SRC:Payment:511],Receipt,Payment,511,,,,,,,2026-08-17T14:03:34.697237
499,,2,50000,5000000,Client payment received from HAJI ASHFAQ SB JPS,2026-07-09T11:27:00,False,[SRC:Payment:512],Receipt,Payment,512,,,,,,,2026-08-17T14:03:34.698396
500,,2,50000,5000000,Client payment received from SHEHBAZ SB RANGPUR (SB-CP-1487),2026-06-17T00:00:00,False,[SRC:Payment:513],Receipt,Payment,513,,,,,,,2026-08-17T14:03:34.699418
501,,2,1500,150000,Sale receipt from MASTER ZAHOOR SB JPS (MB NO.10343),2026-07-09T12:10:00,False,Method: Cash [SRC:DirectSale:1779],Receipt,,,,,,,,,2026-08-17T14:03:34.700426
502,,2,104500,10450000,Client payment received from KHALIL AHMED SB DHINDA KALAAN,2026-07-09T13:20:00,False,10353 [SRC:Payment:514],Receipt,Payment,514,,,,,,,2026-08-17T14:03:34.701414
503,,,310,31000,Waive-off loss for KHALIL AHMED SB DHINDA KALAAN,2026-07-09T13:20:00,False,10353 [SRC:Payment:514]:LOSS,Loss,Payment,514,,,,,,,2026-08-17T14:03:34.702252
504,,2,6000,600000,Client payment received from KASHIF SB DHINDA,2026-07-09T13:29:00,False,RENT PAYMENT OF HDC LABOUR ROOM [SRC:Payment:515],Receipt,Payment,515,,,,,,,2026-08-17T14:03:34.703013
505,,2,300000,30000000,Client payment received from NADEEM BUTT SB JPS,2026-07-10T12:49:00,False,[SRC:Payment:517],Receipt,Payment,517,,,,,,,2026-08-17T14:03:34.703715
506,,2,21150,2115000,Sale receipt from MUHAMMAD BASHEER SB CONT KOANKH (MB NO.10383),2026-07-10T13:01:00,False,Method: Cash [SRC:DirectSale:1797],Receipt,,,,,,,,,2026-08-17T14:03:34.704476
507,,2,50000,5000000,Client payment received from ARIF BAIG SB KOANKH (ASIM BAIG),2026-07-10T13:04:00,False,[SRC:Payment:518],Receipt,Payment,518,,,,,,,2026-08-17T14:03:34.705420
508,,1,150000,15000000,Client payment received from NADEEM BUTT SB JPS,2026-07-10T09:39:00,False,[SRC:Payment:519],Receipt,Payment,519,,,,,,,2026-08-17T14:03:34.706259
509,,2,52450,5245000,Client payment received from FAKHAR SHAH SB AJNALA,2026-06-13T09:44:00,False,[SRC:Payment:520],Receipt,Payment,520,,,,,,,2026-08-17T14:03:34.707063
510,,2,50000,5000000,Client payment received from SUBEDAR MUHAMMAD ARSHAD SB KHANPUR KHOKHAR,2026-07-11T12:53:00,False,[SRC:Payment:522],Receipt,Payment,522,,,,,,,2026-08-17T14:03:34.707779
511,,2,64250,6425000,Client payment received from CHAND SB CONT KOANKH,2026-07-11T14:40:00,False,[SRC:Payment:523],Receipt,Payment,523,,,,,,,2026-08-17T14:03:34.708687
512,,2,189000,18900000,Client payment received from MUHAMMAD AKRAM SB SANTAL SURKHIYAN,2026-07-11T14:41:00,False,[SRC:Payment:524],Receipt,Payment,524,,,,,,,2026-08-17T14:03:34.709576
513,,2,37000,3700000,Client payment received from GHULAM MURTZA SB KOANKH,2026-07-11T15:30:00,False,[SRC:Payment:525],Receipt,Payment,525,,,,,,,2026-08-17T14:03:34.710354
514,,,250,25000,Waive-off loss for GHULAM MURTZA SB KOANKH,2026-07-11T15:30:00,False,Discount as company loss [SRC:Payment:525]:LOSS,Loss,Payment,525,,,,,,,2026-08-17T14:03:34.711034
515,,4,72841,7284100,Client payment received from ABDUL AZEEM SB KHAN PUR KHOKHAR,2026-07-11T15:31:00,False,RATE DIFRENCE DISCOUNT [SRC:Payment:526],Receipt,Payment,526,,,,,,,2026-08-17T14:03:34.711698
516,,,1270,127000,Waive-off loss for ABDUL AZEEM SB KHAN PUR KHOKHAR,2026-07-11T15:31:00,False,RATE DIFRENCE DISCOUNT [SRC:Payment:526]:LOSS,Loss,Payment,526,,,,,,,2026-08-17T14:03:34.712500
520,,2,1,100,Client payment received from RAOOF SB GHURAL,2026-07-11T17:11:00,False,[SRC:Payment:529],Receipt,Payment,529,,,,,,,2026-08-17T14:03:34.713137
521,,,28536.99,2853699,Waive-off loss for RAOOF SB GHURAL,2026-07-11T17:11:00,False,Discount as company loss [SRC:Payment:529]:LOSS,Loss,Payment,529,,,,,,,2026-08-17T14:03:34.713795
522,,4,45200,4520000,Client payment received from FAKHAR SHAH SB AJNALA,2026-07-11T15:53:00,False,[SRC:Payment:530],Receipt,Payment,530,,,,,,,2026-08-17T14:03:34.714662
523,,,70,7000,Waive-off loss for FAKHAR SHAH SB AJNALA,2026-07-11T15:53:00,False,Discount as company loss [SRC:Payment:530]:LOSS,Loss,Payment,530,,,,,,,2026-08-17T14:03:34.715474
524,,2,15200,1520000,Sale receipt from ABDUL SATTAR SB DHINDA FARM (MB NO.10458),2026-07-12T16:28:00,False,Method: Cash [SRC:DirectSale:1831],Receipt,,,,,,,,,2026-08-17T14:03:34.716480
525,,1,29000,2900000,Client payment received from ATIF BAIG SB KOANKH,2026-07-12T17:13:00,False,[SRC:Payment:532],Receipt,Payment,532,,,,,,,2026-08-17T14:03:34.717141
526,,2,100000,10000000,Client payment received from ASIF SB KOANKH,2026-07-07T17:14:00,False,[SRC:Payment:533],Receipt,Payment,533,,,,,,,2026-08-17T14:03:34.718234
527,,2,100000,10000000,Client payment received from RAFAQAT HUSSAIN SB MALIK (MASJID),2026-07-13T10:19:00,False,[SRC:Payment:535],Receipt,Payment,535,,,,,,,2026-08-17T14:03:34.718948
528,,2,6000,600000,Client payment received from ARIF SB JPS(HAJI ASHFAQ S),2026-07-05T10:20:00,False,[SRC:Payment:536],Receipt,Payment,536,,,,,,,2026-08-17T14:03:34.719619
529,,,292,29200,Waive-off loss for ARIF SB JPS(HAJI ASHFAQ S),2026-07-05T10:20:00,False,Discount as company loss [SRC:Payment:536]:LOSS,Loss,Payment,536,,,,,,,2026-08-17T14:03:34.720228
530,,2,200000,20000000,Client payment received from MIRZA REHMAN SB JPS,2026-07-13T10:57:00,False,RECIVED BY HAFIZ SHOAIB LOADER [SRC:Payment:537],Receipt,Payment,537,,,,,,,2026-08-17T14:03:34.720904
531,,2,1,100,Client payment received from MUHAMMAD AKRAM SB SANTAL SURKHIYAN,2026-07-11T12:43:00,False,[SRC:Payment:538],Receipt,Payment,538,,,,,,,2026-08-17T14:03:34.721701
532,,,2849,284900,Waive-off loss for MUHAMMAD AKRAM SB SANTAL SURKHIYAN,2026-07-11T12:43:00,False,Discount as company loss [SRC:Payment:538]:LOSS,Loss,Payment,538,,,,,,,2026-08-17T14:03:34.722876
533,,4,100000,10000000,Client payment received from MIRZA AMJAD JAVED SB AJNALA SITE,2026-07-06T12:43:00,False,[SRC:Payment:539],Receipt,Payment,539,,,,,,,2026-08-17T14:03:34.723877
534,,2,86000,8600000,Client payment received from ASIF SB KOANKH,2026-07-13T15:12:00,False,[SRC:Payment:540],Receipt,Payment,540,,,,,,,2026-08-17T14:03:34.724896
535,,,150,15000,Waive-off loss for ASIF SB KOANKH,2026-07-13T15:12:00,False,Discount as company loss [SRC:Payment:540]:LOSS,Loss,Payment,540,,,,,,,2026-08-17T14:03:34.726044
536,,2,250000,25000000,Client payment received from YASIR JAVED SB  JPS,2026-07-12T09:02:00,False,[SRC:Payment:542],Receipt,Payment,542,,,,,,,2026-08-17T14:03:34.727167
537,,2,25000,2500000,Client payment received from MALIK SHEHBAZ SB DHINDA,2026-07-14T09:03:00,False,10528 [SRC:Payment:544],Receipt,Payment,544,,,,,,,2026-08-17T14:03:34.727933
538,,2,48000,4800000,Client payment received from KHALID SB HANDA DERHA,2026-07-07T11:38:00,False,[SRC:Payment:545],Receipt,Payment,545,,,,,,,2026-08-17T14:03:34.728703
539,,,70,7000,Waive-off loss for KHALID SB HANDA DERHA,2026-07-07T11:38:00,False,Discount as company loss [SRC:Payment:545]:LOSS,Loss,Payment,545,,,,,,,2026-08-17T14:03:34.730020
540,,2,650000,65000000,Client payment received from CH IMRAN SB JPS,2026-06-11T13:16:00,False,[SRC:Payment:547],Receipt,Payment,547,,,,,,,2026-08-17T14:03:34.730836
541,,1,50000,5000000,Client payment received from RANA ZAHID SB JPS,2026-07-14T16:36:00,False,[SRC:Payment:548],Receipt,Payment,548,,,,,,,2026-08-17T14:03:34.731545
542,,1,50000,5000000,Client payment received from RANA ZAHID SB JPS,2026-06-17T17:08:00,False,[SRC:Payment:549],Receipt,Payment,549,,,,,,,2026-08-17T14:03:34.732191
543,,2,1,100,Client payment received from ZEESHAN ATTARI SB JPS,2026-07-07T09:56:00,False,[SRC:Payment:552],Receipt,Payment,552,,,,,,,2026-08-17T14:03:34.733628
544,,,53589,5358900,Waive-off loss for ZEESHAN ATTARI SB JPS,2026-07-07T09:56:00,False,Discount as company loss [SRC:Payment:552]:LOSS,Loss,Payment,552,,,,,,,2026-08-17T14:03:34.734401
545,,2,40000,4000000,Client payment received from MALIK JAVED SB KHAN PUR KHOKHAR,2026-07-01T09:58:00,False,[SRC:Payment:553],Receipt,Payment,553,,,,,,,2026-08-17T14:03:34.735083
546,,4,76000,7600000,Client payment received from FAKHAR SHAH SB AJNALA,2026-07-15T10:01:00,False,[SRC:Payment:554],Receipt,Payment,554,,,,,,,2026-08-17T14:03:34.736204
547,,2,77000,7700000,Client payment received from IRFAN SB DEDHAR SHARIF,2026-07-15T10:08:00,False,RECEIVED BY SHOAIB LOADER [SRC:Payment:555],Receipt,Payment,555,,,,,,,2026-08-17T14:03:34.737149
548,,,146,14600,Waive-off loss for IRFAN SB DEDHAR SHARIF,2026-07-15T10:08:00,False,RECEIVED BY SHOAIB LOADER [SRC:Payment:555]:LOSS,Loss,Payment,555,,,,,,,2026-08-17T14:03:34.737916
549,2,,18078,1807800,Client refund to RAJA AMEER HAMZA SB JPS,2026-07-15T10:45:00,False,[SRC:ClientRefund:556],Payment,Payment,556,,,,,,,2026-08-17T14:03:34.738641
550,,2,15000,1500000,Sale receipt from HAJI YOUSUF BUTT JPS (MB NO.10576),2026-07-15T12:38:00,False,Method: Cash [SRC:DirectSale:1907],Receipt,,,,,,,,,2026-08-17T14:03:34.739273
551,,2,9500,950000,Client payment received from RANA ZAHEER SB JPS,2026-07-15T15:39:00,False,RECIVED BY HAFIZ SHOAIB [SRC:Payment:557],Receipt,Payment,557,,,,,,,2026-08-17T14:03:34.739952
552,,,10,1000,Waive-off loss for RANA ZAHEER SB JPS,2026-07-15T15:39:00,False,RECIVED BY HAFIZ SHOAIB [SRC:Payment:557]:LOSS,Loss,Payment,557,,,,,,,2026-08-17T14:03:34.740600
553,,2,21900,2190000,Client payment received from RANA ZAHEER SB JPS,2026-07-09T15:41:00,False,[SRC:Payment:558],Receipt,Payment,558,,,,,,,2026-08-17T14:03:34.741206
554,,,50,5000,Waive-off loss for RANA ZAHEER SB JPS,2026-07-09T15:41:00,False,Discount as company loss [SRC:Payment:558]:LOSS,Loss,Payment,558,,,,,,,2026-08-17T14:03:34.741857
555,,2,31000,3100000,Client payment received from KHAYAM SB MALIKPUR,2026-07-15T15:43:00,False,10587 [SRC:Payment:559],Receipt,Payment,559,,,,,,,2026-08-17T14:03:34.742636
556,,,79.2,7920,Waive-off loss for KHAYAM SB MALIKPUR,2026-07-15T15:43:00,False,10587 [SRC:Payment:559]:LOSS,Loss,Payment,559,,,,,,,2026-08-17T14:03:34.743255
557,,2,150000,15000000,Client payment received from HAJI YOUSUF BUTT JPS (SB-CP-1534),2026-07-15T16:17:00,False,10579 [SRC:Payment:561],Receipt,Payment,561,,,,,,,2026-08-17T14:03:34.743947
558,,1,100000,10000000,Client payment received from CH IMRAN SB JPS,2026-07-15T09:47:00,False,[SRC:Payment:563],Receipt,Payment,563,,,,,,,2026-08-17T14:03:34.744588
559,,2,44950,4495000,Client payment received from KHALID SB HANDA DERHA,2026-07-16T09:48:00,False,[SRC:Payment:564],Receipt,Payment,564,,,,,,,2026-08-17T14:03:34.745198
560,,2,1800,180000,Client payment received from MUHAMMAD QASIM SB MALIKPUR,2026-07-13T10:11:00,False,[SRC:Payment:565],Receipt,Payment,565,,,,,,,2026-08-17T14:03:34.745928
561,,2,30800,3080000,Sale receipt from KHALIL AHMED SB DHINDA KALAAN (MB NO.10599),2026-07-16T10:25:00,False,Method: Cash [SRC:DirectSale:1921],Receipt,,,,,,,,,2026-08-17T14:03:34.746657
562,,2,58000,5800000,Client payment received from RAJA PARWEZ SB RANGPUR,2026-07-16T10:56:00,False,[SRC:Payment:567],Receipt,Payment,567,,,,,,,2026-08-17T14:03:34.747260
563,,2,31230,3123000,Client payment received from KHALIL AHMED SB DHINDA KALAAN,2026-07-15T10:57:00,False,[SRC:Payment:568],Receipt,Payment,568,,,,,,,2026-08-17T14:03:34.748094
564,,2,100000,10000000,Client payment received from SAJID SB GHURAL ( BOBY DRIVER ),2026-07-16T11:21:00,False,10609 [SRC:Payment:569],Receipt,Payment,569,,,,,,,2026-08-17T14:03:34.749169
565,,2,35000,3500000,Client payment received from MALIK JAVED SB KHAN PUR KHOKHAR,2026-07-16T11:29:00,False,10616 [SRC:Payment:570],Receipt,Payment,570,,,,,,,2026-08-17T14:03:34.750748
566,,2,1,100,Client payment received from MUHAMMAD ABID SB KOANKH,2026-07-16T13:50:00,False,M.B.N 10624     CEMENT LABOUR NAFI [SRC:Payment:571],Receipt,Payment,571,,,,,,,2026-08-17T14:03:34.751699
567,,,13198.99,1319899,Waive-off loss for MUHAMMAD ABID SB KOANKH,2026-07-16T13:50:00,False,M.B.N 10624     CEMENT LABOUR NAFI [SRC:Payment:571]:LOSS,Loss,Payment,571,,,,,,,2026-08-17T14:03:34.752500
568,2,,411000,41100000,Supplier payment to Faizan Facto,2026-07-01T14:13:00,False,300 bag fecto paid [SRC:SupplierPayment:1],Supplier Payment,SupplierPayment,1,,,,,,,2026-08-17T14:03:34.753172
569,2,,411000,41100000,Supplier payment to Faizan Facto,2026-07-07T14:21:00,False,300 bag fecto paid [SRC:SupplierPayment:2],Supplier Payment,SupplierPayment,2,,,,,,,2026-08-17T14:03:34.759856
570,2,,12811,1281100,Client refund to SHERAZ SB MALIK PUR,2026-06-22T13:52:00,False,[SRC:ClientRefund:572],Payment,Payment,572,,,,,,,2026-08-17T14:03:34.760684
571,4,,480700,48070000,Supplier payment to Faizan Facto,2026-07-12T14:31:00,False,To M [SRC:SupplierPayment:3],Supplier Payment,SupplierPayment,3,,,,,,,2026-08-17T14:03:34.761699
572,2,,51300,5130000,Supplier payment to Faizan Fecto,2026-07-12T14:48:00,False,380 fecto rent paid [SRC:SupplierPayment:4],Supplier Payment,SupplierPayment,4,,,,,,,2026-08-17T14:03:34.762507
573,,4,860000,86000000,Client payment received from HAJI AMANAT SB KHARANA,2026-07-16T14:27:00,False,[SRC:Payment:573],Receipt,Payment,573,,,,,,,2026-08-17T14:03:34.763392
574,2,,51300,5130000,Supplier payment to Faizan Fecto,2026-07-14T14:54:00,False,380 fecto rent paid [SRC:SupplierPayment:5],Supplier Payment,SupplierPayment,5,,,,,,,2026-08-17T14:03:34.764242
575,4,,495900,49590000,Supplier payment to Faizan Fecto,2026-07-15T14:56:00,False,To M.faizan [SRC:SupplierPayment:6],Supplier Payment,SupplierPayment,6,,,,,,,2026-08-17T14:03:34.765145
576,4,,500000,50000000,Supplier payment to Amir Steel Mehboob,2026-07-17T08:39:00,False,advance payment [SRC:SupplierPayment:7],Supplier Payment,SupplierPayment,7,,,,,,,2026-08-17T14:03:34.766035
577,,2,22500,2250000,Client payment received from ARIF BAIG SB KOANKH (ASIM BAIG),2026-07-18T11:38:00,False,[SRC:Payment:575],Receipt,Payment,575,,,,,,,2026-08-17T14:03:34.770028
578,,,57,5700,Waive-off loss for ARIF BAIG SB KOANKH (ASIM BAIG),2026-07-18T11:38:00,False,Discount as company loss [SRC:Payment:575]:LOSS,Loss,Payment,575,,,,,,,2026-08-17T14:03:34.771030
579,,2,162800,16280000,Client payment received from KHALID SB HANDA DERHA,2026-07-17T12:59:00,False,[SRC:Payment:576],Receipt,Payment,576,,,,,,,2026-08-17T14:03:34.771725
580,,2,31600,3160000,Sale receipt from MUHAMMAD ARSHAD SB DHINDA POTAN WALAY (MB NO.10683),2026-07-18T13:12:00,False,Method: Cash [SRC:DirectSale:1948],Receipt,,,,,,,,,2026-08-17T14:03:34.772476
581,,2,38000,3800000,Client payment received from JAMEEL SB JAGWAN,2026-07-12T13:00:00,False,[SRC:Payment:577],Receipt,Payment,577,,,,,,,2026-08-17T14:03:34.773559
582,,4,40250,4025000,Sale receipt from JAMEEL SB JAGWAN (MB NO.10687),2026-07-18T13:40:00,False,Method: Bank [SRC:DirectSale:1952],Receipt,,,,,,,,,2026-08-17T14:03:34.774367
583,,2,31600,3160000,Sale receipt from MUHAMMAD ARSHAD SB DHINDA POTAN WALAY (MB NO.10692),2026-07-18T13:47:00,False,Method: Cash [SRC:DirectSale:1953],Receipt,,,,,,,,,2026-08-17T14:03:34.775495
584,,2,224798,22479800,Client payment received from MUHAMMAD ARSHAD SB GHURAL (SUBEDAR QADAR DAD SB),2026-07-15T15:56:00,False,[SRC:Payment:578],Receipt,Payment,578,,,,,,,2026-08-17T14:03:34.776275
585,2,,25000,2500000,Supplier payment to Faizan Fecto,2026-07-18T09:43:00,False,[SRC:SupplierPayment:8],Supplier Payment,SupplierPayment,8,,,,,,,2026-08-17T14:03:34.777756
586,,2,32200,3220000,Client payment received from RAJA AMEER HAMZA SB JPS,2026-07-18T13:06:00,False,[SRC:Payment:579],Receipt,Payment,579,,,,,,,2026-08-17T14:03:34.778682
587,,,55,5500,Waive-off loss for RAJA AMEER HAMZA SB JPS,2026-07-18T13:06:00,False,Discount as company loss [SRC:Payment:579]:LOSS,Loss,Payment,579,,,,,,,2026-08-17T14:03:34.779393
588,,2,15000,1500000,Client payment received from MUHAMMAD ARSHAD SB DHINDA POTAN WALAY,2026-07-18T13:23:00,False,[SRC:Payment:580],Receipt,Payment,580,,,,,,,2026-08-17T14:03:34.780037
589,,2,31600,3160000,Sale receipt from MUHAMMAD ARSHAD SB DHINDA POTAN WALAY (MB NO.10745),2026-07-19T13:24:00,False,Method: Cash [SRC:DirectSale:1972],Receipt,,,,,,,,,2026-08-17T14:03:34.780852
590,,2,20000,2000000,Client payment received from SIKANDAR SB JAGUWAN,2026-06-30T13:24:00,False,[SRC:Payment:581],Receipt,Payment,581,,,,,,,2026-08-17T14:03:34.781673
591,,,14,1400,Waive-off loss for SIKANDAR SB JAGUWAN,2026-06-30T13:24:00,False,Discount as company loss [SRC:Payment:581]:LOSS,Loss,Payment,581,,,,,,,2026-08-17T14:03:34.782478
592,,2,78000,7800000,Client payment received from SIKANDAR SB JAGUWAN,2026-07-19T15:56:00,False,[SRC:Payment:582],Receipt,Payment,582,,,,,,,2026-08-17T14:03:34.783126
593,,,0.4,40,Waive-off loss for SIKANDAR SB JAGUWAN,2026-07-19T15:56:00,False,Discount as company loss [SRC:Payment:582]:LOSS,Loss,Payment,582,,,,,,,2026-08-17T14:03:34.783782
594,,2,20000,2000000,Client payment received from RANA SHEHBAZ SB JPS,2026-07-02T16:08:00,False,[SRC:Payment:583],Receipt,Payment,583,,,,,,,2026-08-17T14:03:34.784433
595,,1,500000,50000000,Client payment received from EHSAN SB LOADER PARSUWAL,2026-07-19T17:42:00,False,[SRC:Payment:584],Receipt,Payment,584,,,,,,,2026-08-17T14:03:34.785063
596,,2,354800,35480000,Client payment received from EHSAN SB LOADER PARSUWAL,2026-07-19T17:42:00,False,[SRC:Payment:585],Receipt,Payment,585,,,,,,,2026-08-17T14:03:34.786051
597,,2,37800,3780000,Client payment received from MAZHAR SB RUPOWAL DERA,2026-07-20T17:43:00,False,[SRC:Payment:586],Receipt,Payment,586,,,,,,,2026-08-17T14:03:34.786816
598,2,,40400,4040000,Supplier payment to Gujr Trader DG Kohat Fauji,2026-07-02T10:42:00,False,200 fuji rent paid [SRC:SupplierPayment:9],Supplier Payment,SupplierPayment,9,,,,,,,2026-08-17T14:03:34.787488
599,2,,110700,11070000,Supplier payment to Gujr Trader DG Kohat Fauji,2026-07-02T10:49:00,False,820 beg DG [SRC:SupplierPayment:10],Supplier Payment,SupplierPayment,10,,,,,,,2026-08-17T14:03:34.788130
600,2,,70000,7000000,Supplier payment to Gujr Trader DG Kohat Fauji,2026-07-04T10:53:00,False,450 BEG KOHAT [SRC:SupplierPayment:11],Supplier Payment,SupplierPayment,11,,,,,,,2026-08-17T14:03:34.789173
601,2,,50000,5000000,Supplier payment to Gujr Trader DG Kohat Fauji,2026-07-05T10:56:00,False,300 KOHAT RENT PAID [SRC:SupplierPayment:12],Supplier Payment,SupplierPayment,12,,,,,,,2026-08-17T14:03:34.792167
602,2,,53200,5320000,Supplier payment to Gujr Trader DG Kohat Fauji,2026-07-06T11:00:00,False,380 BEG FAUJI [SRC:SupplierPayment:13],Supplier Payment,SupplierPayment,13,,,,,,,2026-08-17T14:03:34.793114
603,,12,200000000,20000000000,Balance adjustment (manual edit),2026-07-20T11:25:07.749633,False,Adjusted from Rs. 0.00 to Rs. 200000000.00,Adjustment,,,,,,,,,2026-08-17T14:03:34.793898
604,12,4,4250000,425000000,,2026-07-20T11:27:16.911264,False,,Transfer,,,,,,,,,2026-08-17T14:03:34.794679
605,4,,1000000,100000000,Supplier payment to Gujr Trader DG Kohat Fauji,2026-07-09T11:28:00,False,ALFA [SRC:SupplierPayment:14],Supplier Payment,SupplierPayment,14,,,,,,,2026-08-17T14:03:34.795401
606,2,,1500000,150000000,Supplier payment to Gujr Trader DG Kohat Fauji,2026-07-12T11:31:00,False,IMRAN SB TO PAID IN OFFICE KARIANWALA [SRC:SupplierPayment:15],Supplier Payment,SupplierPayment,15,,,,,,,2026-08-17T14:03:34.796214
607,4,,1250000,125000000,Supplier payment to Gujr Trader DG Kohat Fauji,2026-07-14T11:36:00,False,ALFLAH [SRC:SupplierPayment:16],Supplier Payment,SupplierPayment,16,,,,,,,2026-08-17T14:03:34.796949
608,4,,500000,50000000,Supplier payment to Gujr Trader DG Kohat Fauji,2026-07-16T11:37:00,False,ALFLAH [SRC:SupplierPayment:17],Supplier Payment,SupplierPayment,17,,,,,,,2026-08-17T14:03:34.797708
609,2,,123730,12373000,Supplier payment to Gujr Trader DG Kohat Fauji,2026-07-17T11:49:00,False,600 KOHAT BAG RENT PAID [SRC:SupplierPayment:18],Supplier Payment,SupplierPayment,18,,,,,,,2026-08-17T14:03:34.798478
610,4,,1000000,100000000,Supplier payment to Gujr Trader DG Kohat Fauji,2026-07-19T12:10:00,False,alflah [SRC:SupplierPayment:19],Supplier Payment,SupplierPayment,19,,,,,,,2026-08-17T14:03:34.799143
611,2,,30000,3000000,Supplier payment to Gujr Trader DG Kohat Fauji,2026-07-20T12:16:00,False,DG 200 Bag Rent paid [SRC:SupplierPayment:20],Supplier Payment,SupplierPayment,20,,,,,,,2026-08-17T14:03:34.799819
612,,2,1024000,102400000,Client payment received from TANVEER SB DHINDA,2026-07-20T13:27:00,False,[SRC:Payment:589],Receipt,Payment,589,,,,,,,2026-08-17T14:03:34.801389
613,,2,48000,4800000,Client payment received from GHULAM MURTZA SB KOANKH,2026-07-20T13:29:00,False,[SRC:Payment:590],Receipt,Payment,590,,,,,,,2026-08-17T14:03:34.802062
614,,2,40000,4000000,Client payment received from TANVEER SB DHINDA,2026-07-20T13:31:00,False,[SRC:Payment:591],Receipt,Payment,591,,,,,,,2026-08-17T14:03:34.802924
615,,,200,20000,Waive-off loss for TANVEER SB DHINDA,2026-07-20T13:31:00,False,Discount as company loss [SRC:Payment:591]:LOSS,Loss,Payment,591,,,,,,,2026-08-17T14:03:34.803643
616,2,,121000,12100000,Supplier payment to Gujr Trader DG Kohat Fauji,2026-07-20T15:43:00,False,750 Bag kohat rent paid [SRC:SupplierPayment:21],Supplier Payment,SupplierPayment,21,,,,,,,2026-08-17T14:03:34.804403
617,4,,400000,40000000,Supplier payment to Zia Traders,2026-07-05T15:57:00,False,alfla to ubl [SRC:SupplierPayment:22],Supplier Payment,SupplierPayment,22,,,,,,,2026-08-17T14:03:34.805393
618,4,,300000,30000000,Supplier payment to Zia Traders,2026-07-06T16:00:00,False,alfla to bop [SRC:SupplierPayment:23],Supplier Payment,SupplierPayment,23,,,,,,,2026-08-17T14:03:34.806492
619,2,,144500,14450000,Supplier payment to Zia Traders,2026-07-07T16:05:00,False,rent paid 600 bag [SRC:SupplierPayment:24],Supplier Payment,SupplierPayment,24,,,,,,,2026-08-17T14:03:34.807176
620,4,,300000,30000000,Supplier payment to Zia Traders,2026-07-09T16:07:00,False,alfla to bop [SRC:SupplierPayment:25],Supplier Payment,SupplierPayment,25,,,,,,,2026-08-17T14:03:34.807885
621,12,4,1500000,150000000,,2026-07-20T16:13:01.815202,False,,Transfer,,,,,,,,,2026-08-17T14:03:34.808771
622,4,,300000,30000000,Supplier payment to Zia Traders,2026-07-10T16:13:00,False,alfla to bop [SRC:SupplierPayment:26],Supplier Payment,SupplierPayment,26,,,,,,,2026-08-17T14:03:34.809598
623,1,,71672.4,7167240,Client refund to SIKANDAR SB JAGUWAN,2026-07-20T16:19:00,False,[SRC:ClientRefund:592],Payment,Payment,592,,,,,,,2026-08-17T14:03:34.810368
624,,2,16500,1650000,Client payment received from MUHAMMAD ARSHAD SB DHINDA POTAN WALAY,2026-07-20T16:20:00,False,[SRC:Payment:593],Receipt,Payment,593,,,,,,,2026-08-17T14:03:34.811031
625,,,100,10000,Waive-off loss for MUHAMMAD ARSHAD SB DHINDA POTAN WALAY,2026-07-20T16:20:00,False,Discount as company loss [SRC:Payment:593]:LOSS,Loss,Payment,593,,,,,,,2026-08-17T14:03:34.811697
626,2,,86700,8670000,Supplier payment to Zia Traders,2026-07-11T16:21:00,False,rent paid 300 [SRC:SupplierPayment:27],Supplier Payment,SupplierPayment,27,,,,,,,2026-08-17T14:03:34.812597
627,4,,300000,30000000,Supplier payment to Zia Traders,2026-07-12T16:30:00,False,alfla to bop [SRC:SupplierPayment:28],Supplier Payment,SupplierPayment,28,,,,,,,2026-08-17T14:03:34.813254
628,,12,1390,139000,Client payment received from MASJID PANJTAN PAK JPS(QARI ANSAR SB),2026-07-20T17:01:00,False,[SRC:Payment:594],Receipt,Payment,594,,,,,,,2026-08-17T14:03:34.813952
629,1,,500000,50000000,Supplier payment to Zia Traders,2026-07-20T17:09:00,False,mcb [SRC:SupplierPayment:29],Supplier Payment,SupplierPayment,29,,,,,,,2026-08-17T14:03:34.814765
630,,2,200000,20000000,Client payment received from MIRZA REHMAN SB JPS,2026-07-05T17:23:00,False,[SRC:Payment:596],Receipt,Payment,596,,,,,,,2026-08-17T14:03:34.815486
631,1,,500000,50000000,Supplier payment to Gujr Trader DG Kohat Fauji,2026-07-20T10:40:00,False,From MCB 7761 [SRC:SupplierPayment:30],Supplier Payment,SupplierPayment,30,,,,,,,2026-08-17T14:03:34.816272
632,,2,28000,2800000,Client payment received from ALI SHAN SB RANGRA,2026-07-13T09:34:00,False,[SRC:Payment:597],Receipt,Payment,597,,,,,,,2026-08-17T14:03:34.817199
633,,,100,10000,Waive-off loss for ALI SHAN SB RANGRA,2026-07-13T09:34:00,False,Discount as company loss [SRC:Payment:597]:LOSS,Loss,Payment,597,,,,,,,2026-08-17T14:03:34.817968
634,,2,2180,218000,Client payment received from ARIF BAIG SB KOANKH (ASIM BAIG),2026-07-23T10:32:00,False,[SRC:Payment:598],Receipt,Payment,598,,,,,,,2026-08-17T14:03:34.818732
635,,,0.1,10,Waive-off loss for ARIF BAIG SB KOANKH (ASIM BAIG),2026-07-23T10:32:00,False,Discount as company loss [SRC:Payment:598]:LOSS,Loss,Payment,598,,,,,,,2026-08-17T14:03:34.819777
636,,1,37000,3700000,Client payment received from SHABEEB SB KANIYAN,2026-06-14T11:19:00,False,[SRC:Payment:600],Receipt,Payment,600,,,,,,,2026-08-17T14:03:34.820525
637,,2,7300,730000,Client payment received from SULEIMAN SB AJNALA,2026-06-14T11:58:00,False,[SRC:Payment:601],Receipt,Payment,601,,,,,,,2026-08-17T14:03:34.821201
638,,2,50000,5000000,Client payment received from HAJI WARIS SB JPS,2026-07-23T12:07:00,False,[SRC:Payment:602],Receipt,Payment,602,,,,,,,2026-08-17T14:03:34.821872
639,,,148,14800,Waive-off loss for HAJI WARIS SB JPS,2026-07-23T12:07:00,False,Discount as company loss [SRC:Payment:602]:LOSS,Loss,Payment,602,,,,,,,2026-08-17T14:03:34.822973
640,,2,15000,1500000,Client payment received from MIRZA YOUNUS SB JPS,2026-06-13T12:40:00,False,[SRC:Payment:603],Receipt,Payment,603,,,,,,,2026-08-17T14:03:34.823709
641,,2,9000,900000,Client payment received from MIRZA YOUNUS SB JPS,2026-06-16T14:34:00,False,[SRC:Payment:604],Receipt,Payment,604,,,,,,,2026-08-17T14:03:34.824513
642,,,53,5300,Waive-off loss for MIRZA YOUNUS SB JPS,2026-06-16T14:34:00,False,Discount as company loss [SRC:Payment:604]:LOSS,Loss,Payment,604,,,,,,,2026-08-17T14:03:34.825170
643,,2,28800,2880000,Client payment received from MUHAMMAD SHABEER SB CONT TIBBA AJNALA,2026-07-07T14:30:00,False,[SRC:Payment:605],Receipt,Payment,605,,,,,,,2026-08-17T14:03:34.826363
644,2,,50000,5000000,Supplier payment to Gujr Trader DG Kohat Fauji,2026-07-21T14:31:00,False,"TMT 825 GHARI NUMBER ,ONLY RENT PAID [SRC:SupplierPayment:31]",Supplier Payment,SupplierPayment,31,,,,,,,2026-08-17T14:03:34.827088
645,2,,60000,6000000,Supplier payment to Gujr Trader DG Kohat Fauji,2026-07-22T14:40:00,False,400 BAG DG RENT PAID [SRC:SupplierPayment:32],Supplier Payment,SupplierPayment,32,,,,,,,2026-08-17T14:03:34.827773
646,,4,78200,7820000,Client payment received from FAKHAR SHAH SB AJNALA,2026-07-23T16:11:00,False,[SRC:Payment:606],Receipt,Payment,606,,,,,,,2026-08-17T14:03:34.828599
647,,,50,5000,Waive-off loss for FAKHAR SHAH SB AJNALA,2026-07-23T16:11:00,False,Discount as company loss [SRC:Payment:606]:LOSS,Loss,Payment,606,,,,,,,2026-08-17T14:03:34.829428
648,,1,15000,1500000,Client payment received from MASTER ZAHOOR SB JPS,2026-07-18T16:13:00,False,[SRC:Payment:607],Receipt,Payment,607,,,,,,,2026-08-17T14:03:34.830075
649,,1,37000,3700000,Client payment received from MASTER ZAHOOR SB JPS,2026-07-22T16:15:00,False,[SRC:Payment:608],Receipt,Payment,608,,,,,,,2026-08-17T14:03:34.830845
650,,2,36000,3600000,Client payment received from GALI CONCRETE MALIKPUR MIRZA,2026-01-05T16:21:00,False,[SRC:Payment:609],Receipt,Payment,609,,,,,,,2026-08-17T14:03:34.831571
651,,2,200000,20000000,Client payment received from MASJID PANJTAN PAK JPS(QARI ANSAR SB),2026-07-23T17:01:00,False,10844 [SRC:Payment:610],Receipt,Payment,610,,,,,,,2026-08-17T14:03:34.833233
652,,2,22800,2280000,Client payment received from FAROOQ SB GHURAIRA,2026-07-25T10:05:00,False,[SRC:Payment:611],Receipt,Payment,611,,,,,,,2026-08-17T14:03:34.833987
653,,2,24000,2400000,Client payment received from NAZAKAT MOBILE SHOP JPS,2026-07-05T10:22:00,False,[SRC:Payment:612],Receipt,Payment,612,,,,,,,2026-08-17T14:03:34.834781
654,,,342,34200,Waive-off loss for NAZAKAT MOBILE SHOP JPS,2026-07-05T10:22:00,False,Discount as company loss [SRC:Payment:612]:LOSS,Loss,Payment,612,,,,,,,2026-08-17T14:03:34.835543
655,,2,12400,1240000,Client payment received from RAJA PARWEZ SB RANGPUR,2026-07-25T12:06:00,False,[SRC:Payment:613],Receipt,Payment,613,,,,,,,2026-08-17T14:03:34.836493
656,4,,500000,50000000,Supplier payment to Gujr Trader DG Kohat Fauji,2026-07-25T12:23:00,False,[SRC:SupplierPayment:33],Supplier Payment,SupplierPayment,33,,,,,,,2026-08-17T14:03:34.837192
657,,2,4000,400000,Client payment received from SHERAZ SB MALIK PUR,2026-07-25T12:18:00,False,[SRC:Payment:614],Receipt,Payment,614,,,,,,,2026-08-17T14:03:34.837865
658,,2,1,100,Client payment received from JAVED NUMBERDAR SB JPS,2026-07-25T14:09:00,False,[SRC:Payment:615],Receipt,Payment,615,,,,,,,2026-08-17T14:03:34.838608
659,,,296,29600,Waive-off loss for JAVED NUMBERDAR SB JPS,2026-07-25T14:09:00,False,Discount as company loss [SRC:Payment:615]:LOSS,Loss,Payment,615,,,,,,,2026-08-17T14:03:34.839261
660,,2,50000,5000000,Client payment received from RANA EJAZ SB JPS,2026-03-27T14:09:00,False,[SRC:Payment:616],Receipt,Payment,616,,,,,,,2026-08-17T14:03:34.839932
661,2,,46880,4688000,Supplier payment to Gujr Trader DG Kohat Fauji,2026-07-25T15:59:00,False,RENT PAID 320 BAG DG [SRC:SupplierPayment:34],Supplier Payment,SupplierPayment,34,,,,,,,2026-08-17T14:03:34.840741
664,,2,1,100,Client payment received from KHALID SB HANDA DERHA,2026-06-11T16:30:00,False,[SRC:Payment:619],Receipt,Payment,619,,,,,,,2026-08-17T14:03:34.841419
665,,,12963,1296300,Waive-off loss for KHALID SB HANDA DERHA,2026-06-11T16:30:00,False,Discount as company loss [SRC:Payment:619]:LOSS,Loss,Payment,619,,,,,,,2026-08-17T14:03:34.842046
666,,1,100000,10000000,Client payment received from MALIK ANSAR SB KHORI,2026-05-02T17:06:00,False,[SRC:Payment:620],Receipt,Payment,620,,,,,,,2026-08-17T14:03:34.842890
667,,2,1000000,100000000,Client payment received from HAFIZ IFTIKHAR SB JPS,2026-07-17T17:19:00,False,[SRC:Payment:621],Receipt,Payment,621,,,,,,,2026-08-17T14:03:34.843564
668,2,,120000,12000000,Supplier payment to Gujr Trader DG Kohat Fauji,2026-07-25T18:12:00,False,rent paid 500 kohat [SRC:SupplierPayment:35],Supplier Payment,SupplierPayment,35,,,,,,,2026-08-17T14:03:34.844178
669,,12,560,56000,Client payment received from ARIF BAIG SB KOANKH (ASIM BAIG),2026-07-26T11:43:00,False,[SRC:Payment:623],Receipt,Payment,623,,,,,,,2026-08-17T14:03:34.845008
670,,2,15000,1500000,Sale receipt from ADNAN LOADER GHURAIRA (MB NO.10895),2026-07-26T15:26:00,False,Method: Cash [SRC:DirectSale:2097],Receipt,,,,,,,,,2026-08-17T14:03:34.845855
671,,2,45000,4500000,Client payment received from MASTER ZAHOOR SB JPS,2026-07-27T14:22:00,False,10923 [SRC:Payment:626],Receipt,Payment,626,,,,,,,2026-08-17T14:03:34.846618
672,4,,300000,30000000,Supplier payment to Zia Traders,2026-07-13T14:37:00,False,alfla to bop [SRC:SupplierPayment:36],Supplier Payment,SupplierPayment,36,,,,,,,2026-08-17T14:03:34.847269
673,2,,90000,9000000,Supplier payment to Zia Traders,2026-07-14T14:41:00,False,rent paid 450 bag [SRC:SupplierPayment:37],Supplier Payment,SupplierPayment,37,,,,,,,2026-08-17T14:03:34.848230
674,12,4,5000000,500000000,,2026-07-27T14:53:36.022346,False,,Transfer,,,,,,,,,2026-08-17T14:03:34.849479
675,4,,400000,40000000,Supplier payment to Zia Traders,2026-07-15T14:55:00,False,alflah to bop [SRC:SupplierPayment:38],Supplier Payment,SupplierPayment,38,,,,,,,2026-08-17T14:03:34.850218
676,2,,78700,7870000,Supplier payment to Zia Traders,2026-07-17T14:59:00,False,rent paid ghari number 9418 [SRC:SupplierPayment:39],Supplier Payment,SupplierPayment,39,,,,,,,2026-08-17T14:03:34.850968
677,2,,355500,35550000,Supplier payment to Zia Traders,2026-07-19T15:01:00,False,cash [SRC:SupplierPayment:40],Supplier Payment,SupplierPayment,40,,,,,,,2026-08-17T14:03:34.851728
678,2,,144500,14450000,Supplier payment to Zia Traders,2026-07-19T15:02:00,False,rent paid ghari  numbr 9421 [SRC:SupplierPayment:41],Supplier Payment,SupplierPayment,41,,,,,,,2026-08-17T14:03:34.852575
679,4,,700000,70000000,Supplier payment to Zia Traders,2026-07-26T15:04:00,False,alflah to bop [SRC:SupplierPayment:42],Supplier Payment,SupplierPayment,42,,,,,,,2026-08-17T14:03:34.853235
680,,2,36000,3600000,Client payment received from MUHAMMAD BASHEER SB CONT KOANKH,2026-07-27T15:12:00,False,[SRC:Payment:627],Receipt,Payment,627,,,,,,,2026-08-17T14:03:34.854296
681,,,381,38100,Waive-off loss for MUHAMMAD BASHEER SB CONT KOANKH,2026-07-27T15:12:00,False,Discount as company loss [SRC:Payment:627]:LOSS,Loss,Payment,627,,,,,,,2026-08-17T14:03:34.855259
682,,2,30000,3000000,Client payment received from MIRZA NAZAR BAIG SB KOANKH,2026-07-27T15:23:00,False,[SRC:Payment:628],Receipt,Payment,628,,,,,,,2026-08-17T14:03:34.860054
683,,2,3200,320000,Client payment received from RAJA MUDASIR SB JPS,2026-07-28T16:28:00,False,[SRC:Payment:629],Receipt,Payment,629,,,,,,,2026-08-17T14:03:34.861282
684,,,56.99,5699,Waive-off loss for RAJA MUDASIR SB JPS,2026-07-28T16:28:00,False,Discount as company loss [SRC:Payment:629]:LOSS,Loss,Payment,629,,,,,,,2026-08-17T14:03:34.862278
685,,1,100000,10000000,Client payment received from HAJI IQBAL SB JPS,2026-07-27T16:31:00,False,[SRC:Payment:631],Receipt,Payment,631,,,,,,,2026-08-17T14:03:34.863086
686,,1,617500,61750000,Client payment received from SHAMRAIZ SB HANDA STOP,2026-07-28T16:32:00,False,[SRC:Payment:632],Receipt,Payment,632,,,,,,,2026-08-17T14:03:34.863838
687,,2,15000,1500000,Client payment received from JAWAD SB AJNALA JPS,2026-07-28T16:37:00,False,[SRC:Payment:633],Receipt,Payment,633,,,,,,,2026-08-17T14:03:34.864580
688,,2,50000,5000000,Client payment received from SHEHBAZ SB RANGPUR,2026-07-28T16:57:00,False,[SRC:Payment:634],Receipt,Payment,634,,,,,,,2026-08-17T14:03:34.865254
689,,2,13800,1380000,Client payment received from MIRZA NAZAR BAIG SB KOANKH,2026-07-28T16:58:00,False,[SRC:Payment:635],Receipt,Payment,635,,,,,,,2026-08-17T14:03:34.866142
690,4,,1000000,100000000,Supplier payment to ISM STEEL,2026-06-10T17:01:00,False,steel payment [SRC:SupplierPayment:43],Supplier Payment,SupplierPayment,43,,,,,,,2026-08-17T14:03:34.866971
691,4,,1500000,150000000,Supplier payment to ISM STEEL,2026-06-13T17:02:00,False,steel payment [SRC:SupplierPayment:44],Supplier Payment,SupplierPayment,44,,,,,,,2026-08-17T14:03:34.867746
692,,2,4000,400000,Client payment received from SUBEDAR MUHAMMAD ARSHAD SB KHANPUR KHOKHAR,2026-07-28T17:00:00,False,10976 [SRC:Payment:636],Receipt,Payment,636,,,,,,,2026-08-17T14:03:34.868494
693,12,4,5000000,500000000,,2026-07-28T17:10:20.892087,False,,Transfer,,,,,,,,,2026-08-17T14:03:34.869376
694,4,,2000000,200000000,Supplier payment to ISM STEEL,2026-06-15T17:08:00,False,steel payment [SRC:SupplierPayment:45],Supplier Payment,SupplierPayment,45,,,,,,,2026-08-17T14:03:34.870051
695,4,,1000000,100000000,Supplier payment to ISM STEEL,2026-06-18T17:12:00,False,[SRC:SupplierPayment:46],Supplier Payment,SupplierPayment,46,,,,,,,2026-08-17T14:03:34.870963
696,4,,1000000,100000000,Supplier payment to ISM STEEL,2026-06-22T17:13:00,False,[SRC:SupplierPayment:47],Supplier Payment,SupplierPayment,47,,,,,,,2026-08-17T14:03:34.871675
697,4,,600000,60000000,Supplier payment to ISM STEEL,2026-06-30T17:14:00,False,alflah [SRC:SupplierPayment:48],Supplier Payment,SupplierPayment,48,,,,,,,2026-08-17T14:03:34.872515
698,4,,400000,40000000,Supplier payment to Faizan Fecto,2026-07-28T17:41:00,False,[SRC:SupplierPayment:49],Supplier Payment,SupplierPayment,49,,,,,,,2026-08-17T14:03:34.873401
699,2,,105000,10500000,Supplier payment to ARIF BRICK BARNALA,2026-06-21T17:57:00,False,RENT PAID [SRC:SupplierPayment:50],Supplier Payment,SupplierPayment,50,,,,,,,2026-08-17T14:03:34.874084
700,1,,800000,80000000,Supplier payment to Gujr Trader DG Kohat Fauji,2026-07-28T17:58:00,False,[SRC:SupplierPayment:51],Supplier Payment,SupplierPayment,51,,,,,,,2026-08-17T14:03:34.874970
701,2,,40000,4000000,Supplier payment to Gujr Trader DG Kohat Fauji,2026-07-28T18:03:00,False,RENT PAID 200 BAG [SRC:SupplierPayment:52],Supplier Payment,SupplierPayment,52,,,,,,,2026-08-17T14:03:34.875795
702,2,,73250,7325000,Supplier payment to Gujr Trader DG Kohat Fauji,2026-07-29T12:36:00,False,rent paid 270 bag DG [SRC:SupplierPayment:53],Supplier Payment,SupplierPayment,53,,,,,,,2026-08-17T14:03:34.877118
703,,2,30552,3055200,Client payment received from HDC SYED TASSAWAR SHAH SB MALIKPUR SITE,2025-07-24T14:28:00,False,[SRC:Payment:639],Receipt,Payment,639,,,,,,,2026-08-17T14:03:34.877998
705,3,,100000,10000000,Supplier payment to ARIF BRICK BARNALA,2026-06-30T12:37:00,False,[SRC:SupplierPayment:54],Supplier Payment,SupplierPayment,54,,,,,,,2026-08-17T14:03:34.878868
706,3,,45000,4500000,Supplier payment to ARIF BRICK BARNALA,2026-06-30T14:35:00,False,[SRC:SupplierPayment:55],Supplier Payment,SupplierPayment,55,,,,,,,2026-08-17T14:03:34.879592
707,2,,49999.99,4999999,Supplier payment to ARIF BRICK BARNALA,2026-07-23T14:36:00,False,cash paid [SRC:SupplierPayment:56],Supplier Payment,SupplierPayment,56,,,,,,,2026-08-17T14:03:34.880258
708,3,,83500,8350000,Supplier payment to ARIF BRICK BARNALA,2026-07-28T14:37:00,False,[SRC:SupplierPayment:57],Supplier Payment,SupplierPayment,57,,,,,,,2026-08-17T14:03:34.881111
709,,2,38350,3835000,Sale receipt from HAJI WARIS SB JPS (MB NO.10989),2026-07-29T14:51:00,False,Method: Cash [SRC:DirectSale:2174],Receipt,,,,,,,,,2026-08-17T14:03:34.881800
710,,2,31000,3100000,Client payment received from MUHAMMAD RAZAQ SB JPS,2026-07-27T15:02:00,False,[SRC:Payment:641],Receipt,Payment,641,,,,,,,2026-08-17T14:03:34.882576
711,,2,61490,6149000,Client payment received from NABEEL ILLAHI KOANKH,2026-05-16T15:22:00,False,[SRC:Payment:642],Receipt,Payment,642,,,,,,,2026-08-17T14:03:34.883210
712,,2,14300,1430000,Client payment received from NABEEL ILLAHI KOANKH,2026-05-18T15:25:00,False,[SRC:Payment:643],Receipt,Payment,643,,,,,,,2026-08-17T14:03:34.883876
713,,2,100000,10000000,Client payment received from KHAWAR SB CONT DHINDA,2026-05-17T15:26:00,False,[SRC:Payment:644],Receipt,Payment,644,,,,,,,2026-08-17T14:03:34.884523
714,,1,100000,10000000,Client payment received from MUHAMMAD YOUSUF SB GHURAIRA,2026-07-29T16:39:00,False,[SRC:Payment:645],Receipt,Payment,645,,,,,,,2026-08-17T14:03:34.885128
715,,1,100000,10000000,Client payment received from MUHAMMAD YOUSUF SB GHURAIRA,2026-07-27T17:27:00,False,[SRC:Payment:646],Receipt,Payment,646,,,,,,,2026-08-17T14:03:34.885873
716,,2,109000,10900000,Client payment received from IRFAN SB DEDHAR SHARIF,2026-07-29T10:21:00,False,[SRC:Payment:647],Receipt,Payment,647,,,,,,,2026-08-17T14:03:34.886642
717,,,80,8000,Waive-off loss for IRFAN SB DEDHAR SHARIF,2026-07-29T10:21:00,False,Discount as company loss [SRC:Payment:647]:LOSS,Loss,Payment,647,,,,,,,2026-08-17T14:03:34.887387
718,,2,110000,11000000,Sale receipt from ASAD SB DOIYAN (MASJID) (MB NO.11005),2026-07-30T11:42:00,False,Method: Cash [SRC:DirectSale:2182],Receipt,,,,,,,,,2026-08-17T14:03:34.888036
719,,2,1,100,Client payment received from MUHAMMAD SALEEM SB RUPOWAL,2026-06-21T13:40:00,False,12MM STEEL AND RING RETUNR IN 11021 [SRC:Payment:648],Receipt,Payment,648,,,,,,,2026-08-17T14:03:34.888746
720,,,18916,1891600,Waive-off loss for MUHAMMAD SALEEM SB RUPOWAL,2026-06-21T13:40:00,False,12MM STEEL AND RING RETUNR IN 11021 [SRC:Payment:648]:LOSS,Loss,Payment,648,,,,,,,2026-08-17T14:03:34.889476
721,,2,38750,3875000,Client payment received from ADNAN SB DOIYAN,2026-07-30T14:04:00,False,[SRC:Payment:649],Receipt,Payment,649,,,,,,,2026-08-17T14:03:34.890095
722,,2,1,100,Client payment received from YASIR YAQOOB SB DILAWARPUR,2026-05-23T14:18:00,False,[SRC:Payment:650],Receipt,Payment,650,,,,,,,2026-08-17T14:03:34.890828
723,,,147,14700,Waive-off loss for YASIR YAQOOB SB DILAWARPUR,2026-05-23T14:18:00,False,Discount as company loss [SRC:Payment:650]:LOSS,Loss,Payment,650,,,,,,,2026-08-17T14:03:34.891475
724,,1,100000,10000000,Client payment received from SAFDAR ALI SB AJNALA (ASLAM CONT),2026-07-08T17:03:00,False,[SRC:Payment:651],Receipt,Payment,651,,,,,,,2026-08-17T14:03:34.892135
725,2,,50000,5000000,Supplier payment to Faizan Fecto,2026-07-30T10:16:00,False,rent paid 500 bag fecto [SRC:SupplierPayment:58],Supplier Payment,SupplierPayment,58,,,,,,,2026-08-17T14:03:34.892868
726,2,,20300,2030000,Supplier payment to Gujr Trader DG Kohat Fauji,2026-07-31T10:20:00,False,rent paid 160 bag fauji [SRC:SupplierPayment:59],Supplier Payment,SupplierPayment,59,,,,,,,2026-08-17T14:03:34.893536
727,,2,10500,1050000,Client payment received from HAFIZ ABDUL JABBAR SB RANGPUR,2026-07-31T14:30:00,False,[SRC:Payment:652],Receipt,Payment,652,,,,,,,2026-08-17T14:03:34.894135
728,,2,22800,2280000,Client payment received from MUHAMMAD RAZAQ SB JPS,2026-08-01T14:30:00,False,[SRC:Payment:653],Receipt,Payment,653,,,,,,,2026-08-17T14:03:34.894866
729,,2,3000,300000,Sale receipt from TALHA SB JPS (MB NO.11060),2026-08-01T15:19:00,False,Method: Cash [SRC:DirectSale:2211],Receipt,,,,,,,,,2026-08-17T14:03:34.895507
730,,2,15100,1510000,Sale receipt from MALIK SHEHBAZ SB DHINDA (MB NO.11067),2026-08-01T15:29:00,False,Method: Cash [SRC:DirectSale:2215],Receipt,,,,,,,,,2026-08-17T14:03:34.896188
731,,2,1,100,Client payment received from MIRZA YOUNUS SB JPS,2026-08-01T15:42:00,False,[SRC:Payment:655],Receipt,Payment,655,,,,,,,2026-08-17T14:03:34.896843
732,,,2011,201100,Waive-off loss for MIRZA YOUNUS SB JPS,2026-08-01T15:42:00,False,Discount as company loss [SRC:Payment:655]:LOSS,Loss,Payment,655,,,,,,,2026-08-17T14:03:34.897527
733,,2,20000,2000000,Client payment received from RANA SHEHBAZ SB JPS,2026-08-01T15:50:00,False,[SRC:Payment:656],Receipt,Payment,656,,,,,,,2026-08-17T14:03:34.898231
734,,2,81964,8196400,Client payment received from SAFDAR ALI SB AJNALA (ASLAM CONT),2026-08-01T16:48:00,False,[SRC:Payment:657],Receipt,Payment,657,,,,,,,2026-08-17T14:03:34.898937
735,,2,250000,25000000,Client payment received from MUHAMMAD AKRAM SB SANTAL SURKHIYAN,2026-08-01T16:49:00,False,[SRC:Payment:658],Receipt,Payment,658,,,,,,,2026-08-17T14:03:34.899601
736,,4,300000,30000000,Client payment received from MUHAMMAD YOUSUF SB GHURAIRA,2026-08-01T17:24:00,False,[SRC:Payment:659],Receipt,Payment,659,,,,,,,2026-08-17T14:03:34.900203
737,2,,50000,5000000,Supplier payment to Gujr Trader DG Kohat Fauji,2026-08-01T09:48:00,False,rent paid 300 bag kohat [SRC:SupplierPayment:60],Supplier Payment,SupplierPayment,60,,,,,,,2026-08-17T14:03:34.900850
738,,2,150000,15000000,Client payment received from GHULAM MURTZA SB KOANKH,2026-08-01T15:08:00,False,[SRC:Payment:660],Receipt,Payment,660,,,,,,,2026-08-17T14:03:34.901497
741,,2,350000,35000000,Client payment received from MIRZA AMJAD JAVED SB AJNALA SITE,2026-08-02T17:00:00,False,[SRC:Payment:661],Receipt,Payment,661,,,,,,,2026-08-17T14:03:34.903709
742,2,,114700,11470000,Supplier payment to Gujr Trader DG Kohat Fauji,2026-08-02T18:37:00,False,rent paid  600 bag kohat [SRC:SupplierPayment:61],Supplier Payment,SupplierPayment,61,,,,,,,2026-08-17T14:03:34.904369
743,,12,150000,15000000,Client payment received from RASHEED AHMED SB JPS,2026-08-03T11:29:00,False,11139 [SRC:Payment:662],Receipt,Payment,662,,,,,,,2026-08-17T14:03:34.904986
744,,2,55000,5500000,Client payment received from ASIF HUSSAIN JPS (ALI ALMUNIUM),2026-08-03T17:15:00,False,[SRC:Payment:664],Receipt,Payment,664,,,,,,,2026-08-17T14:03:34.905714
745,,2,30000,3000000,Client payment received from MASTER ZAHOOR SB JPS,2026-08-03T10:29:00,False,[SRC:Payment:665],Receipt,Payment,665,,,,,,,2026-08-17T14:03:34.906446
746,,1,300000,30000000,Client payment received from RAOOF SB GHURAL,2026-08-04T12:35:00,False,[SRC:Payment:666],Receipt,Payment,666,,,,,,,2026-08-17T14:03:34.907069
747,,,1320,132000,Waive-off loss for SAGHEER BAIG SB KOANKH,2026-08-04T15:48:00,False,DISCOUNT FOR 20MM STEEL 101.6KG AT 252 PREVIOUS WAS 265 [SRC:Payment:667]:LOSS,Loss,Payment,667,,,,,,,2026-08-17T14:03:34.907718
748,,4,100000,10000000,Client payment received from MUHAMMAD AKRAM SB SANTAL SURKHIYAN,2026-08-04T16:27:00,False,[SRC:Payment:668],Receipt,Payment,668,,,,,,,2026-08-17T14:03:34.908304
749,,2,100000,10000000,Client payment received from RAFAQAT HUSSAIN SB MALIK (MASJID),2026-08-04T16:47:00,False,[SRC:Payment:669],Receipt,Payment,669,,,,,,,2026-08-17T14:03:34.909027
750,,2,1,100,Client payment received from RAJA MUHAMMAD ZARAAR RANGPUR,2026-08-04T17:19:00,False,[SRC:Payment:670],Receipt,Payment,670,,,,,,,2026-08-17T14:03:34.909677
751,,,3039,303900,Waive-off loss for RAJA MUHAMMAD ZARAAR RANGPUR,2026-08-04T17:19:00,False,Discount as company loss [SRC:Payment:670]:LOSS,Loss,Payment,670,,,,,,,2026-08-17T14:03:34.910359
752,,2,10000,1000000,Client payment received from MUHAMMAD ASGHAR FAUJI SB JPS,2026-08-04T11:49:00,False,[SRC:Payment:671],Receipt,Payment,671,,,,,,,2026-08-17T14:03:34.911000
753,,2,10510,1051000,Client payment received from KHALIL AHMED SB DHINDA KALAAN,2026-08-05T13:20:00,False,[SRC:Payment:672],Receipt,Payment,672,,,,,,,2026-08-17T14:03:34.911768
754,,2,550000,55000000,Client payment received from RASHEED AHMED SB JPS,2026-08-05T13:35:00,False,[SRC:Payment:673],Receipt,Payment,673,,,,,,,2026-08-17T14:03:34.912537
755,,2,100000,10000000,Client payment received from IRFAN SB JPS (ATEEQ SB),2026-08-05T15:00:00,False,[SRC:Payment:674],Receipt,Payment,674,,,,,,,2026-08-17T14:03:34.913261
756,,2,31400,3140000,Client payment received from MIRZA NAZAR BAIG SB KOANKH,2026-08-05T15:07:00,False,[SRC:Payment:675],Receipt,Payment,675,,,,,,,2026-08-17T14:03:34.913970
757,2,,30000,3000000,Client refund to MIRZA NAGHMAN SB TIBBA,2026-08-05T15:10:00,False,[SRC:ClientRefund:676],Payment,Payment,676,,,,,,,2026-08-17T14:03:34.914707
758,,2,1500,150000,Sale receipt from HAJI YOUSUF BUTT JPS (MB NO.11217),2026-08-05T16:19:00,False,Method: Cash [SRC:DirectSale:2279],Receipt,,,,,,,,,2026-08-17T14:03:34.915389
759,,2,229000,22900000,Client payment received from SAGHEER BAIG SB KOANKH,2026-08-05T17:48:00,False,[SRC:Payment:677],Receipt,Payment,677,,,,,,,2026-08-17T14:03:34.916131
760,4,,400000,40000000,Supplier payment to Faizan Fecto,2026-08-04T17:51:00,False,[SRC:SupplierPayment:62],Supplier Payment,SupplierPayment,62,,,,,,,2026-08-17T14:03:34.916885
761,3,,400000,40000000,Supplier payment to Zia Traders,2026-08-05T17:52:00,False,[SRC:SupplierPayment:63],Supplier Payment,SupplierPayment,63,,,,,,,2026-08-17T14:03:34.917656
762,2,,155000,15500000,Supplier payment to Zia Traders,2026-08-05T17:53:00,False,rent paid 300 bag pioneer [SRC:SupplierPayment:64],Supplier Payment,SupplierPayment,64,,,,,,,2026-08-17T14:03:34.918478
763,4,,400000,40000000,Supplier payment to Faizan Fecto,2026-08-06T10:24:00,False,[SRC:SupplierPayment:65],Supplier Payment,SupplierPayment,65,,,,,,,2026-08-17T14:03:34.919173
764,,2,100000,10000000,Client payment received from MUHAMMAD ARIF BAIG SB KOANKH (KAMRAN NUMBERDAR),2026-08-06T15:07:00,False,[SRC:Payment:679],Receipt,Payment,679,,,,,,,2026-08-17T14:03:34.919923
765,,2,20000,2000000,Client payment received from ABDUL SATTAR SB DHINDA FARM,2026-08-06T15:19:00,False,[SRC:Payment:680],Receipt,Payment,680,,,,,,,2026-08-17T14:03:34.920623
766,2,,100000,10000000,Supplier payment to Faizan Fecto,2026-08-06T15:26:00,False,500 bag rent paid [SRC:SupplierPayment:66],Supplier Payment,SupplierPayment,66,,,,,,,2026-08-17T14:03:34.921306
767,,2,15500,1550000,Client payment received from MALIK SHEHBAZ SB DHINDA,2026-08-06T16:08:00,False,[SRC:Payment:681],Receipt,Payment,681,,,,,,,2026-08-17T14:03:34.921973
768,,2,13700,1370000,Sale receipt from MUHAMMAD RAZAQ SB JPS (MB NO.11229),2026-08-06T16:24:00,False,Method: Cash [SRC:DirectSale:2300],Receipt,,,,,,,,,2026-08-17T14:03:34.922823
769,,1,250000,25000000,Client payment received from NADEEM SB DHINDA,2026-08-06T17:15:00,False,11265 [SRC:Payment:682],Receipt,Payment,682,,,,,,,2026-08-17T14:03:34.923518
770,,2,9800,980000,Client payment received from HAJI YOUSUF BUTT JPS,2026-08-02T10:36:00,False,RECEIVED 11107 [SRC:Payment:683],Receipt,Payment,683,,,,,,,2026-08-17T14:03:34.924128
771,,,206,20600,Waive-off loss for HAJI YOUSUF BUTT JPS,2026-08-02T10:36:00,False,RECEIVED 11107 [SRC:Payment:683]:LOSS,Loss,Payment,683,,,,,,,2026-08-17T14:03:34.925285
772,,2,319000,31900000,Client payment received from SHEHZAD KHAN SB DHINDA,2026-08-07T14:34:00,False,[SRC:Payment:685],Receipt,Payment,685,,,,,,,2026-08-17T14:03:34.926367
773,2,,43800,4380000,Supplier payment to Gujr Trader DG Kohat Fauji,2026-08-07T09:02:00,False,rent paid 200 bag kohat [SRC:SupplierPayment:67],Supplier Payment,SupplierPayment,67,,,,,,,2026-08-17T14:03:34.927077
774,2,,400000,40000000,Supplier payment to Zia Traders,2026-08-07T09:58:00,False,[SRC:SupplierPayment:68],Supplier Payment,SupplierPayment,68,,,,,,,2026-08-17T14:03:34.927836
775,,2,100000,10000000,Client payment received from SHEHZAD KHAN SB DHINDA,2026-08-07T11:39:00,False,[SRC:Payment:686],Receipt,Payment,686,,,,,,,2026-08-17T14:03:34.928502
776,,2,31200,3120000,Sale receipt from HAJI YOUSUF BUTT JPS (MB NO.11307),2026-08-08T12:32:00,False,Method: Cash [SRC:DirectSale:2324],Receipt,,,,,,,,,2026-08-17T14:03:34.929193
777,,2,15600,1560000,Client payment received from HAJI YOUSUF BUTT JPS,2026-08-08T12:55:00,False,[SRC:Payment:687],Receipt,Payment,687,,,,,,,2026-08-17T14:03:34.930434
778,,2,50000,5000000,Client payment received from ASIF SB LOADER JPS,2026-08-08T12:59:00,False,[SRC:Payment:688],Receipt,Payment,688,,,,,,,2026-08-17T14:03:34.931136
779,,2,31400,3140000,Sale receipt from KHALIL AHMED SB DHINDA KALAAN (MB NO.11319),2026-08-08T13:08:00,False,Method: Cash [SRC:DirectSale:2330],Receipt,,,,,,,,,2026-08-17T14:03:34.931924
780,,2,4550,455000,Sale receipt from TUFAIL ABBAS SB RANGPUR (MB NO.11320),2026-08-08T14:35:00,False,Method: Cash [SRC:DirectSale:2331],Receipt,,,,,,,,,2026-08-17T14:03:34.932747
781,,2,40000,4000000,Client payment received from ADNAN SB DOIYAN,2026-08-08T15:52:00,False,[SRC:Payment:689],Receipt,Payment,689,,,,,,,2026-08-17T14:03:34.933470
782,,12,40000,4000000,Client payment received from ADNAN SB DOIYAN,2026-08-06T17:58:00,False,11255 [SRC:Payment:690],Receipt,Payment,690,,,,,,,2026-08-17T14:03:34.934132
783,2,,100000,10000000,Supplier payment to Gujr Trader DG Kohat Fauji,2026-08-08T18:13:00,False,RENT PAID 200 BAG KOHAT [SRC:SupplierPayment:69],Supplier Payment,SupplierPayment,69,,,,,,,2026-08-17T14:03:34.934908
784,,2,71000,7100000,Client payment received from RAFAQAT HUSSAIN SB MALIK (MASJID),2026-08-08T16:45:00,False,[SRC:Payment:691],Receipt,Payment,691,,,,,,,2026-08-17T14:03:34.935623
785,,,457,45700,Waive-off loss for RAFAQAT HUSSAIN SB MALIK (MASJID),2026-08-08T16:45:00,False,Discount as company loss [SRC:Payment:691]:LOSS,Loss,Payment,691,,,,,,,2026-08-17T14:03:34.937205
786,,2,15300,1530000,Sale receipt from HAJI YOUSUF BUTT JPS (MB NO.11334),2026-08-08T16:47:00,False,Method: Cash [SRC:DirectSale:2336],Receipt,,,,,,,,,2026-08-17T14:03:34.938003
787,,2,40000,4000000,Client payment received from SHEHZAD KHAN SB DHINDA,2026-08-08T17:44:00,False,[SRC:Payment:694],Receipt,Payment,694,,,,,,,2026-08-17T14:03:34.939548
788,,2,152000,15200000,Sale receipt from RAJA AMEER HAMZA SB JPS (MB NO.11343),2026-08-08T11:22:00,False,Method: Cash [SRC:DirectSale:2341],Receipt,,,,,,,,,2026-08-17T14:03:34.940414
789,12,,300000,30000000,Supplier payment to Zia Traders,2026-08-09T11:48:00,False,RENT PAID 260 BAG [SRC:SupplierPayment:70],Supplier Payment,SupplierPayment,70,,,,,,,2026-08-17T14:03:34.941150
790,2,,80000,8000000,Supplier payment to Gujr Trader DG Kohat Fauji,2026-08-09T11:52:00,False,RENT PAID 400 BAG [SRC:SupplierPayment:71],Supplier Payment,SupplierPayment,71,,,,,,,2026-08-17T14:03:34.941843
791,2,,90000,9000000,Supplier payment to Faizan Fecto,2026-08-09T11:53:00,False,RENT PAID 500 [SRC:SupplierPayment:72],Supplier Payment,SupplierPayment,72,,,,,,,2026-08-17T14:03:34.942583
792,,2,6000,600000,Client payment received from MALIK SHEHBAZ SB DHINDA,2026-08-09T12:51:00,False,[SRC:Payment:695],Receipt,Payment,695,,,,,,,2026-08-17T14:03:34.943229
793,,2,50000,5000000,Client payment received from DR AMIN SB JPS,2026-08-09T12:51:00,False,11356 [SRC:Payment:696],Receipt,Payment,696,,,,,,,2026-08-17T14:03:34.943971
794,,2,50000,5000000,Client payment received from MUHAMMAD ARIF BAIG SB KOANKH (KAMRAN NUMBERDAR),2026-08-02T16:10:00,False,[SRC:Payment:698],Receipt,Payment,698,,,,,,,2026-08-17T14:03:34.944657
795,,2,8000,800000,Client payment received from MIRZA NAGHMAN SB TIBBA,2026-08-04T16:56:00,False,[SRC:Payment:699],Receipt,Payment,699,,,,,,,2026-08-17T14:03:34.945268
796,,1,11140,1114000,Client payment received from SHAMRAIZ SB HANDA STOP,2026-08-08T17:25:00,False,[SRC:Payment:700],Receipt,Payment,700,,,,,,,2026-08-17T14:03:34.946060
797,4,,410000,41000000,Supplier payment to Faizan Fecto,2026-08-10T16:46:00,False,[SRC:SupplierPayment:73],Supplier Payment,SupplierPayment,73,,,,,,,2026-08-17T14:03:34.946863
798,2,,1000000,100000000,Supplier payment to Gujr Trader DG Kohat Fauji,2026-08-09T10:04:00,False,[SRC:SupplierPayment:74],Supplier Payment,SupplierPayment,74,,,,,,,2026-08-17T14:03:34.947574
799,,2,10000,1000000,Sale receipt from EJAZ SB DUKANDAR JALPUWAL (MB NO.11378),2026-08-09T11:24:00,False,Method: Cash [SRC:DirectSale:2371],Receipt,,,,,,,,,2026-08-17T14:03:34.948191
800,,2,1300,130000,Sale receipt from RAFAQAT HUSSAIN SB MALIK (MASJID) (MB NO.11402),2026-08-10T12:24:00,False,Method: Cash [SRC:DirectSale:2378],Receipt,,,,,,,,,2026-08-17T14:03:34.948871
801,,2,5900,590000,Client payment received from SHAMRAIZ SB JAGUWAN,2026-08-11T12:56:00,False,[SRC:Payment:703],Receipt,Payment,703,,,,,,,2026-08-17T14:03:34.949689
802,,,23,2300,Waive-off loss for SHAMRAIZ SB JAGUWAN,2026-08-11T12:56:00,False,Discount as company loss [SRC:Payment:703]:LOSS,Loss,Payment,703,,,,,,,2026-08-17T14:03:34.950514
803,,2,3700,370000,Client payment received from MIRZA NAZAR BAIG SB KOANKH,2026-08-11T12:58:00,False,[SRC:Payment:704],Receipt,Payment,704,,,,,,,2026-08-17T14:03:34.951220
804,,2,39750,3975000,Client payment received from SHAHZAIB FAROOQ SB ALAM GARH,2026-08-11T12:59:00,False,[SRC:Payment:705],Receipt,Payment,705,,,,,,,2026-08-17T14:03:34.952041
805,,2,29700,2970000,Sale receipt from RAJA PARWEZ SB RANGPUR (MB NO.11386),2026-08-10T13:07:00,False,Method: Cash [SRC:DirectSale:2390],Receipt,,,,,,,,,2026-08-17T14:03:34.952951
806,,2,9000,900000,Sale receipt from KHALIL AHMED SB DHINDA KALAAN (MB NO.11393),2026-08-10T12:18:00,False,Method: Cash [SRC:DirectSale:2396],Receipt,,,,,,,,,2026-08-17T14:03:34.953719
807,,1,200000,20000000,Client payment received from GHULAM MURTZA SB KOANKH,2026-08-11T14:39:00,False,[SRC:Payment:706],Receipt,Payment,706,,,,,,,2026-08-17T14:03:34.954480
808,,2,31000,3100000,Sale receipt from MUHAMMAD ARSHAD SB DHINDA POTAN WALAY (MB NO.11433),2026-08-11T14:50:00,False,Method: Cash [SRC:DirectSale:2401],Receipt,,,,,,,,,2026-08-17T14:03:34.955139
809,,2,60000,6000000,Client payment received from MAZHAR SB RUPOWAL DERA,2026-08-11T14:58:00,False,[SRC:Payment:707],Receipt,Payment,707,,,,,,,2026-08-17T14:03:34.955951
810,,2,20000,2000000,Client payment received from SARWAR SB MASON,2026-08-11T16:26:00,False,[SRC:Payment:708],Receipt,Payment,708,,,,,,,2026-08-17T14:03:34.956685
811,12,4,5000000,500000000,,2026-08-11T16:28:03.024087,False,,Transfer,,,,,,,,,2026-08-17T14:03:34.959731
812,4,,1000000,100000000,Supplier payment to Gujr Trader DG Kohat Fauji,2026-08-10T16:28:00,False,[SRC:SupplierPayment:75],Supplier Payment,SupplierPayment,75,,,,,,,2026-08-17T14:03:34.960722
813,,1,80000,8000000,Client payment received from AKAS AMJAD RANG PUR,2026-08-06T10:50:00,False,[SRC:Payment:709],Receipt,Payment,709,,,,,,,2026-08-17T14:03:34.961953
814,,2,103000,10300000,Client payment received from RAFAQAT HUSSAIN SB MALIK (MASJID),2026-08-12T11:37:00,False,[SRC:Payment:710],Receipt,Payment,710,,,,,,,2026-08-17T14:03:34.962906
815,,,146.6,14660,Waive-off loss for RAFAQAT HUSSAIN SB MALIK (MASJID),2026-08-12T11:37:00,False,Discount as company loss [SRC:Payment:710]:LOSS,Loss,Payment,710,,,,,,,2026-08-17T14:03:34.963662
816,,2,103000,10300000,Client payment received from RAFAQAT HUSSAIN SB MALIK (MASJID),2026-08-12T15:37:00,False,[SRC:Payment:711],Receipt,Payment,711,,,,,,,2026-08-17T14:03:34.964522
817,,,147,14700,Waive-off loss for RAFAQAT HUSSAIN SB MALIK (MASJID),2026-08-12T15:37:00,False,Discount as company loss [SRC:Payment:711]:LOSS,Loss,Payment,711,,,,,,,2026-08-17T14:03:34.965187
818,,2,120000,12000000,Client payment received from MIRZA AMJAD JAVED SB AJNALA SITE,2026-08-12T16:12:00,False,[SRC:Payment:712],Receipt,Payment,712,,,,,,,2026-08-17T14:03:34.966006
819,,2,30000,3000000,Client payment received from IMRAN SB MALAK PUR,2026-08-12T16:24:00,False,[SRC:Payment:713],Receipt,Payment,713,,,,,,,2026-08-17T14:03:34.966794
820,,2,31000,3100000,Client payment received from MIRZA NAZAR BAIG SB KOANKH,2026-08-12T16:30:00,False,[SRC:Payment:714],Receipt,Payment,714,,,,,,,2026-08-17T14:03:34.967491
821,,2,99000,9900000,Client payment received from MUHAMMAD ARSHAD SB GHURAL (SUBEDAR QADAR DAD SB),2026-08-08T16:48:00,False,[SRC:Payment:715],Receipt,Payment,715,,,,,,,2026-08-17T14:03:34.968113
822,,2,1,100,Client payment received from MUHAMMAD ARSHAD SB GHURAL (SUBEDAR QADAR DAD SB),2026-08-08T16:51:00,False,[SRC:Payment:716],Receipt,Payment,716,,,,,,,2026-08-17T14:03:34.968833
823,,,236,23600,Waive-off loss for MUHAMMAD ARSHAD SB GHURAL (SUBEDAR QADAR DAD SB),2026-08-08T16:51:00,False,Discount as company loss [SRC:Payment:716]:LOSS,Loss,Payment,716,,,,,,,2026-08-17T14:03:34.969643
824,2,,75250,7525000,Supplier payment to Gujr Trader DG Kohat Fauji,2026-08-11T08:22:00,False,[SRC:SupplierPayment:76],Supplier Payment,SupplierPayment,76,,,,,,,2026-08-17T14:03:34.970404
825,3,,300000,30000000,Supplier payment to Zia Traders,2026-08-11T08:57:00,False,[SRC:SupplierPayment:77],Supplier Payment,SupplierPayment,77,,,,,,,2026-08-17T14:03:34.971081
826,2,,155000,15500000,Supplier payment to Zia Traders,2026-08-11T08:58:00,False,[SRC:SupplierPayment:78],Supplier Payment,SupplierPayment,78,,,,,,,2026-08-17T14:03:34.971811
827,,2,100000,10000000,Client payment received from MUHAMMAD AKRAM SB SANTAL SURKHIYAN,2026-08-10T12:26:00,False,[SRC:Payment:717],Receipt,Payment,717,,,,,,,2026-08-17T14:03:34.972810
828,,2,66000,6600000,Client payment received from MUHAMMAD AKRAM SB SANTAL SURKHIYAN,2026-08-11T12:27:00,False,[SRC:Payment:718],Receipt,Payment,718,,,,,,,2026-08-17T14:03:34.973592
829,,2,24300,2430000,Sale receipt from KHALIL AHMED SB DHINDA KALAAN (MB NO.11495),2026-08-13T12:47:00,False,Method: Cash [SRC:DirectSale:2430],Receipt,,,,,,,,,2026-08-17T14:03:34.974392
830,,2,39000,3900000,Sale receipt from CH SHOUKT AJNALA (MB NO.11506),2026-08-13T14:13:00,False,Method: Cash [SRC:DirectSale:2435],Receipt,,,,,,,,,2026-08-17T14:03:34.975081
831,,2,14400,1440000,Sale receipt from SHEHZAD KHAN SB DHINDA (MB NO.11512),2026-08-13T14:15:00,False,Method: Cash [SRC:DirectSale:2436],Receipt,,,,,,,,,2026-08-17T14:03:34.976431
834,,2,29700,2970000,Sale receipt from RAJA PARWEZ SB RANGPUR (MB NO.11526),2026-08-13T08:51:00,False,Method: Cash [SRC:DirectSale:2446],Receipt,,,,,,,,,2026-08-17T14:03:34.978492
835,,2,8570,857000,Sale receipt from MUHMMAD SHAREEF SB DHINDA (MB NO.11529),2026-07-09T09:12:00,False,Method: Cash [SRC:DirectSale:2448],Receipt,,,,,,,,,2026-08-17T14:03:34.979276
836,,2,51000,5100000,Client payment received from MUHMMAD SHAREEF SB DHINDA,2026-08-13T09:15:00,False,[SRC:Payment:722],Receipt,Payment,722,,,,,,,2026-08-17T14:03:34.979975
837,,2,525000,52500000,Client payment received from ALI SHAN SB HANDA (SB-CP-1689),2026-08-13T14:30:00,False,[SRC:Payment:719],Receipt,Payment,719,,,,,,,2026-08-17T14:03:34.980928
838,,2,2000,200000,Client payment received from TANVEER SB DHINDA,2026-08-13T13:08:00,False,[SRC:Payment:723],Receipt,Payment,723,,,,,,,2026-08-17T14:03:34.981734
839,,2,200000,20000000,Client payment received from QAISER SB JPS,2026-08-15T08:57:00,False,[SRC:Payment:725],Receipt,Payment,725,,,,,,,2026-08-17T14:03:34.983535
840,,2,17800,1780000,Client payment received from RAJA PARWEZ SB RANGPUR,2026-08-15T09:40:00,False,[SRC:Payment:726],Receipt,Payment,726,,,,,,,2026-08-17T14:03:34.984673
841,,,20,2000,Waive-off loss for RAJA PARWEZ SB RANGPUR,2026-08-15T09:40:00,False,Discount as company loss [SRC:Payment:726]:LOSS,Loss,Payment,726,,,,,,,2026-08-17T14:03:34.985645
842,,2,23000,2300000,Client payment received from MUHAMMAD BASHEER SB CONT KOANKH,2026-08-15T09:57:00,False,[SRC:Payment:727],Receipt,Payment,727,,,,,,,2026-08-17T14:03:34.986589
843,,2,6700,670000,Client payment received from QAISER SB JPS,2026-08-15T10:03:00,False,[SRC:Payment:728],Receipt,Payment,728,,,,,,,2026-08-17T14:03:34.987579
844,,2,200000,20000000,Client payment received from MUHAMMAD YOUSUF SB GHURAIRA,2026-08-15T10:55:00,False,[SRC:Payment:729],Receipt,Payment,729,,,,,,,2026-08-17T14:03:34.988491
845,,2,30000,3000000,Client payment received from DR EHSAN SB DHINDA,2026-08-15T11:21:00,False,[SRC:Payment:731],Receipt,Payment,731,,,,,,,2026-08-17T14:03:34.989432
849,,4,4857.2,485720,Client payment received from DR EHSAN SB DHINDA,2026-08-15T11:28:00,False,[SRC:Payment:734],Receipt,Payment,734,,,,,,,2026-08-17T14:03:34.990429
854,,2,3400,340000,Client payment received from HAFIZ ABDUL JABBAR SB RANGPUR,2026-08-15T12:48:00,False,[SRC:Payment:737],Receipt,Payment,737,,,,,,,2026-08-17T14:03:34.992870
855,,,1050.4,105040,Waive-off loss for HAFIZ ABDUL JABBAR SB RANGPUR,2026-08-15T12:48:00,False,Discount as company loss [SRC:Payment:737]:LOSS,Loss,Payment,737,,,,,,,2026-08-17T14:03:34.993889
856,,2,40000,4000000,Client payment received from ADNAN SB DOIYAN,2026-08-15T14:54:00,False,[SRC:Payment:738],Receipt,Payment,738,,,,,,,2026-08-17T14:03:34.994819
857,,2,10000,1000000,Client payment received from NASAR IQBAL BUTT SB JPS,2026-08-07T11:29:00,False,[SRC:Payment:740],Receipt,Payment,740,,,,,,,2026-08-17T14:03:34.995572
858,,2,1,100,Client payment received from GHULAM SARWAR SB JPS(HAJI JAVED SB),2026-08-16T11:43:00,False,BOOKING NAFI [SRC:Payment:741],Receipt,Payment,741,,,,,,,2026-08-17T14:03:34.996733
859,,,1399,139900,Waive-off loss for GHULAM SARWAR SB JPS(HAJI JAVED SB),2026-08-16T11:43:00,False,BOOKING NAFI [SRC:Payment:741]:LOSS,Loss,Payment,741,,,,,,,2026-08-17T14:03:34.997529
860,,2,1900000,190000000,Client payment received from FAUJI EJAZ AHMED SB JPS,2026-08-16T13:07:00,False,11589 [SRC:Payment:742],Receipt,Payment,742,,,,,,,2026-08-17T14:03:34.998370
861,,2,19000,1900000,Client payment received from WAJID SB AJNALA,2026-08-16T13:08:00,False,11593 [SRC:Payment:743],Receipt,Payment,743,,,,,,,2026-08-17T14:03:34.999216
862,,,448,44800,Waive-off loss for WAJID SB AJNALA,2026-08-16T13:08:00,False,11593 [SRC:Payment:743]:LOSS,Loss,Payment,743,,,,,,,2026-08-17T14:03:34.999929
863,,2,40000,4000000,Client payment received from MIRZA AMJAD JAVED SB AJNALA SITE,2026-08-16T13:34:00,False,[SRC:Payment:744],Receipt,Payment,744,,,,,,,2026-08-17T14:03:35.000770
864,,2,200000,20000000,Client payment received from MALIK ARSHAD SB JPS,2026-08-16T14:48:00,False,[SRC:Payment:745],Receipt,Payment,745,,,,,,,2026-08-17T14:03:35.001506
865,,2,50000,5000000,Client payment received from QAISER SB JPS,2026-08-17T11:13:00,False,[SRC:Payment:746],Receipt,Payment,746,,,,,,,2026-08-17T14:03:35.002614
866,,1,300000,30000000,Client payment received from AKAS AMJAD RANG PUR (SB-CP-1717),2026-08-16T17:53:00,False,[SRC:Payment:747],Receipt,Payment,747,,,,,,,2026-08-19T17:54:05.957136
867,,1,100000,10000000,Booking paid now from SHAMRAIZ SB JAGUWAN (MB NO.11703),2026-08-19T16:17:00,False,Method: Bank [SRC:Booking:408],Receipt,Booking,408,,,,,,,2026-08-20T09:27:22.899551
868,,2,30900,3090000,Client payment received from SHAMRAIZ SB JAGUWAN (SB-CP-1718),2026-08-15T02:28:00,False,[SRC:Payment:748],Receipt,Payment,748,,,,,,,2026-08-20T09:31:50.762196
869,,1,39635,3963500,Client payment received from SHAMRAIZ SB JAGUWAN (SB-CP-1719),2026-08-18T18:31:00,False,[SRC:Payment:749],Receipt,Payment,749,,,,,,,2026-08-20T09:36:58.249275
870,,,0.4,40,Waive-off loss for SHAMRAIZ SB JAGUWAN (SB-CP-1719),2026-08-18T18:31:00,False,Accounts receive transaction [SRC:Payment:749]:LOSS,Loss,Payment,749,,,,,,,2026-08-20T09:36:58.252422
871,,1,485000,48500000,Client payment received from SHABEEB SB KANIYAN (SB-CP-1723),2026-08-19T10:29:00,False,[SRC:Payment:753],Receipt,Payment,753,,,,,,,2026-08-20T10:30:16.945854
872,,,3431.2,343120,Waive-off loss for SHABEEB SB KANIYAN (SB-CP-1723),2026-08-19T10:29:00,False,Accounts receive transaction [SRC:Payment:753]:LOSS,Loss,Payment,753,,,,,,,2026-08-20T10:30:16.951262
873,,2,120000,12000000,Booking paid now from MUHAMMAD ARIF BAIG SB KOANKH (KAMRAN NUMBERDAR) (MB NO.11712),2026-08-20T10:28:00,False,Method: Cash [SRC:Booking:410],Receipt,Booking,410,,,,,,,2026-08-20T10:35:16.096255
874,,4,80000,8000000,Client payment received from MUHAMMAD ARIF BAIG SB KOANKH (KAMRAN NUMBERDAR) (SB-CP-1724),2026-08-20T10:30:00,False,[SRC:Payment:754],Receipt,Payment,754,,,,,,,2026-08-20T10:35:54.572862
875,,2,50000,5000000,Booking paid now from MUHAMMAD SHAFIQUE SB AJNALA (MB NO.11713),2026-08-19T10:40:00,False,Method: Cash [SRC:Booking:411],Receipt,Booking,411,,,,,,,2026-08-20T10:41:28.493555
876,,2,7000,700000,Client payment received from NADEEM SB DHINDA (SB-CP-1725),2026-08-19T10:50:00,False,[SRC:Payment:755],Receipt,Payment,755,,,,,,,2026-08-20T10:51:00.223225
877,,2,200000,20000000,Client payment received from MALIK ARSHAD SB JPS (SB-CP-1726),2026-08-18T10:36:00,False,[SRC:Payment:756],Receipt,Payment,756,,,,,,,2026-08-20T10:56:08.951945
878,,2,1250,125000,Client payment received from RAJA MUHAMMAD ZARAAR RANGPUR (SB-CP-1727),2026-08-19T10:58:00,False,[SRC:Payment:757],Receipt,Payment,757,,,,,,,2026-08-20T10:59:20.833301
879,,,10,1000,Waive-off loss for RAJA MUHAMMAD ZARAAR RANGPUR (SB-CP-1727),2026-08-19T10:58:00,False,Accounts receive transaction [SRC:Payment:757]:LOSS,Loss,Payment,757,,,,,,,2026-08-20T10:59:20.836095
880,,2,50000,5000000,Client payment received from MEHBOOB ALAM SB KOANKH (SB-CP-1728),2026-08-19T11:02:00,False,[SRC:Payment:758],Receipt,Payment,758,,,,,,,2026-08-20T11:03:17.111567
881,,2,30000,3000000,Sale receipt from ADNAN LOADER GHURAIRA (MB NO.11694),2026-08-19T11:05:00,False,Method: Cash [SRC:DirectSale:2546],Receipt,DirectSale,2546,,,,,,,2026-08-20T11:08:19.594709
882,,2,15000,1500000,Sale receipt from HAJI YOUSUF BUTT JPS (MB NO.11695),2026-08-19T11:08:00,False,Method: Cash [SRC:DirectSale:2547],Receipt,DirectSale,2547,,,,,,,2026-08-20T11:10:26.206376
883,,2,1,100,Client payment received from EHSAN SB CHAUHAN (SB-CP-1729),2026-08-19T11:19:00,False,[SRC:Payment:759],Receipt,Payment,759,,,,,,,2026-08-20T11:20:42.259157
884,,,5399,539900,Waive-off loss for EHSAN SB CHAUHAN (SB-CP-1729),2026-08-19T11:19:00,False,Accounts receive transaction [SRC:Payment:759]:LOSS,Loss,Payment,759,,,,,,,2026-08-20T11:20:42.271164
885,,2,35000,3500000,Client payment received from MALIK JAVED SB KHAN PUR KHOKHAR (SB-CP-1730),2026-08-02T12:08:00,False,[SRC:Payment:760],Receipt,Payment,760,,,,,,,2026-08-20T12:08:56.296428
886,,4,31000,3100000,Client payment received from MUHAMMAD AKRAM SB SANTAL SURKHIYAN (SB-CP-1731),2026-08-19T13:09:00,False,[SRC:Payment:761],Receipt,Payment,761,,,,,,,2026-08-20T13:10:11.237603
887,,2,50000,5000000,Client payment received from FBM TO HDC (SB-CP-1732),2026-08-20T13:47:00,False,MALIK JAVED KK PAYMENT [SRC:Payment:762],Receipt,Payment,762,,,,,,,2026-08-20T13:48:26.693483
889,2,,22000,2200000,Client refund to FBM TO HDC (SB-CP-1734),2026-08-20T15:24:00,False,[SRC:Payment:764],Refund,Payment,764,,,,,,,2026-08-20T15:25:57.986647
890,,1,320000,32000000,Booking paid now from SAFDAR ALI SB AJNALA (ASLAM CONT) (MB NO.11720),2026-08-20T15:43:00,False,Method: Bank [SRC:Booking:414],Receipt,Booking,414,,,,,,,2026-08-20T15:45:38.872485
891,2,,100000,10000000,Client refund to FBM TO HDC (SB-CP-1735),2026-08-20T15:26:00,False,FBM TO HDC RIZWAN SB [SRC:Payment:765],Refund,Payment,765,,,,,,,2026-08-20T16:01:17.758305
892,,2,50000,5000000,Client payment received from SHEHBAZ SB RANGPUR (SB-CP-1736),2026-08-20T16:26:00,False,[SRC:Payment:766],Receipt,Payment,766,,,,,,,2026-08-20T16:26:36.767644
893,,2,50000,5000000,Client payment received from DR AMIN SB JPS (SB-CP-1737),2026-08-20T18:00:00,False,[SRC:Payment:767],Receipt,Payment,767,,,,,,,2026-08-20T18:00:56.773345
895,,2,480000,48000000,Booking paid now from IMRAN SB CHACHUWAL (MB NO.11735),2026-08-21T11:06:00,False,Method: Cash [SRC:Booking:415],Receipt,Booking,415,,,,,,,2026-08-21T11:14:48.137311
896,,2,7500,750000,Booking paid now from NAEEM SB KOANKH (MB NO.11728),2026-08-20T11:46:00,False,Method: Cash [SRC:Booking:416],Receipt,Booking,416,,,,,,,2026-08-21T11:47:50.357480
897,,2,3000,300000,Sale receipt from NAEEM SB KOANKH (MB NO.11730),2026-08-21T11:52:00,False,Method: Cash [SRC:DirectSale:2557],Receipt,DirectSale,2557,,,,,,,2026-08-21T11:53:15.390354
898,,2,25000,2500000,Client payment received from SHEHZAD KHAN SB DHINDA (SB-CP-1739),2026-08-21T11:56:00,False,[SRC:Payment:769],Receipt,Payment,769,,,,,,,2026-08-21T11:56:52.457258
899,,,49,4900,Waive-off loss for SHEHZAD KHAN SB DHINDA (SB-CP-1739),2026-08-21T11:56:00,False,Accounts receive transaction [SRC:Payment:769]:LOSS,Loss,Payment,769,,,,,,,2026-08-21T11:56:52.461274
900,,2,32000,3200000,Booking paid now from MUHAMMAD ARSHAD SB DHINDA POTAN WALAY (MB NO.11649),2026-08-17T14:01:00,False,Method: Cash [SRC:Booking:407],Receipt,Booking,407,,,,,,,2026-08-22T10:29:40.009353
901,,2,1269920.1,126992010,Booking paid now from ZEESHAN ALI SB AJNALA (MB NO.11647),2026-08-16T13:39:00,False,Method: Cash [SRC:Booking:406],Receipt,Booking,406,,,,,,,2026-08-22T10:34:09.691955
902,4,,100000,10000000,Client refund to FBM TO HDC (SB-CP-1740),2026-08-21T00:00:00,False,FROM 7737 TO 4474(MACCA MARBEL) [SRC:Payment:770],Refund,Payment,770,,,,,,,2026-08-22T10:53:16.345816
903,4,,5000,500000,Client refund to FBM TO HDC (SB-CP-1741),2026-08-21T10:56:00,False,FROM 7737 TO  1557 (RIZWAN AHMED SB) [SRC:Payment:771],Refund,Payment,771,,,,,,,2026-08-22T10:58:38.952358
904,,2,176000,17600000,Client payment received from FAUJI EJAZ AHMED SB JPS (SB-CP-1742),2026-08-18T12:10:00,False,[SRC:Payment:772],Receipt,Payment,772,,,,,,,2026-08-22T12:10:46.958216
905,,2,43500,4350000,Client payment received from RAJA AMEER HAMZA SB JPS (SB-CP-1743),2026-08-21T12:18:00,False,[SRC:Payment:773],Receipt,Payment,773,,,,,,,2026-08-22T12:25:08.744889
906,,,350,35000,Waive-off loss for RAJA AMEER HAMZA SB JPS (SB-CP-1743),2026-08-21T12:18:00,False,Accounts receive transaction [SRC:Payment:773]:LOSS,Loss,Payment,773,,,,,,,2026-08-22T12:25:08.750517
907,,2,21000,2100000,Sale receipt from MUSHTAQ SB JPS (MB NO.11097),2026-08-01T15:18:00,False,Method: Cash [SRC:DirectSale:2223],Receipt,DirectSale,2223,,,,,,,2026-08-22T12:36:09.390095
908,,2,70000,7000000,Booking paid now from MUSHTAQ SB JPS (MB NO.11628),2026-08-17T12:38:00,False,Method: Cash [SRC:Booking:417],Receipt,Booking,417,,,,,,,2026-08-22T12:49:42.301484
909,,2,4999.7,499970,Client payment received from MUSHTAQ SB JPS (SB-CP-1744),2026-08-21T12:25:00,False,[SRC:Payment:774],Receipt,Payment,774,,,,,,,2026-08-22T13:19:18.185475
910,,2,30000,3000000,Client payment received from QAISER SB JPS (SB-CP-1745),2026-08-21T13:19:00,False,[SRC:Payment:775],Receipt,Payment,775,,,,,,,2026-08-22T13:20:21.742512
911,,2,40000,4000000,Client payment received from FBM TO HDC (SB-CP-1746),2026-08-21T15:55:00,False,[SRC:Payment:776],Receipt,Payment,776,,,,,,,2026-08-22T15:56:05.117694
912,2,,50000,5000000,Client refund to FBM TO HDC (SB-CP-1747),2026-08-21T15:56:00,False,FBM TO HDC FOR CHAND CONT [SRC:Payment:777],Refund,Payment,777,,,,,,,2026-08-22T15:57:30.244778
913,2,,30000,3000000,Client refund to FBM TO HDC (SB-CP-1748),2026-08-21T15:57:00,False,FBM TO HDC FOR WAHEED RUPOWAL [SRC:Payment:778],Refund,Payment,778,,,,,,,2026-08-22T15:58:37.810679
914,2,,50000,5000000,Client refund to FBM TO HDC (SB-CP-1749),2026-08-21T15:58:00,False,FBM TO HDC FOR LABOUR [SRC:Payment:779],Refund,Payment,779,,,,,,,2026-08-22T16:00:17.046020
915,2,,15000,1500000,Client refund to FBM TO HDC (SB-CP-1750),2026-08-21T16:00:00,False,AHMED HASSAN SALARY [SRC:Payment:780],Refund,Payment,780,,,,,,,2026-08-22T16:17:21.559027
916,2,,360,36000,Client refund to FBM TO HDC (SB-CP-1751),2026-08-22T16:17:00,False,[SRC:Payment:781],Refund,Payment,781,,,,,,,2026-08-22T16:18:08.007479
917,2,,50000,5000000,Client refund to FBM TO HDC (SB-CP-1752),2026-08-22T16:18:00,False,RIZWAN SB [SRC:Payment:782],Refund,Payment,782,,,,,,,2026-08-22T18:03:36.619434
918,2,,50000,5000000,Client refund to FBM TO HDC (SB-CP-1753),2026-08-22T18:03:00,False,NADEEM SHAH [SRC:Payment:783],Refund,Payment,783,,,,,,,2026-08-22T18:04:25.704941
919,4,,30000,3000000,Client refund to FBM TO HDC (SB-CP-1754),2026-08-22T18:04:00,False,TRANSFER TO RIZWAN SB 0993 [SRC:Payment:784],Refund,Payment,784,,,,,,,2026-08-22T18:05:31.112655
920,2,,50000,5000000,Client refund to FBM TO HDC (SB-CP-1755),2026-08-22T18:05:00,False,FBM TO HDC FOR QAMAR [SRC:Payment:785],Refund,Payment,785,,,,,,,2026-08-23T11:20:55.925166
921,1,,200000,20000000,Client refund to FBM TO HDC (SB-CP-1756),2026-08-22T11:21:00,False,FROM 7761 TO 5789 [SRC:Payment:786],Refund,Payment,786,,,,,,,2026-08-23T11:24:13.117868
922,,2,30900,3090000,Sale receipt from SHAMRAIZ SB JAGUWAN (MB NO.11751),2026-08-22T13:09:00,False,Method: Cash [SRC:DirectSale:2569],Receipt,DirectSale,2569,,,,,,,2026-08-23T13:10:37.384217
924,,1,100000,10000000,Booking paid now from SAGHEER BAIG SB KOANKH (MB NO.11763),2026-08-22T13:59:00,False,Method: Bank [SRC:Booking:418],Receipt,Booking,418,,,,,,,2026-08-23T14:04:36.427577
925,,1,48000,4800000,Client payment received from SHAMRAIZ SB JAGUWAN (SB-CP-1757),2026-08-23T14:16:00,False,[SRC:Payment:787],Receipt,Payment,787,,,,,,,2026-08-23T14:16:48.554985
926,,2,250000,25000000,Booking paid now from AMJAD SB PEROSHAH (MB NO.11769),2026-08-22T14:30:00,False,Method: Cash [SRC:Booking:419],Receipt,Booking,419,,,,,,,2026-08-23T14:32:44.583291
927,,2,250000,25000000,Booking paid now from RASHEED AHMED SB JPS (MB NO.11775),2026-08-22T14:33:00,False,Method: Cash [SRC:Booking:420],Receipt,Booking,420,,,,,,,2026-08-23T14:49:50.864050
928,,2,100000,10000000,Client payment received from MIRZA REHMAN SB JPS (SB-CP-1758),2026-08-18T15:32:00,False,[SRC:Payment:788],Receipt,Payment,788,,,,,,,2026-08-23T15:33:45.625286
929,,2,18300,1830000,Client payment received from MUHAMMAD ARSHAD SB DHINDA POTAN WALAY (SB-CP-1759),2026-08-15T15:33:00,False,[SRC:Payment:789],Receipt,Payment,789,,,,,,,2026-08-23T15:38:53.436530
930,,2,159000,15900000,Client payment received from SHEHZAD KHAN SB DHINDA (SB-CP-1760),2026-08-18T15:39:00,False,[SRC:Payment:790],Receipt,Payment,790,,,,,,,2026-08-23T16:00:13.350386
931,,2,31600,3160000,Client payment received from MUHAMMAD ARSHAD SB DHINDA POTAN WALAY (SB-CP-1761),2026-08-23T16:00:00,False,[SRC:Payment:791],Receipt,Payment,791,,,,,,,2026-08-23T16:29:07.592042
932,,2,174000,17400000,Client payment received from AMJAD SB PEROSHAH (SB-CP-1762),2026-08-23T16:29:00,False,[SRC:Payment:792],Receipt,Payment,792,,,,,,,2026-08-23T16:38:28.904886
933,,,200,20000,Waive-off loss for AMJAD SB PEROSHAH (SB-CP-1762),2026-08-23T16:29:00,False,Accounts receive transaction [SRC:Payment:792]:LOSS,Loss,Payment,792,,,,,,,2026-08-23T16:38:28.909564
934,,2,50000,5000000,Client payment received from FBM TO HDC (SB-CP-1763),2026-08-23T16:38:00,False,FOR AMJAD CONT [SRC:Payment:793],Receipt,Payment,793,,,,,,,2026-08-23T16:46:29.511358
935,2,,100000,10000000,Client refund to FBM TO HDC (SB-CP-1764),2026-08-23T16:46:00,False,FOR MARBEL [SRC:Payment:794],Refund,Payment,794,,,,,,,2026-08-23T16:47:19.015480
936,2,,50000,5000000,Client refund to FBM TO HDC (SB-CP-1765),2026-08-23T16:47:00,False,RIZWAN SB FOR LABOUR [SRC:Payment:795],Refund,Payment,795,,,,,,,2026-08-23T16:59:01.723686
937,2,,1000,100000,Client refund to FBM TO HDC (SB-CP-1766),2026-08-23T16:59:00,False,PETROL 224 [SRC:Payment:796],Refund,Payment,796,,,,,,,2026-08-23T17:02:44.071588
938,1,,21886,2188600,Client refund to FBM TO HDC (SB-CP-1767),2026-08-23T17:02:00,False,ELECTRICITY BILL PAID FROM 7761 [SRC:Payment:797],Refund,Payment,797,,,,,,,2026-08-23T17:21:56.345624
939,,2,600000,60000000,Booking paid now from FAISAL SB JPS (MB NO.11806),2026-08-22T12:54:00,False,Method: Cash [SRC:Booking:421],Receipt,Booking,421,,,,,,,2026-08-24T12:57:55.989674
940,,2,15000,1500000,Booking paid now from YOUSUF BUTT SB KOANKH (MB NO.11826),2026-08-24T14:19:00,False,Method: Cash [SRC:Booking:422],Receipt,Booking,422,,,,,,,2026-08-24T14:21:41.308425
941,,2,1100000,110000000,Booking paid now from MUHAMMAD ASHRAF SB AJNALA (MB NO.11829),2026-08-24T14:45:00,False,Method: Cash [SRC:Booking:423],Receipt,Booking,423,,,,,,,2026-08-24T14:55:45.500752
942,,2,40900,4090000,Client payment received from ASHRAF SB AJNALA(SALEEM CONT) (SB-CP-1768),2026-08-17T13:06:00,False,[SRC:Payment:798],Receipt,Payment,798,,,,,,,2026-08-24T17:46:52.159525
943,,,88,8800,Waive-off loss for ASHRAF SB AJNALA(SALEEM CONT) (SB-CP-1768),2026-08-17T13:06:00,False,Accounts receive transaction [SRC:Payment:798]:LOSS,Loss,Payment,798,,,,,,,2026-08-24T17:46:52.176576
944,2,,150,15000,Client refund to FBM TO HDC (SB-CP-1769),2026-08-24T17:46:00,False,FBM+HDC 586 PETROL 300/2 [SRC:Payment:799],Refund,Payment,799,,,,,,,2026-08-24T17:48:56.274557
945,12,,1000,100000,Client refund to FBM TO HDC (SB-CP-1770),2026-08-24T17:49:00,False,FBM+HDC PETROL 1263 2000/2 [SRC:Payment:800],Refund,Payment,800,,,,,,,2026-08-24T17:52:27.366467
946,,2,13700,1370000,Sale receipt from SHEHZAD KHAN SB DHINDA (MB NO.11840),2026-08-25T11:09:00,False,Method: Cash [SRC:DirectSale:2626],Receipt,DirectSale,2626,,,,,,,2026-08-25T11:12:25.173174
947,,2,200000,20000000,Client payment received from JHANGIR SB MALIKPUR (SB-CP-1772),2026-08-10T17:41:00,False,[SRC:Payment:802],Receipt,Payment,802,,,,,,,2026-08-25T12:42:28.857416
948,,2,30000,3000000,Client payment received from JHANGIR SB MALIKPUR (SB-CP-1773),2026-08-17T12:44:00,False,[SRC:Payment:803],Receipt,Payment,803,,,,,,,2026-08-25T12:45:24.813814
949,,,386,38600,Waive-off loss for JHANGIR SB MALIKPUR (SB-CP-1773),2026-08-17T12:44:00,False,Accounts receive transaction [SRC:Payment:803]:LOSS,Loss,Payment,803,,,,,,,2026-08-25T12:45:24.818652
950,,2,219500,21950000,Client payment received from IMRAN SB CHACHUWAL (SB-CP-1774),2026-08-23T12:45:00,False,11735 [SRC:Payment:804],Receipt,Payment,804,,,,,,,2026-08-25T12:50:48.504195
951,,,250,25000,Waive-off loss for IMRAN SB CHACHUWAL (SB-CP-1774),2026-08-23T12:45:00,False,Accounts receive transaction [SRC:Payment:804]:LOSS,Loss,Payment,804,,,,,,,2026-08-25T12:50:48.507638
952,,2,75000,7500000,Client payment received from MASJID PANJTAN PAK JPS(QARI ANSAR SB) (SB-CP-1775),2026-08-25T12:50:00,False,[SRC:Payment:805],Receipt,Payment,805,,,,,,,2026-08-25T12:55:40.485600
953,,12,2199.5,219950,Sale receipt from TANVEER SB DHINDA (MB NO.11855),2026-08-25T12:55:00,False,Method: Cash [SRC:DirectSale:2633],Receipt,DirectSale,2633,,,,,,,2026-08-25T12:56:22.397772
954,,2,69500,6950000,Client payment received from ALI SHAN SB RANGRA (SB-CP-1776),2026-08-25T12:59:00,False,[SRC:Payment:806],Receipt,Payment,806,,,,,,,2026-08-25T12:59:58.194161
955,,4,100000,10000000,Client payment received from MUHAMMAD AKRAM SB SANTAL SURKHIYAN (SB-CP-1777),2026-08-25T12:55:00,False,11860 [SRC:Payment:807],Receipt,Payment,807,,,,,,,2026-08-25T13:14:38.251528
956,,4,71000,7100000,Client payment received from KHAYAM SB MALIKPUR (SB-CP-1779),2026-08-25T12:04:00,False,[SRC:Payment:809],Receipt,Payment,809,,,,,,,2026-08-27T12:05:18.341743
957,,2,500000,50000000,Client payment received from AHMED SUBHANI SB AJNALA (SB-CP-1780),2026-08-27T12:10:00,False,[SRC:Payment:810],Receipt,Payment,810,,,,,,,2026-08-27T12:11:19.337796
958,,2,39000,3900000,Client payment received from ADNAN SB DOIYAN (SB-CP-1781),2026-08-27T12:13:00,False,[SRC:Payment:811],Receipt,Payment,811,,,,,,,2026-08-27T12:13:21.417318
959,,2,23000,2300000,Booking paid now from MIRZA NAZAR BAIG SB KOANKH (MB NO.11882),2026-08-27T12:14:00,False,Method: Cash [SRC:Booking:426],Receipt,Booking,426,,,,,,,2026-08-27T12:16:51.286165
960,,2,100000,10000000,Client payment received from MEHBOOB ALAM SB KOANKH (SB-CP-1782),2026-08-27T12:20:00,False,[SRC:Payment:812],Receipt,Payment,812,,,,,,,2026-08-27T12:21:09.834663
961,,2,31200,3120000,Client payment received from SHAHZAIB FAROOQ SB ALAM GARH (SB-CP-1783),2026-08-27T12:27:00,False,[SRC:Payment:813],Receipt,Payment,813,,,,,,,2026-08-27T12:27:49.221242
962,,1,396000,39600000,Client payment received from ALI SHAN SB HANDA (SB-CP-1784),2026-08-27T12:37:00,False,[SRC:Payment:814],Receipt,Payment,814,,,,,,,2026-08-27T12:38:15.276444
963,,4,140000,14000000,Client payment received from FBM TO HDC (SB-CP-1785),2026-08-25T15:03:00,False,5789 TO 7737 [SRC:Payment:815],Receipt,Payment,815,,,,,,,2026-08-27T15:04:58.622854
964,1,,1920,192000,Client refund to FBM TO HDC (SB-CP-1786),2026-08-25T00:00:00,False,FBM+HDC PTCL BILL [SRC:Payment:816],Refund,Payment,816,,,,,,,2026-08-27T15:18:14.091482
966,4,,350000,35000000,Client refund to FBM TO HDC (SB-CP-1787),2026-08-25T00:00:00,False,FBM+HDC QAMAR ABBAS [SRC:Payment:817],Refund,Payment,817,,,,,,,2026-08-27T15:21:42.019449
967,2,,3000,300000,Client refund to FBM TO HDC (SB-CP-1788),2026-08-25T15:22:00,False,FBM TO HDC RIZWAN SB [SRC:Payment:818],Refund,Payment,818,,,,,,,2026-08-27T15:23:15.925413
968,1,,18353,1835300,Client refund to FBM TO HDC (SB-CP-1789),2026-08-26T15:23:00,False,FBM+HDC ELECTRICITY BILL [SRC:Payment:819],Refund,Payment,819,,,,,,,2026-08-27T15:25:49.103314
969,1,,8184,818400,Client refund to FBM TO HDC (SB-CP-1790),2026-08-27T15:25:00,False,FBM+HDC LABOUR ROOM ELECTRICITY BILL [SRC:Payment:820],Refund,Payment,820,,,,,,,2026-08-27T15:27:54.669753
970,2,,150,15000,Client refund to FBM TO HDC (SB-CP-1791),2026-08-25T15:28:00,False,HBM+HDC CAR WASH [SRC:Payment:821],Refund,Payment,821,,,,,,,2026-08-27T16:17:08.665467
971,2,,10000,1000000,Client refund to FBM TO HDC (SB-CP-1792),2026-08-27T16:17:00,False,FBM TO HDC BILAL SB [SRC:Payment:822],Refund,Payment,822,,,,,,,2026-08-27T16:18:34.433737
972,2,,250,25000,Client refund to FBM TO HDC (SB-CP-1793),2026-08-26T16:18:00,False,FBM+HDC PETROL 586 [SRC:Payment:823],Refund,Payment,823,,,,,,,2026-08-27T16:20:03.876708
973,12,,500,50000,Client refund to FBM TO HDC (SB-CP-1794),2026-08-24T16:20:00,False,FBM+HDC PETROL 1263 [SRC:Payment:824],Refund,Payment,824,,,,,,,2026-08-27T16:22:54.049090
974,2,,5000,500000,Client refund to FBM TO HDC (SB-CP-1795),2026-08-27T16:23:00,False,FBM TO HDC SARWAR MASON [SRC:Payment:825],Refund,Payment,825,,,,,,,2026-08-27T16:24:48.060787
975,,2,100000,10000000,Client payment received from FAZAL ILAHI SB JALPUWAL (SB-CP-1796),2026-08-27T16:26:00,False,[SRC:Payment:826],Receipt,Payment,826,,,,,,,2026-08-27T16:26:43.832466
976,,2,400000,40000000,Client payment received from KHALIL AHMED SB DHINDA KALAAN (SB-CP-1797),2026-08-27T16:26:00,False,[SRC:Payment:827],Receipt,Payment,827,,,,,,,2026-08-27T16:27:49.185021
977,,1,100000,10000000,Client payment received from SHAMRAIZ SB JAGUWAN (SB-CP-1798),2026-08-27T16:29:00,False,[SRC:Payment:828],Receipt,Payment,828,,,,,,,2026-08-27T16:29:56.746827
978,,2,121000,12100000,Client payment received from AKAS AMJAD RANG PUR (SB-CP-1799),2026-08-26T17:03:00,False,[SRC:Payment:829],Receipt,Payment,829,,,,,,,2026-08-27T17:03:49.772163
979,,,670,67000,Waive-off loss for AKAS AMJAD RANG PUR (SB-CP-1799),2026-08-26T17:03:00,False,Accounts receive transaction [SRC:Payment:829]:LOSS,Loss,Payment,829,,,,,,,2026-08-27T17:03:49.780544
980,,2,47000,4700000,Client payment received from FAROOQ KALAS SB PARSUWAL (SB-CP-1800),2026-08-27T17:03:00,False,[SRC:Payment:830],Receipt,Payment,830,,,,,,,2026-08-27T17:05:17.386578
981,,,391,39100,Waive-off loss for FAROOQ KALAS SB PARSUWAL (SB-CP-1800),2026-08-27T17:03:00,False,Accounts receive transaction [SRC:Payment:830]:LOSS,Loss,Payment,830,,,,,,,2026-08-27T17:05:17.401894
982,,2,100000,10000000,Client payment received from HAJI IQBAL SB JPS (SB-CP-1801),2026-08-28T12:29:00,False,[SRC:Payment:831],Receipt,Payment,831,,,,,,,2026-08-28T12:29:43.780953
983,,2,50000,5000000,Client payment received from IRFAN SB JPS (ATEEQ SB) (SB-CP-1802),2026-08-27T12:37:00,False,[SRC:Payment:832],Receipt,Payment,832,,,,,,,2026-08-28T12:38:15.578781
984,,2,152500,15250000,Client payment received from MUHAMMAD ARSHAD SB GHURAL (SUBEDAR QADAR DAD SB) (SB-CP-1803),2026-08-17T14:19:00,False,[SRC:Payment:833],Receipt,Payment,833,,,,,,,2026-08-28T14:19:51.068666
985,,2,3500,350000,Client payment received from MUHAMMAD ARSHAD SB GHURAL (SUBEDAR QADAR DAD SB) (SB-CP-1804),2026-08-17T14:19:00,False,[SRC:Payment:834],Receipt,Payment,834,,,,,,,2026-08-28T14:20:37.350871
986,,2,130000,13000000,Client payment received from MUHAMMAD ASIF BHUCH (SB-CP-1805),2026-04-11T14:34:00,False,[SRC:Payment:835],Receipt,Payment,835,,,,,,,2026-08-28T14:34:45.295348
