id,user_id,username,action,details,timestamp
c9262d32-095e-44da-8af3-55c5669f33b1,1,,tenant.create,name=FBM-JPS,2026-02-28T11:20:23.814040
fcc81114-2e81-49da-bfa1-e47962a9679b,1,,tenant.reset_admin,username=admin,2026-03-02T13:23:17.446095
b04df754-ccea-43b5-b3f5-86c3eca92a8a,1,,account.create,"name=ADNAN AHMED, category=bank, source_category=Company, account_type=Company Account",2026-05-06T13:09:39.956759
d1ed8157-381b-4690-b4f8-cfeed0d17f84,1,,account.category.create,name=FBM-JPS,2026-05-06T13:12:41.221092
02c6a8ee-d8fb-4db1-a4a7-34903531cd78,1,,account.update,"id=1, name=ADNAN AHMED",2026-05-06T13:13:02.462643
3c5a9b9c-8880-4edb-b5cf-63e69cb760cc,5,,account.transaction.receive,"source_category=other_source, source=Safdar Ali Ajnala, to=ADNAN AHMED, amount=800000.0",2026-05-06T13:33:41.709036
19be43cb-165b-4b36-bb29-d2b5643d64d9,1,,account.transaction.void,"tx_id=1, type=Receipt, amount=800000.0, reason=",2026-05-06T13:36:56.726743
187037ef-f508-4f96-8ff1-50c8a0a29e34,5,,account.transaction.receive,"source_category=client_ledger, client=SAFDAR ALI SB AJNALA (ASLAM CONT), account=ADNAN AHMED, amount=800000.0, discount=0.0",2026-05-06T13:38:24.655598
65ed4de6-dddc-4ed1-9ade-ec387d9ff3d6,1,,account.transaction.void,"tx_id=2, type=Receipt, amount=800000.0, reason=",2026-05-06T13:40:04.705640
b17c9077-05d6-441f-b341-cbb753071184,1,,account.transaction.receive,"source_category=client_ledger, client=SAFDAR ALI SB AJNALA (ASLAM CONT), account=ADNAN AHMED, amount=800000.0, discount=0.0",2026-05-06T13:40:39.529366
7085a60b-05e5-4ea6-91e6-3fc0fe6ae23e,5,,account.transaction.receive,"source_category=client_ledger, client=SAFDAR ALI SB AJNALA (ASLAM CONT), account=ADNAN AHMED, amount=123.0, discount=0.0",2026-05-06T13:43:55.229254
c48f3bbe-ec0a-4722-8c9d-c9c55a045870,1,,account.transaction.void,"tx_id=4, type=Receipt, amount=123.0, reason=",2026-05-06T13:49:21.651715
3a324fa4-c429-48b6-98c9-13f6b95aea0c,1,,account.transaction.void,"tx_id=3, type=Receipt, amount=800000.0, reason=",2026-05-06T13:49:25.738580
25d98b34-7624-4155-bac8-1e39cd594eb1,1,,account.transaction.receive,"source_category=client_ledger, client=SAFDAR ALI SB AJNALA (ASLAM CONT), account=ADNAN AHMED, amount=800000.0, discount=0.0",2026-05-06T13:49:53.542987
14a31cd3-7197-424b-9b74-c6e0144d721d,4,,account.create,"name=FBM DRAWER CASH, category=cash, source_category=FBM-JPS, account_type=Company Account",2026-05-06T16:50:05.109652
d3dedbdd-8f24-49f0-a45c-2149a1942645,1,,account.update,"id=2, name=FBM DRAWER CASH",2026-05-07T09:47:56.233829
c91d55e9-a3f6-4c8d-82e7-0d84cd308419,4,,account.transaction.receive,"source_category=client_ledger, client=MUHAMMAD ARSHAD SB GHURAL (SUBEDAR QADAR DAD SB), account=FBM DRAWER CASH, amount=141180.0, discount=0.0",2026-05-07T09:55:04.888135
a4521c2f-b744-4608-851a-bdb614f7a6eb,1,,account.transaction.receive,"source_category=client_ledger, client=MALIK NAVEED SB KHAN PUR KHOKHAR, account=FBM DRAWER CASH, amount=295000.0, discount=0.0",2026-05-09T09:03:25.544825
680d87f5-c667-4387-b12d-3180301df3f5,1,,account.transaction.receive,"source_category=client_ledger, client=MALIK NAVEED SB KHAN PUR KHOKHAR, account=FBM DRAWER CASH, amount=100000.0, discount=0.0",2026-05-09T09:04:08.069851
9fe7d37c-c69b-49f8-bd95-d8c9c27118a1,1,,account.transaction.receive,"source_category=client_ledger, client=MALIK NAVEED SB KHAN PUR KHOKHAR, account=FBM DRAWER CASH, amount=80500.0, discount=200.0",2026-05-09T09:04:49.762173
60b9a2f9-1b20-434d-8218-e4d18b7bcb7b,4,,account.transaction.receive,"source_category=client_ledger, client=DILDAAR HUSSAIN SB PARSUWAL, account=FBM DRAWER CASH, amount=31900.0, discount=0.0",2026-05-09T12:13:36.524331
c4c03bc2-c13f-4dde-a5f0-d26e55b4f5d0,4,,account.transaction.receive,"source_category=client_ledger, client=SAEED KHAN SN JPS KOANKH, account=FBM DRAWER CASH, amount=1000.0, discount=0.0",2026-05-09T12:35:10.115761
8256d07f-76b8-47c8-a0ec-d18d27c6069a,4,,account.transaction.receive,"source_category=client_ledger, client=CH MUHAMMAD AKRAM RIHANIA SB JPS, account=FBM DRAWER CASH, amount=50000.0, discount=0.0",2026-05-09T16:46:58.269024
6f357f46-664f-4720-b4e6-4a0ac2e05a96,4,,account.transaction.receive,"source_category=client_ledger, client=HAJI WARIS SB JPS, account=FBM DRAWER CASH, amount=9250.0, discount=0.0",2026-05-10T11:22:58.965769
98c9790f-aa1e-41c9-bd11-e4d80c094f0a,4,,account.transaction.receive,"source_category=client_ledger, client=NAUMAN RIHANIA SB JPS, account=FBM DRAWER CASH, amount=26000.0, discount=0.0",2026-05-11T11:20:47.811891
7d879f13-a78b-4814-bd7a-8201a95b2f87,4,,account.transaction.receive,"source_category=client_ledger, client=MIRZA AMJAD JAVED SB AJNALA SITE, account=ADNAN AHMED, amount=100000.0, discount=0.0",2026-05-11T17:23:27.395103
ce271aa5-1e10-4265-b55f-35ead511d2fc,4,,account.transaction.receive,"source_category=client_ledger, client=MALIK ADNAN, account=FBM DRAWER CASH, amount=42725.0, discount=0.0",2026-05-11T17:32:31.818260
9a289973-8077-40bd-9b05-bea49d55742d,4,,account.transaction.receive,"source_category=client_ledger, client=MALIK ILYAS SB JPS, account=FBM DRAWER CASH, amount=2275.0, discount=0.0",2026-05-11T17:33:13.315194
f34cc0b9-50ec-4b8e-873d-1de32b32ec7f,4,,account.transaction.receive,"source_category=client_ledger, client=ABDUL SATTAR SB DHINDA FARM, account=FBM DRAWER CASH, amount=50000.0, discount=0.0",2026-05-11T17:35:03.059661
42b0b47e-eea6-4cdd-9900-17a3f43d8f77,4,,account.transaction.receive,"source_category=client_ledger, client=MALIK NAVEED SB KHAN PUR KHOKHAR, account=FBM DRAWER CASH, amount=49500.0, discount=596.0",2026-05-12T10:02:19.314360
485560da-3de0-4abd-804e-a3dc949989ab,4,,account.transaction.receive,"source_category=client_ledger, client=HAFIZ TAUSEEF SB AJNALA, account=FBM DRAWER CASH, amount=10150.0, discount=0.0",2026-05-12T10:19:30.983397
0b2dc482-e202-453b-8858-3ac54bbe24f0,4,,account.transaction.receive,"source_category=client_ledger, client=SAEED KHAN SN JPS KOANKH, account=FBM DRAWER CASH, amount=3000.0, discount=0.0",2026-05-12T10:51:15.172303
8193fb3f-e7bc-48fd-9864-0430e52b2d5b,4,,account.transaction.receive,"source_category=client_ledger, client=MUHAMMAD ARSHAD SB GHURAL (SUBEDAR QADAR DAD SB), account=FBM DRAWER CASH, amount=25850.0, discount=30.0",2026-05-12T10:57:30.870159
cd997bd5-779e-407b-acc5-c7ec1abb2551,4,,account.transaction.receive,"source_category=client_ledger, client=MUHAMMAD SHABEER SB CONT TIBBA AJNALA, account=FBM DRAWER CASH, amount=145500.0, discount=625.0",2026-05-12T16:42:13.420021
2d795724-6d87-42be-91e7-d460f3aab045,4,,account.transaction.receive,"source_category=client_ledger, client=JAWAD SB AJNALA JPS, account=FBM DRAWER CASH, amount=50000.0, discount=0.0",2026-05-13T13:46:00.771587
b1835791-1ee3-465c-9dbb-4307fa2e7d2e,4,,account.transaction.receive,"source_category=client_ledger, client=HAJI IQBAL SB JPS, account=ADNAN AHMED, amount=200000.0, discount=0.0",2026-05-14T15:20:42.415447
4b031d50-65d7-4f25-9c56-7259331fbbb1,4,,account.transaction.receive,"source_category=client_ledger, client=AHMED SUBHANI SB AJNALA, account=FBM DRAWER CASH, amount=22000.0, discount=473.0",2026-05-14T15:57:18.133811
8049cbea-3ef8-4722-9e8b-67c6e46bc1f6,4,,account.transaction.receive,"source_category=client_ledger, client=SUBEDAR MUHAMMAD ARSHAD SB KHANPUR KHOKHAR, account=FBM DRAWER CASH, amount=10000.0, discount=0.0",2026-05-14T16:22:53.978965
fb646a74-7ec2-4e1c-bb28-57bdea6eeaf3,4,,account.transaction.receive,"source_category=client_ledger, client=DR AMIN SB JPS, account=FBM DRAWER CASH, amount=90000.0, discount=0.0",2026-05-14T16:48:18.566510
4807898b-3aa8-425c-953d-35977000fbce,4,,account.transaction.receive,"source_category=client_ledger, client=RANA ZAHID SB JPS, account=FBM DRAWER CASH, amount=50000.0, discount=0.0",2026-05-17T09:40:15.606961
5f5e0d4d-001b-4ca3-a820-6e5be168eaf8,4,,account.transaction.receive,"source_category=client_ledger, client=SUBEDAR MUHAMMAD ARSHAD SB KHANPUR KHOKHAR, account=FBM DRAWER CASH, amount=30000.0, discount=350.0",2026-05-17T09:47:22.761547
fd0b0328-a0fb-408b-b695-4f48e3ed4178,4,,account.transaction.receive,"source_category=client_ledger, client=ABDUL SATTAR SB DHINDA FARM, account=FBM DRAWER CASH, amount=30000.0, discount=0.0",2026-05-17T11:03:40.261316
d04b0876-37d6-48e1-ae6a-42924969b9f3,4,,account.transaction.receive,"source_category=client_ledger, client=SHABEEB SB KANIYAN, account=FBM DRAWER CASH, amount=12600.0, discount=8.5",2026-05-17T13:26:51.551629
e57ca577-d84b-4936-be6d-9e4e7fe4efe2,4,,account.transaction.receive,"source_category=client_ledger, client=NAWAZ SB DHINDA (RIZWAN CONT), account=FBM DRAWER CASH, amount=35000.0, discount=281.0",2026-05-17T14:28:54.269227
f0be09ec-37b1-4815-b0cf-264d7032fd7b,1,,account.transaction.receive,"source_category=client_ledger, client=HAJI IQBAL SB JPS, account=FBM DRAWER CASH, amount=90000.0, discount=0.0",2026-05-18T10:20:24.933483
b7e48bce-5edc-4dd7-903e-43d6f90db1cd,4,,account.transaction.receive,"source_category=client_ledger, client=NAUMAN RIHANIA SB JPS, account=FBM DRAWER CASH, amount=30000.0, discount=0.0",2026-05-18T15:19:49.145666
c544640c-dd6e-427e-801a-191a5ada556a,4,,account.transaction.receive,"source_category=client_ledger, client=WAJID SB AJNALA, account=FBM DRAWER CASH, amount=40000.0, discount=0.0",2026-05-18T15:20:49.341506
6d5cd1f8-6bf3-4b83-a19b-ed0bccfb075e,4,,account.transaction.receive,"source_category=client_ledger, client=MALIK MEHMOOD SB PARSUWAL, account=FBM DRAWER CASH, amount=2480.0, discount=0.0",2026-05-18T15:31:27.504552
5af0c5be-cbf0-49bc-88bd-b3647181f160,4,,account.transaction.receive,"source_category=client_ledger, client=ABDUL AZEEM SB KHAN PUR KHOKHAR, account=ADNAN AHMED, amount=15750.0, discount=0.0",2026-05-18T15:43:04.340968
c2806b29-c3b6-4cf5-88a9-1d5245d818da,4,,account.transaction.receive,"source_category=client_ledger, client=ABDUL SATTAR SB DHINDA FARM, account=FBM DRAWER CASH, amount=30000.0, discount=0.0",2026-05-19T09:45:13.819806
ea95da7e-136b-4ada-918c-e370361371cd,4,,account.transaction.receive,"source_category=client_ledger, client=IRFAN SB JPS (ATEEQ SB), account=FBM DRAWER CASH, amount=50000.0, discount=0.0",2026-05-19T12:28:26.669696
8fbd20a5-ae0e-4d73-893e-a0e92582b5ae,4,,account.transaction.receive,"source_category=client_ledger, client=MIRZA SHAMSHEED SB BHUCH, account=FBM DRAWER CASH, amount=86000.0, discount=0.0",2026-05-19T12:50:02.920241
ff475796-a176-463d-9dda-105fc8148c40,4,,account.transaction.receive,"source_category=client_ledger, client=MIRZA SHAMSHEED SB BHUCH, account=ADNAN AHMED, amount=400000.0, discount=330.0",2026-05-19T13:32:37.180395
be3000ca-f251-419e-bf62-4014f13d7b57,,,bill.recovery.mb8380,Voided orphaned Invoice #738 and related records,2026-05-19T16:14:55.070786
4998346b-081a-49f1-95bc-b5ea3f4d2f3c,1,,account.create,"name=ADNAN AHMED, category=bank, source_category=Company, account_type=Company Account",2026-05-19T16:48:33.017056
4cbc7828-0bfc-4409-bab7-43a91ad1872d,1,,account.update,"id=1, name=(MCB 77661 )ADNAN AHMED",2026-05-20T10:33:59.713714
668b08d9-4f57-478a-ae8d-1817c9949998,1,,account.update,"id=3, name=(AL HABIB 2607)ADNAN AHMED",2026-05-20T10:34:27.226200
033947d3-bef3-4a17-b231-90e32cecf77e,1,,account.create,"name=(ALFALAH 37737) FAZAL BUILDING MATERIAL JPS, category=bank, source_category=Company, account_type=Company Account",2026-05-20T10:36:42.654675
7be451eb-351b-4c6c-a0f9-620f7d337534,1,,account.update,"id=4, name=(ALFALAH 37737) FAZAL BUILDING MATERIAL JPS",2026-05-20T10:37:21.291142
392cd064-8cf7-4942-bba9-4aac86f6306a,4,,account.transaction.receive,"source_category=client_ledger, client=MASTER ZAHOOR SB JPS, account=(MCB 77661 )ADNAN AHMED, amount=50000.0, discount=0.0",2026-05-20T10:39:04.127206
0c494817-008d-41da-925a-5aa934ac1ffd,4,,account.transaction.pay,"from=FBM DRAWER CASH, target=COMPANY LOADER PETROL, amount=1000.0",2026-05-20T14:29:30.543433
c92b4637-706e-4fbe-b2d8-62b98f942211,1,,account.transaction.pay,"from=FBM DRAWER CASH, target=food, amount=300.0",2026-05-20T16:18:25.348278
31cd98c4-1f68-47b3-96e8-67aa4444d230,4,,account.transaction.receive,"source_category=client_ledger, client=NAUMAN RIHANIA SB JPS, account=FBM DRAWER CASH, amount=30000.0, discount=0.0",2026-05-21T12:56:47.234712
56f8ebc8-c8b2-478f-97ff-affd7a299b6f,4,,account.transaction.receive,"source_category=client_ledger, client=MUHAMMAD ARSHAD SB MARRIAGE HALL JPS, account=FBM DRAWER CASH, amount=47350.0, discount=59.0",2026-05-22T13:03:55.139396
968b2328-89e0-4998-a5bb-50a9db4cb9cc,1,,account.transaction.void,"tx_id=68, type=Expense, amount=300.0, reason=",2026-05-23T11:05:09.795285
baf128c8-6cb2-4291-83db-6ea7043ab531,4,,account.transaction.receive,"source_category=client_ledger, client=MIRZA NAZAR BAIG SB KOANKH, account=FBM DRAWER CASH, amount=960.0, discount=0.0",2026-05-23T13:48:13.299309
d74ca9cc-bd1b-413b-9c19-b7fd643773e1,4,,account.transaction.receive,"source_category=client_ledger, client=SAGHEER BAIB SB KOANKH, account=(MCB 77661 )ADNAN AHMED, amount=120000.0, discount=0.0",2026-05-23T13:52:22.627080
2736775f-0bc5-496a-97fa-def4f0d7b14f,3,,account.create,"name=AJ, category=cash, source_category=Loan, account_type=Personal Account",2026-05-23T13:59:28.416836
fc7e878d-c053-4238-a094-0c46e5f8315d,4,,account.transaction.receive,"source_category=client_ledger, client=SAJID BAIG MAKKI KOANKH, account=(MCB 77661 )ADNAN AHMED, amount=38700.0, discount=0.0",2026-05-23T14:13:07.741276
7bad4a9f-a77c-48a6-8649-2952cc9de7d3,4,,account.transaction.receive,"source_category=client_ledger, client=RANA ZAHID SB JPS, account=(MCB 77661 )ADNAN AHMED, amount=40000.0, discount=0.0",2026-05-23T16:05:47.211176
858a23c8-e70d-42b8-9745-05966d2e6566,4,,account.transaction.receive,"source_category=client_ledger, client=ABDUL AZEEM SB KHAN PUR KHOKHAR, account=FBM DRAWER CASH, amount=1300.0, discount=0.0",2026-05-23T16:15:17.314825
aec191b8-22e1-4ad7-9a60-6991c5eb9a9d,1,,account.transaction.receive,"source_category=Loan, from=AJ, to=FBM DRAWER CASH, amount=100000.0",2026-05-23T16:48:25.273442
1db41359-a133-4597-8ac9-d8a7cf4bb94f,4,,account.transaction.receive,"source_category=client_ledger, client=MUHAMMAD ARSHAD SB GHURAL (SUBEDAR QADAR DAD SB), account=FBM DRAWER CASH, amount=117000.0, discount=0.0",2026-05-24T16:17:57.979983
5a64427d-4575-4aac-96d4-bff68f348d9b,4,,account.transaction.receive,"source_category=client_ledger, client=MUHAMMAD ASHRAF SB JPS NEAR SCHOOL (SALEEM CONT), account=FBM DRAWER CASH, amount=32500.0, discount=79.0",2026-05-24T16:23:31.799681
3d949912-3a05-47d1-a4a3-0ac48cd880e7,4,,account.transaction.receive,"source_category=client_ledger, client=HAJI IQBAL SB JPS, account=(AL HABIB 2607)ADNAN AHMED, amount=200000.0, discount=0.0",2026-05-24T16:32:13.336726
be64800b-5351-4ad3-9766-ea97fe6fa0ea,4,,account.transaction.receive,"source_category=client_ledger, client=CH IMRAN SB JPS, account=(MCB 77661 )ADNAN AHMED, amount=50000.0, discount=0.0",2026-05-24T16:38:14.958556
bf5efd41-cb3b-49ce-9488-5cfbc54ee7ec,4,,account.transaction.receive,"source_category=client_ledger, client=ABDUL SATTAR SB DHINDA FARM, account=FBM DRAWER CASH, amount=40000.0, discount=0.0",2026-05-24T16:38:56.609519
33cdb686-fb37-467e-aecb-5f2a891840a8,4,,account.transaction.receive,"source_category=client_ledger, client=HAFIZ ABDUL JABBAR SB RANGPUR, account=FBM DRAWER CASH, amount=80000.0, discount=0.0",2026-05-24T16:52:39.527450
29f6a2a1-3ded-4ebf-b347-ce7463992024,4,,account.transaction.receive,"source_category=client_ledger, client=SAGHEER BAIB SB KOANKH, account=(MCB 77661 )ADNAN AHMED, amount=88000.0, discount=289.0",2026-05-24T16:55:48.853716
ba2d0de5-ac4d-4dd6-bc39-740ec4c02e6e,4,,account.transaction.receive,"source_category=client_ledger, client=MUFTI YAQOOB ALAM SB KOANKH, account=FBM DRAWER CASH, amount=10000.0, discount=4425.0",2026-05-24T16:56:29.922572
1bd933d3-f10d-497a-af0e-3f4672024939,4,,account.transaction.receive,"source_category=client_ledger, client=ZEESHAN ATTARI SB JPS, account=FBM DRAWER CASH, amount=6.0, discount=21100.0",2026-05-24T16:59:04.163868
4c51caaf-411f-4b65-88fd-8c236ed63387,1,,account.transaction.client_refund,"from=FBM DRAWER CASH, client=SALMAAN SB GHURAL (GOGA SB GHURAL), amount=11788.0",2026-05-25T11:30:28.543948
efbdfc2b-2f96-494c-a833-92641ac4d768,1,,account.transaction.receive,"source_category=client_ledger, client=SAFDAR ALI SB AJNALA (ASLAM CONT), account=(MCB 77661 )ADNAN AHMED, amount=170000.0, discount=0.0",2026-05-25T20:58:22.268174
2aa37688-9148-44d0-bc11-311d951a2022,1,,account.transaction.void,"tx_id=98, type=Payment, amount=11788.0, reason=",2026-05-26T11:58:05.331325
1a1d9875-57b0-4f03-898b-86bd5fd97c2d,1,,transaction.void.Payment,id=291,2026-05-26T11:58:22.397363
7e3cfa86-2433-49e9-ba9b-2e49dc9af9aa,1,,account.transaction.client_refund,"from=FBM DRAWER CASH, client=SALMAAN SB GHURAL (GOGA SB GHURAL), amount=11788.0",2026-05-26T11:59:24.188615
b1fa1e4b-87a5-47a5-ba83-e67b1f57f920,1,,account.transaction.void,"tx_id=102, type=Payment, amount=11788.0, reason=",2026-05-26T12:01:15.120435
6c139e13-590d-4042-87cb-7b3ae4fda32d,1,,account.transaction.client_refund,"from=FBM DRAWER CASH, client=SALMAAN SB GHURAL (GOGA SB GHURAL), amount=11788.0",2026-05-26T12:01:58.398585
47a53168-7942-4eeb-81d4-085c40f4410d,1,,account.transaction.void,"tx_id=112, type=Adjustment, amount=111788.0, reason=",2026-05-26T12:53:49.665361
04b13e66-4761-4b96-b5db-09bf66cb9998,1,,account.transaction.void,"tx_id=111, type=Adjustment, amount=100000.0, reason=",2026-05-26T12:53:52.670928
9e9bd984-2e9b-474a-b632-8e5d96f91118,1,,account.transaction.void,"tx_id=110, type=Adjustment, amount=158940.0, reason=",2026-05-26T12:53:55.874044
5878d219-29f5-4ef9-af4d-a3a0b8a07d96,1,,account.transaction.void,"tx_id=109, type=Payment, amount=11788.0, reason=",2026-05-26T12:53:59.183147
fc876a04-8079-420b-af35-b8c847d6ffcf,1,,account.transaction.void,"tx_id=108, type=Payment, amount=11788.0, reason=",2026-05-26T12:54:02.091575
86595abf-5b54-4be5-9ca9-649b16a38301,1,,account.transaction.void,"tx_id=107, type=Payment, amount=11788.0, reason=",2026-05-26T12:54:05.175392
883985fd-dfdc-4187-8683-c5a949f95cd2,1,,account.transaction.void,"tx_id=106, type=Payment, amount=11788.0, reason=",2026-05-26T12:54:08.654840
9734c145-6f22-46fc-9b0d-f4749410df66,1,,account.transaction.void,"tx_id=105, type=Payment, amount=11788.0, reason=",2026-05-26T12:54:12.775395
b19bf9ef-5a2b-4b09-8fff-dc9ac7d31f85,1,,account.transaction.void,"tx_id=104, type=Payment, amount=11788.0, reason=",2026-05-26T12:54:15.852091
e3491a50-ee72-468f-8f35-310b07a3e373,1,,account.transaction.void,"tx_id=103, type=Payment, amount=11788.0, reason=",2026-05-26T12:55:01.005368
7da13460-644e-4c3d-8135-6bc8735a6ac0,1,,account.transaction.client_refund,"from=FBM DRAWER CASH, client=SALMAAN SB GHURAL (GOGA SB GHURAL), amount=11788.0",2026-05-26T14:35:39.984802
f9e93882-117f-4535-ba78-30eca89c8fa1,1,,transaction.void.DirectSale,"id=997, reason=",2026-05-30T09:57:04.387448
c91e29a4-b097-4f09-b496-1d9fdf49a417,3,,account.create,"name=HDC CASH, category=cash, source_category=Loan, account_type=Personal Account",2026-05-30T10:01:08.276375
183ae27e-0aab-4b3c-b2e1-8e32352c1726,3,,account.create,"name=HDC BANK, category=bank, source_category=Loan, account_type=Personal Account",2026-05-30T10:02:13.499974
8acf20ff-e047-4784-97e9-06fab5dcb945,3,,account.update,"id=9, name=HDC CASH",2026-05-30T10:06:20.963591
04b6ac10-6fd9-4912-aebf-62a38a0afe8b,3,,account.update,"id=9, name=HDC CASH",2026-05-30T10:07:09.463106
77f285f2-1c3b-48e2-a6a3-cbf37bdfa37c,3,,account.update,"id=10, name=HDC BANK",2026-05-30T10:07:26.260605
fe20335a-8300-46cb-a546-ba0c1d2c1a7a,3,,account.transaction.transfer,"from=FBM DRAWER CASH, to=HDC BANK, amount=500000.0",2026-05-30T10:09:23.791558
d39e207e-2508-4a3c-9b89-050390aa457e,3,,account.transaction.transfer,"from=FBM DRAWER CASH, to=HDC CASH, amount=60000.0",2026-05-30T10:12:29.323939
6dc34571-cbd3-4879-bc8f-de196c1349b8,1,,account.transaction.void,"tx_id=131, type=Adjustment, amount=210000.0, reason=",2026-05-30T10:53:44.282832
e107fb8b-dc1d-4bf5-8847-ae52e3ff9cee,1,,account.transaction.void,"tx_id=130, type=Adjustment, amount=277035.0, reason=",2026-05-30T10:53:47.921677
5a6da752-0bb0-42fe-b813-f2c3abc9583d,1,,account.transaction.void,"tx_id=129, type=Adjustment, amount=30000.0, reason=",2026-05-30T10:53:55.111335
79f192b5-97d2-4566-bdc5-d0f25c0b1273,1,,account.transaction.void,"tx_id=128, type=Payment, amount=12345.0, reason=",2026-05-30T10:53:59.193483
fc036204-183f-412e-8dc0-5564e658e849,1,,account.transaction.void,"tx_id=127, type=Transfer, amount=70000.0, reason=",2026-05-30T10:54:03.493751
907a3bf2-aaf3-4a2b-8f91-9f2b789474e5,1,,account.transaction.void,"tx_id=126, type=Transfer, amount=50000.0, reason=",2026-05-30T10:54:09.009007
1c091921-89f7-4f45-ba77-8e1a9757e2fe,1,,account.transaction.void,"tx_id=125, type=Transfer, amount=60000.0, reason=",2026-05-30T10:54:12.900075
b1fa34ab-d05f-4d47-bc99-43a47bde635b,1,,account.transaction.void,"tx_id=124, type=Payment, amount=12345.0, reason=",2026-05-30T10:54:17.120800
d899b3bf-6bd4-4ebe-8ed2-384c0efc92b7,1,,account.transaction.void,"tx_id=115, type=Transfer, amount=500000.0, reason=",2026-05-30T10:54:29.295232
987a9fb2-c349-4a19-8792-3da6f31388d1,1,,account.transaction.void,"tx_id=123, type=Transfer, amount=70000.0, reason=",2026-05-30T10:54:32.241914
1420d21b-ca77-4396-8888-5975e99118d8,1,,account.transaction.void,"tx_id=122, type=Transfer, amount=50000.0, reason=",2026-05-30T10:54:35.036131
1ddb92a5-ccd3-4301-bb80-6a5b3e5a48e3,1,,account.transaction.void,"tx_id=121, type=Transfer, amount=60000.0, reason=",2026-05-30T10:54:41.410986
95613df7-2c8b-41fb-8750-432b112d06a6,1,,account.transaction.void,"tx_id=120, type=Payment, amount=12345.0, reason=",2026-05-30T10:54:44.414780
78f578ee-4f04-4ae8-b5e8-cfbea08abe9a,1,,account.transaction.void,"tx_id=119, type=Transfer, amount=70000.0, reason=",2026-05-30T10:54:47.395264
42c9b41d-0502-43c0-af2c-e843bf13d961,1,,account.transaction.void,"tx_id=118, type=Transfer, amount=50000.0, reason=",2026-05-30T10:54:53.660422
64312818-d28d-4764-92dd-7ef918d7f240,1,,account.transaction.void,"tx_id=117, type=Transfer, amount=60000.0, reason=",2026-05-30T10:54:57.363802
12620c94-dde0-4848-8fbd-830735c0ef83,1,,account.transaction.void,"tx_id=116, type=Transfer, amount=60000.0, reason=",2026-05-30T10:55:01.594543
0fd6a5d7-365d-4095-bd3a-3933534adbe1,1,,transaction.void.DirectSale,"id=998, reason=",2026-05-30T10:58:28.633634
60e06107-666d-4f78-b543-3bdaeb8b1e67,1,,transaction.void.DirectSale,"id=1000, reason=",2026-05-30T10:58:33.568736
ea03c48d-90ff-4aec-91d8-6ab81bfa9410,1,,transaction.void.DirectSale,"id=999, reason=",2026-05-30T10:58:38.576132
27f85689-317c-4d7e-9852-167395ef127b,1,,account.transaction.transfer,"from=FBM DRAWER CASH, to=HDC BANK, amount=50000.0",2026-05-30T10:59:29.897167
078f8ee1-d472-4a9a-b001-eb7cb0bb9c90,1,,account.transaction.transfer,"from=FBM DRAWER CASH, to=HDC BANK, amount=600000.0",2026-05-30T10:59:52.527720
ee8db097-8744-4601-b34f-6531e1fe3bf0,4,,account.transaction.receive,"source_category=client_ledger, client=HAJI WARIS SB JPS, account=FBM DRAWER CASH, amount=30000.0, discount=0.0",2026-05-30T14:40:10.660334
7afb6a38-e955-4a74-b9c6-1366189c87bd,4,,account.transaction.receive,"source_category=client_ledger, client=MIRZA NAZAR BAIG SB KOANKH, account=FBM DRAWER CASH, amount=780.0, discount=0.0",2026-05-30T14:44:36.042320
64c270b1-cce4-4254-9d13-bc4c98d9aa24,4,,account.transaction.receive,"source_category=client_ledger, client=FAZAL ILAHI SB JALPUWAL, account=FBM DRAWER CASH, amount=100000.0, discount=0.0",2026-05-30T14:54:09.132289
abcbdac1-a617-46d0-bdc4-76dfcfca74a8,4,,account.transaction.receive,"source_category=client_ledger, client=IRFAN SB DEDHAR SHARIF, account=FBM DRAWER CASH, amount=59000.0, discount=898.0",2026-05-30T15:49:35.136678
58b3c514-c0f6-44a7-9963-6ddeefb9ca96,4,,account.transaction.receive,"source_category=client_ledger, client=IMRAN SB MALAK PUR, account=FBM DRAWER CASH, amount=50000.0, discount=0.0",2026-05-30T16:09:38.337020
17ac81a4-9fa1-4bbf-8cba-0d486317e379,4,,account.transaction.receive,"source_category=client_ledger, client=NASIR SUBHANI SB AJNALA, account=FBM DRAWER CASH, amount=8500.0, discount=363.0",2026-05-30T16:49:04.257629
bf5df627-a277-4dbd-98f7-f9a91f04f219,4,,account.transaction.receive,"source_category=client_ledger, client=MUHAMMAD SALEEM SB RUPOWAL, account=FBM DRAWER CASH, amount=150000.0, discount=0.0",2026-05-30T17:11:53.629113
722558a6-47e3-4c55-b3fc-9c91a56725ef,4,,account.transaction.receive,"source_category=client_ledger, client=ILYAS RIHANIA SB JPS, account=FBM DRAWER CASH, amount=5000.0, discount=0.0",2026-05-30T17:15:27.213805
ccec3a10-0adc-444d-a670-940ebe007825,4,,account.transaction.receive,"source_category=client_ledger, client=ABDUL SATTAR SB DHINDA FARM, account=FBM DRAWER CASH, amount=74500.0, discount=0.0",2026-05-30T17:24:27.054813
e437209f-d762-449a-9f65-16ecfd5078b3,4,,account.transaction.receive,"source_category=client_ledger, client=FAKHAR SHAH SB AJNALA, account=FBM DRAWER CASH, amount=51450.0, discount=20.0",2026-05-30T18:17:19.157685
8c6b7bf8-446e-423d-9948-74c1204812a6,4,,account.transaction.receive,"source_category=client_ledger, client=ABDUL AZEEM SB KHAN PUR KHOKHAR, account=(ALFALAH 37737) FAZAL BUILDING MATERIAL JPS, amount=8741.0, discount=0.0",2026-05-31T10:30:41.905894
013f661d-841d-45c3-999e-df73b98e45ad,4,,account.transaction.receive,"source_category=client_ledger, client=MALIK MEHMOOD SB PARSUWAL, account=FBM DRAWER CASH, amount=1.0, discount=1999.0",2026-05-31T10:32:23.349646
4e689534-d401-4f0a-99c8-3d940db55036,4,,account.transaction.receive,"source_category=client_ledger, client=DR LATEEF SB JPS, account=FBM DRAWER CASH, amount=56500.0, discount=270.0",2026-05-31T10:50:29.835088
daf612e9-b41e-4422-a54a-32ac6cf62040,4,,account.transaction.receive,"source_category=client_ledger, client=ATIF BAIG SB KOANKH, account=(MCB 77661 )ADNAN AHMED, amount=87470.0, discount=0.0",2026-05-31T13:24:13.367846
2bc6a19b-3b36-4d64-94d7-02f5dc121611,4,,account.transaction.receive,"source_category=client_ledger, client=GHULAM GHOUS SB JPS, account=FBM DRAWER CASH, amount=10000.0, discount=0.0",2026-05-31T13:48:12.084384
d3cf25d5-b360-4484-8414-efb281f6186e,4,,account.transaction.receive,"source_category=client_ledger, client=RAJA PARWEZ SB RANGPUR, account=FBM DRAWER CASH, amount=56400.0, discount=0.0",2026-05-31T15:02:00.224129
7aada2f0-f287-44b5-a610-2febfdcc9b61,4,,account.transaction.receive,"source_category=client_ledger, client=ILYAS RIHANIA SB JPS, account=FBM DRAWER CASH, amount=13800.0, discount=20.0",2026-06-01T12:47:59.430562
671fc06e-5f88-441c-89d3-a24f7aa4927e,4,,account.transaction.receive,"source_category=client_ledger, client=SIKANDAR SB JAGUWAN, account=(MCB 77661 )ADNAN AHMED, amount=500000.0, discount=0.0",2026-06-01T12:54:05.261077
0cd7bad1-e0fe-458e-9cbf-c5725e675ad1,4,,account.transaction.receive,"source_category=client_ledger, client=SIKANDAR SB JAGUWAN, account=(MCB 77661 )ADNAN AHMED, amount=200000.0, discount=0.0",2026-06-01T12:55:31.183625
dd1c2e69-85af-45f3-bbb7-f1fbcf191cdd,4,,account.transaction.receive,"source_category=client_ledger, client=SUBEDAR MUHAMMAD ARSHAD SB KHANPUR KHOKHAR, account=FBM DRAWER CASH, amount=200000.0, discount=1.0",2026-06-01T13:21:58.651719
01d01277-1c2b-4692-9e1a-ffb08aeed3bf,4,,account.transaction.client_refund,"from=FBM DRAWER CASH, client=ATIF BAIG SB KOANKH, amount=170.0",2026-06-01T16:02:49.556029
5a2e5e57-8770-41cb-a0eb-e26b02b4f6e1,4,,account.transaction.receive,"source_category=client_ledger, client=ATIF BAIG SB KOANKH, account=FBM DRAWER CASH, amount=1.0, discount=6.0",2026-06-01T16:05:12.372600
b1b96d73-72ad-43df-b205-5298df6b5554,4,,account.transaction.pay,"from=FBM DRAWER CASH, target=OFFICE TEA, amount=420.0",2026-06-01T16:06:51.325139
d68ac4b5-686f-45f6-9a6e-1fa1dbb164b7,4,,account.transaction.transfer,"from=FBM DRAWER CASH, to=(ALFALAH 37737) FAZAL BUILDING MATERIAL JPS, amount=200000.0",2026-06-01T16:33:49.219183
e1b786ca-7706-4b94-89a1-0626d0e37f0c,4,,account.transaction.transfer,"from=FBM DRAWER CASH, to=(ALFALAH 37737) FAZAL BUILDING MATERIAL JPS, amount=200000.0",2026-06-01T16:34:36.161308
b71adb25-1ced-44aa-b748-cc6c8cd7a8f0,4,,account.transaction.receive,"source_category=client_ledger, client=SHEHZAD BAIG SB KOANKH, account=FBM DRAWER CASH, amount=200000.0, discount=0.0",2026-06-02T10:59:02.043483
81e88d23-78f8-4b85-99cf-37b9e2ecf6f2,4,,account.transaction.receive,"source_category=client_ledger, client=SUBEDAR MUHAMMAD ARSHAD SB KHANPUR KHOKHAR, account=FBM DRAWER CASH, amount=50000.0, discount=0.0",2026-06-02T12:20:44.157074
677c530d-a0a6-4ecf-a378-22006ef710f5,1,,transaction.void.DirectSale,"id=1097, reason=",2026-06-03T08:24:34.479377
ff08f179-d03b-4c44-9a4a-57c9b09d021a,1,,transaction.void.DirectSale,"id=1098, reason=",2026-06-03T08:24:43.958844
ffb5ac6a-01c9-44e9-9d79-0efe85ab02ce,1,,data.wipe,"completed full wipe; targets=bookings, clients, delivery_persons, delivery_rents, direct_sales, dispatching, grn, invoices, material_categories, material_returns, materials, notifications, payments, pending_bills, receiving, supplier_payments, suppliers",2026-06-03T08:54:33.240846
d5f3daa3-7c80-43d8-80b1-bed2c3554a4f,1,,data.wipe.intentional_baseline,"{""backup_dir"": ""D:\\locked app\\2062026\\instance\\pre_wipe_backups\\20260603_101033"", ""datasets"": [""account_categories"", ""account_transactions"", ""accounts"", ""bookings"", ""cash_drawer_categories"", ""cash_drawer_entries"", ""cash_reconciliation_audit"", ""cash_reconciliation_data"", ""clients"", ""delivery_person_payments"", ""delivery_persons"", ""delivery_rents"", ""direct_sale_drafts"", ""direct_sales"", ""dispatching"", ""fbm_rental_clients"", ""fbm_rental_items"", ""fbm_rentals"", ""grn"", ""invoices"", ""material_categories"", ""material_returns"", ""materials"", ""notifications"", ""payments"", ""pending_bills"", ""receiving"", ""supplier_payments"", ""suppliers""], ""deleted"": [""Full Wipe (All Transactions)""], ""intentional"": true, ""mode"": ""full"", ""new_total"": 5, ""operation"": ""granular_wipe""}",2026-06-03T10:10:34.158797
d12379be-2d72-4c5b-9040-e898e606b8cf,1,,data.wipe.intentional_baseline,"{""backup_dir"": ""D:\\locked app\\2062026\\instance\\pre_wipe_backups\\20260603_102202"", ""datasets"": [""account_categories"", ""account_transactions"", ""accounts"", ""booking_item"", ""bookings"", ""cash_drawer_categories"", ""cash_drawer_entries"", ""cash_reconciliation_audit"", ""cash_reconciliation_data"", ""clients"", ""delivery_person_payments"", ""delivery_persons"", ""delivery_rents"", ""direct_sale_drafts"", ""direct_sales"", ""dispatching"", ""entry"", ""fbm_rental_clients"", ""fbm_rental_items"", ""fbm_rentals"", ""follow_up_contact"", ""follow_up_reminder"", ""grn"", ""invoice"", ""invoices"", ""material_categories"", ""material_returns"", ""materials"", ""notifications"", ""payments"", ""pending_bills"", ""receiving"", ""recon_basket"", ""supplier"", ""supplier_payments"", ""suppliers""], ""deleted"": [""Full Wipe (All Transactions)""], ""intentional"": true, ""mode"": ""full"", ""new_total"": 5, ""operation"": ""granular_wipe""}",2026-06-03T10:22:35.652488
1e8e85de-86bc-4c5c-abb4-43e9d7db1dd1,1,,data.wipe.intentional_baseline,"{""backup_dir"": ""D:\\locked app\\2062026\\instance\\pre_wipe_backups\\20260603_105728"", ""datasets"": [""account_categories"", ""account_transactions"", ""accounts"", ""accounts_domain_wipe"", ""booking_item"", ""bookings"", ""cash_drawer_categories"", ""cash_drawer_entries"", ""cash_reconciliation_audit"", ""cash_reconciliation_data"", ""clients"", ""delivery_person_payments"", ""delivery_persons"", ""delivery_rents"", ""direct_sale_drafts"", ""direct_sales"", ""dispatching"", ""entry"", ""fbm_rental_clients"", ""fbm_rental_items"", ""fbm_rentals"", ""follow_up_contact"", ""follow_up_reminder"", ""grn"", ""invoice"", ""invoices"", ""material_categories"", ""material_returns"", ""materials"", ""notifications"", ""payments"", ""pending_bills"", ""receiving"", ""recon_basket"", ""supplier"", ""supplier_payments"", ""suppliers""], ""deleted"": [""Full Wipe (All Transactions)""], ""intentional"": true, ""mode"": ""full"", ""new_total"": 5, ""operation"": ""granular_wipe""}",2026-06-03T10:57:29.626646
8d9e9e94-b3b7-4e9e-b16a-fb13e27bdcce,1,,data.wipe.intentional_baseline,"{""backup_dir"": ""D:\\locked app\\2062026\\instance\\pre_wipe_backups\\20260603_114207"", ""datasets"": [""account_categories"", ""account_transactions"", ""accounts"", ""accounts_domain_wipe"", ""booking_item"", ""bookings"", ""cash_drawer_categories"", ""cash_drawer_entries"", ""cash_reconciliation_audit"", ""cash_reconciliation_data"", ""clients"", ""delivery_person_payments"", ""delivery_persons"", ""delivery_rents"", ""direct_sale_drafts"", ""direct_sales"", ""dispatching"", ""entry"", ""fbm_rental_clients"", ""fbm_rental_items"", ""fbm_rentals"", ""follow_up_contact"", ""follow_up_reminder"", ""grn"", ""invoice"", ""invoices"", ""material_categories"", ""material_returns"", ""materials"", ""notifications"", ""payments"", ""pending_bills"", ""receiving"", ""recon_basket"", ""supplier"", ""supplier_payments"", ""suppliers""], ""deleted"": [""Full Wipe (All Transactions)""], ""intentional"": true, ""mode"": ""full"", ""new_total"": 5, ""operation"": ""granular_wipe""}",2026-06-03T11:42:08.357100
95aa3c88-8214-4385-9449-d32df074ed4a,1,,data.wipe.intentional_baseline,"{""backup_dir"": ""D:\\locked app\\2062026\\instance\\pre_wipe_backups\\20260603_114917"", ""datasets"": [""account_categories"", ""account_transactions"", ""accounts"", ""accounts_domain_wipe"", ""booking_item"", ""bookings"", ""cash_drawer_categories"", ""cash_drawer_entries"", ""cash_reconciliation_audit"", ""cash_reconciliation_data"", ""clients"", ""delivery_person_payments"", ""delivery_persons"", ""delivery_rents"", ""direct_sale_drafts"", ""direct_sales"", ""dispatching"", ""entry"", ""fbm_rental_clients"", ""fbm_rental_items"", ""fbm_rentals"", ""follow_up_contact"", ""follow_up_reminder"", ""grn"", ""invoice"", ""invoices"", ""material_categories"", ""material_returns"", ""materials"", ""notifications"", ""payments"", ""pending_bills"", ""receiving"", ""recon_basket"", ""supplier"", ""supplier_payments"", ""suppliers""], ""deleted"": [""Full Wipe (All Transactions)""], ""intentional"": true, ""mode"": ""full"", ""new_total"": 5, ""operation"": ""granular_wipe""}",2026-06-03T11:49:18.552182
03d883dd-0158-4138-bf04-bd3ecc29b56e,1,,data.wipe.intentional_baseline,"{""backup_dir"": ""/home/runner/workspace/instance/pre_wipe_backups/20260603_132108"", ""datasets"": [""account_categories"", ""account_transactions"", ""accounts"", ""accounts_domain_wipe"", ""booking_item"", ""bookings"", ""cash_drawer_categories"", ""cash_drawer_entries"", ""cash_reconciliation_audit"", ""cash_reconciliation_data"", ""clients"", ""delivery_person_payments"", ""delivery_persons"", ""delivery_rents"", ""direct_sale_drafts"", ""direct_sales"", ""dispatching"", ""entry"", ""fbm_rental_clients"", ""fbm_rental_items"", ""fbm_rentals"", ""follow_up_contact"", ""follow_up_reminder"", ""grn"", ""invoice"", ""invoices"", ""material_categories"", ""material_returns"", ""materials"", ""notifications"", ""payments"", ""pending_bills"", ""receiving"", ""recon_basket"", ""supplier"", ""supplier_payments"", ""suppliers""], ""deleted"": [""Full Wipe (All Transactions)""], ""intentional"": true, ""mode"": ""full"", ""new_total"": 5, ""operation"": ""granular_wipe""}",2026-06-03T13:21:08.123132
cadfab38-8439-4f27-83dc-115f391f78f7,4,,account.transaction.receive,"source_category=client_ledger, client=YASIR YAQOOB SB DILAWARPUR, account=(ALFALAH 37737) FAZAL BUILDING MATERIAL JPS, amount=180000.0, discount=0.0",2026-06-02T16:25:25.846692
af94edaf-a017-4f4b-bee9-4f676ce6636c,4,,account.transaction.receive,"source_category=client_ledger, client=YASIR YAQOOB SB DILAWARPUR, account=FBM DRAWER CASH, amount=19000.0, discount=148.0",2026-06-02T16:28:41.243141
6af12222-4606-46d2-9d90-e4d932c9be4b,4,,account.transaction.receive,"source_category=client_ledger, client=HAFIZ ABDUL JABBAR SB RANGPUR, account=FBM DRAWER CASH, amount=1.0, discount=38370.0",2026-06-02T17:38:11.834813
8052ee4a-d6a0-46c1-ba8d-ae963f832f79,4,,account.transaction.receive,"source_category=client_ledger, client=ASIF HUSSAIN JPS (ALI ALMUNIUM), account=(MCB 77661 )ADNAN AHMED, amount=60000.0, discount=0.0",2026-06-03T09:49:15.711613
b8092b8a-7ebe-4d0a-b38c-f395e78e2efd,4,,account.transaction.receive,"source_category=client_ledger, client=MIRZA AKHTAR BAIG SB KOANKH, account=(MCB 77661 )ADNAN AHMED, amount=100000.0, discount=0.0",2026-06-03T10:04:30.335406
ea2f40f7-c7aa-4917-9756-43301807bf02,4,,account.transaction.receive,"source_category=client_ledger, client=RAJA ALTAF SB JPS, account=FBM DRAWER CASH, amount=80000.0, discount=0.0",2026-06-03T10:26:07.239759
d3ecb282-6240-4fe0-b4be-84d1149b23ab,1,,data.wipe.intentional_baseline,"{""backup_dir"": ""D:\\locked app\\3 JUNE 2026\\AridTemptingDos\\instance\\pre_wipe_backups\\20260603_153740"", ""datasets"": [""account_categories"", ""account_transactions"", ""accounts"", ""accounts_domain_wipe"", ""booking_item"", ""bookings"", ""cash_drawer_categories"", ""cash_drawer_entries"", ""cash_reconciliation_audit"", ""cash_reconciliation_data"", ""clients"", ""delivery_person_payments"", ""delivery_persons"", ""delivery_rents"", ""direct_sale_drafts"", ""direct_sales"", ""dispatching"", ""entry"", ""fbm_rental_clients"", ""fbm_rental_items"", ""fbm_rentals"", ""follow_up_contact"", ""follow_up_reminder"", ""grn"", ""invoice"", ""invoices"", ""material_categories"", ""material_returns"", ""materials"", ""notifications"", ""payments"", ""pending_bills"", ""receiving"", ""recon_basket"", ""supplier"", ""supplier_payments"", ""suppliers""], ""deleted"": [""Full Wipe (All Transactions)""], ""intentional"": true, ""mode"": ""full"", ""new_total"": 5, ""operation"": ""granular_wipe""}",2026-06-03T15:37:41.433894
42658550-1733-49f5-8c69-f623ac1d382b,1,,data.wipe.intentional_baseline,"{""backup_dir"": ""D:\\locked app\\3 JUNE 2026\\further\\instance\\pre_wipe_backups\\20260603_160754"", ""datasets"": [""account_categories"", ""account_transactions"", ""accounts"", ""accounts_domain_wipe"", ""booking_item"", ""bookings"", ""cash_drawer_categories"", ""cash_drawer_entries"", ""cash_reconciliation_audit"", ""cash_reconciliation_data"", ""clients"", ""delivery_person_payments"", ""delivery_persons"", ""delivery_rents"", ""direct_sale_drafts"", ""direct_sales"", ""dispatching"", ""entry"", ""fbm_rental_clients"", ""fbm_rental_items"", ""fbm_rentals"", ""follow_up_contact"", ""follow_up_reminder"", ""grn"", ""invoice"", ""invoices"", ""material_categories"", ""material_returns"", ""materials"", ""notifications"", ""payments"", ""pending_bills"", ""receiving"", ""recon_basket"", ""supplier"", ""supplier_payments"", ""suppliers""], ""deleted"": [""Full Wipe (All Transactions)""], ""intentional"": true, ""mode"": ""full"", ""new_total"": 5, ""operation"": ""granular_wipe""}",2026-06-03T16:07:56.133401
a4bb8eab-339d-4160-a6f8-bbdf19a44b3e,1,,account.transaction.void,"tx_id=195, type=Adjustment, amount=100000.0, reason=",2026-06-03T16:14:33.521634
b1947c2e-9a09-4d1b-acef-a829f2a3c0aa,1,,account.transaction.void,"tx_id=193, type=Adjustment, amount=1200000.0, reason=",2026-06-03T16:14:43.783432
1fb2b0da-e378-4087-8a52-f8b24e4405a0,1,,account.transaction.void,"tx_id=194, type=Adjustment, amount=588741.0, reason=",2026-06-03T16:14:52.134341
a1e2efbd-8684-477a-bf8f-4c6d837e1704,1,,account.transaction.void,"tx_id=191, type=Adjustment, amount=3626698.2, reason=",2026-06-03T16:14:58.327036
0345c2af-c8bf-4e14-9949-151a90bd68ae,1,,account.transaction.void,"tx_id=192, type=Adjustment, amount=2857811.0, reason=",2026-06-03T16:15:17.783779
9f77c95f-f35d-4949-a465-b7aa9d320ec4,1,,account.transaction.void,"tx_id=196, type=Adjustment, amount=650000.0, reason=",2026-06-03T16:15:29.276365
c121c763-bb70-475d-8f59-eee9e3302fc6,1,,transaction.void.DirectSale,"id=1102, reason=",2026-06-03T16:28:27.767475
8165c68e-5339-447e-bed5-d449450178ec,1,,account.update,"id=2, name=FBM  CASH",2026-06-03T17:40:46.977322
298b34a5-9d53-401d-915c-9db7af222cd7,1,,account.transaction.receive,"source_category=client_ledger, client=MIRZA AMJAD JAVED SB AJNALA SITE, account=(MCB 77661 )ADNAN AHMED, amount=100000.0, discount=0.0",2026-06-03T17:49:58.453370
4c5298e7-6c86-4571-a0a8-ffc9ee2929cb,1,,account.transaction.client_refund,"from=FBM  CASH, client=MALIK NAVEED SB KHAN PUR KHOKHAR, amount=2500.0",2026-06-08T08:51:34.109347
2385225b-ca7d-448e-9535-35769314f8bf,1,,account.transaction.receive,"source_category=client_ledger, client=MALIK NAVEED SB KHAN PUR KHOKHAR, account=FBM  CASH, amount=1.0, discount=167.5",2026-06-08T08:53:49.666521
4a27741a-c92a-4242-a22d-3001903f3514,1,,account.transaction.receive,"source_category=client_ledger, client=SHABEEB SB KANIYAN, account=FBM  CASH, amount=2500.0, discount=0.0",2026-06-08T12:40:23.393519
9f89715c-4f6d-49f7-85ca-b071c44c4dfc,1,,account.transaction.receive,"source_category=client_ledger, client=MAZHAR SB RUPOWAL DERA, account=FBM  CASH, amount=50000.0, discount=0.0",2026-06-08T13:04:54.748567
fb7c85ab-13bc-4f51-86c3-2708b46574ba,1,,account.transaction.receive,"source_category=client_ledger, client=MUHAMMAD SALEEM SB RUPOWAL, account=FBM  CASH, amount=200000.0, discount=0.0",2026-06-08T13:09:59.610093
48953560-a20c-49ac-a181-a0a03e239d0b,1,,account.transaction.receive,"source_category=client_ledger, client=SALMAAN SB GHURAL (GOGA SB GHURAL), account=FBM  CASH, amount=50600.0, discount=0.0",2026-06-08T14:06:44.997491
1752d347-88ec-4188-b36e-2403a029949d,1,,transaction.void.Payment,id=345,2026-06-08T14:08:59.704019
9289c86f-2829-4cea-bc3c-b67b4d27e781,1,,account.transaction.client_refund,"from=FBM  CASH, client=SALMAAN SB GHURAL (GOGA SB GHURAL), amount=50600.0",2026-06-08T14:10:10.381707
f49bf875-1fa5-4f32-8f3c-cdf134e66a5b,1,,account.transaction.receive,"source_category=client_ledger, client=SALMAAN SB GHURAL (GOGA SB GHURAL), account=discount-only, amount=0.0, discount=12.5",2026-06-08T14:11:00.087809
9a25998c-4886-47f1-afe4-759f65a7bd5f,1,,account.transaction.receive,"source_category=client_ledger, client=AZHAR BUTT SB JPS BUTT SWEETS, account=FBM  CASH, amount=100000.0, discount=0.0",2026-06-08T17:27:49.112751
df40c8f8-fe30-4836-be76-7861831210df,1,,account.transaction.receive,"source_category=client_ledger, client=CH IMRAN SB JPS, account=FBM  CASH, amount=40000.0, discount=0.0",2026-06-09T10:00:44.460673
c14340cc-cd33-4f2d-ba33-797ff6981453,1,,account.transaction.receive,"source_category=client_ledger, client=ABDUL SATTAR SB DHINDA FARM, account=FBM  CASH, amount=50000.0, discount=0.0",2026-06-09T11:50:31.180808
23077099-f668-403e-bd53-6f6bf26425a4,1,,account.transaction.receive,"source_category=client_ledger, client=SIKANDAR SB JAGUWAN, account=FBM  CASH, amount=1.0, discount=879.0",2026-06-09T13:30:23.637583
c3fb85cf-b7b8-4427-991f-7a9bdf5c4a7e,1,,account.transaction.receive,"source_category=client_ledger, client=RAJA MUDASIR SB JPS, account=FBM  CASH, amount=144000.0, discount=0.0",2026-06-09T14:00:55.847822
95e45a03-3914-4609-ab82-72e846a90bc1,1,,account.transaction.receive,"source_category=client_ledger, client=AURANGZEB SB KOANKH, account=FBM  CASH, amount=22600.0, discount=32.0",2026-06-09T15:34:32.775446
aac59ada-5732-4ed6-a404-002b41caca7d,1,,account.transaction.receive,"source_category=client_ledger, client=ATEEQ UR REHMAN SB DHINDA, account=FBM  CASH, amount=4400.0, discount=0.0",2026-06-10T12:06:07.487369
590114ae-89e7-4a13-9925-2b9967ebc78a,1,,account.transaction.receive,"source_category=client_ledger, client=SIKANDAR SB JAGUWAN, account=(MCB 77661 )ADNAN AHMED, amount=60000.0, discount=0.0",2026-06-10T12:56:40.459925
313598ad-bc2d-4afe-a690-dd9b211d847b,1,,transaction.void.Booking,"id=243, reason=",2026-06-10T14:10:12.558424
db9d9081-a564-4598-a489-b714edcd8380,1,,account.transaction.receive,"source_category=client_ledger, client=CH IMRAN SB JPS, account=FBM  CASH, amount=30000.0, discount=0.0",2026-06-10T15:02:30.283026
fb7ddf7a-50b4-4a61-a6de-e99e1f94448f,1,,account.transaction.receive,"source_category=client_ledger, client=CH IMRAN SB JPS, account=FBM  CASH, amount=300000.0, discount=0.0",2026-06-10T15:05:58.681467
476a3543-0aec-4c4f-9096-626a9c489586,1,,transaction.void.DirectSale,"id=1196, reason=",2026-06-10T15:20:50.141920
98eff478-3bea-47dc-a3ce-4f6852c83e14,1,,account.transaction.receive,"source_category=client_ledger, client=AZHAR BUTT SB JPS BUTT SWEETS, account=FBM  CASH, amount=10000.0, discount=0.0",2026-06-10T17:30:28.079593
0fa83e3c-c04e-4c17-9789-cfaf2303a1a9,1,,transaction.void.DirectSale,"id=1117, reason=",2026-06-15T11:45:13.026726
197860eb-65c5-406f-a57f-8a99ec427c4d,4,,account.transaction.receive,"source_category=client_ledger, client=MALIK JAVED SB KHAN PUR KHOKHAR, account=FBM  CASH, amount=1.0, discount=3489.0",2026-06-15T14:07:02.814843
f7dbb01b-8c29-4c10-867d-b51df2974818,4,,account.transaction.receive,"source_category=client_ledger, client=MALIK NAVEED SB KHAN PUR KHOKHAR, account=FBM  CASH, amount=123500.0, discount=415.2",2026-06-15T15:27:40.507354
93fd2f6a-630f-41d2-8dad-8a1cea942dbf,4,,account.transaction.receive,"source_category=client_ledger, client=ZEESHAN ATTARI SB JPS, account=FBM  CASH, amount=1.0, discount=6099.0",2026-06-15T16:21:50.867586
6e7e5b5b-5182-4e69-8119-c508a778d7cd,1,,account.transaction.receive,"source_category=client_ledger, client=YOUNIS GHAFFARI SB JPS, account=FBM  CASH, amount=10000.0, discount=0.0",2026-06-16T10:13:45.640573
f43c830a-1306-4f13-ba4e-006c65cdb27d,1,,account.transaction.receive,"source_category=client_ledger, client=SUBEDAR MUHAMMAD ARSHAD SB KHANPUR KHOKHAR, account=FBM  CASH, amount=100000.0, discount=0.0",2026-06-16T10:47:38.148371
5d2a8401-7256-4fe6-8ccf-33a65eec900e,1,,account.transaction.receive,"source_category=client_ledger, client=SARWAR SB MASON, account=(ALFALAH 37737) FAZAL BUILDING MATERIAL JPS, amount=50000.0, discount=0.0",2026-06-16T11:35:02.006141
b5304dd9-1fcb-4388-8cae-b18f65c7988e,1,,account.transaction.receive,"source_category=client_ledger, client=MASTER ZAHOOR SB JPS, account=FBM  CASH, amount=50000.0, discount=0.0",2026-06-16T14:23:58.002261
514aa9f8-cc60-4cdf-9f64-0ca64b192af7,1,,account.transaction.receive,"source_category=client_ledger, client=EHSAN SB CHAUHAN, account=FBM  CASH, amount=31000.0, discount=589.0",2026-06-16T14:32:26.075543
799e031f-012b-4981-a7b1-8bdca261cede,4,,account.transaction.receive,"source_category=client_ledger, client=RANA ZAHEER SB JPS, account=FBM  CASH, amount=22250.0, discount=0.0",2026-06-17T10:08:51.239690
e1fc7a7b-ac39-4507-a705-3780f6bd1edf,1,,account.transaction.receive,"source_category=client_ledger, client=FIYAZ BAIG SB KOANKH, account=FBM  CASH, amount=35000.0, discount=465.0",2026-06-17T12:13:47.124138
595f7c35-c631-4b97-98e8-2e47ed83c5bb,1,,transaction.void.DirectSale,"id=1293, reason=",2026-06-17T14:59:09.235558
0a7c270a-debd-4b0a-9b31-c9f8be2d6204,1,,account.transaction.receive,"source_category=client_ledger, client=AZHAR BUTT SB JPS BUTT SWEETS, account=FBM  CASH, amount=30000.0, discount=0.0",2026-06-17T15:15:48.136942
91b9f458-7faf-4780-a0db-c5bd058bf4f4,1,,account.transaction.receive,"source_category=client_ledger, client=GHULAM GHOUS SB JPS, account=FBM  CASH, amount=45000.0, discount=0.0",2026-06-18T09:18:03.655474
8b441419-66a8-4306-ac71-9820c84c9748,4,,account.transaction.receive,"source_category=client_ledger, client=ARIF SB JPS(HAJI ASHFAQ S), account=FBM  CASH, amount=2500.0, discount=99.0",2026-06-18T09:58:08.017517
9725253d-c567-4ce1-bb6d-55f342f7026b,4,,account.transaction.client_refund,"from=FBM  CASH, client=ARIF SB JPS(HAJI ASHFAQ S), amount=24.5",2026-06-18T09:59:52.526737
effb9cc6-83bf-4334-871a-9efd0823c224,4,,account.transaction.receive,"source_category=client_ledger, client=RANA ZAHEER SB JPS, account=FBM  CASH, amount=21750.0, discount=0.0",2026-06-18T10:52:42.712599
0cb455f7-f6d7-475f-9471-0637a334dfd2,4,,account.transaction.receive,"source_category=client_ledger, client=ABDULLAH SB KOANKH, account=FBM  CASH, amount=8000.0, discount=332.0",2026-06-18T10:57:56.001481
b608780b-6412-40b1-9df1-2c31f948473b,4,,account.transaction.receive,"source_category=client_ledger, client=ABDULLAH SB KOANKH, account=FBM  CASH, amount=0.2, discount=332.0",2026-06-18T11:15:18.261312
b40a4def-9a33-472e-b625-3532c628935c,1,,account.transaction.receive,"source_category=client_ledger, client=SHEHBAZ SB RANGPUR, account=FBM  CASH, amount=50000.0, discount=0.0",2026-06-18T11:46:59.596921
66ac4f33-b044-4a72-841f-30dd8f7a8f6c,1,,account.transaction.client_refund,"from=FBM  CASH, client=MALIK JAVED SB KHAN PUR KHOKHAR, amount=60860.0",2026-06-18T11:54:28.067937
285702c4-3b0e-4046-8a1c-85ed0c8fb4b2,1,,account.transaction.receive,"source_category=client_ledger, client=MIRZA AKHTAR BAIG SB KOANKH, account=FBM  CASH, amount=55500.0, discount=86.0",2026-06-18T12:16:26.978982
e024aba5-159f-4b28-841f-e57f1e3eaa1d,1,,account.transaction.receive,"source_category=client_ledger, client=KHALID SB HANDA DERHA, account=FBM  CASH, amount=11000.0, discount=236.0",2026-06-18T12:23:05.787025
e02138e4-7421-49b7-a1d5-b1d5ff06e54a,4,,account.transaction.receive,"source_category=client_ledger, client=MIRZA REHMAN SB JPS, account=FBM  CASH, amount=250000.0, discount=0.0",2026-06-18T13:29:25.865403
ece70b1b-62ad-4c62-89e7-eab34c001b3f,4,,account.transaction.receive,"source_category=client_ledger, client=MASTER ZAHOOR SB JPS, account=FBM  CASH, amount=50000.0, discount=0.0",2026-06-18T13:30:23.238753
44157bd8-986b-4ae8-87d7-74f7e333b608,4,,account.transaction.receive,"source_category=client_ledger, client=MALIK ADNAN, account=FBM  CASH, amount=22000.0, discount=450.0",2026-06-18T13:39:11.504778
1fa0f7a5-8f3f-49d1-a6e2-4531e7ca1334,4,,account.transaction.receive,"source_category=client_ledger, client=CH MUHAMMAD AKRAM RIHANIA SB JPS, account=FBM  CASH, amount=20000.0, discount=0.0",2026-06-18T14:48:04.222593
47306d98-f384-4815-812c-82617275acbf,1,,account.transaction.receive,"source_category=client_ledger, client=AZHAR BUTT SB JPS BUTT SWEETS, account=FBM  CASH, amount=10000.0, discount=0.0",2026-06-18T15:37:51.252275
338266c0-f98c-47d8-b232-09f0fab66af4,4,,account.transaction.client_refund,"from=FBM  CASH, client=MUHAMMAD ARSHAD SB DHINDA POTAN WALAY, amount=36000.0",2026-06-18T16:58:03.155278
3d322d5e-5063-44d0-a1f2-e9219651e0c2,4,,transaction.void.Payment,"id=393, reason=",2026-06-18T17:05:22.912223
f035e410-8561-4012-989d-0636f62ff971,1,,account.transaction.receive,"source_category=client_ledger, client=HAJI AKRAM SB CONT DOYIAN, account=FBM  CASH, amount=532500.0, discount=232.6",2026-06-19T09:29:27.008884
3ea0a8c7-36b6-4f6d-ad16-b4ad514c72b7,1,,account.transaction.receive,"source_category=client_ledger, client=MALIK ILYAS SB JPS, account=FBM  CASH, amount=50000.0, discount=0.0",2026-06-19T11:58:16.985131
0d6258a4-46e6-4ba8-8d71-f9fc6b1baa69,1,,account.transaction.receive,"source_category=client_ledger, client=HDC MEHAR MEHDI SB JPS, account=(MCB 77661 )ADNAN AHMED, amount=1500000.0, discount=0.0",2026-06-19T12:35:58.755588
3ad881b8-7c89-4f10-aa04-f110d440e854,1,,account.transaction.receive,"source_category=client_ledger, client=RAJA MUDASIR SB JPS, account=FBM  CASH, amount=100500.0, discount=388.5",2026-06-19T14:37:42.482893
2bbe5c7d-cd2f-4fda-bbed-5ebdc0c4258e,1,,account.transaction.client_refund,"from=FBM  CASH, client=GHULAM GHOUS SB JPS, amount=6060.0",2026-06-20T11:13:24.159401
c3acd2f8-98bf-4bd6-a19b-362188598b7c,4,,account.transaction.receive,"source_category=client_ledger, client=NASAR IQBAL BUTT SB JPS, account=FBM  CASH, amount=34000.0, discount=264.0",2026-06-20T13:20:33.867247
ee6c4bde-0e81-4460-948e-bd404d8fdfb3,4,,transaction.void.Booking,"id=264, reason=",2026-06-20T15:12:25.268412
ae6a71a2-aa4e-4c03-a839-a3446a416248,4,,transaction.void.DirectSale,"id=1398, reason=",2026-06-20T16:51:06.062509
b8a223c8-a64c-4b2a-92d9-9f92188c9675,4,,account.transaction.client_refund,"from=FBM  CASH, client=HAJI AKRAM SB CONT DOYIAN, amount=6537.6",2026-06-21T12:10:08.328859
25818c1c-c091-4160-8e1c-210a41dc9c91,4,,account.transaction.client_refund,"from=FBM  CASH, client=MUHAMMAD ARSHAD SB DHINDA POTAN WALAY, amount=35988.0",2026-06-21T12:43:52.268946
7d722f9b-7880-4008-a281-692bd7d725be,4,,transaction.void.DirectSale,"id=1144, reason=",2026-06-21T13:19:47.278123
1231a910-d679-4a98-92c2-04a3ab5db1e8,4,,account.transaction.receive,"source_category=client_ledger, client=AURANGZEB SB KOANKH, account=FBM  CASH, amount=1.0, discount=6299.0",2026-06-21T13:57:27.166537
b5212aa8-138c-4971-b2dc-d96965093ea5,4,,account.transaction.receive,"source_category=client_ledger, client=MAZHAR SB RUPOWAL DERA, account=FBM  CASH, amount=375000.0, discount=0.0",2026-06-21T15:05:34.063912
02a3b17b-815a-48f2-b26e-00e95c09e8e3,4,,transaction.void.DirectSale,"id=1339, reason=",2026-06-21T15:55:25.538215
94352e1e-6b9e-407f-9bf4-3d994029bda4,4,,account.transaction.receive,"source_category=client_ledger, client=MUHAMMAD ABID SB KOANKH, account=FBM  CASH, amount=100000.0, discount=0.0",2026-06-21T16:35:02.912026
abb87aae-2fa0-4013-9996-3f182b1d8734,4,,transaction.void.DirectSale,"id=1399, reason=",2026-06-21T16:50:20.050335
49b2f534-83a8-4b82-bc07-353c521cd34a,4,,account.transaction.receive,"source_category=client_ledger, client=RAZAQ SB KHANPUR KHOKHAR, account=FBM  CASH, amount=44000.0, discount=0.8",2026-06-22T11:20:33.267756
f108f014-cd81-4798-8826-1f6bcd87d82e,4,,account.transaction.receive,"source_category=client_ledger, client=MIRZA NAZAR BAIG SB KOANKH, account=FBM  CASH, amount=11150.0, discount=0.0",2026-06-22T13:49:44.450552
36058e5e-9564-4498-aa47-428893c3295d,4,,account.transaction.receive,"source_category=client_ledger, client=QAISER SB JPS, account=FBM  CASH, amount=9400.0, discount=140.0",2026-06-22T14:12:50.229771
877f9b0a-b8ad-49ac-8a45-09f5e6bb2da8,4,,account.transaction.receive,"source_category=client_ledger, client=MUHAMMAD ARSHAD SB GHURAL (SUBEDAR QADAR DAD SB), account=FBM  CASH, amount=53000.0, discount=607.0",2026-06-22T14:33:26.486935
0c27c0a0-5dac-4fe7-b148-a2ab33fca966,4,,account.transaction.receive,"source_category=client_ledger, client=DR EHSAN SB DHINDA, account=(MCB 77661 )ADNAN AHMED, amount=43375.0, discount=0.0",2026-06-22T17:44:21.647319
056744fd-6791-41f4-8d73-455d9e16ba45,4,,account.transaction.receive,"source_category=client_ledger, client=SHERAZ SB MALIK PUR, account=FBM  CASH, amount=1.0, discount=12810.0",2026-06-23T09:24:18.836995
88a2c319-b802-4534-bc4a-bfc9f49eda93,4,,account.transaction.receive,"source_category=client_ledger, client=MASTER ZAHOOR SB JPS, account=(MCB 77661 )ADNAN AHMED, amount=50000.0, discount=0.0",2026-06-23T09:28:18.468178
7072becc-c173-4053-bb21-bd904bbc6c4e,4,,account.transaction.receive,"source_category=client_ledger, client=MUHAMMAD ASGHAR FAUJI SB JPS, account=FBM  CASH, amount=20000.0, discount=0.0",2026-06-23T10:31:45.246139
cdbabcfa-a186-4a30-a3ee-b3cfa59ff2e6,4,,transaction.void.DirectSale,"id=1404, reason=",2026-06-23T13:08:20.437460
a8c35d98-dcdb-4877-a451-dcc33849d136,4,,transaction.void.DirectSale,"id=1383, reason=",2026-06-23T13:08:26.995140
ff0b3133-e76f-496f-8493-8f1aaf367eab,4,,transaction.void.DirectSale,"id=1345, reason=",2026-06-23T13:08:32.273831
0c93e4c7-99df-4763-b4e8-583b7520aa6f,4,,transaction.void.DirectSale,"id=1152, reason=",2026-06-23T13:08:38.052557
8dfaffbd-521e-402d-aed7-9b7a70f48d20,4,,transaction.void.DirectSale,"id=1151, reason=",2026-06-23T13:08:42.797687
98c63198-7eae-413b-a0d7-634314842182,4,,account.transaction.receive,"source_category=client_ledger, client=SHEHBAZ BAIG SB KOANKH, account=FBM  CASH, amount=14500.0, discount=0.0",2026-06-23T13:10:20.471041
e70b0da9-08a9-4300-bd4d-87625ec1030b,4,,transaction.void.Booking,"id=237, reason=",2026-06-23T13:34:13.641325
7e4c9083-b6a7-42bd-859a-ec2ae54a8972,4,,account.transaction.receive,"source_category=client_ledger, client=NADEEM SB DHINDA, account=(MCB 77661 )ADNAN AHMED, amount=100000.0, discount=0.0",2026-06-23T15:03:18.984283
8d77bfac-2a7d-4a65-b07b-acfe0c4e41c6,4,,account.transaction.receive,"source_category=client_ledger, client=MUHAMMAD SHABEER SB CONT TIBBA AJNALA, account=FBM  CASH, amount=1.0, discount=449.0",2026-06-23T15:50:26.462942
2d5876ca-250c-406b-9167-36e0980770ff,4,,account.transaction.receive,"source_category=client_ledger, client=ABDUL AZIZ SB DEDHAR SHARIF, account=(MCB 77661 )ADNAN AHMED, amount=29500.0, discount=0.0",2026-06-24T09:23:56.189211
572593dd-c73d-4821-870d-cd3ed0cbdf3e,4,,account.transaction.receive,"source_category=client_ledger, client=MAZHAR SB RUPOWAL DERA, account=FBM  CASH, amount=100000.0, discount=0.2",2026-06-24T10:29:56.751028
723fc15c-d29d-4c79-8f7f-a3da80ea3135,4,,account.transaction.receive,"source_category=client_ledger, client=MIRZA NAZAR BAIG SB KOANKH, account=FBM  CASH, amount=50000.0, discount=0.0",2026-06-24T10:48:23.714756
a5c6156c-db6b-4ebc-a297-a838a37209f6,4,,account.transaction.receive,"source_category=client_ledger, client=QAISER SB JPS, account=FBM  CASH, amount=5000.0, discount=0.0",2026-06-24T10:58:32.030456
e5d8e8cf-6d16-47b0-a2a9-05170543fe01,4,,account.transaction.receive,"source_category=client_ledger, client=NADEEM SB DHINDA, account=FBM  CASH, amount=20000.0, discount=0.0",2026-06-24T14:20:32.337097
2e10e76b-127f-4667-a438-698f299021f5,4,,account.transaction.receive,"source_category=client_ledger, client=MUHAMMAD RAZAQ SB JPS, account=FBM  CASH, amount=14500.0, discount=0.0",2026-06-24T14:25:30.573990
5641e435-ee85-4e81-be76-680e0f9c8d20,4,,account.transaction.receive,"source_category=client_ledger, client=MUHAMMAD RAZAQ SB JPS, account=FBM  CASH, amount=13040.0, discount=4.0",2026-06-25T10:16:13.646883
810f1a1f-83b0-4563-b6a1-dc0d347092e0,4,,account.transaction.client_refund,"from=FBM  CASH, client=AFGHAN SB GHURAL, amount=42600.0",2026-06-25T12:35:59.025718
ca7b039b-22e0-4e25-b53a-00520e0ca537,4,,transaction.void.Payment,"id=427, reason=",2026-06-25T13:53:27.723939
c8aa2821-beb6-49d6-85a2-27298c31c02c,4,,account.transaction.client_refund,"from=FBM  CASH, client=NADEEM SB DHINDA, amount=20000.0",2026-06-25T13:58:22.181183
6a1b0f44-a767-4f90-908d-81992fa9ecd4,4,,account.transaction.client_refund,"from=FBM  CASH, client=NADEEM SB DHINDA, amount=8000.0",2026-06-25T14:01:49.354359
10dcf12c-c323-4aa5-82bd-5de2de71f122,4,,account.transaction.receive,"source_category=client_ledger, client=RAJA PARWEZ SB RANGPUR, account=FBM  CASH, amount=32000.0, discount=0.0",2026-06-25T15:30:00.249167
f3533b4c-9ba7-44f7-8d15-73d6687fb4e7,4,,account.transaction.receive,"source_category=client_ledger, client=RAJA ARSHAD SB JAGUWAN, account=FBM  CASH, amount=121480.0, discount=4.0",2026-06-25T15:31:33.516486
65b36ae7-de43-4ecb-b102-2c37dcfe0db0,4,,account.transaction.client_refund,"from=FBM  CASH, client=AURANGZEB SB KOANKH, amount=50325.6",2026-06-27T10:35:09.682894
7f6f3c07-f24b-4b8f-b042-962d34d718ef,4,,account.transaction.receive,"source_category=client_ledger, client=IRFAN SB JPS (ATEEQ SB), account=FBM  CASH, amount=50000.0, discount=0.0",2026-06-27T10:39:54.513051
5b23d581-8dc8-4201-ab48-cec2886eaee1,4,,transaction.void.Payment,"id=414, reason=",2026-06-27T11:58:47.165531
72c737eb-5ffb-4453-b51e-108f69be565c,4,,transaction.void.DirectSale,"id=1157, reason=",2026-06-27T11:59:05.118132
b369ddb4-c834-408a-967f-2c876f80f4cd,4,,account.transaction.receive,"source_category=client_ledger, client=QAISER SB JPS, account=FBM  CASH, amount=9000.0, discount=0.0",2026-06-27T12:00:39.855088
49c82923-9be3-4f45-af12-f6724c7d18de,4,,account.transaction.client_refund,"from=FBM  CASH, client=HAJI WARIS SB JPS, amount=250503.0",2026-06-27T12:09:07.196580
3d9aed59-b58f-4d38-9dce-154eee415abe,4,,account.transaction.receive,"source_category=client_ledger, client=SHABEER HUSSAIN SB PARSUWAL, account=FBM  CASH, amount=14000.0, discount=500.0",2026-06-27T14:26:43.572674
72a02ac0-16b4-4971-991d-5c5dd6010d27,4,,account.transaction.receive,"source_category=client_ledger, client=MUHAMMAD SHABEER SB CONT TIBBA AJNALA, account=FBM  CASH, amount=14000.0, discount=0.0",2026-06-27T15:27:35.213118
cdc52a88-fd87-4265-9fc2-acd1b1bfbc38,4,,transaction.void.Payment,id=444,2026-06-27T15:29:49.134281
fdfb4f12-89f3-4f9f-aaf1-a20d4dc628b8,4,,account.transaction.receive,"source_category=client_ledger, client=MUHAMMAD SHABEER SB CONT TIBBA AJNALA, account=FBM  CASH, amount=14000.0, discount=450.0",2026-06-27T15:31:00.934348
10e3a27c-8b13-426e-b5ba-9ee22ce6f0f9,4,,transaction.void.Payment,"id=421, reason=",2026-06-27T15:59:48.771583
5951413a-9bc3-4e53-9e98-d8b4c51d5fbb,4,,account.transaction.receive,"source_category=client_ledger, client=NADEEM SB DHINDA, account=(MCB 77661 )ADNAN AHMED, amount=130000.0, discount=0.0",2026-06-27T16:00:41.841036
44de84b6-189e-4a86-91f3-e23a04a69d8e,4,,account.transaction.receive,"source_category=client_ledger, client=KASHIF SB DHINDA, account=FBM  CASH, amount=32000.0, discount=0.0",2026-06-27T16:06:28.865651
d1b08bc0-262d-4ad2-b7bf-fbbf0b667415,4,,account.transaction.receive,"source_category=client_ledger, client=MASTER ZAHOOR SB JPS, account=(MCB 77661 )ADNAN AHMED, amount=35000.0, discount=0.0",2026-06-27T16:27:12.902475
ad5ab17e-9a23-4507-9a5b-b472cf24cc16,4,,account.transaction.receive,"source_category=client_ledger, client=ATIF BAIG SB KOANKH, account=(MCB 77661 )ADNAN AHMED, amount=31250.0, discount=0.0",2026-06-28T11:34:01.069201
3cb57780-c700-4880-a5dd-77b76808b067,4,,account.transaction.receive,"source_category=client_ledger, client=HAJI YOUSUF BUTT JPS, account=FBM  CASH, amount=71000.0, discount=0.0",2026-06-28T13:52:53.371175
6f035ebb-4f38-4311-b3ea-2a39000a7f2c,4,,account.transaction.receive,"source_category=client_ledger, client=RAOOF SB GHURAL, account=FBM  CASH, amount=1.0, discount=499.0",2026-06-28T14:44:47.851392
5555d86a-0142-457a-9d33-723be5363b11,4,,account.transaction.receive,"source_category=client_ledger, client=HAJI WARIS SB JPS, account=FBM  CASH, amount=27400.0, discount=0.0",2026-06-28T14:54:04.648447
b7ddfdce-de60-44ba-aa06-ddec054bd100,4,,account.transaction.receive,"source_category=client_ledger, client=ALI SHAN SB RANGRA, account=FBM  CASH, amount=12500.0, discount=0.0",2026-06-28T14:59:49.940804
6c74df16-cd90-496d-82d7-1a3439b5b25b,4,,account.transaction.receive,"source_category=client_ledger, client=RAOOF SB GHURAL, account=FBM  CASH, amount=1.0, discount=4969.0",2026-06-28T15:04:37.864112
815dec85-f7d4-4a43-97ec-2397b8364ccd,4,,account.transaction.receive,"source_category=client_ledger, client=RAJA PARWEZ SB RANGPUR, account=FBM  CASH, amount=27700.0, discount=83.0",2026-06-28T16:51:13.077577
e1fa57ee-eb7e-4aee-bd72-f966d43a3225,4,,account.transaction.receive,"source_category=client_ledger, client=RAJA PARWEZ SB RANGPUR, account=FBM  CASH, amount=119000.0, discount=0.0",2026-06-28T16:57:37.874377
185200cf-e009-487b-9658-e8ce59c2c123,4,,account.transaction.receive,"source_category=client_ledger, client=ASIF SB KOANKH, account=FBM  CASH, amount=100000.0, discount=0.0",2026-06-29T10:52:00.180283
754aaa33-830d-44ce-b541-f1cdeb79d105,4,,account.transaction.receive,"source_category=client_ledger, client=MALIK ILYAS SB JPS, account=FBM  CASH, amount=24000.0, discount=0.0",2026-06-29T13:28:43.894614
c1eb7d8d-822c-4bda-ad89-54ea1989ccf0,4,,account.transaction.receive,"source_category=client_ledger, client=MUHAMMAD AKRAM SB SANTAL SURKHIYAN, account=(ALFALAH 37737) FAZAL BUILDING MATERIAL JPS, amount=120000.0, discount=0.0",2026-06-29T13:36:48.090199
32b79454-74dd-4253-aa72-e14f619af8cd,4,,account.transaction.receive,"source_category=client_ledger, client=SAFDAR ALI SB AJNALA (ASLAM CONT), account=FBM  CASH, amount=1.0, discount=5499.0",2026-06-29T15:04:08.756490
041de68f-e3b5-4fb0-a246-1ecabe09bdf5,4,,transaction.void.DirectSale,"id=1598, reason=",2026-06-29T15:36:35.047521
eb04eb35-445e-4f34-b53a-d7b1ebec6f19,4,,account.transaction.receive,"source_category=client_ledger, client=JAMEEL SB JAGWAN, account=FBM  CASH, amount=1.0, discount=6999.0",2026-06-29T15:59:30.231575
fcbe5ce4-91f8-4fc3-b850-e40fc97b2b53,4,,account.transaction.receive,"source_category=client_ledger, client=JAMEEL SB JAGWAN, account=(ALFALAH 37737) FAZAL BUILDING MATERIAL JPS, amount=29250.0, discount=0.0",2026-06-29T16:00:21.749873
d46114c5-dd2e-4ef2-854c-2f5f2e67a724,4,,account.transaction.receive,"source_category=client_ledger, client=ASIF HUSSAIN JPS (ALI ALMUNIUM), account=FBM  CASH, amount=40000.0, discount=0.0",2026-06-29T16:39:32.971730
def07acb-fcca-41b4-aacc-d422cab288c5,4,,account.transaction.receive,"source_category=client_ledger, client=SUBEDAR MUHAMMAD ARSHAD SB KHANPUR KHOKHAR, account=FBM  CASH, amount=90000.0, discount=0.0",2026-06-29T17:03:32.577803
4eb29425-106f-4a63-add9-1b382a672f09,4,,account.transaction.receive,"source_category=client_ledger, client=SUBEDAR MUHAMMAD ARSHAD SB KHANPUR KHOKHAR, account=FBM  CASH, amount=50000.0, discount=0.0",2026-06-29T17:08:14.207960
db77e2a7-76c8-4b48-9270-5e7349cfe3ab,4,,account.transaction.receive,"source_category=client_ledger, client=TALHA SB JPS, account=FBM  CASH, amount=1.0, discount=1999.0",2026-06-29T17:16:52.690578
e396b64b-57c3-4827-ab38-0514354f17bd,4,,account.transaction.receive,"source_category=client_ledger, client=QAISER SB JPS, account=FBM  CASH, amount=5000.0, discount=0.0",2026-06-30T11:29:06.713902
c0d7f319-f9ef-46a1-a471-ef9793b81744,4,,account.transaction.receive,"source_category=client_ledger, client=NASAR IQBAL BUTT SB JPS, account=FBM  CASH, amount=790.0, discount=0.0",2026-06-30T11:45:59.234770
31e1d826-969b-46ba-8859-feef45423f99,4,,account.transaction.receive,"source_category=client_ledger, client=GHULAM SARWAR SB JPS(HAJI JAVED SB), account=FBM  CASH, amount=16800.0, discount=0.0",2026-06-30T12:32:52.274634
dde1650b-13c1-408e-b029-2aeea608d105,4,,transaction.void.Booking,"id=251, reason=",2026-06-30T13:13:47.025636
b12a87aa-3755-4f03-9462-9579629d5f57,4,,transaction.void.DirectSale,"id=1483, reason=",2026-06-30T13:13:56.138313
107bfe43-6a93-44b3-b477-fe12019f1685,4,,account.transaction.receive,"source_category=client_ledger, client=SAIF ULLAH SB KOANKH, account=FBM  CASH, amount=14800.0, discount=15.0",2026-06-30T14:32:58.353947
9aec78e0-f6bd-45b2-8a06-4bbe99da1466,4,,account.transaction.receive,"source_category=client_ledger, client=ALI SHAN SB RANGRA, account=FBM  CASH, amount=142000.0, discount=136.9",2026-06-30T15:20:20.754588
4ee2e0d6-5237-4cb6-b9d0-8d01b3f3a4a3,4,,account.transaction.receive,"source_category=client_ledger, client=ATEEQ UR REHMAN SB DHINDA, account=FBM  CASH, amount=7550.0, discount=0.0",2026-06-30T15:43:25.929728
a9b77b3d-b878-4068-95e6-c9a75a4176d3,4,,account.transaction.client_refund,"from=FBM  CASH, client=ATEEQ UR REHMAN SB DHINDA, amount=4000.0",2026-06-30T15:44:15.595396
3fcf2a1a-e1da-4c9d-b5cd-adea235a7ef6,4,,account.transaction.receive,"source_category=client_ledger, client=KHALIL AHMED SB DHINDA KALAAN, account=FBM  CASH, amount=35000.0, discount=136.0",2026-06-30T16:17:06.652857
705049a9-1e1a-42b5-9197-c69a5257b220,4,,account.transaction.receive,"source_category=client_ledger, client=NASAR IQBAL BUTT SB JPS, account=FBM  CASH, amount=7500.0, discount=360.0",2026-06-30T17:09:53.859714
5dfec763-b243-4ee5-beb6-cce48aa0febf,4,,account.transaction.receive,"source_category=client_ledger, client=ABDUL SATTAR SB DHINDA FARM, account=FBM  CASH, amount=25000.0, discount=0.0",2026-06-30T17:19:02.630314
c230545a-b998-49f8-8ea0-c32afa82e5e9,4,,account.transaction.receive,"source_category=client_ledger, client=IRFAN SB DEDHAR SHARIF, account=FBM  CASH, amount=200000.0, discount=0.0",2026-07-01T12:47:26.044653
ea31b5c2-aee5-42ea-a286-2ec0b51e6a07,4,,account.transaction.receive,"source_category=client_ledger, client=IRFAN SB DEDHAR SHARIF, account=FBM  CASH, amount=170000.0, discount=500.0",2026-07-01T12:48:46.130951
5b23d3e8-e4df-4379-98d8-6df27d5402d1,4,,account.transaction.receive,"source_category=client_ledger, client=HAJI WARIS SB JPS, account=FBM  CASH, amount=23300.0, discount=49.99",2026-07-01T13:18:48.053927
59b875d9-494a-4c9d-9933-22d7b52a9b40,4,,account.transaction.receive,"source_category=client_ledger, client=HAJI IQBAL SB JPS, account=FBM  CASH, amount=1.0, discount=1197.0",2026-07-01T13:36:37.538196
8108926c-8a2c-470e-88d0-aa5ac8e23316,4,,account.transaction.receive,"source_category=client_ledger, client=GHULAM MURTZA SB KOANKH, account=FBM  CASH, amount=21400.0, discount=50.0",2026-07-01T13:56:38.963700
b19b2c09-8ceb-402a-b71c-6b41d8cacc45,4,,account.transaction.receive,"source_category=client_ledger, client=SUBEDAR MUHAMMAD ARSHAD SB KHANPUR KHOKHAR, account=FBM  CASH, amount=50000.0, discount=0.0",2026-07-01T14:47:07.990487
bf71b2f3-9bed-4627-a9b7-befef0fa7e81,4,,account.transaction.receive,"source_category=client_ledger, client=SHAMRAIZ SB JAGUWAN, account=(MCB 77661 )ADNAN AHMED, amount=75350.0, discount=0.0",2026-07-01T14:53:11.491760
d2eb3e18-be39-455f-888c-d6f8f513c174,4,,account.transaction.receive,"source_category=client_ledger, client=ASIF HUSSAIN JPS (ALI ALMUNIUM), account=FBM  CASH, amount=50000.0, discount=0.0",2026-07-02T11:48:35.822844
7966299c-df99-400b-a8d1-337d8cdb0ce8,4,,transaction.void.DirectSale,"id=1656, reason=",2026-07-02T11:58:41.651774
25334a1c-04c5-4e66-a3ff-5d399588ab97,4,,account.transaction.receive,"source_category=client_ledger, client=MUHAMMAD RAFEEQ SB AJNALA, account=FBM  CASH, amount=41700.0, discount=1900.0",2026-07-02T12:26:09.669319
d9c7f73c-eba3-4e1b-8c85-8e20a677905b,4,,account.transaction.receive,"source_category=client_ledger, client=MUHAMMAD RAFEEQ SB AJNALA, account=FBM  CASH, amount=1.0, discount=299.0",2026-07-02T12:30:36.527603
ff109d26-02a0-4cf1-a690-ba9f8946a763,4,,account.transaction.receive,"source_category=client_ledger, client=RAJA ARSHAD SB JAGUWAN, account=FBM  CASH, amount=25500.0, discount=210.37",2026-07-02T13:02:27.005411
455e262e-c0f3-4c43-a26c-c6ce1d3979f9,4,,account.transaction.client_refund,"from=FBM  CASH, client=MIRZA NAZAR BAIG SB KOANKH, amount=2813.0",2026-07-02T13:04:06.855853
994ae6c1-b6c0-43ee-8309-382741d5d55c,4,,account.transaction.receive,"source_category=client_ledger, client=MAQSOOD SB MALAK PUR, account=FBM  CASH, amount=34000.0, discount=3077.0",2026-07-04T10:52:20.233819
7c117f72-fdc0-4600-a2be-cf1ab2bd9f7f,4,,account.transaction.receive,"source_category=client_ledger, client=NADEEM SB DHINDA, account=FBM  CASH, amount=76500.0, discount=340.0",2026-07-04T11:03:25.256207
bd826485-1988-4943-a897-3ecaf2e78ec1,4,,account.transaction.receive,"source_category=client_ledger, client=DR AMIN SB JPS, account=FBM  CASH, amount=150000.0, discount=0.0",2026-07-04T11:39:19.985744
22f6b9aa-6ce0-44f7-8a05-105f4bb259bb,4,,account.transaction.receive,"source_category=client_ledger, client=DR AMIN SB JPS, account=FBM  CASH, amount=1.0, discount=11611.0",2026-07-04T11:40:41.437367
a4d2fd9f-0354-4d6d-86ab-a32013cbd7a1,4,,account.transaction.receive,"source_category=client_ledger, client=HAJI WARIS SB JPS, account=FBM  CASH, amount=39500.0, discount=120.51",2026-07-04T16:06:40.192414
ed58a93f-f5da-41bc-8664-47b2f70432a9,4,,account.transaction.receive,"source_category=client_ledger, client=SYED SHAFQAT ABBAS SB GHURAIRA, account=FBM  CASH, amount=3600.0, discount=0.0",2026-07-04T16:27:06.665355
3e3cf1ac-8dc9-4dba-bea4-0f592c5c3a29,4,,account.transaction.receive,"source_category=client_ledger, client=GHULAM MURTZA SB KOANKH, account=FBM  CASH, amount=14600.0, discount=0.0",2026-07-04T17:07:32.002641
5f36742b-8bde-4c3b-9bed-0129ef3a6c3d,4,,account.transaction.receive,"source_category=client_ledger, client=FAISAL SB AJNALA, account=FBM  CASH, amount=4622.0, discount=0.0",2026-07-04T17:08:28.898141
e40d2ec4-3ab4-4b24-9211-d0c4008ba573,4,,account.transaction.receive,"source_category=client_ledger, client=KHALID SB HANDA DERHA, account=FBM  CASH, amount=37278.0, discount=0.1",2026-07-05T13:02:48.351674
22b51721-0e76-443c-859f-3b96cb98a898,4,,account.transaction.receive,"source_category=client_ledger, client=MAZHAR SB RUPOWAL DERA, account=FBM  CASH, amount=47380.0, discount=0.0",2026-07-05T14:25:02.823527
65e379d3-f9e6-4f86-a089-77cde341641e,4,,transaction.void.DirectSale,"id=1553, reason=",2026-07-07T12:36:10.404509
e912569f-5e38-40c9-ace0-7e797f8d33ab,4,,transaction.void.DirectSale,"id=1517, reason=",2026-07-07T12:37:13.920858
72e5d01b-33d4-457f-9fbb-23b7b0b5a384,4,,account.transaction.receive,"source_category=client_ledger, client=ABDUL SATTAR SB DHINDA FARM, account=FBM  CASH, amount=28000.0, discount=0.0",2026-07-07T15:15:40.778603
375e1cc5-6007-46a8-890b-7956971b0cc5,4,,transaction.void.Payment,"id=443, reason=",2026-07-08T12:27:02.685824
f0c94cf0-5354-47c2-8e7f-d0d207f1e107,4,,account.transaction.receive,"source_category=client_ledger, client=SHABEER HUSSAIN SB PARSUWAL, account=FBM  CASH, amount=34000.0, discount=0.0",2026-07-08T12:28:06.489094
3c8ad6cb-8d66-4e38-9b6e-fe2a23fec4c1,4,,account.transaction.receive,"source_category=client_ledger, client=NADEEM BUTT SB JPS, account=(MCB 77661 )ADNAN AHMED, amount=650000.0, discount=0.0",2026-07-08T15:20:40.588384
deadfc22-f5e5-4e1d-af62-316accbd88e9,4,,account.transaction.receive,"source_category=client_ledger, client=ABDULLAH SB KOANKH, account=FBM  CASH, amount=10000.0, discount=0.0",2026-07-08T15:48:36.907433
a2bbdb78-f848-488e-ab2d-9e964cef0718,4,,account.transaction.receive,"source_category=client_ledger, client=ALI SHAN SB RANGRA, account=FBM  CASH, amount=1.0, discount=1999.0",2026-07-09T10:10:40.946067
7ae5862e-90b9-4819-9f37-a64d051460f4,4,,account.transaction.receive,"source_category=client_ledger, client=NADEEM BUTT SB JPS, account=FBM  CASH, amount=400000.0, discount=0.0",2026-07-09T11:19:45.998863
f159051a-8cfa-4987-8872-9bb24e69c4ff,4,,account.transaction.receive,"source_category=client_ledger, client=HAJI ASHFAQ SB JPS, account=FBM  CASH, amount=50000.0, discount=0.0",2026-07-09T11:27:55.298558
9bd701d4-1c42-4ef4-9998-20d597f10f56,4,,account.transaction.receive,"source_category=client_ledger, client=SHEHBAZ SB RANGPUR, account=FBM  CASH, amount=50000.0, discount=0.0",2026-07-09T12:00:52.535694
3a575d31-4c78-40b3-8f33-b33f2ca0efde,4,,account.transaction.receive,"source_category=client_ledger, client=KHALIL AHMED SB DHINDA KALAAN, account=FBM  CASH, amount=104500.0, discount=310.0",2026-07-09T13:21:16.526281
24d3ad90-77a5-4efb-afc5-c67e7f5648c1,4,,account.transaction.receive,"source_category=client_ledger, client=KASHIF SB DHINDA, account=FBM  CASH, amount=6000.0, discount=0.0",2026-07-09T13:30:26.472955
4faa787c-8008-4212-a951-985ffb140a2f,4,,account.transaction.receive,"source_category=client_ledger, client=NADEEM BUTT SB JPS, account=FBM  CASH, amount=300000.0, discount=0.0",2026-07-10T12:50:06.065021
9d3982a4-98fa-4ceb-a1ba-c9ecc3860ada,4,,account.transaction.receive,"source_category=client_ledger, client=ARIF BAIG SB KOANKH (ASIM BAIG), account=FBM  CASH, amount=50000.0, discount=0.0",2026-07-10T13:05:57.559129
bc2934c0-bff8-4bcc-bcff-bff872f5c831,4,,account.transaction.receive,"source_category=client_ledger, client=NADEEM BUTT SB JPS, account=(MCB 77661 )ADNAN AHMED, amount=150000.0, discount=0.0",2026-07-11T09:40:07.169912
5a4777b5-9a85-4525-bc48-c8a34c84c3a3,4,,account.transaction.receive,"source_category=client_ledger, client=FAKHAR SHAH SB AJNALA, account=FBM  CASH, amount=52450.0, discount=0.0",2026-07-11T09:50:04.042273
782a5fc2-889b-4fe0-9af6-2919a81a2749,4,,account.transaction.receive,"source_category=client_ledger, client=SUBEDAR MUHAMMAD ARSHAD SB KHANPUR KHOKHAR, account=FBM  CASH, amount=50000.0, discount=0.0",2026-07-11T12:54:08.310566
849e43f7-ebaf-4c7e-9fc3-03660dc7e8a1,4,,account.transaction.receive,"source_category=client_ledger, client=CHAND SB CONT KOANKH, account=FBM  CASH, amount=64250.0, discount=0.0",2026-07-11T14:41:13.570060
27f49ca5-207b-43c0-9259-f368b0878a30,4,,account.transaction.receive,"source_category=client_ledger, client=MUHAMMAD AKRAM SB SANTAL SURKHIYAN, account=FBM  CASH, amount=189000.0, discount=0.0",2026-07-11T14:55:23.023919
0006f6f2-7aea-4922-900f-8cf7c01992d4,4,,account.transaction.receive,"source_category=client_ledger, client=GHULAM MURTZA SB KOANKH, account=FBM  CASH, amount=37000.0, discount=250.0",2026-07-11T15:31:12.347393
804fe4f0-70a2-4e16-af7c-dd46e8549090,4,,account.transaction.receive,"source_category=client_ledger, client=ABDUL AZEEM SB KHAN PUR KHOKHAR, account=(ALFALAH 37737) FAZAL BUILDING MATERIAL JPS, amount=72841.0, discount=1270.0",2026-07-11T16:22:35.137944
db72f137-01f5-4564-9e86-a46144683c3b,4,,account.transaction.receive,"source_category=client_ledger, client=MUSHTAQ SB JPS, account=FBM  CASH, amount=10000.0, discount=0.0",2026-07-11T16:52:11.184169
03e4fe27-2b81-48a9-acd5-b89a7f8646b4,4,,account.transaction.receive,"source_category=client_ledger, client=RAOOF SB GHURAL, account=FBM  CASH, amount=1.0, discount=34693.0",2026-07-11T17:08:00.012770
cc9f3c0f-f7d3-488e-8514-b1b476ec94c7,4,,transaction.void.Payment,"id=528, reason=",2026-07-11T17:09:13.096392
1b286190-71c3-4f98-927f-26d4060cd0e8,4,,account.transaction.receive,"source_category=client_ledger, client=RAOOF SB GHURAL, account=FBM  CASH, amount=1.0, discount=28536.99",2026-07-11T17:14:44.517775
5cd07700-529c-4cc6-9fcf-3b7bef2467da,4,,transaction.void.DirectSale,"id=1795, reason=",2026-07-12T10:37:02.918121
295d9edb-20b6-49d2-a38e-fd2186b8672c,4,,transaction.void.DirectSale,"id=1818, reason=",2026-07-12T15:30:19.669942
964194ae-799e-46ac-83ea-80f1e9cdc04c,4,,transaction.void.Payment,"id=527, reason=",2026-07-12T15:31:33.450667
e2ee56c0-ce74-4e37-9240-3922174d23f7,4,,account.transaction.receive,"source_category=client_ledger, client=FAKHAR SHAH SB AJNALA, account=(ALFALAH 37737) FAZAL BUILDING MATERIAL JPS, amount=45200.0, discount=70.0",2026-07-12T15:55:10.879378
ce4e369f-5387-430c-830c-eed69ec61b0e,4,,transaction.void.DirectSale,"id=1820, reason=",2026-07-12T15:56:13.498275
302cd429-4146-48aa-bb0e-c11063582c31,4,,transaction.void.DirectSale,"id=1792, reason=",2026-07-12T15:56:18.496188
73b22d15-74f0-4e2d-b01b-60d75614dcfa,4,,transaction.void.DirectSale,"id=1765, reason=",2026-07-12T15:56:22.954806
2e62949c-0b94-4833-be2b-6cb265e1d317,4,,transaction.void.DirectSale,"id=1764, reason=",2026-07-12T15:56:27.765800
5d24f34e-00e5-4ceb-b04f-538d7724b688,4,,transaction.void.DirectSale,"id=1761, reason=",2026-07-12T15:56:33.135692
b1f6dccc-4fc8-4a7d-bac5-884ed8c86dac,4,,transaction.void.DirectSale,"id=1744, reason=",2026-07-12T16:07:05.552617
65df2d27-988a-4a55-9c83-22c371d836d3,4,,transaction.void.DirectSale,"id=1744, reason=",2026-07-12T16:07:06.979110
4d3db6cf-54f7-484b-ac25-5a38e025c1cb,4,,transaction.void.DirectSale,"id=1744, reason=",2026-07-12T16:07:09.088699
bac5532c-035d-4745-b7d6-d7553e915e61,4,,transaction.void.DirectSale,"id=1740, reason=",2026-07-12T16:07:14.834695
eae7f165-b41d-464a-abb7-df618144393f,4,,transaction.void.DirectSale,"id=1731, reason=",2026-07-12T16:07:21.145025
149d4755-cff5-4d50-93e9-ccfbb547243b,4,,transaction.void.DirectSale,"id=1731, reason=",2026-07-12T16:07:23.222466
b247e9bb-9f7f-4509-861f-31262320ee0d,4,,transaction.void.DirectSale,"id=1721, reason=",2026-07-12T16:07:28.110366
a7f67a7f-9d5b-493e-aed2-f0e9213bbbbc,4,,transaction.void.DirectSale,"id=1721, reason=",2026-07-12T16:07:29.847565
021c2627-2a2d-4ad1-8f17-2be2b7b0c249,4,,transaction.void.DirectSale,"id=1721, reason=",2026-07-12T16:07:32.411319
4fec2900-b827-40f4-be64-341ac76e11b3,4,,transaction.void.DirectSale,"id=1687, reason=",2026-07-12T16:07:36.691385
8ea7f9af-7974-44a5-8160-246814e0478a,4,,transaction.void.DirectSale,"id=1706, reason=",2026-07-12T16:07:42.877160
1e3fa81f-4840-4d75-9121-c6f90e04d97a,4,,transaction.void.Booking,"id=241, reason=",2026-07-12T16:09:12.204488
9d1668a8-0741-40b5-bdb8-24bbce3391d7,4,,transaction.void.Payment,"id=355, reason=",2026-07-12T16:09:18.785088
cc378483-728a-45f7-b6e1-3725ce999790,4,,transaction.void.DirectSale,"id=1362, reason=",2026-07-12T16:09:25.920696
e40cf391-1a72-4393-afeb-af487ec4a7d4,4,,transaction.void.DirectSale,"id=1363, reason=",2026-07-12T16:09:32.487993
45cd8b91-66d2-4e0b-a43a-18e034f62248,4,,transaction.void.DirectSale,"id=1364, reason=",2026-07-12T16:09:39.085182
a5a6a052-454b-4dfc-8754-20ecddd04538,4,,transaction.void.Payment,"id=399, reason=",2026-07-12T16:09:45.323286
4d2eb029-2e78-48c9-b568-a668914d7269,4,,transaction.void.Booking,"id=312, reason=",2026-07-12T16:09:51.648378
82b9f3d1-be13-4055-b17b-b79a27f5657f,4,,transaction.void.DirectSale,"id=1489, reason=",2026-07-12T16:10:40.450566
09f415da-e33d-4973-b11f-733f6b3d477e,4,,transaction.void.DirectSale,"id=1466, reason=",2026-07-12T16:10:46.406071
b045eb34-e99f-4c68-9161-50fb4af72251,4,,transaction.void.DirectSale,"id=1461, reason=",2026-07-12T16:10:51.555404
075fc9fa-9b62-4958-8b85-b33de5e8ef5a,4,,transaction.void.DirectSale,"id=1450, reason=",2026-07-12T16:10:55.732784
5dcac770-4e2e-477b-941e-e9e569cd292c,4,,transaction.void.DirectSale,"id=1421, reason=",2026-07-12T16:11:00.991435
213d6bcf-db4a-4761-9186-c46236a31322,4,,transaction.void.DirectSale,"id=1175, reason=",2026-07-12T16:11:09.695503
a4d6c04f-c607-4c84-a10e-f346bc677a97,4,,transaction.void.DirectSale,"id=1175, reason=",2026-07-12T16:11:11.645128
03945ff4-849b-4804-b4eb-e77599b5d7f2,4,,transaction.void.DirectSale,"id=1409, reason=",2026-07-12T16:11:16.599796
242412c4-3908-422c-b81f-e9a084f46eff,4,,transaction.void.DirectSale,"id=1409, reason=",2026-07-12T16:11:18.324281
c487630c-7f59-4ba0-be5c-c688860c119c,4,,transaction.void.DirectSale,"id=1375, reason=",2026-07-12T16:11:21.876119
da3cf3a3-8bdb-45c9-8f6a-8808fab17f52,4,,transaction.void.DirectSale,"id=1402, reason=",2026-07-12T16:11:24.080092
7639f6c6-bd6a-48a0-a65d-e0f38504f780,4,,transaction.void.DirectSale,"id=1402, reason=",2026-07-12T16:11:29.640598
cb9d8951-7744-43c4-ad10-2cb81a2d0e68,4,,transaction.void.DirectSale,"id=1324, reason=",2026-07-12T16:11:33.547420
43b1c94e-a6af-433f-8ebf-eb0b3cbd78af,4,,transaction.void.DirectSale,"id=1300, reason=",2026-07-12T16:11:38.250996
f92c9627-a5c0-41bb-8b2d-a373ca113d90,4,,transaction.void.DirectSale,"id=1208, reason=",2026-07-12T16:11:44.611273
884966fe-5065-4e31-84ce-f09607140ec0,4,,transaction.void.DirectSale,"id=1526, reason=",2026-07-12T16:11:49.607527
1e99cc9c-c1cd-4753-9e2b-44505d0f20df,4,,transaction.void.DirectSale,"id=1191, reason=",2026-07-12T16:11:54.478604
164869cd-5443-4779-a974-1d3cf9654cd2,4,,transaction.void.DirectSale,"id=1183, reason=",2026-07-12T16:11:58.825905
fd04ce5a-bc66-48f0-9201-823d5b8756c4,4,,transaction.void.DirectSale,"id=1169, reason=",2026-07-12T16:12:02.545982
a842e711-cd09-4948-8483-20c4c2d6991f,4,,account.transaction.receive,"source_category=client_ledger, client=ATIF BAIG SB KOANKH, account=(MCB 77661 )ADNAN AHMED, amount=29000.0, discount=0.0",2026-07-12T17:14:20.830276
8de455f1-4c04-4654-8bd6-af070b28ced6,4,,account.transaction.receive,"source_category=client_ledger, client=ASIF SB KOANKH, account=FBM  CASH, amount=100000.0, discount=0.0",2026-07-12T17:16:01.684548
84b74d32-bf9e-4a95-8340-2399d476f81c,4,,transaction.void.DirectSale,"id=1836, reason=",2026-07-12T17:45:41.165578
acbbfe88-2760-49f8-a0a9-ffb8dc5453e1,4,,account.transaction.receive,"source_category=client_ledger, client=RAFAQAT HUSSAIN SB MALIK (MASJID), account=FBM  CASH, amount=100000.0, discount=0.0",2026-07-13T10:20:01.098070
98af9cf7-6a4a-4cbb-9a70-e3a047306470,4,,transaction.void.DirectSale,"id=1771, reason=",2026-07-13T10:32:46.030580
39a8fbf2-d13e-4877-903f-af4cc99f691f,4,,account.transaction.receive,"source_category=client_ledger, client=ARIF SB JPS(HAJI ASHFAQ S), account=FBM  CASH, amount=6000.0, discount=292.0",2026-07-13T10:57:14.594797
f90da690-4430-4302-a579-286bfb86514b,4,,account.transaction.receive,"source_category=client_ledger, client=MIRZA REHMAN SB JPS, account=FBM  CASH, amount=200000.0, discount=0.0",2026-07-13T11:12:21.815173
147164ee-0ba4-4f69-bce0-a9ac8243775f,4,,account.transaction.receive,"source_category=client_ledger, client=MUHAMMAD AKRAM SB SANTAL SURKHIYAN, account=FBM  CASH, amount=1.0, discount=2849.0",2026-07-13T12:43:50.816878
6e915a8c-ba3b-484b-9bad-00852676c9bb,4,,account.transaction.receive,"source_category=client_ledger, client=MIRZA AMJAD JAVED SB AJNALA SITE, account=(ALFALAH 37737) FAZAL BUILDING MATERIAL JPS, amount=100000.0, discount=0.0",2026-07-13T12:55:59.430058
40708ee6-11cc-472f-bcea-ff0ee168c911,4,,account.transaction.receive,"source_category=client_ledger, client=ASIF SB KOANKH, account=FBM  CASH, amount=86000.0, discount=150.0",2026-07-13T15:12:46.385786
1c7d8880-5dd9-48e5-a91a-f688c2a33d73,4,,account.transaction.receive,"source_category=client_ledger, client=YASIR JAVED SB  JPS, account=FBM  CASH, amount=250000.0, discount=0.0",2026-07-14T09:03:25.127760
1f168fd6-136a-4b1a-89c3-981c6dfada5e,4,,account.transaction.receive,"source_category=client_ledger, client=MALIK SHEHBAZ SB DHINDA, account=FBM  CASH, amount=25000.0, discount=0.0",2026-07-14T10:44:43.131645
65d2de77-a110-4974-b68e-57e882bb19d9,4,,account.transaction.receive,"source_category=client_ledger, client=KHALID SB HANDA DERHA, account=FBM  CASH, amount=48000.0, discount=70.0",2026-07-14T11:39:27.030966
f48ad786-2bed-42a7-a45b-9e8656349bf6,4,,transaction.void.DirectSale,"id=1677, reason=",2026-07-14T12:37:47.643825
0fa17778-d3f4-49ac-ac09-73657c38aec5,4,,account.transaction.receive,"source_category=client_ledger, client=CH IMRAN SB JPS, account=FBM  CASH, amount=650000.0, discount=0.0",2026-07-14T13:17:28.853500
023d9b1e-810f-42b9-b682-226af56fe5c8,4,,account.transaction.receive,"source_category=client_ledger, client=RANA ZAHID SB JPS, account=(MCB 77661 )ADNAN AHMED, amount=50000.0, discount=0.0",2026-07-14T16:38:47.042876
c1afffe1-146c-4d2f-9c0c-b4f03ffed15c,4,,account.transaction.receive,"source_category=client_ledger, client=RANA ZAHID SB JPS, account=(MCB 77661 )ADNAN AHMED, amount=50000.0, discount=0.0",2026-07-14T17:08:53.823078
ba9e24a7-0d2d-4cc9-bd42-03abd457f822,4,,account.transaction.receive,"source_category=client_ledger, client=ZEESHAN ATTARI SB JPS, account=FBM  CASH, amount=1.0, discount=53589.0",2026-07-15T09:57:50.944612
5817b43b-c2f7-4f90-80d5-fbf0b47cf1fa,4,,account.transaction.receive,"source_category=client_ledger, client=MALIK JAVED SB KHAN PUR KHOKHAR, account=FBM  CASH, amount=40000.0, discount=0.0",2026-07-15T10:01:10.513108
38669986-edae-4df9-b17e-f90f98253e8a,4,,account.transaction.receive,"source_category=client_ledger, client=FAKHAR SHAH SB AJNALA, account=(ALFALAH 37737) FAZAL BUILDING MATERIAL JPS, amount=76000.0, discount=0.0",2026-07-15T10:08:27.838090
8f799a9a-8871-446f-a9b2-4be7f2a30080,4,,account.transaction.receive,"source_category=client_ledger, client=IRFAN SB DEDHAR SHARIF, account=FBM  CASH, amount=77000.0, discount=146.0",2026-07-15T10:34:22.780871
0a252a75-9e7b-4784-9200-eabb1a6d3dbd,4,,account.transaction.client_refund,"from=FBM  CASH, client=RAJA AMEER HAMZA SB JPS, amount=18078.0",2026-07-15T10:46:06.065263
0264865d-1267-47aa-99ff-64e0e1526f90,4,,transaction.void.DirectSale,"id=1453, reason=",2026-07-15T13:22:00.332904
d82183e7-7a7e-4df3-b031-acdfba25158b,4,,transaction.void.DirectSale,"id=1453, reason=",2026-07-15T13:22:11.920581
3549ab1e-0c65-44b1-9625-c32bef1d1674,4,,transaction.void.DirectSale,"id=80, reason=",2026-07-15T13:31:23.508672
cc2b07a1-d532-40f6-9973-2491398686c3,4,,transaction.void.Payment,"id=376, reason=",2026-07-15T14:03:09.889518
ec29dd70-9cf8-4870-a302-55135ee40334,4,,transaction.void.DirectSale,"id=1737, reason=",2026-07-15T14:42:33.472527
b740ae64-1d8d-4324-b437-1b1523dc9b1f,4,,account.transaction.receive,"source_category=client_ledger, client=RANA ZAHEER SB JPS, account=FBM  CASH, amount=9500.0, discount=10.0",2026-07-15T15:39:54.060200
225339dd-cae1-4d1f-9b49-704e32985bc9,4,,account.transaction.receive,"source_category=client_ledger, client=RANA ZAHEER SB JPS, account=FBM  CASH, amount=21900.0, discount=50.0",2026-07-15T15:42:43.038673
396b81d1-f67e-4807-8bf0-37e3848816c2,4,,account.transaction.receive,"source_category=client_ledger, client=KHAYAM SB MALIKPUR, account=FBM  CASH, amount=31000.0, discount=79.2",2026-07-15T15:50:46.115091
9963c2cb-1219-4ff7-ab73-04736f28897a,4,,transaction.void.DirectSale,"id=1796, reason=",2026-07-15T16:05:36.226278
16f04374-e133-4cf2-bf5c-e28b09e74e92,4,,account.transaction.receive,"source_category=client_ledger, client=HAJI YOUSUF BUTT JPS, account=FBM  CASH, amount=150000.0, discount=0.0",2026-07-15T16:18:15.624680
84cf66af-1b55-4d6d-80c5-3fb06c9eac7f,4,,account.transaction.receive,"source_category=client_ledger, client=CH IMRAN SB JPS, account=(MCB 77661 )ADNAN AHMED, amount=100000.0, discount=0.0",2026-07-16T09:48:14.136051
a2af8fdc-9b9d-4731-a17d-660459545812,4,,account.transaction.receive,"source_category=client_ledger, client=KHALID SB HANDA DERHA, account=FBM  CASH, amount=44950.0, discount=0.0",2026-07-16T09:56:07.510751
caf69d6a-e14c-497d-9282-baddf37acb76,4,,account.transaction.receive,"source_category=client_ledger, client=MUHAMMAD QASIM SB MALIKPUR, account=FBM  CASH, amount=1800.0, discount=0.0",2026-07-16T10:11:56.850464
a22d12de-74f6-4cdb-b126-ddb32866d660,4,,account.transaction.receive,"source_category=client_ledger, client=RAJA PARWEZ SB RANGPUR, account=FBM  CASH, amount=58000.0, discount=0.0",2026-07-16T10:57:18.404670
62f2f858-23b2-47ef-8a66-4070ab443dbd,4,,account.transaction.receive,"source_category=client_ledger, client=KHALIL AHMED SB DHINDA KALAAN, account=FBM  CASH, amount=31230.0, discount=0.0",2026-07-16T11:21:34.021039
d930ead8-f2bb-4675-af61-b713ae345c31,4,,account.transaction.receive,"source_category=client_ledger, client=SAJID SB GHURAL ( BOBY DRIVER ), account=FBM  CASH, amount=100000.0, discount=0.0",2026-07-16T11:29:28.139115
9e81c1f1-8be9-43e6-b105-5e6505e1988f,4,,account.transaction.receive,"source_category=client_ledger, client=MALIK JAVED SB KHAN PUR KHOKHAR, account=FBM  CASH, amount=35000.0, discount=0.0",2026-07-16T11:46:58.409163
70972834-6c07-4922-9722-3ba02a5f0e9b,4,,account.transaction.receive,"source_category=client_ledger, client=MUHAMMAD ABID SB KOANKH, account=FBM  CASH, amount=1.0, discount=13198.99",2026-07-16T13:52:47.311655
e003ec5d-191f-435c-b124-8912e7a1329c,6,,account.transaction.supplier_payment,"from=FBM  CASH, supplier=Faizan Facto, amount=411000.0",2026-07-16T14:17:19.254194
f21e13fe-2c6c-40ec-a232-9999fa733cc8,6,,account.transaction.supplier_payment,"from=FBM  CASH, supplier=Faizan Facto, amount=411000.0",2026-07-16T14:23:20.445822
bf6fb69e-43e7-4997-85d4-b1fd4f7e1ad0,4,,account.transaction.client_refund,"from=FBM  CASH, client=SHERAZ SB MALIK PUR, amount=12811.0",2026-07-16T14:27:10.708704
209682e7-4a18-4e62-a702-a98ffce278b5,6,,account.transaction.supplier_payment,"from=(ALFALAH 37737) FAZAL BUILDING MATERIAL JPS, supplier=Faizan Facto, amount=480700.0",2026-07-16T14:36:37.516868
9a194cd1-3e19-4ef8-b085-7a16bcc9f046,6,,account.transaction.supplier_payment,"from=FBM  CASH, supplier=Faizan Fecto, amount=51300.0",2026-07-16T14:49:28.478585
911d971c-e2a9-4c4c-b074-a3ae99e17b35,4,,account.transaction.receive,"source_category=client_ledger, client=HAJI AMANAT SB KHARANA, account=(ALFALAH 37737) FAZAL BUILDING MATERIAL JPS, amount=860000.0, discount=0.0",2026-07-16T14:54:34.991544
26580b77-f855-447d-91ce-a94e97d83c84,6,,account.transaction.supplier_payment,"from=FBM  CASH, supplier=Faizan Fecto, amount=51300.0",2026-07-16T14:55:08.799140
0da48933-9beb-4b4a-bada-8cfd8268c894,6,,account.transaction.supplier_payment,"from=(ALFALAH 37737) FAZAL BUILDING MATERIAL JPS, supplier=Faizan Fecto, amount=495900.0",2026-07-16T14:57:32.280981
87fab905-5f65-4cb2-b8d9-40b19f30f09c,6,,account.transaction.supplier_payment,"from=(ALFALAH 37737) FAZAL BUILDING MATERIAL JPS, supplier=Amir Steel Mehboob, amount=500000.0",2026-07-18T08:41:25.065370
5ad9a12e-9af3-46e6-a05b-266806c20234,4,,account.transaction.receive,"source_category=client_ledger, client=ARIF BAIG SB KOANKH (ASIM BAIG), account=FBM  CASH, amount=22500.0, discount=57.0",2026-07-18T11:42:49.342990
e37308cc-5086-476d-9f18-0d84ebab648f,4,,transaction.void.DirectSale,"id=1942, reason=",2026-07-18T12:34:42.854885
fa9db5ed-d1c1-4df0-b9c9-1a9a6725b61c,4,,account.transaction.receive,"source_category=client_ledger, client=KHALID SB HANDA DERHA, account=FBM  CASH, amount=162800.0, discount=0.0",2026-07-18T13:00:25.118349
dd94095e-8f09-4931-ac69-8ee4c046eb44,4,,account.transaction.receive,"source_category=client_ledger, client=JAMEEL SB JAGWAN, account=FBM  CASH, amount=38000.0, discount=0.0",2026-07-18T13:41:58.918067
6b53e82d-2fa5-4ca5-833b-a1483b5cdc28,4,,account.transaction.receive,"source_category=client_ledger, client=MUHAMMAD ARSHAD SB GHURAL (SUBEDAR QADAR DAD SB), account=FBM  CASH, amount=224798.0, discount=0.0",2026-07-18T17:09:44.096933
a21f34bf-0e1a-477d-8024-e52ba16d6c1e,6,,account.transaction.supplier_payment,"from=FBM  CASH, supplier=Faizan Fecto, amount=25000.0",2026-07-19T09:44:27.393377
d3589d0a-8156-4cfe-8679-d268443410a9,4,,transaction.void.DirectSale,"id=1938, reason=",2026-07-19T13:01:38.995495
93a3ede2-5199-4f66-99eb-0da95fed2bbd,4,,transaction.void.DirectSale,"id=1936, reason=",2026-07-19T13:02:05.633591
c2ae5d20-3ef6-40fe-babf-c66487cca527,4,,account.transaction.receive,"source_category=client_ledger, client=RAJA AMEER HAMZA SB JPS, account=FBM  CASH, amount=32200.0, discount=55.0",2026-07-19T13:08:09.738128
d395ebf4-e6ea-4157-83f1-9fcb97f3bb64,4,,account.transaction.receive,"source_category=client_ledger, client=MUHAMMAD ARSHAD SB DHINDA POTAN WALAY, account=FBM  CASH, amount=15000.0, discount=0.0",2026-07-19T13:24:09.155312
b91a1935-ec72-4a3b-985d-53b9ee8aaa66,4,,account.transaction.receive,"source_category=client_ledger, client=SIKANDAR SB JAGUWAN, account=FBM  CASH, amount=20000.0, discount=14.0",2026-07-19T14:39:55.202330
8a3b1790-095b-4f01-867a-bb48869f50f9,4,,account.transaction.receive,"source_category=client_ledger, client=SIKANDAR SB JAGUWAN, account=FBM  CASH, amount=78000.0, discount=0.4",2026-07-19T16:01:42.163250
2f691bf2-4782-4215-b1bd-f2b7f9374eb0,4,,account.transaction.receive,"source_category=client_ledger, client=RANA SHEHBAZ SB JPS, account=FBM  CASH, amount=20000.0, discount=0.0",2026-07-19T16:13:08.419793
c0190f63-cb09-49f5-b70f-c8ff4ed19bb5,4,,account.transaction.receive,"source_category=client_ledger, client=EHSAN SB LOADER PARSUWAL, account=(MCB 77661 )ADNAN AHMED, amount=500000.0, discount=0.0",2026-07-19T17:42:42.189149
43a4c79a-ce8e-4fb2-9b54-d0a02a421ad6,4,,account.transaction.receive,"source_category=client_ledger, client=EHSAN SB LOADER PARSUWAL, account=FBM  CASH, amount=354800.0, discount=0.0",2026-07-19T17:43:28.680405
25d27839-609a-43c8-832e-7a741e13a9c3,4,,account.transaction.receive,"source_category=client_ledger, client=MAZHAR SB RUPOWAL DERA, account=FBM  CASH, amount=37800.0, discount=0.0",2026-07-20T09:46:00.057886
a24bab34-a686-41b3-a324-6d2f0d2e234c,6,,account.transaction.supplier_payment,"from=FBM  CASH, supplier=Gujr Trader DG Kohat Fauji, amount=40400.0",2026-07-20T10:45:55.450821
138f62f9-b46b-4a2f-996f-3b99cc38ef2f,6,,account.transaction.supplier_payment,"from=FBM  CASH, supplier=Gujr Trader DG Kohat Fauji, amount=110700.0",2026-07-20T10:50:36.017382
bfa70635-ea13-4029-b6af-f75309c6626d,6,,account.transaction.supplier_payment,"from=FBM  CASH, supplier=Gujr Trader DG Kohat Fauji, amount=70000.0",2026-07-20T10:53:52.223134
f356beac-254d-488a-9d80-327ebb2287ff,6,,account.transaction.supplier_payment,"from=FBM  CASH, supplier=Gujr Trader DG Kohat Fauji, amount=50000.0",2026-07-20T10:57:28.424082
a557d5c1-b100-4cbf-b031-bf08198734f7,6,,account.transaction.supplier_payment,"from=FBM  CASH, supplier=Gujr Trader DG Kohat Fauji, amount=53200.0",2026-07-20T11:01:33.942748
86d17ff0-ed92-4f94-be66-d4cc86c226c1,6,,account.create,"name=COMPANY CASH, category=cash, source_category=Company, account_type=Other",2026-07-20T11:22:35.669818
2cc78c8a-2125-4983-9364-f242a6e4510c,6,,account.update,"id=12, name=COMPANY CASH",2026-07-20T11:25:07.783216
6431fc11-5564-4bea-8b8c-0cac7466968e,6,,account.transfer,"from=COMPANY CASH, to=(ALFALAH 37737) FAZAL BUILDING MATERIAL JPS, amount=4250000.0",2026-07-20T11:27:16.930502
1c94cc5d-5545-4ffb-ac1f-5438d0362b82,6,,account.transaction.supplier_payment,"from=(ALFALAH 37737) FAZAL BUILDING MATERIAL JPS, supplier=Gujr Trader DG Kohat Fauji, amount=1000000.0",2026-07-20T11:29:14.455528
ec077f8b-9b2d-4902-9ea5-cb07849df067,6,,account.transaction.supplier_payment,"from=FBM  CASH, supplier=Gujr Trader DG Kohat Fauji, amount=1500000.0",2026-07-20T11:34:11.603719
90bd56e3-bc6a-4a19-b1b5-5db07ca358f1,6,,account.transaction.supplier_payment,"from=(ALFALAH 37737) FAZAL BUILDING MATERIAL JPS, supplier=Gujr Trader DG Kohat Fauji, amount=1250000.0",2026-07-20T11:37:18.368651
2c13e0f4-e994-4fe7-84b0-bb60f1114c37,6,,account.transaction.supplier_payment,"from=(ALFALAH 37737) FAZAL BUILDING MATERIAL JPS, supplier=Gujr Trader DG Kohat Fauji, amount=500000.0",2026-07-20T11:38:41.660199
949b6ef7-5619-437c-98de-4bc0de624038,6,,account.transaction.supplier_payment,"from=FBM  CASH, supplier=Gujr Trader DG Kohat Fauji, amount=123730.0",2026-07-20T11:50:20.668872
d28af37c-628d-4a16-b44b-e6e8e90877eb,6,,account.transaction.supplier_payment,"from=(ALFALAH 37737) FAZAL BUILDING MATERIAL JPS, supplier=Gujr Trader DG Kohat Fauji, amount=1000000.0",2026-07-20T12:11:20.441222
71dbd514-a4b8-4a27-a7cd-76655be66d04,6,,account.transaction.supplier_payment,"from=FBM  CASH, supplier=Gujr Trader DG Kohat Fauji, amount=30000.0",2026-07-20T12:17:39.189535
d5f78881-c021-4c71-aed6-dba418959edc,4,,transaction.void.Booking,"id=340, reason=",2026-07-20T13:24:41.667144
46bb495d-3882-4db7-9d17-c54d59a5fcf2,4,,transaction.void.Booking,"id=340, reason=",2026-07-20T13:24:51.276402
d5955f04-a6b1-468e-9bca-d884fef3f721,4,,account.transaction.receive,"source_category=client_ledger, client=TANVEER SB DHINDA, account=FBM  CASH, amount=1024000.0, discount=0.0",2026-07-20T13:28:52.714032
0ad0924f-4e1a-4391-854f-e23f7a31da84,4,,account.transaction.receive,"source_category=client_ledger, client=GHULAM MURTZA SB KOANKH, account=FBM  CASH, amount=48000.0, discount=0.0",2026-07-20T13:30:54.796721
66da4c8c-6751-4c7e-909c-c8961714a4e3,4,,account.transaction.receive,"source_category=client_ledger, client=TANVEER SB DHINDA, account=FBM  CASH, amount=40000.0, discount=200.0",2026-07-20T13:46:23.968292
d837581f-3094-4a7b-8a8d-14db1ef41355,6,,account.transaction.supplier_payment,"from=FBM  CASH, supplier=Gujr Trader DG Kohat Fauji, amount=121000.0",2026-07-20T15:44:12.802785
18f55a1c-44d1-412a-817b-e4da89e672e3,6,,account.transaction.supplier_payment,"from=(ALFALAH 37737) FAZAL BUILDING MATERIAL JPS, supplier=Zia Traders, amount=400000.0",2026-07-20T16:00:33.340696
898a4f26-2060-46ff-b43c-d376a7685549,6,,account.transaction.supplier_payment,"from=(ALFALAH 37737) FAZAL BUILDING MATERIAL JPS, supplier=Zia Traders, amount=300000.0",2026-07-20T16:02:05.204947
2506d2cc-c2b4-4fcd-8e5f-32e35503a449,6,,account.transaction.supplier_payment,"from=FBM  CASH, supplier=Zia Traders, amount=144500.0",2026-07-20T16:06:57.133148
84ee12c4-b20e-4205-a3d4-569d9132d04a,6,,account.transaction.supplier_payment,"from=(ALFALAH 37737) FAZAL BUILDING MATERIAL JPS, supplier=Zia Traders, amount=300000.0",2026-07-20T16:09:11.464536
2e1b7917-7b6f-4016-b5f7-9671ac4f0759,6,,account.transfer,"from=COMPANY CASH, to=(ALFALAH 37737) FAZAL BUILDING MATERIAL JPS, amount=1500000.0",2026-07-20T16:13:01.863309
481f11d6-9c09-4f9a-aeab-d599362ea538,6,,account.transaction.supplier_payment,"from=(ALFALAH 37737) FAZAL BUILDING MATERIAL JPS, supplier=Zia Traders, amount=300000.0",2026-07-20T16:14:40.112676
92231fd6-4ae7-4bbd-841a-b663fb7921b3,4,,account.transaction.client_refund,"from=(MCB 77661 )ADNAN AHMED, client=SIKANDAR SB JAGUWAN, amount=71672.4",2026-07-20T16:19:57.681459
6c8a4f7f-915b-44b6-974b-95022a65213d,4,,account.transaction.receive,"source_category=client_ledger, client=MUHAMMAD ARSHAD SB DHINDA POTAN WALAY, account=FBM  CASH, amount=16500.0, discount=100.0",2026-07-20T16:26:51.218970
13bc3e30-084b-4884-8d36-39a358237a16,6,,account.transaction.supplier_payment,"from=FBM  CASH, supplier=Zia Traders, amount=86700.0",2026-07-20T16:28:52.076102
6c47a089-c3dc-4a15-84dd-fdae1ffd5a24,6,,account.transaction.supplier_payment,"from=(ALFALAH 37737) FAZAL BUILDING MATERIAL JPS, supplier=Zia Traders, amount=300000.0",2026-07-20T16:31:13.597321
09a4a023-6cef-4f8e-ab1f-d2935e960d72,4,,account.transaction.receive,"source_category=client_ledger, client=MASJID PANJTAN PAK JPS(QARI ANSAR SB), account=COMPANY CASH, amount=1390.0, discount=0.0",2026-07-20T17:01:45.777399
7ff4da25-8efb-4e6b-be7c-e853d61d025c,6,,account.transaction.supplier_payment,"from=(MCB 77661 )ADNAN AHMED, supplier=Zia Traders, amount=500000.0",2026-07-20T17:12:42.399494
a1e7db43-83eb-47d5-b3e8-0371b1a073bb,4,,account.transaction.receive,"source_category=client_ledger, client=MIRZA REHMAN SB JPS, account=FBM  CASH, amount=200000.0, discount=0.0",2026-07-20T17:24:24.798716
0586ed21-f881-42c7-95f1-5ab845d105aa,1,,account.transaction.supplier_payment,"from=(MCB 77661 )ADNAN AHMED, supplier=Gujr Trader DG Kohat Fauji, amount=500000.0",2026-07-21T10:41:20.638089
5f58354f-98f4-4e30-b05a-fb0daf5203e3,4,,account.transaction.receive,"source_category=client_ledger, client=ALI SHAN SB RANGRA, account=FBM  CASH, amount=28000.0, discount=100.0",2026-07-23T09:34:52.931288
080ff88c-82ed-487a-87b7-9e46e27efc27,4,,account.transaction.receive,"source_category=client_ledger, client=ARIF BAIG SB KOANKH (ASIM BAIG), account=FBM  CASH, amount=2180.0, discount=0.1",2026-07-23T10:34:35.689299
287fb360-2fe8-4789-83e9-e7458b032df7,4,,account.transaction.receive,"source_category=client_ledger, client=SHABEEB SB KANIYAN, account=(MCB 77661 )ADNAN AHMED, amount=37000.0, discount=0.0",2026-07-23T11:20:52.878985
54d47d2f-92ce-4ad5-82c3-59fc0408e4ab,4,,account.transaction.receive,"source_category=client_ledger, client=SULEIMAN SB AJNALA, account=FBM  CASH, amount=7300.0, discount=0.0",2026-07-23T11:59:02.076528
36147a38-42dc-4e70-99b2-b12ecaf62fcd,4,,account.transaction.receive,"source_category=client_ledger, client=HAJI WARIS SB JPS, account=FBM  CASH, amount=50000.0, discount=148.0",2026-07-23T12:08:13.515290
994c04ac-f4ac-487a-97af-2607c9e4b817,4,,account.transaction.receive,"source_category=client_ledger, client=MIRZA YOUNUS SB JPS, account=FBM  CASH, amount=15000.0, discount=0.0",2026-07-23T12:41:03.432597
203be959-1679-44b3-9f9c-b4073841e4b9,4,,account.transaction.receive,"source_category=client_ledger, client=MIRZA YOUNUS SB JPS, account=FBM  CASH, amount=9000.0, discount=53.0",2026-07-23T12:44:06.480060
ede3b692-5fb4-4045-95fd-3833e43e3497,4,,account.transaction.receive,"source_category=client_ledger, client=MUHAMMAD SHABEER SB CONT TIBBA AJNALA, account=FBM  CASH, amount=28800.0, discount=0.0",2026-07-23T13:43:10.230049
cb8bc802-2923-491e-a289-14cc7a5efd63,6,,account.transaction.supplier_payment,"from=FBM  CASH, supplier=Gujr Trader DG Kohat Fauji, amount=50000.0",2026-07-23T14:35:19.223761
9c819b01-604b-4691-89ff-a19ed62565eb,6,,account.transaction.supplier_payment,"from=FBM  CASH, supplier=Gujr Trader DG Kohat Fauji, amount=60000.0",2026-07-23T14:41:52.981415
d0713cac-49a8-432b-b824-577039d90c51,4,,account.transaction.receive,"source_category=client_ledger, client=FAKHAR SHAH SB AJNALA, account=(ALFALAH 37737) FAZAL BUILDING MATERIAL JPS, amount=78200.0, discount=50.0",2026-07-23T16:13:17.884817
bf8c0154-35b7-4627-ad97-889ba1220261,4,,account.transaction.receive,"source_category=client_ledger, client=MASTER ZAHOOR SB JPS, account=(MCB 77661 )ADNAN AHMED, amount=15000.0, discount=0.0",2026-07-23T16:15:30.714512
350f8b4b-c4ff-46da-ae84-0f2b5bc0208c,4,,account.transaction.receive,"source_category=client_ledger, client=MASTER ZAHOOR SB JPS, account=(MCB 77661 )ADNAN AHMED, amount=37000.0, discount=0.0",2026-07-23T16:17:14.162753
d36ef51e-4f7d-4f06-85d7-2e997c3010f7,4,,account.transaction.receive,"source_category=client_ledger, client=GALI CONCRETE MALIKPUR MIRZA, account=FBM  CASH, amount=36000.0, discount=0.0",2026-07-23T16:23:32.686993
4338b96f-3077-49d3-a3a9-fd63f51deb76,4,,account.transaction.receive,"source_category=client_ledger, client=MASJID PANJTAN PAK JPS(QARI ANSAR SB), account=FBM  CASH, amount=200000.0, discount=0.0",2026-07-23T17:02:06.372482
d2216962-bc8d-4026-b119-907ee85d4465,4,,account.transaction.receive,"source_category=client_ledger, client=FAROOQ SB GHURAIRA, account=FBM  CASH, amount=22800.0, discount=0.0",2026-07-25T10:06:30.230109
f2578555-c892-4c80-b464-75a582439ae5,4,,account.transaction.receive,"source_category=client_ledger, client=NAZAKAT MOBILE SHOP JPS, account=FBM  CASH, amount=24000.0, discount=342.0",2026-07-25T10:23:43.031943
aa9147af-5ef5-4f82-b3c1-ae4163a267a5,4,,account.transaction.receive,"source_category=client_ledger, client=RAJA PARWEZ SB RANGPUR, account=FBM  CASH, amount=12400.0, discount=0.0",2026-07-25T12:18:23.606485
af08d96b-ac30-400a-993b-9861069ef3c0,6,,account.transaction.supplier_payment,"from=(ALFALAH 37737) FAZAL BUILDING MATERIAL JPS, supplier=Gujr Trader DG Kohat Fauji, amount=500000.0",2026-07-25T12:24:56.205683
7d49e799-f920-4efe-b4a5-e20ebe784be6,4,,account.transaction.receive,"source_category=client_ledger, client=SHERAZ SB MALIK PUR, account=FBM  CASH, amount=4000.0, discount=0.0",2026-07-25T12:25:16.688948
8353ba61-944b-4140-adf8-3a359b517b0b,4,,account.transaction.receive,"source_category=client_ledger, client=JAVED NUMBERDAR SB JPS, account=FBM  CASH, amount=1.0, discount=296.0",2026-07-25T14:09:33.408800
ef863a61-f3d0-4bb6-8307-32780dfe6be7,4,,account.transaction.receive,"source_category=client_ledger, client=RANA EJAZ SB JPS, account=FBM  CASH, amount=50000.0, discount=0.0",2026-07-25T14:19:18.009952
15998328-9090-4ff4-b392-54a47795b14a,4,,transaction.void.DirectSale,"id=299, reason=",2026-07-25T15:34:47.113336
d5e85c90-0045-4be8-bed6-13d5be1db4d3,6,,account.transaction.supplier_payment,"from=FBM  CASH, supplier=Gujr Trader DG Kohat Fauji, amount=46880.0",2026-07-25T16:00:57.219450
2f81755e-0a44-40ec-86a2-c9ec1de917b2,4,,account.transaction.receive,"source_category=client_ledger, client=KHALID SB HANDA DERHA, account=FBM  CASH, amount=1.0, discount=22963.0",2026-07-25T16:21:15.819075
4a3dd3a5-864e-47e9-adc0-21e39c5a219c,4,,transaction.void.Payment,"id=618, reason=",2026-07-25T16:23:28.772400
2916276b-ffff-4b38-88e7-03974e79d810,4,,account.transaction.receive,"source_category=client_ledger, client=KHALID SB HANDA DERHA, account=FBM  CASH, amount=1.0, discount=12963.0",2026-07-25T16:31:10.816325
cd7c0629-9c76-4a80-a05d-4f53d3ef2fc3,4,,account.transaction.receive,"source_category=client_ledger, client=MALIK ANSAR SB KHORI, account=(MCB 77661 )ADNAN AHMED, amount=100000.0, discount=0.0",2026-07-25T17:07:21.717323
7a349347-765a-43b6-b143-e93a35cfdeef,4,,account.transaction.receive,"source_category=client_ledger, client=HAFIZ IFTIKHAR SB JPS, account=FBM  CASH, amount=1000000.0, discount=0.0",2026-07-25T17:19:51.211590
bcb8ec39-46f3-41c8-bbf2-01d179eaceb0,6,,account.transaction.supplier_payment,"from=FBM  CASH, supplier=Gujr Trader DG Kohat Fauji, amount=120000.0",2026-07-25T18:13:34.637839
3ca3a7b0-2162-4c05-807c-414b9c1e9ca7,4,,transaction.void.DirectSale,"id=600, reason=",2026-07-26T11:34:49.868945
62aca7ff-b645-4f29-90fe-bb988592469b,4,,transaction.void.DirectSale,"id=624, reason=",2026-07-26T11:36:40.593280
de816382-17a4-4189-ba96-805b46bef70d,4,,account.transaction.receive,"source_category=client_ledger, client=ARIF BAIG SB KOANKH (ASIM BAIG), account=COMPANY CASH, amount=560.0, discount=0.0",2026-07-26T11:45:17.038514
4a04f568-3f90-47bb-8172-3bdfe779b3cf,4,,transaction.void.DirectSale,"id=2054, reason=",2026-07-26T11:52:26.060061
05f08254-a664-498e-9145-39102bf552c5,4,,account.transaction.receive,"source_category=client_ledger, client=MASTER ZAHOOR SB JPS, account=FBM  CASH, amount=45000.0, discount=0.0",2026-07-27T14:22:47.515967
b1f74b00-18d4-4c36-8275-99df8a1eab39,6,,account.transaction.supplier_payment,"from=(ALFALAH 37737) FAZAL BUILDING MATERIAL JPS, supplier=Zia Traders, amount=300000.0",2026-07-27T14:38:31.244904
4a3784a7-4b9b-4444-a473-31045c10b062,6,,account.transaction.supplier_payment,"from=FBM  CASH, supplier=Zia Traders, amount=90000.0",2026-07-27T14:42:52.252916
817ded6a-153d-44ac-847d-1db98aa64118,6,,account.transfer,"from=COMPANY CASH, to=(ALFALAH 37737) FAZAL BUILDING MATERIAL JPS, amount=5000000.0",2026-07-27T14:53:36.071334
46a46c79-4ac4-42d6-bc39-70a43da36e88,6,,account.transaction.supplier_payment,"from=(ALFALAH 37737) FAZAL BUILDING MATERIAL JPS, supplier=Zia Traders, amount=400000.0",2026-07-27T14:56:10.614226
603d4f8b-3d3d-4c90-b6ec-e3ea59fbe30e,6,,account.transaction.supplier_payment,"from=FBM  CASH, supplier=Zia Traders, amount=78700.0",2026-07-27T15:01:23.959139
7f219f5e-1508-4f7f-803c-c87d803ec0ac,6,,account.transaction.supplier_payment,"from=FBM  CASH, supplier=Zia Traders, amount=355500.0",2026-07-27T15:02:49.185502
1355f654-a3eb-4a9a-9b45-307bc103cf6f,6,,account.transaction.supplier_payment,"from=FBM  CASH, supplier=Zia Traders, amount=144500.0",2026-07-27T15:04:25.897907
cec1300d-9782-4733-b070-a7422391d00d,6,,account.transaction.supplier_payment,"from=(ALFALAH 37737) FAZAL BUILDING MATERIAL JPS, supplier=Zia Traders, amount=700000.0",2026-07-27T15:08:04.971587
4c4f2599-da2e-4a93-9bd0-fc7638fa3ce0,4,,account.transaction.receive,"source_category=client_ledger, client=MUHAMMAD BASHEER SB CONT KOANKH, account=FBM  CASH, amount=36000.0, discount=381.0",2026-07-27T15:13:36.691833
5b8f842e-06fb-4061-b565-efa2a1073c02,4,,account.transaction.receive,"source_category=client_ledger, client=MIRZA NAZAR BAIG SB KOANKH, account=FBM  CASH, amount=30000.0, discount=0.0",2026-07-27T15:24:26.946846
76f90214-4ff2-4e41-be01-f34a574e7812,4,,transaction.void.Booking,"id=351, reason=",2026-07-28T09:08:19.492124
4eee5a5b-5ec2-46ec-8dc3-a2af398b6968,4,,transaction.void.DirectSale,"id=2059, reason=",2026-07-28T09:08:34.413499
dd069879-553e-4771-89a7-c4b2630a16b6,4,,transaction.void.DirectSale,"id=2058, reason=",2026-07-28T09:09:13.663379
cce80ab5-5a03-4cf0-a3a0-9e296bdcc048,4,,account.transaction.receive,"source_category=client_ledger, client=RAJA MUDASIR SB JPS, account=FBM  CASH, amount=3200.0, discount=56.99",2026-07-28T16:28:29.899506
b3d5e898-31ef-4c67-9a1d-35f2108d85e4,4,,account.transaction.receive,"source_category=client_ledger, client=HAJI IQBAL SB JPS, account=(MCB 77661 )ADNAN AHMED, amount=100000.0, discount=0.0",2026-07-28T16:32:36.343515
7f0bb3ed-5d2f-478f-b98f-95c05947d676,4,,account.transaction.receive,"source_category=client_ledger, client=SHAMRAIZ SB HANDA STOP, account=(MCB 77661 )ADNAN AHMED, amount=617500.0, discount=0.0",2026-07-28T16:35:25.474167
88ea2f29-6e35-49ff-a7a6-a306f18307da,4,,account.transaction.receive,"source_category=client_ledger, client=JAWAD SB AJNALA JPS, account=FBM  CASH, amount=15000.0, discount=0.0",2026-07-28T16:38:03.940675
b44547eb-cf97-41f2-91c3-6809741b22af,4,,account.transaction.receive,"source_category=client_ledger, client=SHEHBAZ SB RANGPUR, account=FBM  CASH, amount=50000.0, discount=0.0",2026-07-28T16:58:39.571898
cad81630-d1e7-4bc4-8ae6-1b187f42a228,4,,account.transaction.receive,"source_category=client_ledger, client=MIRZA NAZAR BAIG SB KOANKH, account=FBM  CASH, amount=13800.0, discount=0.0",2026-07-28T17:00:00.558622
0505cba8-97c1-4929-9657-35a2874e8ba3,6,,account.transaction.supplier_payment,"from=(ALFALAH 37737) FAZAL BUILDING MATERIAL JPS, supplier=ISM STEEL, amount=1000000.0",2026-07-28T17:02:41.686857
e2d89c4b-52db-407a-9f05-606e5d4cb6a4,6,,account.transaction.supplier_payment,"from=(ALFALAH 37737) FAZAL BUILDING MATERIAL JPS, supplier=ISM STEEL, amount=1500000.0",2026-07-28T17:04:17.526235
f6289be5-33b7-4473-8af3-9d8d31f7d5eb,4,,account.transaction.receive,"source_category=client_ledger, client=SUBEDAR MUHAMMAD ARSHAD SB KHANPUR KHOKHAR, account=FBM  CASH, amount=4000.0, discount=0.0",2026-07-28T17:08:30.593025
1705dc06-1129-4321-aa20-216ef959fc52,6,,account.transfer,"from=COMPANY CASH, to=(ALFALAH 37737) FAZAL BUILDING MATERIAL JPS, amount=5000000.0",2026-07-28T17:10:20.923569
72524b79-acc4-4cd2-b9f5-447606ccde0e,6,,account.transaction.supplier_payment,"from=(ALFALAH 37737) FAZAL BUILDING MATERIAL JPS, supplier=ISM STEEL, amount=2000000.0",2026-07-28T17:11:36.828531
f11cd05b-1e96-421f-8347-bbc0b241a9df,6,,account.transaction.supplier_payment,"from=(ALFALAH 37737) FAZAL BUILDING MATERIAL JPS, supplier=ISM STEEL, amount=1000000.0",2026-07-28T17:13:11.319465
f66a22de-52a3-4b6e-b38a-862da9ca7c85,6,,account.transaction.supplier_payment,"from=(ALFALAH 37737) FAZAL BUILDING MATERIAL JPS, supplier=ISM STEEL, amount=1000000.0",2026-07-28T17:14:32.742060
f2f53f95-c33d-42a4-b289-b9bc6e142f8d,6,,account.transaction.supplier_payment,"from=(ALFALAH 37737) FAZAL BUILDING MATERIAL JPS, supplier=ISM STEEL, amount=600000.0",2026-07-28T17:40:11.292670
583cb91c-2b30-4b00-bf97-36f82819104b,6,,account.transaction.supplier_payment,"from=(ALFALAH 37737) FAZAL BUILDING MATERIAL JPS, supplier=Faizan Fecto, amount=400000.0",2026-07-28T17:42:21.521898
dd7335ad-ff3b-4f98-9559-dd32102e6caf,6,,account.transaction.supplier_payment,"from=FBM  CASH, supplier=ARIF BRICK BARNALA, amount=105000.0",2026-07-28T17:58:42.095841
b279e56e-1426-452f-a38e-1b01a9a553d3,6,,account.transaction.supplier_payment,"from=(MCB 77661 )ADNAN AHMED, supplier=Gujr Trader DG Kohat Fauji, amount=800000.0",2026-07-28T18:00:21.285221
5cac62d3-b358-4b96-8297-d25817733f0e,6,,account.transaction.supplier_payment,"from=FBM  CASH, supplier=Gujr Trader DG Kohat Fauji, amount=40000.0",2026-07-28T18:03:46.755040
ce663eac-e317-4081-bc4c-f30bad08daeb,6,,account.transaction.supplier_payment,"from=FBM  CASH, supplier=Gujr Trader DG Kohat Fauji, amount=73250.0",2026-07-29T12:37:15.514237
a63f7a45-a4a6-408f-9e56-ac38d8e190ed,4,,account.transaction.receive,"source_category=client_ledger, client=HDC SYED TASSAWAR SHAH SB MALIKPUR SITE, account=FBM  CASH, amount=30552.0, discount=0.0",2026-07-29T14:30:55.223939
e3c4e02f-3cb5-41e7-b41c-5cdc1a1f2ae9,4,,account.transaction.receive,"source_category=client_ledger, client=HDC SYED TASSAWAR SHAH SB MALIKPUR SITE, account=FBM  CASH, amount=85000.0, discount=0.0",2026-07-29T14:31:40.852754
9f104a48-87e6-4070-91f3-c9acf2366f58,6,,account.transaction.supplier_payment,"from=(AL HABIB 2607)ADNAN AHMED, supplier=ARIF BRICK BARNALA, amount=100000.0",2026-07-29T14:35:15.952237
f4d8c244-37a1-4d41-b0b9-1b54173e8377,6,,account.transaction.supplier_payment,"from=(AL HABIB 2607)ADNAN AHMED, supplier=ARIF BRICK BARNALA, amount=45000.0",2026-07-29T14:36:23.199647
568f3500-a485-4ea5-b446-de37f7a08b44,6,,account.transaction.supplier_payment,"from=FBM  CASH, supplier=ARIF BRICK BARNALA, amount=49999.99",2026-07-29T14:37:48.465051
dd91db97-5897-4643-8ed2-0d3ab4f2c1b6,4,,transaction.void.Payment,"id=640, reason=",2026-07-29T14:38:41.122114
046f597e-f3aa-473d-90f1-4cc915edf03f,6,,account.transaction.supplier_payment,"from=(AL HABIB 2607)ADNAN AHMED, supplier=ARIF BRICK BARNALA, amount=83500.0",2026-07-29T14:39:02.904609
6c820ac8-75e2-49a0-983f-3fbcc1a652fb,4,,account.transaction.receive,"source_category=client_ledger, client=MUHAMMAD RAZAQ SB JPS, account=FBM  CASH, amount=31000.0, discount=0.0",2026-07-29T15:03:11.633600
38adbbe3-f74c-4bb9-86cd-aa045fbc9be1,4,,account.transaction.receive,"source_category=client_ledger, client=NABEEL ILLAHI KOANKH, account=FBM  CASH, amount=61490.0, discount=0.0",2026-07-29T15:20:40.552703
0c09cc09-7e0d-4fc9-9289-9c96f2eb0b7d,4,,account.transaction.receive,"source_category=client_ledger, client=NABEEL ILLAHI KOANKH, account=FBM  CASH, amount=14300.0, discount=0.0",2026-07-29T15:26:07.325551
717c8a08-4d3b-432e-8977-609d763b392a,4,,account.transaction.receive,"source_category=client_ledger, client=KHAWAR SB CONT DHINDA, account=FBM  CASH, amount=100000.0, discount=0.0",2026-07-29T16:39:18.447716
34a27851-54d8-4936-9c0c-3e0423a68d0b,4,,account.transaction.receive,"source_category=client_ledger, client=MUHAMMAD YOUSUF SB GHURAIRA, account=(MCB 77661 )ADNAN AHMED, amount=100000.0, discount=0.0",2026-07-29T17:27:42.716015
73b6aca4-ca87-45f4-9486-d09643aa5177,4,,account.transaction.receive,"source_category=client_ledger, client=MUHAMMAD YOUSUF SB GHURAIRA, account=(MCB 77661 )ADNAN AHMED, amount=100000.0, discount=0.0",2026-07-29T17:28:33.582434
9399a6d7-9062-4386-a659-d158d4128286,4,,account.transaction.receive,"source_category=client_ledger, client=IRFAN SB DEDHAR SHARIF, account=FBM  CASH, amount=109000.0, discount=80.0",2026-07-30T10:21:54.004691
10074646-debc-4acd-a0f0-f2bca017d86f,4,,account.transaction.receive,"source_category=client_ledger, client=MUHAMMAD SALEEM SB RUPOWAL, account=FBM  CASH, amount=1.0, discount=18916.0",2026-07-30T13:41:12.853807
1a521d27-55ec-44a3-81a7-c4e2eb3c1b0a,4,,account.transaction.receive,"source_category=client_ledger, client=ADNAN SB DOIYAN, account=FBM  CASH, amount=38750.0, discount=0.0",2026-07-30T14:05:39.474911
9574b808-d62c-4fce-bae1-c2a194a878ae,4,,account.transaction.receive,"source_category=client_ledger, client=YASIR YAQOOB SB DILAWARPUR, account=FBM  CASH, amount=1.0, discount=147.0",2026-07-30T14:19:40.206845
fed4cac0-3d69-47ad-9ab8-af894bf9daa9,4,,account.transaction.receive,"source_category=client_ledger, client=SAFDAR ALI SB AJNALA (ASLAM CONT), account=(MCB 77661 )ADNAN AHMED, amount=100000.0, discount=0.0",2026-07-30T17:04:09.791936
ed7461c6-e855-4d34-8a7c-685251327858,6,,account.transaction.supplier_payment,"from=FBM  CASH, supplier=Faizan Fecto, amount=50000.0",2026-08-01T10:17:36.181006
ff4e6cea-9e45-4467-bb8c-3363f875461f,6,,account.transaction.supplier_payment,"from=FBM  CASH, supplier=Gujr Trader DG Kohat Fauji, amount=20300.0",2026-08-01T10:24:53.704223
e3cd7c18-d92b-48ff-be2c-07d0405dd1bf,4,,account.transaction.receive,"source_category=client_ledger, client=HAFIZ ABDUL JABBAR SB RANGPUR, account=FBM  CASH, amount=10500.0, discount=0.0",2026-08-01T14:30:46.437562
73f31151-631a-490e-8e8f-72f5bb93a232,4,,account.transaction.receive,"source_category=client_ledger, client=MUHAMMAD RAZAQ SB JPS, account=FBM  CASH, amount=22800.0, discount=0.0",2026-08-01T14:35:37.310869
98377258-c71a-4188-9530-7794fbd7709b,4,,account.transaction.receive,"source_category=client_ledger, client=MIRZA YOUNUS SB JPS, account=FBM  CASH, amount=1.0, discount=2011.0",2026-08-01T15:43:32.046624
f7d41abf-5afa-490c-9e2a-5710b932e0fc,4,,account.transaction.receive,"source_category=client_ledger, client=RANA SHEHBAZ SB JPS, account=FBM  CASH, amount=20000.0, discount=0.0",2026-08-01T15:51:24.512298
95500b87-f9cb-46b0-b188-e9f361adb42d,4,,account.transaction.receive,"source_category=client_ledger, client=SAFDAR ALI SB AJNALA (ASLAM CONT), account=FBM  CASH, amount=81964.0, discount=0.0",2026-08-01T16:49:06.269224
66485a00-5033-482a-8426-772cb2de5244,4,,account.transaction.receive,"source_category=client_ledger, client=MUHAMMAD AKRAM SB SANTAL SURKHIYAN, account=FBM  CASH, amount=250000.0, discount=0.0",2026-08-01T16:55:03.847140
3161a28f-980c-4c0b-a37e-2c34b2dd86d3,4,,account.transaction.receive,"source_category=client_ledger, client=MUHAMMAD YOUSUF SB GHURAIRA, account=(ALFALAH 37737) FAZAL BUILDING MATERIAL JPS, amount=300000.0, discount=0.0",2026-08-01T17:25:19.696288
f8206243-20ac-47f2-9189-fbe8c710653e,6,,account.transaction.supplier_payment,"from=FBM  CASH, supplier=Gujr Trader DG Kohat Fauji, amount=50000.0",2026-08-02T09:46:12.335464
d6e53464-5b1b-453c-a611-883ae816f972,4,,account.transaction.receive,"source_category=client_ledger, client=GHULAM MURTZA SB KOANKH, account=FBM  CASH, amount=150000.0, discount=0.0",2026-08-02T15:09:03.357866
e3600efe-b70b-4ec3-937d-6650505e5cb1,4,,account.transaction.receive,"source_category=client_ledger, client=MIRZA AMJAD JAVED SB AJNALA SITE, account=FBM  CASH, amount=350000.0, discount=0.0",2026-08-02T17:00:53.866270
856d3850-f14f-4a30-a7d5-5afcb8fa46a7,6,,account.transaction.supplier_payment,"from=FBM  CASH, supplier=Gujr Trader DG Kohat Fauji, amount=114700.0",2026-08-02T18:32:34.077881
96adc717-753d-4474-ad66-c91738c60709,1,,account.transaction.receive,"source_category=client_ledger, client=RASHEED AHMED SB JPS, account=COMPANY CASH, amount=150000.0, discount=0.0",2026-08-03T11:30:10.828031
df49994a-6a28-4a58-bc0a-ab0ed8e45ed4,4,,account.transaction.receive,"source_category=client_ledger, client=ASIF HUSSAIN JPS (ALI ALMUNIUM), account=FBM  CASH, amount=55000.0, discount=0.0",2026-08-03T17:16:14.231695
4aa8589d-09c6-4c20-8c18-45ca5f0921e2,4,,account.transaction.receive,"source_category=client_ledger, client=MASTER ZAHOOR SB JPS, account=FBM  CASH, amount=30000.0, discount=0.0",2026-08-04T10:30:33.639877
9ad0e5f5-0a60-41fc-bdab-20eb98665df6,4,,account.transaction.receive,"source_category=client_ledger, client=RAOOF SB GHURAL, account=(MCB 77661 )ADNAN AHMED, amount=300000.0, discount=0.0",2026-08-04T12:36:28.891499
edf6e337-1aed-41b0-896e-2f43033e6e5a,1,,account.transaction.receive,"source_category=client_ledger, client=SAGHEER BAIG SB KOANKH, account=COMPANY CASH, amount=0.0, discount=1320.0",2026-08-04T15:49:33.393843
d9b4cc40-149f-4b7c-88ef-96c6fd0438b4,4,,account.transaction.receive,"source_category=client_ledger, client=MUHAMMAD AKRAM SB SANTAL SURKHIYAN, account=(ALFALAH 37737) FAZAL BUILDING MATERIAL JPS, amount=100000.0, discount=0.0",2026-08-04T16:43:22.044031
6db81a13-8d7f-4e4d-8d1d-aef445beae1b,4,,account.transaction.receive,"source_category=client_ledger, client=RAFAQAT HUSSAIN SB MALIK (MASJID), account=FBM  CASH, amount=100000.0, discount=0.0",2026-08-04T16:58:48.042678
bbd13798-7a87-46d8-8ebb-c5126265a3d8,4,,account.transaction.receive,"source_category=client_ledger, client=RAJA MUHAMMAD ZARAAR RANGPUR, account=FBM  CASH, amount=1.0, discount=3039.0",2026-08-04T17:21:00.000214
0bc6784d-ac63-4450-bc74-37dd37620576,4,,account.transaction.receive,"source_category=client_ledger, client=MUHAMMAD ASGHAR FAUJI SB JPS, account=FBM  CASH, amount=10000.0, discount=0.0",2026-08-05T11:50:47.053297
ce60b89f-8fa5-4cb0-8bbe-642c1ebb7d21,4,,account.transaction.receive,"source_category=client_ledger, client=KHALIL AHMED SB DHINDA KALAAN, account=FBM  CASH, amount=10510.0, discount=0.0",2026-08-05T13:20:27.106027
93d27191-285c-4e79-aeb7-92d258036af4,4,,account.transaction.receive,"source_category=client_ledger, client=RASHEED AHMED SB JPS, account=FBM  CASH, amount=550000.0, discount=0.0",2026-08-05T13:36:55.753920
a4b8c86f-4dda-44a8-b3cf-d62d7853865e,4,,account.transaction.receive,"source_category=client_ledger, client=IRFAN SB JPS (ATEEQ SB), account=FBM  CASH, amount=100000.0, discount=0.0",2026-08-05T15:01:23.266926
6b999759-8d28-4e6a-a3ac-773bffeb2d0a,4,,account.transaction.receive,"source_category=client_ledger, client=MIRZA NAZAR BAIG SB KOANKH, account=FBM  CASH, amount=31400.0, discount=0.0",2026-08-05T15:08:25.226759
86eaee5a-e6ab-4bd5-a5c0-c7905223f711,4,,account.transaction.client_refund,"from=FBM  CASH, client=MIRZA NAGHMAN SB TIBBA, amount=30000.0",2026-08-05T15:12:05.392171
1428f75d-da93-4e38-baaf-fdd975d4effd,4,,account.transaction.receive,"source_category=client_ledger, client=SAGHEER BAIG SB KOANKH, account=FBM  CASH, amount=229000.0, discount=0.0",2026-08-05T17:49:00.939024
c2b776c1-1c69-427b-84dd-7dcf18c2c9ec,6,,account.transaction.supplier_payment,"from=(ALFALAH 37737) FAZAL BUILDING MATERIAL JPS, supplier=Faizan Fecto, amount=400000.0",2026-08-05T17:52:23.767715
f26fcd1c-c130-4559-bc49-9b8ebc04898c,6,,account.transaction.supplier_payment,"from=(AL HABIB 2607)ADNAN AHMED, supplier=Zia Traders, amount=400000.0",2026-08-05T17:53:28.876810
6202b2f5-3bc4-4870-8dfc-1a69d86ba921,6,,account.transaction.supplier_payment,"from=FBM  CASH, supplier=Zia Traders, amount=155000.0",2026-08-05T17:55:59.562340
91b28999-ddfe-42dd-8bcb-15e02facbf42,6,,account.transaction.supplier_payment,"from=(ALFALAH 37737) FAZAL BUILDING MATERIAL JPS, supplier=Faizan Fecto, amount=400000.0",2026-08-06T10:25:16.595037
c917eb10-90e4-40eb-9112-b2c89f5fd13d,7,,account.transaction.receive,"source_category=client_ledger, client=MUHAMMAD ARIF BAIG SB KOANKH (KAMRAN NUMBERDAR), account=FBM  CASH, amount=100000.0, discount=0.0",2026-08-06T15:07:45.057964
ae06f59d-33a1-4033-80a9-dc65a3e3c49d,7,,account.transaction.receive,"source_category=client_ledger, client=ABDUL SATTAR SB DHINDA FARM, account=FBM  CASH, amount=20000.0, discount=0.0",2026-08-06T15:19:37.886027
c5256acc-33e2-43e0-ba11-4cbe5e37fb97,6,,account.transaction.supplier_payment,"from=FBM  CASH, supplier=Faizan Fecto, amount=100000.0",2026-08-06T15:51:23.396672
118ac995-b460-45bc-96fb-d28be7274e2e,7,,account.transaction.receive,"source_category=client_ledger, client=MALIK SHEHBAZ SB DHINDA, account=FBM  CASH, amount=15500.0, discount=0.0",2026-08-06T16:08:59.566067
79133d08-ee55-4d4b-8a33-212b290dfc77,1,,account.transaction.receive,"source_category=client_ledger, client=NADEEM SB DHINDA, account=(MCB 77661 )ADNAN AHMED, amount=250000.0, discount=0.0",2026-08-06T17:16:36.594124
900ad295-7f17-40c3-8b21-5e4cd398bbbb,1,,account.transaction.receive,"source_category=client_ledger, client=HAJI YOUSUF BUTT JPS, account=FBM  CASH, amount=9800.0, discount=206.0",2026-08-07T10:40:09.728271
5f93f6ae-c51a-4b27-92fc-762af6838fd5,7,,account.transaction.receive,"source_category=client_ledger, client=SHEHZAD KHAN SB DHINDA, account=FBM  CASH, amount=319000.0, discount=0.0",2026-08-07T14:35:51.507302
a70c6b7f-dd42-4043-9106-335d3d5b6a92,6,,account.transaction.supplier_payment,"from=FBM  CASH, supplier=Gujr Trader DG Kohat Fauji, amount=43800.0",2026-08-08T09:03:43.402067
ce444b46-f023-42fe-b42b-4d896efed2bd,6,,account.transaction.supplier_payment,"from=FBM  CASH, supplier=Zia Traders, amount=400000.0",2026-08-08T09:05:02.249213
d647af6e-e2eb-4d0e-8b54-296e5a5751f3,4,,account.transaction.receive,"source_category=client_ledger, client=SHEHZAD KHAN SB DHINDA, account=FBM  CASH, amount=100000.0, discount=0.0",2026-08-08T11:41:04.425806
8ffeeb3d-dea1-4bb8-8199-2b913b26acdd,7,,account.transaction.receive,"source_category=client_ledger, client=HAJI YOUSUF BUTT JPS, account=FBM  CASH, amount=15600.0, discount=0.0",2026-08-08T12:58:48.023826
f35c4137-3d0b-4da0-a9a4-5402e9a6e776,7,,account.transaction.receive,"source_category=client_ledger, client=ASIF SB LOADER JPS, account=FBM  CASH, amount=50000.0, discount=0.0",2026-08-08T13:01:58.140317
373fecd4-aa4a-4873-8ca8-3894c0e6e7c2,7,,account.transaction.receive,"source_category=client_ledger, client=ADNAN SB DOIYAN, account=FBM  CASH, amount=40000.0, discount=0.0",2026-08-08T15:53:32.932839
d214fd9a-5c9b-4001-afe0-fd4224f214c8,1,,account.transaction.receive,"source_category=client_ledger, client=ADNAN SB DOIYAN, account=COMPANY CASH, amount=40000.0, discount=0.0",2026-08-08T15:57:12.476173
7c75f3c6-3113-4227-bc1c-f7aa5c5d6c1a,6,,account.transaction.supplier_payment,"from=FBM  CASH, supplier=Gujr Trader DG Kohat Fauji, amount=100000.0",2026-08-08T16:14:13.945078
aa7c9224-3144-486b-8774-90814a27e3d6,7,,account.transaction.receive,"source_category=client_ledger, client=RAFAQAT HUSSAIN SB MALIK (MASJID), account=FBM  CASH, amount=71000.0, discount=457.0",2026-08-08T16:46:41.458995
a4fc7264-9dbd-4f83-b689-0031a32fa082,7,,account.transaction.receive,"source_category=client_ledger, client=SHEHZAD KHAN SB DHINDA, account=FBM  CASH, amount=40000.0, discount=0.0",2026-08-08T17:44:41.741098
501e6826-cdb5-4b6f-a076-f294df08fca9,7,,transaction.void.DirectSale,"id=2315, reason=",2026-08-09T11:08:12.460738
0dcf0243-6f1a-4aa7-bb3c-9fea6fd587e1,6,,account.transaction.supplier_payment,"from=COMPANY CASH, supplier=Zia Traders, amount=300000.0",2026-08-09T11:52:18.651674
71d64298-085e-4869-af15-aec4b4336d1b,6,,account.transaction.supplier_payment,"from=FBM  CASH, supplier=Gujr Trader DG Kohat Fauji, amount=80000.0",2026-08-09T11:53:11.274761
a15cf3ab-3510-47ff-969f-eb8d0ca0e0b5,6,,account.transaction.supplier_payment,"from=FBM  CASH, supplier=Faizan Fecto, amount=90000.0",2026-08-09T11:54:18.777969
eae1a4f9-c343-4f23-949f-80724b32b839,7,,account.transaction.receive,"source_category=client_ledger, client=MALIK SHEHBAZ SB DHINDA, account=FBM  CASH, amount=6000.0, discount=0.0",2026-08-09T12:51:37.529067
04add6a6-a721-4f83-bfc6-90e4ea74319e,7,,account.transaction.receive,"source_category=client_ledger, client=DR AMIN SB JPS, account=FBM  CASH, amount=50000.0, discount=0.0",2026-08-09T13:12:22.815014
5e945baa-7be0-4185-99e2-d39044c9f9b9,7,,account.transaction.receive,"source_category=client_ledger, client=MUHAMMAD ARIF BAIG SB KOANKH (KAMRAN NUMBERDAR), account=FBM  CASH, amount=50000.0, discount=0.0",2026-08-09T16:10:50.253963
dae62cf5-132f-4373-a724-736749f6cfb9,7,,account.transaction.receive,"source_category=client_ledger, client=MIRZA NAGHMAN SB TIBBA, account=FBM  CASH, amount=8000.0, discount=0.0",2026-08-09T16:57:34.896517
e438ed44-760e-4a77-9cf3-7d67b8e16786,7,,account.transaction.receive,"source_category=client_ledger, client=SHAMRAIZ SB HANDA STOP, account=(MCB 77661 )ADNAN AHMED, amount=11140.0, discount=0.0",2026-08-09T17:26:29.671948
ebfc9599-7151-4360-84f4-f0a0f376abd3,6,,account.transaction.supplier_payment,"from=(ALFALAH 37737) FAZAL BUILDING MATERIAL JPS, supplier=Faizan Fecto, amount=410000.0",2026-08-10T16:47:48.903997
8bb948e4-3ca7-46f8-b4f2-076f63c0366d,6,,account.transaction.supplier_payment,"from=FBM  CASH, supplier=Gujr Trader DG Kohat Fauji, amount=1000000.0",2026-08-11T10:05:43.287550
f7e84608-3a88-4fb5-9f20-570ef76aff56,7,,transaction.void.Payment,"id=693, reason=",2026-08-11T11:53:57.467756
f01d1deb-a423-4af0-b077-60a535747c39,4,,account.transaction.receive,"source_category=client_ledger, client=SHAMRAIZ SB JAGUWAN, account=FBM  CASH, amount=5900.0, discount=23.0",2026-08-11T12:56:58.873486
27ba94f0-2b73-4cb8-8e03-e0f5a252cea4,4,,account.transaction.receive,"source_category=client_ledger, client=MIRZA NAZAR BAIG SB KOANKH, account=FBM  CASH, amount=3700.0, discount=0.0",2026-08-11T12:58:59.432487
eebc9721-3afd-4cae-b718-fa13bf31bda9,4,,account.transaction.receive,"source_category=client_ledger, client=SHAHZAIB FAROOQ SB ALAM GARH, account=FBM  CASH, amount=39750.0, discount=0.0",2026-08-11T13:03:49.386464
f0da913e-522a-442f-9e1e-fe4db9be532e,4,,transaction.void.DirectSale,"id=2395, reason=",2026-08-11T13:23:05.641090
8cab597f-6d63-46ce-b625-a9675caa6960,4,,account.transaction.receive,"source_category=client_ledger, client=GHULAM MURTZA SB KOANKH, account=(MCB 77661 )ADNAN AHMED, amount=200000.0, discount=0.0",2026-08-11T14:41:42.105418
159e2ec4-80fd-469a-bf96-c69b695f668a,4,,account.transaction.receive,"source_category=client_ledger, client=MAZHAR SB RUPOWAL DERA, account=FBM  CASH, amount=60000.0, discount=0.0",2026-08-11T14:59:08.109123
5a0c74a8-d138-455e-b7f8-ca97e79fbc60,4,,account.transaction.receive,"source_category=client_ledger, client=SARWAR SB MASON, account=FBM  CASH, amount=20000.0, discount=0.0",2026-08-11T16:26:40.221592
9c5626b5-425d-49b7-90ac-5332659e8b88,6,,account.transfer,"from=COMPANY CASH, to=(ALFALAH 37737) FAZAL BUILDING MATERIAL JPS, amount=5000000.0",2026-08-11T16:28:03.064535
cad2fa6c-d081-4116-97d2-0b7a52a89602,6,,account.transaction.supplier_payment,"from=(ALFALAH 37737) FAZAL BUILDING MATERIAL JPS, supplier=Gujr Trader DG Kohat Fauji, amount=1000000.0",2026-08-11T16:29:36.375852
7e3386f3-0b32-4713-9a67-208badd5ccab,4,,transaction.void.DirectSale,"id=2412, reason=",2026-08-12T10:28:02.165800
f62bce53-a999-44bc-9a92-0df1a0e8798a,4,,transaction.void.DirectSale,"id=2413, reason=",2026-08-12T10:48:16.426197
4996e3fd-45fc-4d83-9027-1b954598a6e9,4,,account.transaction.receive,"source_category=client_ledger, client=AKAS AMJAD RANG PUR, account=(MCB 77661 )ADNAN AHMED, amount=80000.0, discount=0.0",2026-08-12T10:51:28.322634
297da7a4-688d-42c0-b08b-438032a8439b,4,,transaction.void.DirectSale,"id=2411, reason=",2026-08-12T11:19:31.937114
6968e7e3-c1f0-4efc-9b79-2fd4d268337f,4,,account.transaction.receive,"source_category=client_ledger, client=RAFAQAT HUSSAIN SB MALIK (MASJID), account=FBM  CASH, amount=103000.0, discount=146.6",2026-08-12T11:38:45.519601
45be0ac2-9aa4-4cfc-9158-37c7d91be665,4,,account.transaction.receive,"source_category=client_ledger, client=RAFAQAT HUSSAIN SB MALIK (MASJID), account=FBM  CASH, amount=103000.0, discount=147.0",2026-08-12T15:39:17.309819
135ad5e9-6ff3-4c5f-99ad-a40e57486035,4,,account.transaction.receive,"source_category=client_ledger, client=MIRZA AMJAD JAVED SB AJNALA SITE, account=FBM  CASH, amount=120000.0, discount=0.0",2026-08-12T16:20:01.209821
d6de6669-5e1e-4616-8799-f0a688e92050,4,,account.transaction.receive,"source_category=client_ledger, client=IMRAN SB MALAK PUR, account=FBM  CASH, amount=30000.0, discount=0.0",2026-08-12T16:25:14.017179
e1405394-3c85-446a-b6b8-1b16b4df7265,4,,account.transaction.receive,"source_category=client_ledger, client=MIRZA NAZAR BAIG SB KOANKH, account=FBM  CASH, amount=31000.0, discount=0.0",2026-08-12T16:31:16.664096
1f0c7d2f-899c-4f07-b618-6e3f6d78c21a,4,,account.transaction.receive,"source_category=client_ledger, client=MUHAMMAD ARSHAD SB GHURAL (SUBEDAR QADAR DAD SB), account=FBM  CASH, amount=99000.0, discount=0.0",2026-08-12T16:49:11.614492
bde6888a-464a-45b9-b0f4-065590d17f39,4,,account.transaction.receive,"source_category=client_ledger, client=MUHAMMAD ARSHAD SB GHURAL (SUBEDAR QADAR DAD SB), account=FBM  CASH, amount=1.0, discount=236.0",2026-08-12T16:51:53.404397
134ff202-5ee8-4271-96c8-373d7d6424cb,6,,account.transaction.supplier_payment,"from=FBM  CASH, supplier=Gujr Trader DG Kohat Fauji, amount=75250.0",2026-08-13T08:57:26.556480
86614a16-d707-47cf-a20e-d6882a88f9b6,6,,account.transaction.supplier_payment,"from=(AL HABIB 2607)ADNAN AHMED, supplier=Zia Traders, amount=300000.0",2026-08-13T08:58:19.172764
da9d6c31-b0e8-475f-879b-43539d5f0d3c,6,,account.transaction.supplier_payment,"from=FBM  CASH, supplier=Zia Traders, amount=155000.0",2026-08-13T09:00:15.180971
08b6c4b8-9216-4c37-a6cb-a1c81c5a90bd,4,,account.transaction.receive,"source_category=client_ledger, client=MUHAMMAD AKRAM SB SANTAL SURKHIYAN, account=FBM  CASH, amount=100000.0, discount=0.0",2026-08-13T12:27:24.987954
999343dd-bc38-4da2-8ee7-1b3ed6163281,4,,account.transaction.receive,"source_category=client_ledger, client=MUHAMMAD AKRAM SB SANTAL SURKHIYAN, account=FBM  CASH, amount=66000.0, discount=0.0",2026-08-13T12:28:14.827639
834fb17a-0adc-4a6e-89a0-8a71f31be6ca,4,,account.transaction.receive,"source_category=client_ledger, client=ALI SHAN SB HANDA, account=FBM  CASH, amount=52500.0, discount=0.0",2026-08-13T14:30:45.298966
ffec4389-3304-4b42-b3ed-cd643cf843ac,4,,account.transaction.receive,"source_category=client_ledger, client=MUHMMAD SHAREEF SB DHINDA, account=FBM  CASH, amount=51000.0, discount=0.0",2026-08-14T09:15:46.183403
c4ded9ee-2503-48fc-b805-d487b6ced157,4,,account.transaction.receive,"source_category=client_ledger, client=TANVEER SB DHINDA, account=FBM  CASH, amount=2000.0, discount=0.0",2026-08-14T13:09:17.805747
29074647-75bb-4aff-ae0e-9641b781f194,4,,account.transaction.receive,"source_category=client_ledger, client=QAISER SB JPS, account=FBM  CASH, amount=200000.0, discount=0.0",2026-08-15T08:58:05.170599
d974beed-7851-436e-9be9-4f9ca3228789,4,,account.transaction.receive,"source_category=client_ledger, client=RAJA PARWEZ SB RANGPUR, account=FBM  CASH, amount=17800.0, discount=20.0",2026-08-15T09:41:26.843295
69475ab6-e6b9-4d2c-878a-3ca0d4de5989,4,,account.transaction.receive,"source_category=client_ledger, client=MUHAMMAD BASHEER SB CONT KOANKH, account=FBM  CASH, amount=23000.0, discount=0.0",2026-08-15T09:58:07.847390
48bdf304-65ff-4c6d-807d-70bb91c0b68d,4,,account.transaction.receive,"source_category=client_ledger, client=QAISER SB JPS, account=FBM  CASH, amount=6700.0, discount=0.0",2026-08-15T10:04:38.976108
958d05cb-9e14-4f15-b614-bc8744d9bc80,4,,account.transaction.receive,"source_category=client_ledger, client=MUHAMMAD YOUSUF SB GHURAIRA, account=FBM  CASH, amount=200000.0, discount=0.0",2026-08-15T10:55:58.968383
652491b5-12bb-4191-aba2-573167f8c22e,4,,account.transaction.receive,"source_category=client_ledger, client=DR EHSAN SB DHINDA, account=FBM  CASH, amount=30000.0, discount=0.0",2026-08-15T11:22:04.067261
e2792a04-af17-4a71-a156-84067b774bb0,4,,account.transaction.receive,"source_category=client_ledger, client=DR EHSAN SB DHINDA, account=(ALFALAH 37737) FAZAL BUILDING MATERIAL JPS, amount=4858.0, discount=0.0",2026-08-15T11:22:52.534715
d4f6b533-24db-4919-90cc-fc4bad641917,4,,account.transaction.receive,"source_category=client_ledger, client=DR EHSAN SB DHINDA, account=FBM  CASH, amount=0.1, discount=0.7",2026-08-15T11:24:29.926873
db1085d1-f6b4-47ca-8852-36a8f266ae3a,4,,transaction.void.Payment,"id=733, reason=",2026-08-15T11:27:25.302573
17540345-a27f-4c3b-801b-bc920afc5a37,4,,transaction.void.Payment,"id=732, reason=",2026-08-15T11:27:49.913620
0412a062-3b6c-497c-a4ca-a2414b56d39f,4,,account.transaction.receive,"source_category=client_ledger, client=DR EHSAN SB DHINDA, account=(ALFALAH 37737) FAZAL BUILDING MATERIAL JPS, amount=4857.2, discount=0.0",2026-08-15T11:28:28.382436
77ed03d4-fa2d-493c-b655-e0e41d103fc4,7,,account.transaction.receive,"source_category=client_ledger, client=FAISAL SB JPS, account=FBM  CASH, amount=23200.0, discount=67.0",2026-08-15T12:27:05.801091
54c8b34a-1936-4674-95b5-aa4e738a9992,7,,account.transaction.receive,"source_category=client_ledger, client=HAFIZ ABDUL JABBAR SB RANGPUR, account=FBM  CASH, amount=3400.0, discount=1050.0",2026-08-15T12:47:27.420676
7a06ab21-7b60-4c5b-80b4-7299b5f9761a,7,,transaction.void.Payment,"id=736, reason=",2026-08-15T12:48:31.153040
bccba2f9-796b-422e-8531-bc34394ca83e,7,,account.transaction.receive,"source_category=client_ledger, client=HAFIZ ABDUL JABBAR SB RANGPUR, account=FBM  CASH, amount=3400.0, discount=1050.4",2026-08-15T12:49:22.085277
dbf51aa2-162b-4c58-8240-05e11c80ed14,7,,account.transaction.receive,"source_category=client_ledger, client=ADNAN SB DOIYAN, account=FBM  CASH, amount=40000.0, discount=0.0",2026-08-15T14:55:25.720002
6afbc03c-ce89-495e-a159-a5208843cc35,4,,account.transaction.receive,"source_category=client_ledger, client=NASAR IQBAL BUTT SB JPS, account=FBM  CASH, amount=10000.0, discount=0.0",2026-08-16T11:30:13.418060
1519c54f-1a4b-40fe-84e5-6d7dc26f6f18,4,,account.transaction.receive,"source_category=client_ledger, client=GHULAM SARWAR SB JPS(HAJI JAVED SB), account=FBM  CASH, amount=1.0, discount=1399.0",2026-08-16T11:44:34.637972
d4a2346a-45ef-4786-b3d8-a1159143308f,4,,account.transaction.receive,"source_category=client_ledger, client=FAUJI EJAZ AHMED SB JPS, account=FBM  CASH, amount=1900000.0, discount=0.0",2026-08-16T13:08:43.092065
8aae5b76-2974-41ac-a525-a75b72732e25,4,,account.transaction.receive,"source_category=client_ledger, client=WAJID SB AJNALA, account=FBM  CASH, amount=19000.0, discount=448.0",2026-08-16T13:34:45.630442
310d2022-b46f-4866-80a2-82fb20e364a6,4,,account.transaction.receive,"source_category=client_ledger, client=MIRZA AMJAD JAVED SB AJNALA SITE, account=FBM  CASH, amount=40000.0, discount=0.0",2026-08-16T13:44:26.010480
9aa5f042-e10f-4615-b68b-5e6a7a4d88f0,4,,account.transaction.receive,"source_category=client_ledger, client=MALIK ARSHAD SB JPS, account=FBM  CASH, amount=200000.0, discount=0.0",2026-08-16T14:49:17.906359
27ce9035-230b-4a4e-b4ed-1ec05d00ed3e,7,,account.transaction.receive,"source_category=client_ledger, client=QAISER SB JPS, account=FBM  CASH, amount=50000.0, discount=0.0",2026-08-17T11:13:43.966798
356e61de-d36c-4cff-9c4a-9df136ee003c,1,Admin,auth.login,by=Admin role=admin | ip=182.189.55.221 role=admin sid=fd16fecd219dad56411a81dbefe21f95 concurrent=allowed,2026-08-17T14:17:24.896723
36dfd493-f8ee-419e-8d56-ebe1c1c78896,1,Admin,http.post.auth.login,by=Admin role=admin | path=/login status=302,2026-08-17T14:17:24.902111
bd209a87-668f-462b-9126-c1500a89bad4,1,Admin,auth.login,by=Admin role=admin | ip=127.0.0.1 role=admin sid=cb5d8af7da924ea6528ec636dd7b2a1b concurrent=allowed,2026-08-17T15:12:08.192375
8d063608-146b-46c5-915d-e14e0efde818,1,Admin,http.post.auth.login,by=Admin role=admin | path=/login status=302,2026-08-17T15:12:08.297923
dc00fcfa-b198-42e6-ae79-b64a792f3dcb,1,Admin,auth.login,by=Admin role=admin | ip=127.0.0.1 role=admin sid=75d40afa1f1c7ee3db0b403e0b068b85 concurrent=allowed,2026-08-17T15:38:52.945304
9d778c0c-e500-4592-a991-af672f754898,1,Admin,auth.login,by=Admin role=admin | ip=182.189.32.204 role=admin sid=2334c7742cdafc4eff02b6fcb2c882b5 concurrent=allowed,2026-08-19T16:37:43.820656
922e972f-120e-4c4a-9d06-9a0ed6c33841,1,Admin,http.post.auth.login,by=Admin role=admin | path=/login status=302,2026-08-19T16:37:43.845189
9134f5ba-c75d-4377-a504-95cbada51293,1,Admin,auth.login,by=Admin role=admin | ip=182.189.32.204 role=admin sid=92674fdf10424c95a78ddc2788c9f9b3 concurrent=allowed,2026-08-19T16:38:14.421595
7910342d-b13b-4f8b-bd93-8126c3a8d1a3,1,Admin,http.post.auth.login,by=Admin role=admin | path=/login status=302,2026-08-19T16:38:14.444311
43279c9f-7cc2-4e4d-ac87-e0864d9abbfe,1,Admin,http.post.misc.data_wipe_preview,by=Admin role=admin | path=/data_wipe_preview status=200,2026-08-19T16:38:39.309736
28ba48a3-3199-4418-a5a1-eace2f924b97,1,Admin,http.post.misc.delete_selected_data,by=Admin role=admin | path=/delete_selected_data status=302,2026-08-19T16:38:43.647758
be55681f-d1e3-44ad-809f-d01084def6bf,5,Shujaat Muzaffar,http.post.sales.add_direct_sale,by=Shujaat Muzaffar role=admin | path=/add_direct_sale status=302,2026-08-19T12:44:01.344020
270f48d3-3ffb-43d4-9a67-88a7378a5d9b,5,Shujaat Muzaffar,http.post.sales.add_direct_sale,by=Shujaat Muzaffar role=admin | path=/add_direct_sale status=302,2026-08-19T12:44:42.638953
af36cbb3-a75b-41f6-b2b2-5ccb71115f8e,5,,transaction.delete.DirectSale,"id=2255, reason=",2026-08-19T12:49:28.455940
0d1c5080-0a7e-4a39-b80b-ea509d9d7398,5,Shujaat Muzaffar,http.post.sales.delete_transaction,by=Shujaat Muzaffar role=admin | path=/delete_transaction/DirectSale/2255 status=302,2026-08-19T12:49:28.516052
52effd27-8020-4416-9816-ff911d2e05b1,5,Shujaat Muzaffar,http.post.sales.add_direct_sale,by=Shujaat Muzaffar role=admin | path=/add_direct_sale status=302,2026-08-19T12:57:07.958709
b4ece1be-9600-45f0-b9d2-07310eb7dfce,5,Shujaat Muzaffar,http.post.sales.add_direct_sale,by=Shujaat Muzaffar role=admin | path=/add_direct_sale status=302,2026-08-19T12:58:33.462802
a3751a02-5e4a-4558-a795-fe202bddeac4,5,Shujaat Muzaffar,http.post.ledgers.client_booking_cancel,by=Shujaat Muzaffar role=admin | path=/client_booking_cancel/244 status=302,2026-08-19T12:59:14.191761
4355bcda-d45d-458d-9fde-846f704b1d51,5,Shujaat Muzaffar,http.post.sales.add_booking,by=Shujaat Muzaffar role=admin | path=/add_booking status=302,2026-08-19T13:06:17.378280
01cc4a16-3b4f-4b70-b699-0bfbbfdf425d,5,Shujaat Muzaffar,http.post.sales.add_direct_sale,by=Shujaat Muzaffar role=admin | path=/add_direct_sale status=302,2026-08-19T13:07:37.570425
4bde577b-e871-4ca9-94c7-5c25da3c7f9b,5,Shujaat Muzaffar,http.post.sales.add_direct_sale,by=Shujaat Muzaffar role=admin | path=/add_direct_sale status=302,2026-08-19T13:13:33.328232
d5917c4c-794c-4d73-a358-63a56bb18acd,5,Shujaat Muzaffar,http.post.sales.add_direct_sale,by=Shujaat Muzaffar role=admin | path=/add_direct_sale status=302,2026-08-19T13:15:49.528983
bc9528b6-b1b5-43ad-9f89-a6b0549882ed,5,Shujaat Muzaffar,http.post.sales.add_direct_sale,by=Shujaat Muzaffar role=admin | path=/add_direct_sale status=302,2026-08-19T13:20:33.407798
31744c05-e953-4f90-a351-932c9628a806,5,Shujaat Muzaffar,http.post.sales.add_direct_sale,by=Shujaat Muzaffar role=admin | path=/add_direct_sale status=302,2026-08-19T13:26:20.462167
1d67538a-bb06-45b1-acbb-d329482883e4,5,Shujaat Muzaffar,http.post.sales.add_direct_sale,by=Shujaat Muzaffar role=admin | path=/add_direct_sale status=302,2026-08-19T13:27:51.857144
91af6e9f-cb44-4abf-82c4-0304b136ea78,5,Shujaat Muzaffar,http.post.accounts.add_transaction,by=Shujaat Muzaffar role=admin | path=/accounts/transactions/new status=302,2026-08-19T13:30:57.193180
819b0fdb-f010-4af4-bcef-3b4f617a430d,5,Shujaat Muzaffar,http.post.masters.add_client,by=Shujaat Muzaffar role=admin | path=/add_client status=302,2026-08-19T13:36:41.780338
8798da46-c074-4ed2-bb5c-1734a35dc111,5,Shujaat Muzaffar,http.post.sales.add_booking,by=Shujaat Muzaffar role=admin | path=/add_booking status=302,2026-08-19T13:39:56.311168
5a99238c-2303-4a27-8f0c-4a9f7553c85b,5,Shujaat Muzaffar,http.post.sales.add_booking,by=Shujaat Muzaffar role=admin | path=/add_booking status=302,2026-08-19T13:46:18.831315
bcc35721-a97b-4e33-a8b5-3f624f413b7b,5,Shujaat Muzaffar,http.post.accounts.add_transaction,by=Shujaat Muzaffar role=admin | path=/accounts/transactions/new status=302,2026-08-19T13:50:58.720494
ba2ae096-f604-41d2-83dc-e0665556631d,5,Shujaat Muzaffar,http.post.sales.add_direct_sale,by=Shujaat Muzaffar role=admin | path=/add_direct_sale status=302,2026-08-19T13:54:06.556154
5105ca1a-c659-4c4e-a6cc-46d82ff069ff,5,Shujaat Muzaffar,http.post.ledgers.client_booking_cancel,by=Shujaat Muzaffar role=admin | path=/client_booking_cancel/304 status=302,2026-08-19T13:54:40.487681
06a3c93a-a061-42cc-a58d-ec69f2aa9bb3,5,Shujaat Muzaffar,http.post.accounts.add_transaction,by=Shujaat Muzaffar role=admin | path=/accounts/transactions/new status=302,2026-08-19T13:56:47.968620
ea15dd33-4bb6-43f8-aac5-bb2c0b736a63,5,Shujaat Muzaffar,http.post.accounts.add_transaction,by=Shujaat Muzaffar role=admin | path=/accounts/transactions/new status=302,2026-08-19T14:00:06.414214
40ac0910-74ef-4a2e-b43e-3ade39097814,1,Admin,http.post.sales.add_booking,by=Admin role=admin | path=/add_booking status=302,2026-08-19T14:02:32.623753
a3b5f0a0-0c4a-47d0-b749-db57f0bcc619,1,Admin,http.post.sales.add_direct_sale,by=Admin role=admin | path=/add_direct_sale status=302,2026-08-19T14:04:06.201863
76de9c0e-add1-45fb-8471-052a25e60a6c,5,Shujaat Muzaffar,http.post.masters.edit_client,by=Shujaat Muzaffar role=admin | path=/edit_client/296 status=302,2026-08-19T14:08:29.130822
5d453535-29cd-4ef2-8426-cb79dbd9c6a1,5,Shujaat Muzaffar,http.post.masters.edit_client,by=Shujaat Muzaffar role=admin | path=/edit_client/296 status=302,2026-08-19T14:10:21.878524
98832db5-1c37-44ff-9016-78730b972449,1,Admin,auth.logout,by=Admin role=admin | ip=39.56.11.115 sid=ade4def5b631cd07176b71c077f986cf,2026-08-19T14:11:07.407395
52eeb83a-cfe9-4176-b03e-dc6785c19f9f,1,Admin,auth.login,by=Admin role=admin | ip=39.56.11.115 role=admin sid=f4832b79230f956c835c4872551353be concurrent=allowed,2026-08-19T14:11:13.744144
9db35d98-0a01-411a-a9d7-31c104c1e7a2,1,Admin,http.post.auth.login,by=Admin role=admin | path=/login status=302,2026-08-19T14:11:13.775499
9fd8cbdd-f79c-4601-a3b9-5884c34136fd,1,Admin,http.post.sales.add_direct_sale,by=Admin role=admin | path=/add_direct_sale status=302,2026-08-19T15:04:19.510765
b63808c7-b06b-4f8a-aeef-305e716a990b,1,Admin,http.post.accounts.add_transaction,by=Admin role=admin | path=/accounts/transactions/new status=302,2026-08-19T15:06:00.195505
d41cf54e-2626-443c-9d79-1ee0b6e30945,1,Admin,http.post.sales.add_direct_sale,by=Admin role=admin | path=/add_direct_sale status=302,2026-08-19T15:08:16.013564
80eae9ed-6e0c-4535-bf58-825c985ae2d6,1,Admin,http.post.sales.add_direct_sale,by=Admin role=admin | path=/add_direct_sale status=302,2026-08-19T15:11:11.671132
41d66c17-819f-45e6-b5c7-bd8005991b59,1,Admin,http.post.sales.add_direct_sale,by=Admin role=admin | path=/add_direct_sale status=302,2026-08-19T15:11:27.225407
c52b731a-7187-443c-9605-44fae4a2bf02,1,Admin,http.post.accounts.add_transaction,by=Admin role=admin | path=/accounts/transactions/new status=302,2026-08-19T15:12:32.792179
d0b4fef0-f9e9-4252-b6fc-95b485cead1b,1,Admin,http.post.sales.add_direct_sale,by=Admin role=admin | path=/add_direct_sale status=302,2026-08-19T15:48:37.995002
c4838a21-88fd-423f-a4b3-d181c742fe7a,1,Admin,http.post.sales.add_direct_sale,by=Admin role=admin | path=/add_direct_sale status=302,2026-08-19T15:50:54.662900
93a5e10e-9103-45e7-847f-70dd9784db69,1,Admin,http.post.sales.add_direct_sale,by=Admin role=admin | path=/add_direct_sale status=302,2026-08-19T15:52:25.159336
44530e90-51ba-4aa5-a39d-15b2e3f3aaff,1,Admin,http.post.accounts.add_transaction,by=Admin role=admin | path=/accounts/transactions/new status=302,2026-08-19T15:53:21.719714
44835ef8-efbc-4a31-a799-7310edda2b04,1,Admin,http.post.sales.add_direct_sale,by=Admin role=admin | path=/add_direct_sale status=302,2026-08-19T15:54:19.667482
ea313f0b-bc64-4853-a316-4db722f2e99a,1,Admin,http.post.sales.add_direct_sale,by=Admin role=admin | path=/add_direct_sale status=302,2026-08-19T15:57:49.348836
2cd1a598-7342-4a4d-8e07-8a4d18fa203c,1,Admin,http.post.sales.add_direct_sale,by=Admin role=admin | path=/add_direct_sale status=302,2026-08-19T15:59:04.672441
e02b98c9-81eb-4b34-bd72-e2387e2fe97d,1,Admin,http.post.sales.add_direct_sale,by=Admin role=admin | path=/add_direct_sale status=302,2026-08-19T16:00:33.670823
fa116495-0139-4413-ae67-fb16d586f2c1,1,Admin,http.post.sales.add_direct_sale,by=Admin role=admin | path=/add_direct_sale status=302,2026-08-19T16:01:54.952528
3dc83525-4344-48c4-aa9d-91157d91d15d,1,Admin,http.post.sales.add_direct_sale,by=Admin role=admin | path=/add_direct_sale status=302,2026-08-19T16:03:22.493661
0d0eb63c-dddf-425a-9463-d5f3e5dfff57,5,Shujaat Muzaffar,http.post.accounts.add_transaction,by=Shujaat Muzaffar role=admin | path=/accounts/transactions/new status=302,2026-08-19T16:04:12.236774
5ab0bcdb-293b-4c26-a2db-02b03b4cd974,1,Admin,http.post.sales.add_direct_sale,by=Admin role=admin | path=/add_direct_sale status=302,2026-08-19T16:04:36.742425
9c5137b1-3d26-4703-9aaa-299f19fdfff4,1,Admin,http.post.sales.add_direct_sale,by=Admin role=admin | path=/add_direct_sale status=302,2026-08-19T16:06:07.027641
fb1cba17-d2d9-4a3e-90f8-bc29c6a2a783,1,Admin,auth.login,by=Admin role=admin | ip=182.189.32.204 role=admin sid=722519c27788a61026984f7e275abd1a concurrent=allowed,2026-08-19T16:08:20.967089
48e8a73a-c35c-49db-b030-72fe7400201d,1,Admin,http.post.auth.login,by=Admin role=admin | path=/login status=302,2026-08-19T16:08:20.999084
aeb725ef-5925-4eb9-8bb4-9bcbd241aa39,5,Shujaat Muzaffar,http.post.ledgers.client_booking_cancel,by=Shujaat Muzaffar role=admin | path=/client_booking_cancel/309 status=302,2026-08-19T16:10:11.481490
7540760c-6b9c-48d7-8428-6069e087c581,1,Admin,http.post.sales.add_direct_sale,by=Admin role=admin | path=/add_direct_sale status=302,2026-08-19T16:10:14.752802
e80d61bc-edd4-41a4-bb5e-b799d7f6f2f8,1,Admin,http.post.accounts.add_transaction,by=Admin role=admin | path=/accounts/transactions/new status=302,2026-08-19T16:11:14.057817
96c55d45-dc32-4dca-9a3f-ddee1661e4e2,1,Admin,http.post.sales.add_direct_sale,by=Admin role=admin | path=/add_direct_sale status=302,2026-08-19T16:13:59.884601
d10c74d6-e9e6-4f9d-8df2-1e3c23c7032e,1,Admin,http.post.accounts.add_transaction,by=Admin role=admin | path=/accounts/transactions/new status=302,2026-08-19T16:14:53.733583
84375479-a298-4d4b-b104-4126f6c53f1d,1,Admin,http.post.sales.add_direct_sale,by=Admin role=admin | path=/add_direct_sale status=302,2026-08-19T16:16:24.683312
31b5b14b-068f-4584-ae3a-8f74ad9861c4,1,Admin,http.post.sales.add_direct_sale,by=Admin role=admin | path=/add_direct_sale status=302,2026-08-19T16:18:27.091850
6c0d2a8e-2f74-467c-a508-011f04d12d2e,5,Shujaat Muzaffar,http.post.sales.add_booking,by=Shujaat Muzaffar role=admin | path=/add_booking status=302,2026-08-19T16:19:00.032880
74aa5da0-7c05-464c-9bc3-99b4700d3f77,1,Admin,http.post.sales.add_direct_sale,by=Admin role=admin | path=/add_direct_sale status=302,2026-08-19T16:21:29.914837
8b210019-b8f3-4472-bb78-1e1d5d7daa40,1,Admin,http.post.sales.add_direct_sale,by=Admin role=admin | path=/add_direct_sale status=302,2026-08-19T16:24:04.102732
c62ffecd-aba6-4aea-bce7-845964491a18,1,Admin,http.post.sales.add_direct_sale,by=Admin role=admin | path=/add_direct_sale status=302,2026-08-19T16:27:14.180554
06e2af13-c10f-43c1-9e82-7f933a0a139a,1,Admin,auth.login,by=Admin role=admin | ip=182.189.32.204 role=admin sid=9825ee02a8b0b3c8fcf10d18dbde8526 concurrent=allowed,2026-08-19T16:27:31.960944
4b360935-72b0-4a80-bbcf-e3e32c83f989,1,Admin,http.post.auth.login,by=Admin role=admin | path=/login status=302,2026-08-19T16:27:32.004259
a82eaca1-936a-491a-98e7-384fdfede528,1,Admin,http.post.sales.add_direct_sale,by=Admin role=admin | path=/add_direct_sale status=302,2026-08-19T16:28:48.067990
929a79d7-ede4-4b4f-bac0-a5cfcf302f34,1,Admin,http.post.sales.add_direct_sale,by=Admin role=admin | path=/add_direct_sale status=302,2026-08-19T16:30:11.244615
efe6da0e-7aee-40ac-b8ea-916c41337857,1,Admin,http.post.sales.add_direct_sale,by=Admin role=admin | path=/add_direct_sale status=302,2026-08-19T16:32:58.156513
4846df67-66f3-4b26-b881-58de1589bf0e,1,Admin,http.post.accounts.add_transaction,by=Admin role=admin | path=/accounts/transactions/new status=302,2026-08-19T16:34:20.063566
5d31cdac-f071-4974-a7a3-6f769d0399e7,1,Admin,auth.login,by=Admin role=admin | ip=182.189.32.204 role=admin sid=0deeab0e060952f3a4d6a2f38c638241 concurrent=allowed,2026-08-19T16:34:58.823305
7e7f006f-325c-4e7b-99c6-bc82d615ca83,1,Admin,http.post.auth.login,by=Admin role=admin | path=/login status=302,2026-08-19T16:34:58.859067
03238f12-1808-4fdd-aa43-b7512a3d37dc,5,Shujaat Muzaffar,auth.login,by=Shujaat Muzaffar role=admin | ip=39.56.12.17 role=admin sid=104080a70b296df0a4d389b480c972c4 concurrent=allowed,2026-08-19T17:52:22.056467
00e76e77-3aef-43ed-9144-1c3a11cf4f11,5,Shujaat Muzaffar,http.post.auth.login,by=Shujaat Muzaffar role=admin | path=/login status=302,2026-08-19T17:52:22.080790
522a8a3d-39da-46f9-bc7e-addd26de688b,5,Shujaat Muzaffar,http.post.accounts.add_transaction,by=Shujaat Muzaffar role=admin | path=/accounts/transactions/new status=302,2026-08-19T17:54:11.067537
0948790d-bdae-4f1c-ba7a-b07d457d86a0,5,Shujaat Muzaffar,http.post.sales.add_direct_sale,by=Shujaat Muzaffar role=admin | path=/add_direct_sale status=302,2026-08-20T09:23:21.057236
b28424e7-d9c7-4392-9de9-d1bf19f95640,5,Shujaat Muzaffar,http.post.sales.edit_booking,by=Shujaat Muzaffar role=admin | path=/edit_bill/Booking/408 status=302,2026-08-20T09:25:59.519072
cac23f7d-9e94-419c-9844-a5f38ceb5310,5,Shujaat Muzaffar,http.post.sales.edit_booking,by=Shujaat Muzaffar role=admin | path=/edit_bill/Booking/408 status=302,2026-08-20T09:27:26.196035
52e318ab-63a1-4dd3-af76-93b139b0154a,5,Shujaat Muzaffar,http.post.accounts.add_transaction,by=Shujaat Muzaffar role=admin | path=/accounts/transactions/new status=302,2026-08-20T09:31:56.037233
6354064b-8648-4ca2-971a-fc7d8e4ce0bc,5,Shujaat Muzaffar,http.post.accounts.add_transaction,by=Shujaat Muzaffar role=admin | path=/accounts/transactions/new status=302,2026-08-20T09:37:03.398188
940d6111-2ae4-4744-b3ae-bac598443143,5,Shujaat Muzaffar,http.post.sales.add_direct_sale,by=Shujaat Muzaffar role=admin | path=/add_direct_sale status=302,2026-08-20T09:38:56.895707
22a2e627-ae02-4e64-8e48-4403ab9ee2f6,5,Shujaat Muzaffar,http.post.sales.add_direct_sale,by=Shujaat Muzaffar role=admin | path=/add_direct_sale status=302,2026-08-20T10:16:57.553570
96364a19-9311-4891-8f14-ab25c46fd3c7,5,Shujaat Muzaffar,http.post.sales.add_material_return,by=Shujaat Muzaffar role=admin | path=/add_material_return status=302,2026-08-20T10:22:41.982557
d2f750f6-061d-4061-87aa-8f5039aa4f82,5,Shujaat Muzaffar,http.post.sales.add_material_return,by=Shujaat Muzaffar role=admin | path=/add_material_return status=302,2026-08-20T10:23:19.194009
8207ea63-b559-4c72-925b-625f4197e088,5,Shujaat Muzaffar,http.post.sales.delete_bill,by=Shujaat Muzaffar role=admin | path=/delete_bill/MaterialReturn/86 status=302,2026-08-20T10:26:15.241251
5fc35ba4-a48d-4319-b07d-039d80785609,5,Shujaat Muzaffar,http.post.sales.add_material_return,by=Shujaat Muzaffar role=admin | path=/add_material_return status=302,2026-08-20T10:26:45.277316
6cb247da-b1e5-4323-971a-f5e36bd1e83f,5,Shujaat Muzaffar,http.post.sales.add_booking,by=Shujaat Muzaffar role=admin | path=/add_booking status=302,2026-08-20T10:28:56.515661
6c1c3a3d-f040-4f02-a0d8-439a85106fb2,5,Shujaat Muzaffar,http.post.accounts.add_transaction,by=Shujaat Muzaffar role=admin | path=/accounts/transactions/new status=302,2026-08-20T10:30:22.182400
4aa9cb33-8358-40ad-9cb6-8979c7a99767,5,Shujaat Muzaffar,http.post.sales.add_booking,by=Shujaat Muzaffar role=admin | path=/add_booking status=302,2026-08-20T10:35:16.122512
b7af44e8-1efa-4d81-b21a-c5c3bbdd4f2b,5,Shujaat Muzaffar,http.post.accounts.add_transaction,by=Shujaat Muzaffar role=admin | path=/accounts/transactions/new status=302,2026-08-20T10:35:59.716919
6b3cc363-8ecf-4748-92ec-f87003b602b0,5,Shujaat Muzaffar,http.post.masters.add_client,by=Shujaat Muzaffar role=admin | path=/add_client status=302,2026-08-20T10:39:50.501993
2818678c-2d91-4890-86c9-a00827033876,5,Shujaat Muzaffar,http.post.sales.add_booking,by=Shujaat Muzaffar role=admin | path=/add_booking status=302,2026-08-20T10:41:28.539083
0a25e329-6d6d-41a2-aac0-2d03afb9c85d,5,Shujaat Muzaffar,http.post.sales.edit_booking,by=Shujaat Muzaffar role=admin | path=/edit_bill/Booking/411 status=302,2026-08-20T10:43:32.280818
4c0e9dd3-e5e6-46c0-8490-076e1fe46479,1,Admin,http.post.accounts.add_transaction,by=Admin role=admin | path=/accounts/transactions/new status=302,2026-08-20T10:51:05.400081
dd182262-ed95-459b-8b59-14975b7b7c60,5,Shujaat Muzaffar,http.post.accounts.add_transaction,by=Shujaat Muzaffar role=admin | path=/accounts/transactions/new status=302,2026-08-20T10:56:14.015249
8f92cc68-2c5f-49bd-a64c-c95129de4d9c,1,Admin,http.post.sales.add_booking,by=Admin role=admin | path=/add_booking status=302,2026-08-20T10:56:55.894758
2141ceca-d383-45b9-aa65-26da35c4077e,1,Admin,http.post.accounts.add_transaction,by=Admin role=admin | path=/accounts/transactions/new status=302,2026-08-20T10:59:25.880988
cbc32673-8724-4d58-9169-14efd2001f40,1,Admin,http.post.sales.add_booking,by=Admin role=admin | path=/add_booking status=302,2026-08-20T11:01:12.757053
fc0e081f-cce6-45c0-99ab-ded371e9b114,1,Admin,http.post.sales.add_booking,by=Admin role=admin | path=/add_booking status=302,2026-08-20T11:02:21.356705
b2719feb-c1fc-4f55-a1f5-1ec6fdb39a60,1,Admin,http.post.accounts.add_transaction,by=Admin role=admin | path=/accounts/transactions/new status=302,2026-08-20T11:03:22.290812
9dbe8a53-adef-4531-b8ae-2284578f42ac,1,Admin,http.post.sales.add_direct_sale,by=Admin role=admin | path=/add_direct_sale status=302,2026-08-20T11:05:23.791476
08074f8e-6222-4de9-bcc6-9707698a48cb,1,Admin,http.post.sales.add_direct_sale,by=Admin role=admin | path=/add_direct_sale status=302,2026-08-20T11:08:19.652876
76bd493b-d10a-4a12-b01f-f302aafc8a33,1,Admin,http.post.sales.add_direct_sale,by=Admin role=admin | path=/add_direct_sale status=302,2026-08-20T11:10:26.247919
cd268e38-d66a-47bf-bbc0-b42df769bce4,1,Admin,http.post.sales.add_direct_sale,by=Admin role=admin | path=/add_direct_sale status=302,2026-08-20T11:16:44.560079
4e097a7d-227a-4fd9-85f2-d4a105780a5c,1,Admin,http.post.ledgers.client_booking_cancel,by=Admin role=admin | path=/client_booking_cancel/35 status=302,2026-08-20T11:19:00.937808
ecbe200a-64cf-4efc-b09a-eb3d9fe8261e,1,Admin,http.post.accounts.add_transaction,by=Admin role=admin | path=/accounts/transactions/new status=302,2026-08-20T11:20:47.456785
e8bd9f91-970b-4b63-97fd-3cff1b304963,5,Shujaat Muzaffar,http.post.masters.add_client,by=Shujaat Muzaffar role=admin | path=/add_client status=302,2026-08-20T11:27:37.395856
3f988741-ba76-4bc3-a617-ede7aa5d3c9d,5,Shujaat Muzaffar,http.post.sales.edit_booking,by=Shujaat Muzaffar role=admin | path=/edit_bill/Booking/316 status=302,2026-08-20T11:32:36.167934
74dcae8a-2665-4255-8ee3-7e7c59c932e6,5,Shujaat Muzaffar,http.post.sales.delete_bill,by=Shujaat Muzaffar role=admin | path=/delete_bill/MaterialReturn/83 status=302,2026-08-20T11:44:12.259135
bf7b8082-8edd-4e99-b429-2f3044f64f93,5,,transaction.delete.DirectSale,"id=2452, reason=",2026-08-20T11:46:20.578508
b85087bf-c3a4-4d0c-b68c-95d724bc4e49,5,Shujaat Muzaffar,http.post.sales.delete_transaction,by=Shujaat Muzaffar role=admin | path=/delete_transaction/DirectSale/2452 status=302,2026-08-20T11:46:20.610054
bf316a9a-7990-452b-a15a-e3b2e03b83f3,5,Shujaat Muzaffar,http.post.sales.add_direct_sale,by=Shujaat Muzaffar role=admin | path=/add_direct_sale status=302,2026-08-20T11:50:39.084613
551373c8-2511-45a7-af6d-86d579da2416,1,Admin,http.post.sales.add_direct_sale,by=Admin role=admin | path=/add_direct_sale status=302,2026-08-20T11:57:36.453494
1f3c0ee7-b0fd-4048-bb71-dda1ef239486,5,,transaction.delete.DirectSale,"id=2228, reason=",2026-08-20T12:06:28.081377
49edd462-d778-4de6-aa06-0b792c11b966,5,Shujaat Muzaffar,http.post.sales.delete_transaction,by=Shujaat Muzaffar role=admin | path=/delete_transaction/DirectSale/2228 status=302,2026-08-20T12:06:28.109387
5fe198d0-2fd3-4676-b71f-53ff3e0fb364,5,Shujaat Muzaffar,http.post.sales.add_direct_sale,by=Shujaat Muzaffar role=admin | path=/add_direct_sale status=302,2026-08-20T12:07:59.353106
1c88bf47-9697-4636-9c30-a54c92e19942,5,Shujaat Muzaffar,http.post.accounts.add_transaction,by=Shujaat Muzaffar role=admin | path=/accounts/transactions/new status=302,2026-08-20T12:09:01.448722
6b798882-5035-4ef9-a333-e78b770dd63e,1,Admin,http.post.accounts.add_transaction,by=Admin role=admin | path=/accounts/transactions/new status=302,2026-08-20T13:10:16.734525
ebd479ba-d302-4385-96ae-8fb3dd9260ab,1,Admin,auth.logout,by=Admin role=admin | ip=182.189.36.10 sid=2334c7742cdafc4eff02b6fcb2c882b5,2026-08-20T13:27:31.924574
e917f642-1430-4d4f-9b18-9daa664d3765,1,Admin,auth.login,by=Admin role=admin | ip=182.189.36.10 role=admin sid=4ed4d1fc4d970b4baa824968d2d4e14e concurrent=allowed,2026-08-20T13:29:38.055703
efaa4564-bb34-4599-9e7b-aac8413db6e4,1,Admin,http.post.auth.login,by=Admin role=admin | path=/login status=302,2026-08-20T13:29:38.076558
a83791ca-2c37-4d6b-98fb-0eaa01c8b4f0,5,Shujaat Muzaffar,http.post.masters.add_client,by=Shujaat Muzaffar role=admin | path=/add_client status=302,2026-08-20T13:47:29.234238
eea9039f-298e-4d79-90d8-7185b69e6ed6,5,Shujaat Muzaffar,http.post.accounts.add_transaction,by=Shujaat Muzaffar role=admin | path=/accounts/transactions/new status=302,2026-08-20T13:48:31.759267
4b636add-19fc-415e-938c-d9c9bc921a07,5,Shujaat Muzaffar,http.post.accounts.add_transaction,by=Shujaat Muzaffar role=admin | path=/accounts/transactions/new status=302,2026-08-20T13:49:43.354238
802ea3e1-e8fc-4010-9065-ea119d4d6f8e,5,Shujaat Muzaffar,http.post.accounts.client_payment_save,by=Shujaat Muzaffar role=admin | path=/accounts/payments/clients/save status=302,2026-08-20T13:50:23.332109
9cd2b7ca-a3bd-4359-acce-690d91d35db0,5,,transaction.delete.Payment,"id=763, reason=",2026-08-20T15:24:33.258629
072c2d79-24bd-47c9-b2ae-f0095362d00a,5,Shujaat Muzaffar,http.post.sales.delete_transaction,by=Shujaat Muzaffar role=admin | path=/delete_transaction/Payment/763 status=302,2026-08-20T15:24:33.282257
29a052d1-cc94-46bb-9756-d64a5f7563db,5,Shujaat Muzaffar,http.post.accounts.add_transaction,by=Shujaat Muzaffar role=admin | path=/accounts/transactions/new status=302,2026-08-20T15:26:03.063373
677ffa3f-6613-4b1a-8ac3-8416e2434c4d,1,Admin,http.post.sales.add_booking,by=Admin role=admin | path=/add_booking status=302,2026-08-20T15:45:38.903202
3c630e76-057a-45d0-8013-e5534d5343cf,1,,transaction.delete.DirectSale,"id=2517, reason=",2026-08-20T15:55:25.462654
2c2847d1-a5ce-4232-af5d-d95e2bdbda56,1,Admin,http.post.sales.delete_transaction,by=Admin role=admin | path=/delete_transaction/DirectSale/2517 status=302,2026-08-20T15:55:25.493670
8b1e95e3-4769-49dc-9110-3f5151261a5a,1,Admin,http.post.sales.add_direct_sale,by=Admin role=admin | path=/add_direct_sale status=302,2026-08-20T15:56:30.373676
44e640bc-700a-4899-8066-202d99f72874,1,Admin,http.post.sales.add_direct_sale,by=Admin role=admin | path=/add_direct_sale status=302,2026-08-20T15:56:43.332636
67aa3813-3c7a-491d-a941-7bdba9dca74c,1,Admin,http.post.sales.add_direct_sale,by=Admin role=admin | path=/add_direct_sale status=302,2026-08-20T15:57:57.975176
8ef324b0-0fcc-4558-b004-271d2059037b,5,Shujaat Muzaffar,http.post.accounts.add_transaction,by=Shujaat Muzaffar role=admin | path=/accounts/transactions/new status=302,2026-08-20T16:01:22.843106
3ba9a325-d7f0-462b-8012-cef2349f78d2,1,Admin,http.post.accounts.add_transaction,by=Admin role=admin | path=/accounts/transactions/new status=302,2026-08-20T16:26:42.167341
b3e3b998-f357-427f-9653-e49fe394465d,5,,transaction.delete.DirectSale,"id=2538, reason=",2026-08-20T16:57:33.692415
25e561af-2177-4f92-bd43-596aa2dc29e3,5,Shujaat Muzaffar,http.post.sales.delete_transaction,by=Shujaat Muzaffar role=admin | path=/delete_transaction/DirectSale/2538 status=302,2026-08-20T16:57:33.729205
39d2613e-8a9c-4817-ad79-3fa1e81c7bc6,5,Shujaat Muzaffar,http.post.sales.add_direct_sale,by=Shujaat Muzaffar role=admin | path=/add_direct_sale status=302,2026-08-20T17:03:13.945603
b55d50f2-7a07-4050-9048-0e1c391dedcd,5,Shujaat Muzaffar,http.post.sales.edit_direct_sale,by=Shujaat Muzaffar role=admin | path=/edit_bill/DirectSale/2554 status=302,2026-08-20T17:09:36.311370
6ba7b481-a5b8-4e63-9a41-093ddfc9a176,1,Admin,http.post.accounts.add_transaction,by=Admin role=admin | path=/accounts/transactions/new status=302,2026-08-20T18:01:02.169520
4b253b29-3eb4-4089-9c98-343767260d32,5,Shujaat Muzaffar,http.post.accounts.add_transaction,by=Shujaat Muzaffar role=admin | path=/accounts/transactions/new status=302,2026-08-20T18:16:35.985625
289c7964-6f1e-43ff-8180-d880fe3900e3,5,,transaction.delete.Payment,"id=768, reason=",2026-08-20T18:19:47.590732
a50440cb-b839-4da9-a234-e405e77546ce,5,Shujaat Muzaffar,http.post.sales.delete_transaction,by=Shujaat Muzaffar role=admin | path=/delete_transaction/Payment/768 status=302,2026-08-20T18:19:47.681084
96facf6d-bdd4-4c0c-85c2-d07d62248edf,2,Rehman Ahmed,auth.login,by=Rehman Ahmed role=admin | ip=182.189.36.10 role=admin sid=d5c2dab0725e92c50fbb604ecbde97da concurrent=allowed,2026-08-20T18:45:07.647190
517ee9c6-adad-44c7-9d1b-863f14fdc8e6,2,Rehman Ahmed,http.post.auth.login,by=Rehman Ahmed role=admin | path=/login status=302,2026-08-20T18:45:07.675495
76f7dd71-6b5b-43cd-89f9-507332704e96,1,Admin,auth.login,by=Admin role=admin | ip=182.189.36.10 role=admin sid=874d5c7fdc825ae4daf3886bfa6ae304 concurrent=allowed,2026-08-21T10:26:45.440358
12ccba3d-7fb4-40fb-9683-e521b1cbd6eb,1,Admin,http.post.auth.login,by=Admin role=admin | path=/login status=302,2026-08-21T10:26:45.468809
46b875ef-127b-459f-a888-9c7b506c8135,1,Admin,http.post.misc.toggle_bill_paid,by=Admin role=admin | path=/toggle_bill_paid/6888 status=200,2026-08-21T10:46:31.664790
56ddd81f-488d-417b-936a-6e8aeefa3e64,1,Admin,http.post.misc.toggle_bill_paid,by=Admin role=admin | path=/toggle_bill_paid/6888 status=200,2026-08-21T10:46:33.235562
93bec989-8c03-4e58-a4b4-7fc33d8ed4d7,1,Admin,http.post.sales.add_booking,by=Admin role=admin | path=/add_booking status=302,2026-08-21T11:11:38.439508
1040ab73-be74-4814-a8a2-244d627b82ae,1,Admin,http.post.sales.edit_booking,by=Admin role=admin | path=/edit_bill/Booking/415 status=302,2026-08-21T11:14:48.174790
ff1bda33-d79d-4218-9ca0-af6cfdf3833b,1,Admin,http.post.api.ui_theme_preference_api,by=Admin role=admin | path=/api/ui/theme status=200,2026-08-21T11:31:18.518016
aa1ca1cd-2d6b-41d9-b024-212891cd16cf,1,Admin,http.post.api.ui_theme_preference_api,by=Admin role=admin | path=/api/ui/theme status=200,2026-08-21T11:31:19.215378
e6c37840-315c-41b0-8d93-ba434ca8aade,1,Admin,http.post.api.ui_theme_preference_api,by=Admin role=admin | path=/api/ui/theme status=200,2026-08-21T11:31:19.947471
830260fd-ff8f-4c92-8e04-0081ce3ca939,1,Admin,http.post.api.ui_theme_preference_api,by=Admin role=admin | path=/api/ui/theme status=200,2026-08-21T11:31:20.908742
79753ed3-600e-46e1-a47f-175d0c0ab263,1,Admin,http.post.api.ui_theme_preference_api,by=Admin role=admin | path=/api/ui/theme status=200,2026-08-21T11:31:22.839029
f73ad81d-b87a-4836-9d0d-9e64ea26b1b4,1,Admin,http.post.api.ui_theme_preference_api,by=Admin role=admin | path=/api/ui/theme status=200,2026-08-21T11:31:24.538029
87aaa253-1d5c-4c63-9009-381bb71b9396,1,Admin,http.post.api.ui_theme_preference_api,by=Admin role=admin | path=/api/ui/theme status=200,2026-08-21T11:31:25.725072
71f4bdaa-e003-4c2b-a7b9-775a0fa9a099,1,Admin,http.post.api.ui_theme_preference_api,by=Admin role=admin | path=/api/ui/theme status=200,2026-08-21T11:31:26.792451
773e64a0-21ac-4a81-a0b8-b507f6abd979,1,Admin,http.post.api.ui_theme_preference_api,by=Admin role=admin | path=/api/ui/theme status=200,2026-08-21T11:31:27.899554
97cee0d8-87fd-47a1-a247-976d4af79ec2,1,Admin,http.post.api.ui_theme_preference_api,by=Admin role=admin | path=/api/ui/theme status=200,2026-08-21T11:31:29.041770
c1c8a01b-cb0e-4068-a84d-ccde15317d3d,1,Admin,http.post.api.ui_theme_preference_api,by=Admin role=admin | path=/api/ui/theme status=200,2026-08-21T11:31:30.155983
418dfcde-6bf8-4e7a-b29b-0174baa04eff,1,Admin,http.post.api.ui_theme_preference_api,by=Admin role=admin | path=/api/ui/theme status=200,2026-08-21T11:31:31.496271
9829bc81-d689-4870-a8fd-2c7d7b1bc62e,1,Admin,http.post.api.ui_theme_preference_api,by=Admin role=admin | path=/api/ui/theme status=200,2026-08-21T11:34:54.668787
8bece2f7-918d-448f-975a-08d300845cf8,1,Admin,http.post.api.ui_theme_preference_api,by=Admin role=admin | path=/api/ui/theme status=200,2026-08-21T11:34:55.713572
8a8ff577-2b81-4068-a78e-1ec0b57f8e67,1,Admin,http.post.masters.add_client,by=Admin role=admin | path=/add_client status=302,2026-08-21T11:45:23.319413
79fffb57-702e-4560-afdd-e1065e2acf9f,1,Admin,http.post.sales.add_booking,by=Admin role=admin | path=/add_booking status=302,2026-08-21T11:46:43.526176
b27a6e8a-beec-486b-aeda-6f197162ebde,1,Admin,http.post.sales.add_booking,by=Admin role=admin | path=/add_booking status=302,2026-08-21T11:47:50.390028
af8fc315-3b68-4319-996b-a0a40ff4dd3b,1,Admin,http.post.sales.add_direct_sale,by=Admin role=admin | path=/add_direct_sale status=302,2026-08-21T11:49:34.298644
f6c5f82f-ced3-4d72-aeaa-bc1ff6c55dac,1,Admin,http.post.sales.add_direct_sale,by=Admin role=admin | path=/add_direct_sale status=302,2026-08-21T11:50:12.916746
885677a7-5cb2-4643-861e-86af66f41d7f,1,Admin,http.post.sales.add_direct_sale,by=Admin role=admin | path=/add_direct_sale status=302,2026-08-21T11:51:38.312349
fa67d823-c647-4eb1-b4dd-688b1aed0af8,1,Admin,http.post.sales.add_direct_sale,by=Admin role=admin | path=/add_direct_sale status=302,2026-08-21T11:53:15.445154
11bb18f0-658f-4c45-aba0-ad4f65943744,1,Admin,http.post.sales.add_direct_sale,by=Admin role=admin | path=/add_direct_sale status=302,2026-08-21T11:55:50.937013
b5194cfd-454d-40dc-8f9a-bbce74e45728,1,Admin,http.post.accounts.add_transaction,by=Admin role=admin | path=/accounts/transactions/new status=302,2026-08-21T11:56:57.642539
c5bd392c-0d32-4004-b475-ac18d791a5f3,1,Admin,http.post.sales.add_direct_sale,by=Admin role=admin | path=/add_direct_sale status=302,2026-08-21T14:33:13.127057
dbba93a4-7a9a-40eb-898e-ae669a861df2,1,Admin,auth.login,by=Admin role=admin | ip=182.189.36.10 role=admin sid=94ec01f2c0f7d43d0c8f1d4bd02d428d concurrent=allowed,2026-08-21T17:06:38.926117
0bd65c50-c5f7-443f-93a3-68700665f13b,1,Admin,http.post.auth.login,by=Admin role=admin | path=/login status=302,2026-08-21T17:06:38.945463
40816975-82bc-4745-adf8-02c698b30778,1,Admin,auth.login,by=Admin role=admin | ip=154.91.165.52 role=admin sid=391b7f8d292a57eece195fa235bd7e44 concurrent=allowed,2026-08-21T17:56:36.026760
4edc3536-1103-4064-81c7-8d6e621ca5ae,1,Admin,http.post.auth.login,by=Admin role=admin | path=/login status=302,2026-08-21T17:56:36.047245
a1bc0cd0-6999-4a85-806e-c707d4bea801,1,Admin,http.post.import_export.transfer_export,by=Admin role=admin | path=/import_export/transfer/export status=200,2026-08-22T09:56:19.892235
788bcfc4-42c0-4b0c-b15c-9bb4acfea4cd,1,Admin,http.post.misc.edit_user_permissions,by=Admin role=admin | path=/edit_user_permissions/7 status=302,2026-08-22T10:27:28.641203
f65395bf-8a9f-447d-97fe-ca63bd0b634b,7,Mohsan Javed,auth.login,by=Mohsan Javed role=user | ip=39.56.8.75 role=user sid=e0cd3226c862cf890b52e5d8e143c43b concurrent=allowed,2026-08-22T10:28:28.696877
52f966c3-4fd6-4295-b4b3-3348a99874f9,7,Mohsan Javed,http.post.auth.login,by=Mohsan Javed role=user | path=/login status=302,2026-08-22T10:28:28.715421
5a168d33-00b9-4389-83ab-d98679d43757,1,Admin,http.post.sales.edit_booking,by=Admin role=admin | path=/edit_bill/Booking/407 status=302,2026-08-22T10:29:40.045285
c359dbd6-69da-45ee-a9cb-585650f8ca7d,1,Admin,http.post.sales.edit_booking,by=Admin role=admin | path=/edit_bill/Booking/406 status=302,2026-08-22T10:34:09.711051
7ecd840d-f634-4c36-bfda-6bd2e63f6e80,1,Admin,http.post.sales.edit_booking,by=Admin role=admin | path=/edit_bill/Booking/405 status=302,2026-08-22T10:35:44.638965
4199bf1a-f91b-44e5-b1ef-74cf49248824,1,Admin,http.post.misc.toggle_user_status,by=Admin role=admin | path=/toggle_user_status/6 status=302,2026-08-22T10:48:41.610373
1154ea55-b174-40a4-9290-89a1ec88ab03,1,Admin,http.post.misc.toggle_user_status,by=Admin role=admin | path=/toggle_user_status/6 status=302,2026-08-22T10:49:22.584892
4e4b89c9-3b3b-4ca9-bbf1-150c94f4849f,1,Admin,http.post.misc.edit_grn,by=Admin role=admin | path=/edit_grn/25 status=302,2026-08-22T10:50:53.527626
079a8a78-5c2f-4262-a02e-8d0055ffda0b,5,Shujaat Muzaffar,auth.login,by=Shujaat Muzaffar role=admin | ip=39.56.8.75 role=admin sid=41ea877cd89e67719e5ac660abf1dc23 concurrent=allowed,2026-08-22T10:51:06.215017
77d9d70a-781f-4549-bcb9-4a1cdebb8f28,5,Shujaat Muzaffar,http.post.auth.login,by=Shujaat Muzaffar role=admin | path=/login status=302,2026-08-22T10:51:06.233699
cbcb179c-818a-43a2-9216-820d295b1e53,5,Shujaat Muzaffar,http.post.accounts.add_transaction,by=Shujaat Muzaffar role=admin | path=/accounts/transactions/new status=302,2026-08-22T10:53:21.449529
68fa159a-9b19-4009-90a8-2380293abdf2,5,Shujaat Muzaffar,http.post.accounts.client_payment_save,by=Shujaat Muzaffar role=admin | path=/accounts/payments/clients/save status=302,2026-08-22T10:55:16.609668
4507bbe3-394f-46e4-8566-fa936e65ceda,5,Shujaat Muzaffar,http.post.accounts.add_transaction,by=Shujaat Muzaffar role=admin | path=/accounts/transactions/new status=302,2026-08-22T10:58:44.001680
c2a3d6bf-0ab0-4849-95e5-ada521958b9b,1,Admin,http.post.misc.edit_grn,by=Admin role=admin | path=/edit_grn/43 status=302,2026-08-22T11:38:57.743414
3ff2eb2f-854f-4c38-8c80-247e89625d64,5,Shujaat Muzaffar,http.post.sales.add_direct_sale,by=Shujaat Muzaffar role=admin | path=/add_direct_sale status=302,2026-08-22T11:50:03.777041
35da6989-8f84-489f-8d76-a8d8a85934da,5,,transaction.delete.DirectSale,"id=2532, reason=",2026-08-22T11:51:08.133699
dc081afa-3b1b-4277-b102-f235c221d535,5,Shujaat Muzaffar,http.post.sales.delete_transaction,by=Shujaat Muzaffar role=admin | path=/delete_transaction/DirectSale/2532 status=302,2026-08-22T11:51:08.153727
84a49b1e-2a1c-45f3-b9ba-bb3e61bb377f,5,Shujaat Muzaffar,http.post.sales.add_direct_sale,by=Shujaat Muzaffar role=admin | path=/add_direct_sale status=302,2026-08-22T12:04:44.476036
e1aae77c-db4d-499a-92cd-5a2d1abdabf9,5,Shujaat Muzaffar,http.post.sales.edit_direct_sale,by=Shujaat Muzaffar role=admin | path=/edit_bill/DirectSale/2560 status=302,2026-08-22T12:06:57.393043
20844789-f7af-42da-907e-f27d317773e6,5,Shujaat Muzaffar,http.post.accounts.add_transaction,by=Shujaat Muzaffar role=admin | path=/accounts/transactions/new status=302,2026-08-22T12:10:52.053498
9e763f43-c7eb-42c5-95bd-6cbdd1c1e24a,5,Shujaat Muzaffar,http.post.sales.edit_direct_sale,by=Shujaat Muzaffar role=admin | path=/edit_bill/DirectSale/2492 status=302,2026-08-22T12:11:58.529949
261ced5f-437d-47e7-8b20-28c8c8434534,5,Shujaat Muzaffar,http.post.sales.edit_direct_sale,by=Shujaat Muzaffar role=admin | path=/edit_bill/DirectSale/2561 status=302,2026-08-22T12:13:22.482674
59d568ba-aada-4457-bbf6-32ae696cb3e1,5,Shujaat Muzaffar,http.post.sales.add_direct_sale,by=Shujaat Muzaffar role=admin | path=/add_direct_sale status=302,2026-08-22T12:17:34.534256
1714e124-a375-421d-adec-87e4bd22a9fc,5,Shujaat Muzaffar,http.post.sales.edit_direct_sale,by=Shujaat Muzaffar role=admin | path=/edit_bill/DirectSale/2382 status=302,2026-08-22T12:22:20.530756
b8713b2a-59fe-4ce1-b715-1a2e534d1581,5,Shujaat Muzaffar,http.post.sales.edit_direct_sale,by=Shujaat Muzaffar role=admin | path=/edit_bill/DirectSale/2386 status=302,2026-08-22T12:23:55.575471
2880605b-facd-41de-b4ba-cccfe3d6a388,5,Shujaat Muzaffar,http.post.accounts.add_transaction,by=Shujaat Muzaffar role=admin | path=/accounts/transactions/new status=302,2026-08-22T12:25:13.940228
68f5b890-b91b-4431-8063-dbe5f312c4e9,1,Admin,http.post.import_export.transfer_export,by=Admin role=admin | path=/import_export/transfer/export status=200,2026-08-22T12:25:31.312817
01d4a807-b75b-4d69-9587-48c9cba84afe,5,Shujaat Muzaffar,http.post.sales.add_direct_sale,by=Shujaat Muzaffar role=admin | path=/add_direct_sale status=302,2026-08-22T12:30:53.244962
d0c38fa4-f18d-4498-8ecd-bf1ba0c6357d,5,Shujaat Muzaffar,http.post.sales.edit_direct_sale,by=Shujaat Muzaffar role=admin | path=/edit_bill/DirectSale/2223 status=302,2026-08-22T12:36:09.439614
b9d96599-e6e1-4359-bb6a-1e80814faca4,5,Shujaat Muzaffar,http.post.sales.edit_direct_sale,by=Shujaat Muzaffar role=admin | path=/edit_bill/DirectSale/2223 status=302,2026-08-22T12:38:05.245033
0c57bfd4-e9f8-4733-b533-6094d2900bda,5,Shujaat Muzaffar,http.post.sales.add_booking,by=Shujaat Muzaffar role=admin | path=/add_booking status=302,2026-08-22T12:49:42.326521
aa93266a-0e93-4bd9-bcf6-010724cace42,5,Shujaat Muzaffar,http.post.sales.add_direct_sale,by=Shujaat Muzaffar role=admin | path=/add_direct_sale status=302,2026-08-22T12:51:14.263211
f0d1a257-e0c4-4731-a1aa-5054976ffed6,5,Shujaat Muzaffar,http.post.sales.add_direct_sale,by=Shujaat Muzaffar role=admin | path=/add_direct_sale status=302,2026-08-22T13:18:02.177449
345876e6-9d06-4101-8841-90004a120ee7,5,Shujaat Muzaffar,http.post.accounts.add_transaction,by=Shujaat Muzaffar role=admin | path=/accounts/transactions/new status=302,2026-08-22T13:19:23.405483
88e0098b-7a0c-4328-996a-43c53683739d,5,Shujaat Muzaffar,http.post.accounts.add_transaction,by=Shujaat Muzaffar role=admin | path=/accounts/transactions/new status=302,2026-08-22T13:20:27.030903
d1a591a7-ef55-47d4-b000-2302088036cb,5,Shujaat Muzaffar,http.post.sales.edit_booking,by=Shujaat Muzaffar role=admin | path=/edit_bill/Booking/408 status=302,2026-08-22T14:26:48.730084
7f952683-e4eb-4828-8541-9e1cb67a2b82,5,Shujaat Muzaffar,http.post.sales.edit_booking,by=Shujaat Muzaffar role=admin | path=/edit_bill/Booking/408 status=302,2026-08-22T14:28:25.663089
f108e128-24c7-4618-9ba6-ef28578e8bb1,5,Shujaat Muzaffar,http.post.sales.edit_direct_sale,by=Shujaat Muzaffar role=admin | path=/edit_bill/DirectSale/2429 status=302,2026-08-22T14:35:53.378642
cccdf0a7-7e0c-4647-89d4-5db05ae3cfe5,5,Shujaat Muzaffar,http.post.accounts.add_transaction,by=Shujaat Muzaffar role=admin | path=/accounts/transactions/new status=302,2026-08-22T15:56:10.208394
ea01e57d-dbe4-48fa-888f-bcdbe9ac391c,5,Shujaat Muzaffar,http.post.accounts.add_transaction,by=Shujaat Muzaffar role=admin | path=/accounts/transactions/new status=302,2026-08-22T15:57:35.317835
22a5b55f-4e08-476c-be50-a8372758b5b0,5,Shujaat Muzaffar,http.post.accounts.add_transaction,by=Shujaat Muzaffar role=admin | path=/accounts/transactions/new status=302,2026-08-22T15:58:42.861322
f4221f36-083f-4449-8804-cfa674227821,5,Shujaat Muzaffar,http.post.accounts.add_transaction,by=Shujaat Muzaffar role=admin | path=/accounts/transactions/new status=302,2026-08-22T16:00:22.111407
ef704b21-fdfe-4430-a747-f1f92a1f3b15,5,Shujaat Muzaffar,http.post.accounts.add_transaction,by=Shujaat Muzaffar role=admin | path=/accounts/transactions/new status=302,2026-08-22T16:17:26.615851
99e8993d-fe20-4ceb-a820-56013ccef657,5,Shujaat Muzaffar,http.post.accounts.add_transaction,by=Shujaat Muzaffar role=admin | path=/accounts/transactions/new status=302,2026-08-22T16:18:13.071053
9af79938-3221-4a66-8919-a96a395aabdb,5,Shujaat Muzaffar,http.post.accounts.add_transaction,by=Shujaat Muzaffar role=admin | path=/accounts/transactions/new status=302,2026-08-22T18:03:41.677122
1e92182c-b958-4c6f-bfb0-1b6c4a9e7d2e,5,Shujaat Muzaffar,http.post.accounts.add_transaction,by=Shujaat Muzaffar role=admin | path=/accounts/transactions/new status=302,2026-08-22T18:04:30.884589
65338619-1305-4ccf-9fab-b46f5974fd4a,5,Shujaat Muzaffar,http.post.accounts.add_transaction,by=Shujaat Muzaffar role=admin | path=/accounts/transactions/new status=302,2026-08-22T18:05:36.164789
5a0d0806-18e3-4650-a55a-954f70a51c68,5,Shujaat Muzaffar,http.post.accounts.add_transaction,by=Shujaat Muzaffar role=admin | path=/accounts/transactions/new status=302,2026-08-23T11:21:01.038146
4450ade3-498a-4726-93bd-e67ff0fa1c74,5,Shujaat Muzaffar,http.post.accounts.add_transaction,by=Shujaat Muzaffar role=admin | path=/accounts/transactions/new status=302,2026-08-23T11:24:18.191566
b841f6e1-70b2-49ac-a4ec-0cffc0fa9f19,7,Mohsan Javed,http.post.sales.add_direct_sale,by=Mohsan Javed role=user | path=/add_direct_sale status=302,2026-08-23T13:03:11.304605
f7f1d885-256d-4ff0-9533-1d503dac5e4e,7,Mohsan Javed,http.post.sales.add_direct_sale,by=Mohsan Javed role=user | path=/add_direct_sale status=302,2026-08-23T13:05:52.210001
5cdef18e-72d6-4e05-8d18-015eb3fad283,7,Mohsan Javed,http.post.sales.add_direct_sale,by=Mohsan Javed role=user | path=/add_direct_sale status=302,2026-08-23T13:08:11.994460
37f79002-a08b-4727-a92f-a11d75078202,7,Mohsan Javed,http.post.sales.add_direct_sale,by=Mohsan Javed role=user | path=/add_direct_sale status=302,2026-08-23T13:10:37.450759
ecf08353-14b0-403d-bb50-de29958fa022,7,Mohsan Javed,http.post.sales.add_direct_sale,by=Mohsan Javed role=user | path=/add_direct_sale status=302,2026-08-23T13:13:30.505180
c126844c-0e03-4745-8047-7884d9e5d602,7,Mohsan Javed,http.post.sales.add_direct_sale,by=Mohsan Javed role=user | path=/add_direct_sale status=302,2026-08-23T13:16:33.241242
5e4d8253-a405-4889-9a10-c78cca1cf86b,7,Mohsan Javed,http.post.sales.add_direct_sale,by=Mohsan Javed role=user | path=/add_direct_sale status=302,2026-08-23T13:16:52.303056
41a22f26-07e0-4f6f-8125-3f8203477d79,7,Mohsan Javed,http.post.sales.add_direct_sale,by=Mohsan Javed role=user | path=/add_direct_sale status=302,2026-08-23T13:17:54.459341
6b732486-f11d-4ce4-a0c6-26fb8c719496,7,Mohsan Javed,http.post.sales.add_direct_sale,by=Mohsan Javed role=user | path=/add_direct_sale status=302,2026-08-23T13:19:36.335383
9ab39e16-d908-4e3a-814a-78b8c51364b5,7,Mohsan Javed,http.post.sales.add_direct_sale,by=Mohsan Javed role=user | path=/add_direct_sale status=302,2026-08-23T13:20:59.999005
b312f82a-9fb7-4a86-83cd-afc9e7efe942,5,Shujaat Muzaffar,http.post.sales.add_direct_sale,by=Shujaat Muzaffar role=admin | path=/add_direct_sale status=302,2026-08-23T13:49:43.989770
4073f89a-ddd8-493a-9a32-45684dcccc0e,5,Shujaat Muzaffar,http.post.sales.edit_direct_sale,by=Shujaat Muzaffar role=admin | path=/edit_bill/DirectSale/2429 status=302,2026-08-23T13:55:19.874055
8b249ceb-d1b0-4b80-90ca-5d25fcd2a070,5,Shujaat Muzaffar,http.post.sales.edit_direct_sale,by=Shujaat Muzaffar role=admin | path=/edit_bill/DirectSale/2416 status=302,2026-08-23T13:56:33.937059
2600e829-91ea-4588-ba9e-0fae2ddacd67,5,Shujaat Muzaffar,http.post.ledgers.client_booking_cancel,by=Shujaat Muzaffar role=admin | path=/client_booking_cancel/216 status=302,2026-08-23T13:57:47.799226
89d92644-96fc-44d5-92b1-2440b4fdd4f4,5,Shujaat Muzaffar,http.post.sales.add_booking,by=Shujaat Muzaffar role=admin | path=/add_booking status=302,2026-08-23T14:04:36.466444
09201117-7d60-4c7c-96f7-85446d2fba02,5,Shujaat Muzaffar,http.post.sales.edit_direct_sale,by=Shujaat Muzaffar role=admin | path=/edit_bill/DirectSale/2416 status=302,2026-08-23T14:06:33.582977
fc3263a2-a39d-4df3-aa74-0e9c61db82d1,5,Shujaat Muzaffar,http.post.sales.edit_direct_sale,by=Shujaat Muzaffar role=admin | path=/edit_bill/DirectSale/2429 status=302,2026-08-23T14:09:27.760005
fa8aceec-c36e-4352-b3cf-377c17e03598,5,Shujaat Muzaffar,http.post.sales.add_direct_sale,by=Shujaat Muzaffar role=admin | path=/add_direct_sale status=302,2026-08-23T14:11:50.813634
d16daf6b-3fa0-4c5d-aed4-3ef1d7af18e6,5,Shujaat Muzaffar,http.post.sales.add_direct_sale,by=Shujaat Muzaffar role=admin | path=/add_direct_sale status=302,2026-08-23T14:13:15.947066
a3ba280c-ea8e-421a-965f-9b2838e1c0be,5,Shujaat Muzaffar,http.post.sales.add_direct_sale,by=Shujaat Muzaffar role=admin | path=/add_direct_sale status=302,2026-08-23T14:14:07.713459
53e05d6a-ed2a-401c-803e-45d1b13c7299,5,Shujaat Muzaffar,http.post.accounts.add_transaction,by=Shujaat Muzaffar role=admin | path=/accounts/transactions/new status=302,2026-08-23T14:16:53.744863
93c45e0f-4417-4a72-87d7-adb3e35bf1cd,5,Shujaat Muzaffar,http.post.masters.add_client,by=Shujaat Muzaffar role=admin | path=/add_client status=302,2026-08-23T14:29:10.275729
083bac89-403b-4457-9013-34afd60107ff,5,Shujaat Muzaffar,http.post.sales.add_booking,by=Shujaat Muzaffar role=admin | path=/add_booking status=302,2026-08-23T14:32:44.605089
8feb312c-8d94-4afa-afdb-99cc3d41730e,5,Shujaat Muzaffar,http.post.sales.add_direct_sale,by=Shujaat Muzaffar role=admin | path=/add_direct_sale status=302,2026-08-23T14:35:52.549770
303874fb-13e1-4c3d-aab1-4528d58235ac,5,Shujaat Muzaffar,http.post.sales.add_direct_sale,by=Shujaat Muzaffar role=admin | path=/add_direct_sale status=302,2026-08-23T14:38:27.050406
d031c72a-bd15-482e-81f9-a8603cb1e194,5,Shujaat Muzaffar,http.post.sales.add_direct_sale,by=Shujaat Muzaffar role=admin | path=/add_direct_sale status=302,2026-08-23T14:48:49.707319
5fc2c3e1-6f49-48ef-8865-6d48cb41a2ea,5,Shujaat Muzaffar,http.post.sales.add_booking,by=Shujaat Muzaffar role=admin | path=/add_booking status=302,2026-08-23T14:49:50.894383
c5d79679-d47d-4a45-9ec5-3417b93d31f1,5,Shujaat Muzaffar,http.post.sales.add_direct_sale,by=Shujaat Muzaffar role=admin | path=/add_direct_sale status=302,2026-08-23T14:52:08.667562
b276f4d8-403b-4518-a00c-b2092d6f8ac8,5,Shujaat Muzaffar,http.post.sales.add_direct_sale,by=Shujaat Muzaffar role=admin | path=/add_direct_sale status=302,2026-08-23T14:53:25.903332
ce68c439-384c-4cc0-98d6-d7be378bd2d0,5,Shujaat Muzaffar,http.post.sales.add_direct_sale,by=Shujaat Muzaffar role=admin | path=/add_direct_sale status=302,2026-08-23T14:54:23.904268
598d607e-d1b5-40ae-8118-0e82f8e2cb27,5,Shujaat Muzaffar,http.post.sales.add_direct_sale,by=Shujaat Muzaffar role=admin | path=/add_direct_sale status=302,2026-08-23T14:56:22.334033
7c52bf75-373b-4116-b605-8acb7f612ced,5,Shujaat Muzaffar,http.post.sales.add_direct_sale,by=Shujaat Muzaffar role=admin | path=/add_direct_sale status=302,2026-08-23T15:06:57.451728
3dfd35c7-d7ae-4b3f-903d-972c50b09fee,5,Shujaat Muzaffar,http.post.sales.add_direct_sale,by=Shujaat Muzaffar role=admin | path=/add_direct_sale status=302,2026-08-23T15:08:00.693701
301f30b4-2719-4bad-b25a-44677926696a,5,Shujaat Muzaffar,http.post.sales.add_direct_sale,by=Shujaat Muzaffar role=admin | path=/add_direct_sale status=302,2026-08-23T15:30:38.081548
50aec7c4-2e78-4c0c-99dd-165830054e04,5,Shujaat Muzaffar,http.post.accounts.add_transaction,by=Shujaat Muzaffar role=admin | path=/accounts/transactions/new status=302,2026-08-23T15:33:51.058890
5db83a9c-d345-42df-8ff5-505d2f724d7f,5,Shujaat Muzaffar,http.post.sales.add_direct_sale,by=Shujaat Muzaffar role=admin | path=/add_direct_sale status=302,2026-08-23T15:35:28.260052
c3a90106-cb17-45ec-8948-7af3a354ba31,5,Shujaat Muzaffar,http.post.accounts.add_transaction,by=Shujaat Muzaffar role=admin | path=/accounts/transactions/new status=302,2026-08-23T15:38:58.580745
d55835e7-41e4-4877-a96c-3b1d817e5172,5,Shujaat Muzaffar,http.post.sales.add_direct_sale,by=Shujaat Muzaffar role=admin | path=/add_direct_sale status=302,2026-08-23T15:41:11.590274
a3a792db-77de-478d-9c02-a2eaa299a4c8,5,Shujaat Muzaffar,http.post.sales.add_direct_sale,by=Shujaat Muzaffar role=admin | path=/add_direct_sale status=302,2026-08-23T15:44:01.676304
747b5852-24aa-4b29-a33e-cc0609e9a888,5,,transaction.delete.DirectSale,"id=2530, reason=",2026-08-23T15:44:58.587284
19e2cc8b-df80-4f3b-bcf3-dc975f7175e2,5,Shujaat Muzaffar,http.post.sales.delete_transaction,by=Shujaat Muzaffar role=admin | path=/delete_transaction/DirectSale/2530 status=302,2026-08-23T15:44:58.606281
defafd1f-33ae-4886-aa4b-0dd88a766a5d,5,Shujaat Muzaffar,http.post.sales.add_direct_sale,by=Shujaat Muzaffar role=admin | path=/add_direct_sale status=302,2026-08-23T15:46:10.925512
50e17c19-bec2-420f-ba99-1054d380b60a,5,Shujaat Muzaffar,http.post.sales.add_direct_sale,by=Shujaat Muzaffar role=admin | path=/add_direct_sale status=302,2026-08-23T15:48:10.154162
acad7a27-01c5-4993-b1f6-e8062721071f,5,,transaction.delete.DirectSale,"id=2541, reason=",2026-08-23T15:50:56.533571
b7540c6d-13b3-44a3-bd7e-8fbce2697fbc,5,Shujaat Muzaffar,http.post.sales.delete_transaction,by=Shujaat Muzaffar role=admin | path=/delete_transaction/DirectSale/2541 status=302,2026-08-23T15:50:56.557248
8675537e-dd0f-43ef-8ae6-63d43e317fb4,5,Shujaat Muzaffar,http.post.sales.add_direct_sale,by=Shujaat Muzaffar role=admin | path=/add_direct_sale status=302,2026-08-23T15:56:15.737291
0a158037-387f-44ac-b19a-e18672feaa24,5,Shujaat Muzaffar,http.post.accounts.add_transaction,by=Shujaat Muzaffar role=admin | path=/accounts/transactions/new status=302,2026-08-23T16:00:18.563303
47f0668f-9b20-416d-a53d-f9c965a15fac,5,Shujaat Muzaffar,http.post.sales.edit_direct_sale,by=Shujaat Muzaffar role=admin | path=/edit_bill/DirectSale/2593 status=302,2026-08-23T16:01:34.533799
e0beec5f-30b2-4e8a-9139-d3cf748606f5,5,Shujaat Muzaffar,http.post.sales.add_direct_sale,by=Shujaat Muzaffar role=admin | path=/add_direct_sale status=302,2026-08-23T16:08:05.937214
c2eaf04b-076c-4d24-acf0-206d87c8f602,5,Shujaat Muzaffar,http.post.ledgers.client_booking_cancel,by=Shujaat Muzaffar role=admin | path=/client_booking_cancel/307 status=302,2026-08-23T16:24:46.409006
7ba97004-c75b-493c-88dd-77d798dcc9ab,5,Shujaat Muzaffar,http.post.sales.add_direct_sale,by=Shujaat Muzaffar role=admin | path=/add_direct_sale status=302,2026-08-23T16:28:38.853053
bc81d4e9-7804-4d2f-805f-859070bff0b3,5,Shujaat Muzaffar,http.post.accounts.add_transaction,by=Shujaat Muzaffar role=admin | path=/accounts/transactions/new status=302,2026-08-23T16:29:12.722080
f3bc5442-6f8c-4e1a-bef3-338c8df0205c,5,Shujaat Muzaffar,http.post.sales.add_direct_sale,by=Shujaat Muzaffar role=admin | path=/add_direct_sale status=302,2026-08-23T16:30:09.865084
5918b1db-cf02-43fe-ba7d-e014f366abc8,5,Shujaat Muzaffar,http.post.sales.add_direct_sale,by=Shujaat Muzaffar role=admin | path=/add_direct_sale status=302,2026-08-23T16:37:53.047070
fc446ec5-9389-4a51-b331-5ff53de116c8,5,Shujaat Muzaffar,http.post.accounts.add_transaction,by=Shujaat Muzaffar role=admin | path=/accounts/transactions/new status=302,2026-08-23T16:38:33.990429
bf5fea6a-7769-4b77-bd2b-a6af15b76838,7,Mohsan Javed,http.post.sales.add_direct_sale,by=Mohsan Javed role=user | path=/add_direct_sale status=302,2026-08-23T16:39:44.320754
b06e71ba-5c7d-4814-ac5f-a827ee96b982,7,Mohsan Javed,http.post.sales.add_direct_sale,by=Mohsan Javed role=user | path=/add_direct_sale status=302,2026-08-23T16:41:01.579438
7670d408-e206-441b-a894-3cfdb73e9075,5,Shujaat Muzaffar,http.post.accounts.add_transaction,by=Shujaat Muzaffar role=admin | path=/accounts/transactions/new status=302,2026-08-23T16:46:34.560373
762e3522-9a02-483c-97e1-89e05eaf617d,5,Shujaat Muzaffar,http.post.accounts.add_transaction,by=Shujaat Muzaffar role=admin | path=/accounts/transactions/new status=302,2026-08-23T16:47:24.077524
b35eb3db-7a1a-4387-9c8d-980620514c5d,5,Shujaat Muzaffar,http.post.accounts.add_transaction,by=Shujaat Muzaffar role=admin | path=/accounts/transactions/new status=302,2026-08-23T16:59:06.790401
030c64d5-35d6-4439-a262-eb99ffb6b3bf,5,Shujaat Muzaffar,http.post.accounts.add_transaction,by=Shujaat Muzaffar role=admin | path=/accounts/transactions/new status=302,2026-08-23T17:02:49.171064
e90feb1a-7691-4592-980f-9383aab808e5,5,Shujaat Muzaffar,http.post.sales.add_direct_sale,by=Shujaat Muzaffar role=admin | path=/add_direct_sale status=302,2026-08-23T17:08:48.180416
4ae09b96-e7c3-4792-b96e-0c445b9013db,5,Shujaat Muzaffar,http.post.sales.add_direct_sale,by=Shujaat Muzaffar role=admin | path=/add_direct_sale status=302,2026-08-23T17:09:41.662878
695c380b-986a-406b-abb8-3e33540023bc,5,Shujaat Muzaffar,http.post.sales.add_direct_sale,by=Shujaat Muzaffar role=admin | path=/add_direct_sale status=302,2026-08-23T17:11:57.792927
ab39212b-15ef-431d-96ed-112caab99555,5,Shujaat Muzaffar,http.post.sales.add_direct_sale,by=Shujaat Muzaffar role=admin | path=/add_direct_sale status=302,2026-08-23T17:12:42.187947
e47f5c5a-4b1a-4bec-9f4f-ef1b314efd2a,5,Shujaat Muzaffar,http.post.sales.add_direct_sale,by=Shujaat Muzaffar role=admin | path=/add_direct_sale status=302,2026-08-23T17:17:19.727399
44a2d890-3880-4086-a552-3ceaa666be46,5,Shujaat Muzaffar,http.post.accounts.add_transaction,by=Shujaat Muzaffar role=admin | path=/accounts/transactions/new status=302,2026-08-23T17:22:01.401794
0600f504-e3e5-4189-9234-5a47672d1416,1,Admin,auth.login,by=Admin role=admin | ip=154.198.81.220 role=admin sid=389d8c0da662ec48471bc267e5f2f14c concurrent=allowed,2026-08-23T19:12:13.419605
39838800-f8b8-4a37-b48f-7feff3517333,1,Admin,http.post.auth.login,by=Admin role=admin | path=/login status=302,2026-08-23T19:12:13.445479
af48de75-e220-4b50-93bc-c931d32a6556,1,Admin,http.post.api.ui_theme_preference_api,by=Admin role=admin | path=/api/ui/theme status=200,2026-08-23T19:12:22.761795
828b06bc-bb11-4689-81c7-636746b40b5f,5,Shujaat Muzaffar,http.post.masters.add_client,by=Shujaat Muzaffar role=admin | path=/add_client status=302,2026-08-24T12:44:02.872995
17d969aa-2a6a-4f8d-9d78-5d6e7e205a39,5,Shujaat Muzaffar,http.post.masters.edit_client,by=Shujaat Muzaffar role=admin | path=/edit_client/315 status=302,2026-08-24T12:51:47.374980
1e17de29-0ac0-4f5e-8209-9077e3dc56d8,5,,transaction.delete.DirectSale,"id=2442, reason=",2026-08-24T12:53:14.417258
f4334e86-0a04-4389-854b-9b788a6132a3,5,Shujaat Muzaffar,http.post.sales.delete_transaction,by=Shujaat Muzaffar role=admin | path=/delete_transaction/DirectSale/2442 status=302,2026-08-24T12:53:14.473932
1adffc7e-93fa-4dc3-8bf1-580aae79950f,5,,transaction.delete.DirectSale,"id=2468, reason=",2026-08-24T12:53:20.924561
91bb5d0c-f164-4513-b7ef-a4743c383842,5,Shujaat Muzaffar,http.post.sales.delete_transaction,by=Shujaat Muzaffar role=admin | path=/delete_transaction/DirectSale/2468 status=302,2026-08-24T12:53:20.961979
10ce7d0f-ee69-44c5-92b3-2588e9227431,5,,transaction.delete.DirectSale,"id=2573, reason=",2026-08-24T12:53:29.835190
acca296b-2d97-47df-9318-d8c39d0ef28a,5,Shujaat Muzaffar,http.post.sales.delete_transaction,by=Shujaat Muzaffar role=admin | path=/delete_transaction/DirectSale/2573 status=302,2026-08-24T12:53:29.881886
e25adc05-5920-4b39-b1f9-5f1b47d271f5,5,,transaction.delete.Payment,"id=735, reason=",2026-08-24T12:54:14.212873
42f153c8-be82-453f-856e-b84845e82545,5,Shujaat Muzaffar,http.post.sales.delete_transaction,by=Shujaat Muzaffar role=admin | path=/delete_transaction/Payment/735 status=302,2026-08-24T12:54:14.238526
7d3a8c74-7a0c-4ab9-9342-686a20fc1943,5,Shujaat Muzaffar,http.post.masters.client_opening_balance,by=Shujaat Muzaffar role=admin | path=/client_opening_balance/300 status=302,2026-08-24T12:54:33.889574
74ce7328-3a55-4015-9bda-1edfc8b7563a,5,Shujaat Muzaffar,http.post.sales.add_booking,by=Shujaat Muzaffar role=admin | path=/add_booking status=302,2026-08-24T12:57:56.023384
a37f7d61-4d33-4294-83ac-97831f0f3571,5,Shujaat Muzaffar,http.post.sales.edit_booking,by=Shujaat Muzaffar role=admin | path=/edit_bill/Booking/421 status=302,2026-08-24T13:04:15.178572
d17ab98f-0a6f-431d-af93-0d32778f6f99,5,Shujaat Muzaffar,http.post.sales.edit_booking,by=Shujaat Muzaffar role=admin | path=/edit_bill/Booking/410 status=302,2026-08-24T13:07:07.143008
70b9cdaf-6138-45d7-bd30-cfad22c02986,5,Shujaat Muzaffar,http.post.sales.edit_direct_sale,by=Shujaat Muzaffar role=admin | path=/edit_bill/DirectSale/2529 status=302,2026-08-24T13:12:27.407929
e35f04aa-3cd5-4b8c-b501-6e947b7828d1,5,Shujaat Muzaffar,http.post.sales.edit_direct_sale,by=Shujaat Muzaffar role=admin | path=/edit_bill/DirectSale/2529 status=302,2026-08-24T13:12:45.008078
df7f0129-b431-4a58-aae7-29f6ed8f1bce,5,Shujaat Muzaffar,http.post.sales.edit_direct_sale,by=Shujaat Muzaffar role=admin | path=/edit_bill/DirectSale/2529 status=302,2026-08-24T13:13:03.849733
a2d9d0a7-5bc9-4251-8fa8-9407db65bedd,5,,transaction.delete.DirectSale,"id=2529, reason=",2026-08-24T13:13:26.101848
43b912b9-f3dd-4050-8dc5-380ce72919eb,5,Shujaat Muzaffar,http.post.sales.delete_transaction,by=Shujaat Muzaffar role=admin | path=/delete_transaction/DirectSale/2529 status=302,2026-08-24T13:13:26.140562
ddf456ce-f1bf-47d6-b658-20180077c4d4,5,Shujaat Muzaffar,http.post.sales.add_direct_sale,by=Shujaat Muzaffar role=admin | path=/add_direct_sale status=302,2026-08-24T13:15:49.912759
b7b75479-0fea-4d9a-85f2-4df5f1d9d81c,5,Shujaat Muzaffar,http.post.sales.add_direct_sale,by=Shujaat Muzaffar role=admin | path=/add_direct_sale status=302,2026-08-24T13:17:06.777241
24f67475-75ac-4690-bfc3-6d85a1b9f6c6,5,Shujaat Muzaffar,http.post.sales.add_direct_sale,by=Shujaat Muzaffar role=admin | path=/add_direct_sale status=302,2026-08-24T13:25:40.629803
2b16e3a5-737e-47dd-8745-bcd38e63ce5c,5,Shujaat Muzaffar,http.post.sales.add_direct_sale,by=Shujaat Muzaffar role=admin | path=/add_direct_sale status=302,2026-08-24T13:29:49.829996
f8e9c619-888e-4c08-bad5-f295c95623d8,5,Shujaat Muzaffar,http.post.sales.add_direct_sale,by=Shujaat Muzaffar role=admin | path=/add_direct_sale status=302,2026-08-24T13:31:12.662685
f11c661f-0f63-4e8b-b62a-0d8a3d944643,5,Shujaat Muzaffar,http.post.sales.add_direct_sale,by=Shujaat Muzaffar role=admin | path=/add_direct_sale status=302,2026-08-24T13:36:28.646545
7a3f20a3-55ef-4305-bb2f-c6e3b2698e7d,5,Shujaat Muzaffar,http.post.sales.add_direct_sale,by=Shujaat Muzaffar role=admin | path=/add_direct_sale status=302,2026-08-24T13:37:51.540936
c60f893b-b018-4cf4-8e17-6d77be4b80e0,5,Shujaat Muzaffar,http.post.sales.add_direct_sale,by=Shujaat Muzaffar role=admin | path=/add_direct_sale status=302,2026-08-24T13:44:18.316054
36d4e356-71e2-4f87-a366-2d53a7ebed7c,5,Shujaat Muzaffar,http.post.sales.add_direct_sale,by=Shujaat Muzaffar role=admin | path=/add_direct_sale status=302,2026-08-24T13:47:17.499062
cbaa2e8d-d1bb-477b-a019-5e75e8e29bed,5,Shujaat Muzaffar,http.post.sales.add_direct_sale,by=Shujaat Muzaffar role=admin | path=/add_direct_sale status=302,2026-08-24T14:01:30.168381
4a477da9-433f-486d-a9c8-3f7513dcf87c,5,Shujaat Muzaffar,http.post.sales.edit_direct_sale,by=Shujaat Muzaffar role=admin | path=/edit_bill/DirectSale/2614 status=302,2026-08-24T14:08:40.824831
b4e73677-dcb5-47fd-a501-f9ff611bf43e,5,,transaction.delete.DirectSale,"id=2614, reason=",2026-08-24T14:09:14.674483
6a9031b0-933b-4bfa-a9d1-28e0c4a4eb8a,5,Shujaat Muzaffar,http.post.sales.delete_transaction,by=Shujaat Muzaffar role=admin | path=/delete_transaction/DirectSale/2614 status=302,2026-08-24T14:09:14.714836
a2105f22-f51b-4407-8fe6-259d6a2cdaec,5,Shujaat Muzaffar,http.post.sales.add_direct_sale,by=Shujaat Muzaffar role=admin | path=/add_direct_sale status=302,2026-08-24T14:11:35.697429
53c6a390-f1f3-408c-99fb-90954d794fa2,1,Admin,auth.login,by=Admin role=admin | ip=182.189.47.186 role=admin sid=bf86d4864e24b01bef0f9c22567aa7f4 concurrent=allowed,2026-08-24T14:13:16.476679
a18af5e6-7528-4440-a6b6-a130a29b2d33,1,Admin,http.post.auth.login,by=Admin role=admin | path=/login status=302,2026-08-24T14:13:16.498696
7f4a208c-63e1-436a-aff4-3501a93f626a,5,Shujaat Muzaffar,http.post.sales.add_booking,by=Shujaat Muzaffar role=admin | path=/add_booking status=302,2026-08-24T14:21:41.332121
84cb14c2-a268-4a7e-9c3a-2a03b147e537,5,Shujaat Muzaffar,http.post.sales.add_direct_sale,by=Shujaat Muzaffar role=admin | path=/add_direct_sale status=302,2026-08-24T14:22:42.634850
b58dd95c-cdd3-47ed-9268-be8fcedcf287,5,Shujaat Muzaffar,http.post.sales.add_direct_sale,by=Shujaat Muzaffar role=admin | path=/add_direct_sale status=302,2026-08-24T14:25:21.548290
1ad78aa6-9976-4898-be36-2893e5d912cc,5,Shujaat Muzaffar,http.post.sales.add_direct_sale,by=Shujaat Muzaffar role=admin | path=/add_direct_sale status=302,2026-08-24T14:33:45.691539
65840192-2586-49dd-acc8-34fa5a96c388,5,Shujaat Muzaffar,http.post.sales.add_booking,by=Shujaat Muzaffar role=admin | path=/add_booking status=302,2026-08-24T14:55:45.545335
8e1601e7-2859-40c2-b531-d93ad2f0ffde,5,Shujaat Muzaffar,http.post.sales.add_direct_sale,by=Shujaat Muzaffar role=admin | path=/add_direct_sale status=302,2026-08-24T15:24:46.421647
bf672327-b0d9-4c67-9983-abeffbfaef92,5,Shujaat Muzaffar,http.post.sales.add_direct_sale,by=Shujaat Muzaffar role=admin | path=/add_direct_sale status=302,2026-08-24T15:29:29.598341
60f0a57f-dfb1-4f2d-bd6e-a1336d05b87d,5,Shujaat Muzaffar,http.post.sales.add_direct_sale,by=Shujaat Muzaffar role=admin | path=/add_direct_sale status=302,2026-08-24T16:13:58.014637
581f1124-11cf-4a6f-9d4f-36d1b3400082,5,Shujaat Muzaffar,http.post.sales.add_direct_sale,by=Shujaat Muzaffar role=admin | path=/add_direct_sale status=302,2026-08-24T16:15:24.253241
847800e9-c139-4542-adad-8d29c112ba1c,5,Shujaat Muzaffar,http.post.sales.add_direct_sale,by=Shujaat Muzaffar role=admin | path=/add_direct_sale status=302,2026-08-24T16:57:17.682578
fccce502-8263-4e16-86ab-6ae3b2bfd9f1,4,Adnan Ahmed,auth.login,by=Adnan Ahmed role=admin | ip=182.189.47.186 role=admin sid=22644037d7b742d499dac06f676634c7 concurrent=allowed,2026-08-24T17:15:59.904572
65837ca7-fed2-4fb7-a448-290042328cdd,4,Adnan Ahmed,http.post.auth.login,by=Adnan Ahmed role=admin | path=/login status=302,2026-08-24T17:15:59.920413
cc18af1d-306f-4e68-8ba8-f91032e77282,5,Shujaat Muzaffar,http.post.accounts.add_transaction,by=Shujaat Muzaffar role=admin | path=/accounts/transactions/new status=302,2026-08-24T17:46:57.349617
1b45632f-7658-4529-90bf-6eeff92d86cb,5,Shujaat Muzaffar,http.post.accounts.add_transaction,by=Shujaat Muzaffar role=admin | path=/accounts/transactions/new status=302,2026-08-24T17:49:01.335030
63b124dd-2c79-488b-a746-e9922f68ef0d,5,Shujaat Muzaffar,http.post.accounts.add_transaction,by=Shujaat Muzaffar role=admin | path=/accounts/transactions/new status=302,2026-08-24T17:52:32.457760
ef64f573-9085-418b-9298-b7180a11dc58,5,Shujaat Muzaffar,http.post.ledgers.client_booking_cancel,by=Shujaat Muzaffar role=admin | path=/client_booking_cancel/306 status=302,2026-08-24T18:20:30.526946
5698bfa1-bfe5-4e99-af75-332ab3531163,7,Mohsan Javed,http.post.sales.add_direct_sale,by=Mohsan Javed role=user | path=/add_direct_sale status=302,2026-08-25T11:04:35.603444
f7f97062-5685-46b6-bd2f-f4ff5bed6c57,7,Mohsan Javed,http.post.sales.add_direct_sale,by=Mohsan Javed role=user | path=/add_direct_sale status=302,2026-08-25T11:06:03.232934
17afdf9d-611c-4658-99a4-2b553cf59e73,7,Mohsan Javed,http.post.sales.add_direct_sale,by=Mohsan Javed role=user | path=/add_direct_sale status=302,2026-08-25T11:07:26.174665
d056f36b-952c-484b-96b0-a6d69bfb85dd,7,Mohsan Javed,http.post.sales.add_direct_sale,by=Mohsan Javed role=user | path=/add_direct_sale status=302,2026-08-25T11:08:59.389626
763d1013-b50d-4e92-883d-e7c89284f795,7,Mohsan Javed,http.post.sales.add_direct_sale,by=Mohsan Javed role=user | path=/add_direct_sale status=302,2026-08-25T11:12:25.267352
68bd98b7-56a2-4a44-a548-38a7197fb998,5,Shujaat Muzaffar,http.post.sales.add_direct_sale,by=Shujaat Muzaffar role=admin | path=/add_direct_sale status=302,2026-08-25T12:08:19.771581
5ed5ccea-9934-4bb4-8983-741d28f08383,5,Shujaat Muzaffar,http.post.sales.add_direct_sale,by=Shujaat Muzaffar role=admin | path=/add_direct_sale status=302,2026-08-25T12:09:00.441871
58662b8c-8dc0-4e90-bb0f-fa373b8c3fc7,5,Shujaat Muzaffar,http.post.sales.add_direct_sale,by=Shujaat Muzaffar role=admin | path=/add_direct_sale status=302,2026-08-25T12:20:06.368725
2df403e0-58c7-4545-8e32-7fb32dd9f068,5,Shujaat Muzaffar,http.post.sales.add_direct_sale,by=Shujaat Muzaffar role=admin | path=/add_direct_sale status=302,2026-08-25T12:28:13.597640
9e36160a-fbd1-423b-884b-8c29228d1967,5,Shujaat Muzaffar,http.post.sales.add_direct_sale,by=Shujaat Muzaffar role=admin | path=/add_direct_sale status=302,2026-08-25T12:32:37.572686
174ed999-b61c-4a52-a7e0-3b9599a64497,5,Shujaat Muzaffar,http.post.sales.add_material_return,by=Shujaat Muzaffar role=admin | path=/add_material_return status=302,2026-08-25T12:34:23.323543
3bcca870-5e1a-44c0-a96e-5033f82b4871,5,Shujaat Muzaffar,http.post.accounts.add_transaction,by=Shujaat Muzaffar role=admin | path=/accounts/transactions/new status=302,2026-08-25T12:42:33.943586
c235556e-9672-4916-b972-e3e865928571,5,Shujaat Muzaffar,http.post.ledgers.client_booking_cancel,by=Shujaat Muzaffar role=admin | path=/client_booking_cancel/304 status=302,2026-08-25T12:44:29.656536
9479196b-912a-4f41-b179-d00f3b182a94,5,Shujaat Muzaffar,http.post.accounts.add_transaction,by=Shujaat Muzaffar role=admin | path=/accounts/transactions/new status=302,2026-08-25T12:45:29.935170
594d6f72-e1d1-484e-8f9a-ef5d0aba8d56,5,Shujaat Muzaffar,http.post.accounts.add_transaction,by=Shujaat Muzaffar role=admin | path=/accounts/transactions/new status=302,2026-08-25T12:50:53.608792
77125927-d684-40d5-aa1b-b2c0da1f4c9c,7,Mohsan Javed,http.post.sales.add_direct_sale,by=Mohsan Javed role=user | path=/add_direct_sale status=302,2026-08-25T12:51:35.022635
5acd89d7-d553-473a-a8d9-faef5f9d0c9d,7,Mohsan Javed,http.post.sales.add_direct_sale,by=Mohsan Javed role=user | path=/add_direct_sale status=302,2026-08-25T12:54:37.713010
a34c63a3-ce4f-4374-8e86-61e64e4a5f6b,5,Shujaat Muzaffar,http.post.accounts.add_transaction,by=Shujaat Muzaffar role=admin | path=/accounts/transactions/new status=302,2026-08-25T12:55:45.618956
3e8bf59d-c802-4359-bd7f-ef93b72b25d6,7,Mohsan Javed,http.post.sales.add_direct_sale,by=Mohsan Javed role=user | path=/add_direct_sale status=302,2026-08-25T12:56:22.451023
a0c0bfe4-afe0-4928-a7fb-92bf453bb8e8,7,Mohsan Javed,http.post.sales.add_direct_sale,by=Mohsan Javed role=user | path=/add_direct_sale status=302,2026-08-25T12:58:10.875690
5f69de28-203d-46e7-8ff8-bf7394b31594,7,Mohsan Javed,http.post.accounts.add_transaction,by=Mohsan Javed role=user | path=/accounts/transactions/new status=302,2026-08-25T13:00:03.507412
84195bf4-2bda-415f-9b3a-ca516b80c01c,5,Shujaat Muzaffar,http.post.accounts.add_transaction,by=Shujaat Muzaffar role=admin | path=/accounts/transactions/new status=302,2026-08-25T13:14:43.607275
55c2b686-d326-4b0f-aafd-22b483d98aa7,1,Admin,auth.login,by=Admin role=admin | ip=8.231.229.16 role=admin sid=4284fbf94514f1fd50ee23c7ad48328b concurrent=allowed,2026-08-25T13:44:21.984733
50b7e7b1-50cf-4f9a-9758-0f9be9ca9bce,1,Admin,http.post.auth.login,by=Admin role=admin | path=/login status=302,2026-08-25T13:44:22.005668
4a2ab374-9848-479c-a001-bf56fdbd59d7,1,Admin,auth.login,by=Admin role=admin | ip=8.231.229.16 role=admin sid=7e9bf108019da51c24d6f4ed279cc201 concurrent=allowed,2026-08-25T13:48:02.568407
ad04a4ad-ae44-498c-ac10-e4df83509153,1,Admin,http.post.auth.login,by=Admin role=admin | path=/login status=302,2026-08-25T13:48:02.606922
ecf8a8e0-7a73-479d-ba2f-82202a38c932,1,Admin,auth.logout,by=Admin role=admin | ip=8.231.229.16 sid=7e9bf108019da51c24d6f4ed279cc201,2026-08-25T13:48:15.709724
395e895f-63ad-4160-aaa8-69f59c7b680f,1,Admin,auth.login,by=Admin role=admin | ip=8.231.229.16 role=admin sid=828109d85d1723df5498bf13cfa3bc0f concurrent=allowed,2026-08-25T13:50:36.013273
99383db8-9e55-41bb-9a8e-4b686180e393,1,Admin,http.post.auth.login,by=Admin role=admin | path=/login status=302,2026-08-25T13:50:36.035932
01ae0285-0528-4196-a0f1-ce78d6351119,1,Admin,auth.login,by=Admin role=admin | ip=8.231.229.16 role=admin sid=ca6729ef01b703cb309ed4c2c7f76911 concurrent=allowed,2026-08-25T13:56:28.957050
0ad38e7d-a866-486a-8eec-89e40ef88a4c,1,Admin,http.post.auth.login,by=Admin role=admin | path=/login status=302,2026-08-25T13:56:28.981837
de106acf-fa95-4f85-a66e-32903c5ef2bd,1,Admin,auth.login,by=Admin role=admin | ip=8.231.229.16 role=admin sid=86762518682c213c768e9d6ba0afd1e0 concurrent=allowed,2026-08-25T14:09:37.429036
e397370e-6e20-4f0c-bb24-87def8ef617f,1,Admin,http.post.auth.login,by=Admin role=admin | path=/login status=302,2026-08-25T14:09:37.457001
513c5810-ae38-4695-b4d8-52c107ca0d63,1,Admin,auth.login,by=Admin role=admin | ip=8.231.229.16 role=admin sid=807cb0da685fb6536cdc47f076bff7fa concurrent=allowed,2026-08-25T14:12:47.056599
b84b045f-71c2-4434-9f65-012869cfb1b0,1,Admin,http.post.auth.login,by=Admin role=admin | path=/login status=302,2026-08-25T14:12:47.074960
4f7fc3ba-590b-4d32-acd7-545be9aec19e,1,Admin,auth.login,by=Admin role=admin | ip=8.231.229.16 role=admin sid=78bb279ca32321a75892ed3542c36323 concurrent=allowed,2026-08-25T14:21:17.321252
f5b4e6e3-a1e9-4c77-aac0-79dfc98e47b3,1,Admin,http.post.auth.login,by=Admin role=admin | path=/login status=302,2026-08-25T14:21:17.351944
b4643cf1-3798-4070-b5c5-e9c682430434,1,Admin,auth.login,by=Admin role=admin | ip=8.231.229.16 role=admin sid=f08453f89b727e20b08dbe9eb0fad56d concurrent=allowed,2026-08-25T14:23:07.007120
eaeb22fa-ae07-4fc7-a36b-e80e0fc424aa,1,Admin,http.post.auth.login,by=Admin role=admin | path=/login status=302,2026-08-25T14:23:07.026728
584f73f4-b3b0-4333-8600-7b8a53925705,1,Admin,http.post.import_export.transfer_export,by=Admin role=admin | path=/import_export/transfer/export status=200,2026-08-25T14:23:32.925944
807c9703-9ea8-45bb-bf06-f192da5350bb,1,Admin,http.post.import_export.transfer_export,by=Admin role=admin | path=/import_export/transfer/export status=200,2026-08-25T15:00:23.411424
059eefae-912b-4dbb-a558-1dca107d6ac6,1,Admin,auth.login,by=Admin role=admin | ip=154.91.165.134 role=admin sid=7a91b8c4d86784ecb039a2c086fe4bfb concurrent=allowed,2026-08-26T11:03:19.326718
96dd243b-37c2-4ac8-acd7-ea73addae57b,1,Admin,http.post.auth.login,by=Admin role=admin | path=/login status=302,2026-08-26T11:03:19.357268
67c453d1-801b-411c-a2bf-9348898c9d9f,1,Admin,auth.login,by=Admin role=admin | ip=154.91.165.134 role=admin sid=0d5d0423eef4fb474e1e83214ef73bbc concurrent=allowed,2026-08-26T11:03:34.586461
e688e152-a427-4e6e-a4d0-36c6838ca423,1,Admin,http.post.auth.login,by=Admin role=admin | path=/login status=302,2026-08-26T11:03:34.611869
5d94dfdf-1a33-494a-bd40-d7d1b0bbce96,7,Mohsan Javed,http.post.sales.add_booking,by=Mohsan Javed role=user | path=/add_booking status=302,2026-08-27T11:40:12.550020
6983e2ce-26cb-4112-8c27-7724041499b5,7,Mohsan Javed,http.post.sales.add_direct_sale,by=Mohsan Javed role=user | path=/add_direct_sale status=302,2026-08-27T11:41:46.496925
744f0397-6bb9-4948-b886-794aa58951a8,7,Mohsan Javed,http.post.sales.add_direct_sale,by=Mohsan Javed role=user | path=/add_direct_sale status=302,2026-08-27T11:43:11.819516
b18a1306-aafc-4f7c-9b59-af555835611f,7,Mohsan Javed,http.post.sales.add_direct_sale,by=Mohsan Javed role=user | path=/add_direct_sale status=302,2026-08-27T11:45:26.343292
d6276741-28e7-4299-8987-ad4e087ba207,7,Mohsan Javed,http.post.sales.add_direct_sale,by=Mohsan Javed role=user | path=/add_direct_sale status=302,2026-08-27T11:51:52.955049
22af45aa-09aa-46f4-9676-d5b6b95fd93e,7,Mohsan Javed,http.post.sales.add_direct_sale,by=Mohsan Javed role=user | path=/add_direct_sale status=302,2026-08-27T11:53:10.457195
c1196b15-965f-4797-8f22-d50cc50ed63b,7,Mohsan Javed,http.post.sales.add_material_return,by=Mohsan Javed role=user | path=/add_material_return status=302,2026-08-27T11:54:56.785524
4bb7532f-7ed9-4ed7-9341-4552291b4a6c,7,Mohsan Javed,http.post.sales.add_direct_sale,by=Mohsan Javed role=user | path=/add_direct_sale status=302,2026-08-27T11:56:27.820665
53d431ee-5616-48be-99e0-a320da99b3f0,7,Mohsan Javed,http.post.sales.add_direct_sale,by=Mohsan Javed role=user | path=/add_direct_sale status=302,2026-08-27T11:56:49.852844
fd1cb09b-b1b5-436c-a1a3-400048f680a9,7,Mohsan Javed,http.post.sales.add_direct_sale,by=Mohsan Javed role=user | path=/add_direct_sale status=302,2026-08-27T11:57:49.224658
542bc21d-d996-44a9-bb35-9261303e12cc,7,Mohsan Javed,http.post.sales.add_direct_sale,by=Mohsan Javed role=user | path=/add_direct_sale status=302,2026-08-27T11:59:08.392568
418f4c91-6db5-4e64-9365-b7aed20163f2,7,Mohsan Javed,http.post.sales.add_direct_sale,by=Mohsan Javed role=user | path=/add_direct_sale status=302,2026-08-27T12:02:19.874617
b38e0bad-ff71-4eaf-9056-857a411841db,7,Mohsan Javed,http.post.sales.add_direct_sale,by=Mohsan Javed role=user | path=/add_direct_sale status=302,2026-08-27T12:04:09.553968
adbb784c-2133-4d88-9708-818c072fcf6e,7,Mohsan Javed,http.post.accounts.add_transaction,by=Mohsan Javed role=user | path=/accounts/transactions/new status=302,2026-08-27T12:05:23.549572
99be1895-da24-4984-8cf9-d50b999af154,7,Mohsan Javed,http.post.sales.add_direct_sale,by=Mohsan Javed role=user | path=/add_direct_sale status=302,2026-08-27T12:06:18.884393
560703d4-42fc-4a1d-aa58-f59bbfffe999,7,Mohsan Javed,http.post.sales.add_booking,by=Mohsan Javed role=user | path=/add_booking status=302,2026-08-27T12:08:22.476870
76877a03-bf7b-463f-8db6-5e17e991d9be,7,Mohsan Javed,http.post.sales.add_booking,by=Mohsan Javed role=user | path=/add_booking status=302,2026-08-27T12:10:43.668407
8ae286dd-8c27-480c-9189-927632f13577,7,Mohsan Javed,http.post.accounts.add_transaction,by=Mohsan Javed role=user | path=/accounts/transactions/new status=302,2026-08-27T12:11:24.437659
540f37fe-0aea-41ff-bd17-238fcfff667c,7,Mohsan Javed,http.post.sales.add_direct_sale,by=Mohsan Javed role=user | path=/add_direct_sale status=302,2026-08-27T12:12:48.377050
f53e22a2-dde3-46bf-9c57-53133dc046b8,7,Mohsan Javed,http.post.accounts.add_transaction,by=Mohsan Javed role=user | path=/accounts/transactions/new status=302,2026-08-27T12:13:26.601238
369f88d2-b240-4e95-88b0-2000c834c7a7,7,Mohsan Javed,http.post.sales.add_booking,by=Mohsan Javed role=user | path=/add_booking status=302,2026-08-27T12:16:51.316354
6f2f7038-f0b4-4dc8-bb77-cbe4d59f2bcc,7,Mohsan Javed,http.post.sales.add_direct_sale,by=Mohsan Javed role=user | path=/add_direct_sale status=302,2026-08-27T12:18:14.246911
2123247e-9508-416f-b415-245304c034c3,7,Mohsan Javed,http.post.sales.add_direct_sale,by=Mohsan Javed role=user | path=/add_direct_sale status=302,2026-08-27T12:20:11.407367
434efbe3-074b-4269-a4f2-2289cc106ac7,7,Mohsan Javed,http.post.accounts.add_transaction,by=Mohsan Javed role=user | path=/accounts/transactions/new status=302,2026-08-27T12:21:15.480077
eab1ff7a-f886-44ab-a826-b1cf3a78425e,7,Mohsan Javed,http.post.sales.add_direct_sale,by=Mohsan Javed role=user | path=/add_direct_sale status=302,2026-08-27T12:22:58.847508
a9c543aa-0a0c-4c5c-8deb-bc7ea1a66f52,7,Mohsan Javed,http.post.sales.add_direct_sale,by=Mohsan Javed role=user | path=/add_direct_sale status=302,2026-08-27T12:24:20.512246
43146e21-3fa1-4c0b-aa37-ed6ac44482ec,7,Mohsan Javed,http.post.sales.add_direct_sale,by=Mohsan Javed role=user | path=/add_direct_sale status=302,2026-08-27T12:25:41.984856
e3d5071a-80fb-4fa6-8b67-8ceaf4627fa9,7,Mohsan Javed,http.post.accounts.add_transaction,by=Mohsan Javed role=user | path=/accounts/transactions/new status=302,2026-08-27T12:27:54.298507
c788b73c-97f6-4610-ac70-0d0049b1e8a2,7,Mohsan Javed,http.post.sales.add_direct_sale,by=Mohsan Javed role=user | path=/add_direct_sale status=302,2026-08-27T12:29:58.917819
567465ae-157a-487b-b870-a62f234b8985,7,Mohsan Javed,http.post.sales.add_direct_sale,by=Mohsan Javed role=user | path=/add_direct_sale status=302,2026-08-27T12:34:56.569905
81c5597f-d0e6-4a47-8897-1fe0b223c92f,7,Mohsan Javed,http.post.sales.add_booking,by=Mohsan Javed role=user | path=/add_booking status=302,2026-08-27T12:37:30.879496
91afd859-97fd-480b-9c26-0b1931e156dd,7,Mohsan Javed,http.post.accounts.add_transaction,by=Mohsan Javed role=user | path=/accounts/transactions/new status=302,2026-08-27T12:38:20.442238
3b6f960a-5b05-403e-be51-e58e6d8e9c59,4,Adnan Ahmed,http.post.system.notifications_set_reminder,by=Adnan Ahmed role=admin | path=/notifications/set_reminder/6919 status=302,2026-08-27T13:19:05.276377
fcb44e7a-6412-4531-b9f7-84f5e12cdb6b,7,Mohsan Javed,auth.logout,by=Mohsan Javed role=user | ip=182.189.39.26 sid=e0cd3226c862cf890b52e5d8e143c43b,2026-08-27T13:48:08.673090
858ae7f0-506a-41e7-a78f-e263f076a140,7,Mohsan Javed,auth.login,by=Mohsan Javed role=user | ip=182.189.39.26 role=user sid=2f6aa386b01db957e215c3891ff0a7bb concurrent=allowed,2026-08-27T14:52:08.622157
2496396e-e99d-46d2-a1e2-186b37da93cf,7,Mohsan Javed,http.post.auth.login,by=Mohsan Javed role=user | path=/login status=302,2026-08-27T14:52:08.654636
562aae41-0070-4320-b116-9c007e64a3d8,5,Shujaat Muzaffar,http.post.accounts.add_transaction,by=Shujaat Muzaffar role=admin | path=/accounts/transactions/new status=302,2026-08-27T15:05:03.743672
6b3f6be7-81a7-440c-9f16-b81db1bccf95,5,Shujaat Muzaffar,http.post.accounts.add_transaction,by=Shujaat Muzaffar role=admin | path=/accounts/transactions/new status=302,2026-08-27T15:18:19.182405
8d11789b-ba6d-4a04-849e-50fef102fc23,5,Shujaat Muzaffar,http.post.accounts.client_payment_save,by=Shujaat Muzaffar role=admin | path=/accounts/payments/clients/save status=302,2026-08-27T15:18:45.980768
439bc8d7-f64b-411a-9b2e-6bb247e883ec,5,Shujaat Muzaffar,http.post.accounts.add_transaction,by=Shujaat Muzaffar role=admin | path=/accounts/transactions/new status=302,2026-08-27T15:20:54.526307
2773a009-1eef-450b-b9b8-8fe4128755da,5,Shujaat Muzaffar,http.post.accounts.client_payment_save,by=Shujaat Muzaffar role=admin | path=/accounts/payments/clients/save status=302,2026-08-27T15:21:42.079011
a89ebdc6-6b63-4505-a5e6-33a3ac26cef9,5,Shujaat Muzaffar,http.post.accounts.add_transaction,by=Shujaat Muzaffar role=admin | path=/accounts/transactions/new status=302,2026-08-27T15:23:21.039073
c220af4f-b782-42b8-83ab-04860122a67a,5,Shujaat Muzaffar,http.post.accounts.add_transaction,by=Shujaat Muzaffar role=admin | path=/accounts/transactions/new status=302,2026-08-27T15:25:54.195552
b89c07ca-f90b-4003-9d31-598772a3510c,5,Shujaat Muzaffar,http.post.accounts.add_transaction,by=Shujaat Muzaffar role=admin | path=/accounts/transactions/new status=302,2026-08-27T15:27:59.735509
87f1867d-e40b-401c-b427-bcbffd5cf538,4,Adnan Ahmed,http.post.system.notifications_set_reminder,by=Adnan Ahmed role=admin | path=/notifications/set_reminder/5792 status=302,2026-08-27T15:37:25.847368
7de72531-fbc2-494c-9b11-22ca2c452cf6,5,Shujaat Muzaffar,http.post.accounts.add_transaction,by=Shujaat Muzaffar role=admin | path=/accounts/transactions/new status=302,2026-08-27T16:17:13.739779
8075a141-1306-4374-b4e6-cf65be19fd63,5,Shujaat Muzaffar,http.post.accounts.add_transaction,by=Shujaat Muzaffar role=admin | path=/accounts/transactions/new status=302,2026-08-27T16:18:39.506112
49e1cc25-adf5-486e-92c2-7df817c5919e,5,Shujaat Muzaffar,http.post.accounts.add_transaction,by=Shujaat Muzaffar role=admin | path=/accounts/transactions/new status=302,2026-08-27T16:20:08.953584
e9e8d00b-f7c1-4b0a-a198-21d63263c6d8,5,Shujaat Muzaffar,http.post.accounts.add_transaction,by=Shujaat Muzaffar role=admin | path=/accounts/transactions/new status=302,2026-08-27T16:22:59.129783
140446f8-86b0-45f6-a41b-738cce1abc70,5,Shujaat Muzaffar,http.post.accounts.add_transaction,by=Shujaat Muzaffar role=admin | path=/accounts/transactions/new status=302,2026-08-27T16:24:53.123848
d5e23730-765f-4376-9750-5517feb35d1a,7,Mohsan Javed,http.post.accounts.add_transaction,by=Mohsan Javed role=user | path=/accounts/transactions/new status=302,2026-08-27T16:26:49.210794
fdd3e169-e282-4081-9679-73e97e1305df,7,Mohsan Javed,http.post.accounts.add_transaction,by=Mohsan Javed role=user | path=/accounts/transactions/new status=302,2026-08-27T16:27:54.353900
a09a5af3-366e-412e-9071-2dc2191ec8d8,7,Mohsan Javed,http.post.sales.add_booking,by=Mohsan Javed role=user | path=/add_booking status=302,2026-08-27T16:29:15.880071
b3fc34f5-c9eb-4073-87ff-0411b92c3ff1,7,Mohsan Javed,http.post.accounts.add_transaction,by=Mohsan Javed role=user | path=/accounts/transactions/new status=302,2026-08-27T16:30:01.970695
21265f1c-af29-4414-a648-6461ac4aeba8,5,Shujaat Muzaffar,http.post.accounts.add_transaction,by=Shujaat Muzaffar role=admin | path=/accounts/transactions/new status=302,2026-08-27T17:03:54.881081
6bfde2e6-d29d-4f2f-8e61-8c46a3901fab,5,Shujaat Muzaffar,http.post.accounts.add_transaction,by=Shujaat Muzaffar role=admin | path=/accounts/transactions/new status=302,2026-08-27T17:05:23.279279
abd42a5d-caec-44cf-99b5-1b948bc182e5,7,Mohsan Javed,http.post.sales.add_direct_sale,by=Mohsan Javed role=user | path=/add_direct_sale status=302,2026-08-28T10:44:09.120595
521223f0-368d-4a26-a20e-4ba5525f32c7,7,Mohsan Javed,http.post.sales.add_direct_sale,by=Mohsan Javed role=user | path=/add_direct_sale status=302,2026-08-28T10:45:56.567243
ddf29356-0769-4fa0-b583-22441d3b167d,7,Mohsan Javed,http.post.sales.add_direct_sale,by=Mohsan Javed role=user | path=/add_direct_sale status=302,2026-08-28T11:11:49.837157
6cafa2b6-e78a-4bb2-887a-30f9a9da565d,7,Mohsan Javed,http.post.sales.add_direct_sale,by=Mohsan Javed role=user | path=/add_direct_sale status=302,2026-08-28T11:13:00.043408
9d7fc4e6-ce14-4d91-b728-1d7daeee36bc,7,Mohsan Javed,http.post.sales.add_direct_sale,by=Mohsan Javed role=user | path=/add_direct_sale status=302,2026-08-28T11:14:53.759746
0ce1d60f-0c0d-4e66-afd4-3a337e1aa0cf,4,Adnan Ahmed,auth.login,by=Adnan Ahmed role=admin | ip=182.189.52.84 role=admin sid=73c11c48d5c035d5759441f7319d54ee concurrent=allowed,2026-08-28T12:09:38.805708
809fae43-493d-429d-8912-e7c4008edf53,4,Adnan Ahmed,http.post.auth.login,by=Adnan Ahmed role=admin | path=/login status=302,2026-08-28T12:09:38.823909
4503f738-d81e-4446-b814-f11a3aa07fc2,4,Adnan Ahmed,http.post.system.notifications_set_reminder,by=Adnan Ahmed role=admin | path=/notifications/set_reminder/6783 status=302,2026-08-28T12:25:13.822535
61f99829-86f8-48c7-8b41-f63006c92572,7,Mohsan Javed,http.post.accounts.add_transaction,by=Mohsan Javed role=user | path=/accounts/transactions/new status=302,2026-08-28T12:29:49.264517
f9e43d01-966c-45fd-94c2-0e37c5b417c1,1,Admin,http.post.import_export.transfer_export,by=Admin role=admin | path=/import_export/transfer/export status=200,2026-08-28T12:35:34.218507
600046d9-36ef-4757-a454-a4a57d60e7c7,7,Mohsan Javed,http.post.accounts.add_transaction,by=Mohsan Javed role=user | path=/accounts/transactions/new status=302,2026-08-28T12:38:20.662615
739d2be2-bf9e-4d52-a4e4-e9082ccf8157,4,Adnan Ahmed,http.post.system.notifications_set_reminder,by=Adnan Ahmed role=admin | path=/notifications/set_reminder/5632 status=302,2026-08-28T12:48:45.221305
ee9505a0-0d81-40b0-b409-2b2df4b1bff9,4,Adnan Ahmed,http.post.system.notifications_set_reminder,by=Adnan Ahmed role=admin | path=/notifications/set_reminder/6859 status=302,2026-08-28T13:24:46.412694
fc3fa36d-5c24-428e-93db-e2ee2e43ad94,4,Adnan Ahmed,http.post.system.notifications_set_reminder,by=Adnan Ahmed role=admin | path=/notifications/set_reminder/6859 status=302,2026-08-28T13:33:35.171901
34ddcee8-5313-4f22-97af-32e5dd79e078,7,Mohsan Javed,http.post.sales.edit_ledger_transaction,by=Mohsan Javed role=user | path=/edit_ledger_transaction/DirectSale/2520 status=302,2026-08-28T14:18:05.777802
1b0c660d-a6a8-467e-9a2a-c8c77f9fe917,7,Mohsan Javed,http.post.accounts.add_transaction,by=Mohsan Javed role=user | path=/accounts/transactions/new status=302,2026-08-28T14:19:56.467253
47937c68-3fc9-4fd2-925f-4eab842a567a,7,Mohsan Javed,http.post.accounts.add_transaction,by=Mohsan Javed role=user | path=/accounts/transactions/new status=302,2026-08-28T14:20:42.715185
27c33379-a02d-441a-9091-91c7766fbebf,7,Mohsan Javed,http.post.sales.edit_ledger_transaction,by=Mohsan Javed role=user | path=/edit_ledger_transaction/DirectSale/372 status=302,2026-08-28T14:27:33.225601
20f078a9-af02-436c-8194-ede7250c3add,7,Mohsan Javed,http.post.sales.edit_ledger_transaction,by=Mohsan Javed role=user | path=/edit_ledger_transaction/DirectSale/405 status=302,2026-08-28T14:29:54.647805
e8c7f882-5bb8-4938-854b-ee40591072b5,7,Mohsan Javed,http.post.accounts.add_transaction,by=Mohsan Javed role=user | path=/accounts/transactions/new status=302,2026-08-28T14:34:50.339616
92fe7803-37be-4f5c-915b-0d70c0e6f9dd,1,Admin,auth.login,by=Admin role=admin | ip=182.189.52.84 role=admin sid=91b0e3ac0e060af1e69968060999c6e9 concurrent=allowed,2026-08-28T16:26:40.405911
10198aa8-9151-47cf-b2be-c87ffe4a8273,1,Admin,http.post.auth.login,by=Admin role=admin | path=/login status=302,2026-08-28T16:26:40.426611
