id,idempotency_key,idempotency_payload_hash,client_name,client_code,category,amount,paid_amount,discount,discount_reason,manual_bill_no,auto_bill_no,photo_path,photo_url,invoice_id,date_posted,is_void,note,driver_name,rent_item_revenue,delivery_rent_cost,rent_variance_loss,payment_method,payment_account_id,bank_name,account_name,account_no
1,,,TAHIR ABBAS SB KOANKH,FBMCL-00002,Booking Delivery,0,0,0,,MB NO.6658,SB-SL-1000,,,1,2026-03-09T09:24:00,False,,Shoaib Loader,1253.6,1200,0,,,,,
2,,,REHMAN ALI SB BHUCH,FBMCL-00003,Mixed Transaction,3517.6,1000,0,,MB NO.6673,SB-SL-1001,,,2,2026-03-09T13:11:00,False,,OUTSIDER,0,0,0,,,,,
3,,,HIDAYAT ULLAH SB CHAK BEHRAM,FBMCL-00020,Cash,508906,508800,106,,MB NO.6705,SB-SL-1002,,,,2026-03-10T12:10:00,False,,Shoaib Loader,0,0,0,,,,,
4,,,RANA ZAHEER SB JPS,FBMCL-00048,Booking Delivery,0,0,0,,MB NO.6612,SB-SL-1003,,,3,2026-03-07T16:09:00,False,,HAJI AHMED,300,300,0,,,,,
5,,,RANA ZAHEER SB JPS,FBMCL-00048,Booking Delivery,0,0,0,,MB NO.6718,SB-SL-1004,,,4,2026-03-10T16:10:00,False,,SHARJEEL SAFWAN ABID,300,300,0,,,,,
6,,,MAJID HUSSAIN SB AJNALA,FBMCL-00050,Booking Delivery,0,0,0,,MB NO.6698,SB-SL-1005,,,5,2026-03-11T06:15:00,False,,HAJI AHMED,1538.2,1538.2,0,,,,,
7,,,MISTRI MUHAMMAD ANWAR SB PERO SHAH,FBMCL-00007,Booking Delivery,0,0,0,,MB NO.6763,SB-SL-1006,,,6,2026-03-12T09:16:00,False,,OUTSIDER,0,0,0,,,,,
8,,,GHULAM ABBAS SB HAZARA MUGHLAN,FBMCL-00005,Booking Delivery,0,0,0,,MB NO.6764,SB-SL-1007,,,7,2026-03-12T09:25:00,False,,OUTSIDER,0,0,0,,,,,
9,,,MUHAMMAD ALI SB MULL,FBMCL-00053,Booking Delivery,0,0,0,,MB NO.6768,SB-SL-1008,,,8,2026-03-12T10:20:00,False,,HAFIZ SHOIB,1000,1000,0,,,,,
10,,,ABDULLAH SB KOANKH,FBMCL-00063,Credit Customer,5538.5,0,0.5,,MB NO.6777,SB-SL-1009,,,9,2026-03-12T14:25:00,False,,OUTSIDER,0,0,0,,,,,
11,,,SULEIMAN SB AJNALA,FBMCL-00064,Booking Delivery,0,0,0,,MB NO.6778,SB-SL-1010,,,10,2026-03-12T14:31:00,False,,SHARJEEL SAFWAN ABID,0,0,0,,,,,
12,,,TAHIR ABBAS SB KOANKH,FBMCL-00002,Mixed Transaction,3700,0,0,,MB NO.6748,SB-SL-1011,,,11,2026-03-12T14:35:00,False,,HAFIZ SHOIB,1222.95,1200,0,,,,,
13,,,SHAH ZAIB SB RUPOWAL,FBMCL-00004,Booking Delivery,0,0,0,,MB NO.6772,SB-SL-1012,,,12,2026-03-12T14:45:00,False,,OUTSIDER,0,0,0,,,,,
14,,,SHEHBAZ BAIG SB KOANKH,FBMCL-00006,Booking Delivery,0,0,0,,MB NO.6741,SB-SL-1013,,,13,2026-03-11T14:47:00,False,,HAFIZ SHOIB,800,800,0,,,,,
15,,,ABDUL AZEEM SB KHAN PUR KHOKHAR,FBMCL-00001,Mixed Transaction,1200,0,0,,MB NO.6781,SB-SL-1014,,,14,2026-03-12T15:57:00,False,,SHARJEEL SAFWAN ABID,1200,1000,0,,,,,
16,,,MUHAMMAD BASHEER SB CONT KOANKH,FBMCL-00067,Booking Delivery,0,0,0,,MB NO.6550,SB-SL-1015,,,15,2026-03-12T16:17:00,False,,HAJI AHMED,800,0,0,,,,,
17,,,MUHAMMAD BASHEER SB CONT KOANKH,FBMCL-00067,Credit Customer,10034.7,10000,0.7,,MB NO.6666,SB-SL-1016,,,16,2026-03-12T16:20:00,False,,OUTSIDER,0,0,0,,,,,
18,,,MEHBOOB ALAM SB KOANKH,FBMCL-00046,Booking Delivery,0,0,0,,MB NO.6804,SB-SL-1017,,,17,2026-03-14T09:52:00,False,,HAFIZ SHOIB,0,0,0,,,,,
19,,,RANA ZAHEER SB JPS,FBMCL-00048,Booking Delivery,0,0,0,,MB NO.6800,SB-SL-1018,,,18,2026-03-14T10:19:00,False,,HAFIZ SHOIB,300,0,0,,,,,
20,,,ASHRAF SB AJNALA(SALEEM CONT),FBMCL-00017,Booking Delivery,0,0,0,,MB NO.6802,SB-SL-1019,,,19,2026-03-14T10:51:00,False,,SHARJEEL SAFWAN ABID,400,400,0,,,,,
21,,,NADEEM SB DHINDA,FBMCL-00044,Credit Customer,15100,10000,0,,MB NO.6795,SB-SL-1020,,,20,2026-03-14T11:07:00,False,,HAJI AHMED,500,500,0,,,,,
22,,,EHSAN SB CHAUHAN,FBMCL-00035,Booking Delivery,0,0,0,,MB NO.6807,SB-SL-1021,,,21,2026-03-14T11:15:00,False,,HAFIZ SHOIB,0,0,0,,,,,
23,,,SULEIMAN SB AJNALA,FBMCL-00064,Mixed Transaction,7300,0,0,,MB NO.6808,SB-SL-1022,,,22,2026-03-14T11:17:00,False,,SHARJEEL SAFWAN ABID,0,0,0,,,,,
24,,,MUHAMMAD ASGHAR GUJJAR SB JPS,FBMCL-00069,Credit Customer,2880,0,0,,MB NO.6813,SB-SL-1023,,,23,2026-03-14T14:35:00,False,,OUTSIDER,0,0,0,,,,,
25,,,RASHID SB RUPOWAL,FBMCL-00054,Booking Delivery,0,0,0,,MB NO.6796,SB-SL-1024,,,24,2026-03-14T14:57:00,False,,HAFIZ SHOIB,6000,6000,0,,,,,
26,,,BILAL SB KOANKH (QARI EJAZ SB),FBMCL-00010,Booking Delivery,0,0,0,,MB NO.6818,SB-SL-1025,,,25,2026-03-14T15:46:00,False,,HAJI AHMED,0,0,0,,,,,
27,,,BILAL SB KOANKH (QARI EJAZ SB),FBMCL-00010,Booking Delivery,0,0,0,,MB NO.6826,SB-SL-1026,,,26,2026-03-15T10:16:00,False,,OUTSIDER,0,0,0,,,,,
28,,,RANA ZAHEER SB JPS,FBMCL-00048,Booking Delivery,0,0,0,,MB NO.6827,SB-SL-1027,,,27,2026-03-15T12:00:00,False,,SHARJEEL SAFWAN ABID,600,600,0,,,,,
29,,,SHEHBAZ BAIG SB KOANKH,FBMCL-00006,Booking Delivery,0,0,0,,MB NO.6822,SB-SL-1028,,,28,2026-03-15T13:31:00,False,,HAFIZ SHOIB,800,800,0,,,,,
30,,,NABEEL ILLAHI KOANKH,FBMCL-00098,Booking Delivery,0,0,0,,MB NO.6733,SB-SL-1029,,,29,2026-03-11T13:53:00,False,,HAJI AHMED,0,0,0,,,,,
31,,,MAJID HUSSAIN SB AJNALA,FBMCL-00050,Booking Delivery,0,0,0,,MB NO.6830,SB-SL-1030,,,30,2026-03-15T14:07:00,False,,HAFIZ SHOIB,800,800,0,,,,,
32,,,NAZAKAT MOBILE SHOP JPS,FBMCL-00018,Credit Customer,1450,0,0,,MB NO.6812,SB-SL-1031,,,31,2026-03-13T14:33:00,False,,OUTSIDER,0,0,0,,,,,
33,,,RANA ZAHID SB JPS,FBMCL-00021,Credit Customer,29500,0,0,,MB NO.6832,SB-SL-1032,,,32,2026-03-15T14:13:00,False,,HAFIZ SHOIB,600,600,0,,,,,
34,,,RAJA AMEER HAMZA SB JPS,FBMCL-00103,Credit Customer,29400,0,0,,MB NO.6831,SB-SL-1033,,,33,2026-03-15T16:43:00,False,,SHARJEEL SAFWAN ABID,600,600,0,,,,,
35,,,MAJID HUSSAIN SB AJNALA,FBMCL-00050,Booking Delivery,0,0,0,,MB NO.6833,SB-SL-1034,,,34,2026-03-16T08:47:00,False,,HAFIZ SHOIB,800,800,0,,,,,
36,,,GUL SHER SB CHAK BEHRAM,FBMCL-00011,Cash,27350.4,27350.4,0,,MB NO.6751,SB-SL-1035,,,,2026-03-16T09:04:00,False,,OUTSIDER,0,0,0,,,,,
37,,,GHULAM SARWAR SB JPS(HAJI JAVED SB),FBMCL-00052,Booking Delivery,0,0,0,,MB NO.6724,SB-SL-1036,,,35,2026-03-11T11:36:00,False,,OUTSIDER,0,0,0,,,,,
38,,,GHULAM SARWAR SB JPS(HAJI JAVED SB),FBMCL-00052,Booking Delivery,0,0,0,,MB NO.6834,SB-SL-1037,,,36,2026-03-16T09:27:00,False,,OUTSIDER,0,0,0,,,,,
39,,,JAVED NUMBERDAR SB JPS,FBMCL-00083,Booking Delivery,0,0,0,,MB NO.6838,SB-SL-1038,,,37,2026-03-16T10:19:00,False,,OUTSIDER,0,0,0,,,,,
40,,,GUL SHER SB CHAK BEHRAM,FBMCL-00011,Mixed Transaction,790.2999999999793,0,0.3,,MB NO.6837,SB-SL-1039,,,38,2026-03-16T10:23:00,False,,HAFIZ SHOIB,4000,4000,0,,,,,
41,,,WAHEED SB RUPOWAL (SEP CLIENT),FBMCL-00104,Credit Customer,31880,0,0,,MB NO.6829,SB-SL-1040,,,39,2026-03-16T09:14:00,False,,ZAHID LOADER,1000,1000,0,,,,,
42,,,MALIK JAVED SB KHAN PUR KHOKHAR,FBMCL-00025,Booking Delivery,0,0,0,,MB NO.6770,SB-SL-1041,,,40,2026-03-12T11:27:00,False,,OUTSIDER,0,0,0,,,,,
43,,,Orphan67,ORPH-00067,Cash,2880,2880,0,,MB NO.6843,SB-SL-1042,,,,2026-03-16T11:43:00,False,"[MIGRATION] Orphan record. Original client: ""ZULFIQAR SB AJNALA"".",OUTSIDER,0,0,0,,,,,
44,,,MAJID HUSSAIN SB AJNALA,FBMCL-00050,Booking Delivery,0,0,0,,MB NO.6845,SB-SL-1043,,,41,2026-03-16T11:59:00,False,,ZAHID LOADER,800,800,0,,,,,
45,,,ABDULLAH SB KOANKH,FBMCL-00063,Credit Customer,2671.2,0,0,,MB NO.6846,SB-SL-1044,,,42,2026-03-16T12:04:00,False,,OUTSIDER,0,0,0,,,,,
46,,,NABEEL ILLAHI KOANKH,FBMCL-00098,Booking Delivery,0,0,0,,MB NO.6844,SB-SL-1045,,,43,2026-03-16T09:56:00,False,,ZAHID LOADER,0,0,0,,,,,
47,,,YOUSUF BUTT SB KOANKH,FBMCL-00096,Mixed Transaction,9140,0,0,,MB NO.6835,SB-SL-1046,,,44,2026-03-16T09:33:00,False,,ZAHID LOADER,500,500,0,,,,,
48,,,DR EHSAN SB DHINDA,FBMCL-00105,Mixed Transaction,14786.2,0,0,,MB NO.6842,SB-SL-1047,,,45,2026-03-16T12:46:00,False,,ALI HAMZA,800,800,0,,,,,
49,,,WALEED ULLAH SB DILAWAR PUR,FBMCL-00106,Mixed Transaction,651.7999999999762,0,0,,MB NO.6850,SB-SL-1048,,,46,2026-03-16T15:16:32.953532,False,,SHARJEEL SAFWAN ABID,0,0,0,,,,,
51,,,IMRAN SB KHATANA,FBMCL-00109,Booking Delivery,0,0,0,,MB NO.6847,SB-SL-1050,,,47,2026-03-16T16:20:00,False,,HAFIZ SHOIB,1250,1250,0,,,,,
52,,,RANA ZAHEER SB JPS,FBMCL-00048,Booking Delivery,0,0,0,,MB NO.6855,SB-SL-1051,,,48,2026-03-16T16:22:58.874601,False,,ALI HAMZA,300,300,0,,,,,
53,,,NAZIM SB JPS,FBMCL-00110,Credit Customer,7350,0,0,,MB NO.6854,SB-SL-1052,,,49,2026-03-16T16:23:00,False,,ALI HAMZA,150,150,0,,,,,
54,,,NAZIM SB JPS,FBMCL-00110,Cash,4279.999999998,4280,0,,,SB-SL-1053,,,,2026-03-16T16:27:00,False,,OUTSIDER,0,0,0,,,,,
55,,,ISHTIAQ CONT KOANKH,FBMCL-00079,Cash,1440,1440,0,,,SB-SL-1054,,,,2026-03-16T16:29:00,False,,OUTSIDER,0,0,0,,,,,
56,,,Orphan68,ORPH-00068,Cash,8640,8640,0,,,SB-SL-1055,,,,2026-03-16T16:30:00,False,"[MIGRATION] Orphan record. Original client: ""CASH WALKING CUSTOMER"".",OUTSIDER,0,0,0,,,,,
57,,,FAISAL SB AJNALA,FBMCL-00088,Booking Delivery,0,0,0,,MB NO.6848,SB-SL-1056,,,50,2026-03-16T17:20:35.022135,False,,SHARJEEL SAFWAN ABID,1600,1600,0,,,,,
58,,,MIRZA IMTIAZ BAIG SB KOANKH (RICKSHAW),FBMCL-00091,Cash,7200,7200,0,,,SB-SL-1057,,,,2026-03-16T17:27:00,False,,OUTSIDER,0,0,0,,,,,
59,,,QAMAR BAIG SB KOANKH,FBMCL-00074,Credit Customer,29600,0,0,,MB NO.6856,SB-SL-1058,,,51,2026-03-16T17:33:05.237644,False,,HAFIZ SHOIB,800,800,0,,,,,
60,,,JAVED NUMBERDAR SB JPS,FBMCL-00083,Booking Delivery,0,0,0,,MB NO.6864,SB-SL-1059,,,52,2026-03-17T10:23:00,False,,OUTSIDER,0,0,0,,,,,
61,,,MASJID ASIF BHAI MADNI MALAK PUR,FBMCL-00112,Credit Customer,29200,0,0,,MB NO.6871,SB-SL-1060,,,53,2026-03-17T10:38:00,False,,SHARJEEL SAFWAN ABID,800,800,0,,,,,
62,,,NABEEL ILLAHI KOANKH,FBMCL-00098,Booking Delivery,0,0,0,,,SB-SL-1061,,,54,2026-03-17T10:45:00,False,,HAFIZ SHOIB,0,0,0,,,,,
63,,,RANA ZAHID SB JPS,FBMCL-00021,Credit Customer,14750,0,0,,MB NO.6866,SB-SL-1062,,,55,2026-03-17T10:57:00,False,,SHARJEEL SAFWAN ABID,300,300,0,,,,,
64,,,TAHIR ABBAS SB KOANKH,FBMCL-00002,Booking Delivery,0,0,0,,MB NO.6868,SB-SL-1063,,,56,2026-03-17T11:09:00,False,,OUTSIDER,0,0,0,,,,,
65,,,MAJID HUSSAIN SB AJNALA,FBMCL-00050,Booking Delivery,0,0,0,,MB NO.6869,SB-SL-1064,,,57,2026-03-17T11:17:00,False,,HAFIZ SHOIB,800,800,0,,,,,
66,,,MUHAMMAD ASGHAR FAUJI SB JPS,FBMCL-00070,Booking Delivery,0,0,0,,MB NO.6870,SB-SL-1065,,,58,2026-03-17T11:18:00,False,,OUTSIDER,0,0,0,,,,,
67,,,FAZAL ILAHI SB JALPUWAL,FBMCL-00051,Credit Customer,2500,0,0,,MB NO.6737,SB-SL-1066,,,59,2026-03-11T12:17:00,False,,HAJI AHMED,1500,1500,0,,,,,
68,,,FAZAL ILAHI SB JALPUWAL,FBMCL-00051,Booking Delivery,0,0,0,,MB NO.6873,SB-SL-1067,,,60,2026-03-17T12:45:00,False,,SHARJEEL SAFWAN ABID,3750,3750,0,,,,,
69,,,ABDUL AZEEM SB KHAN PUR KHOKHAR,FBMCL-00001,Mixed Transaction,33026,0,0,,MB NO.6876,SB-SL-1068,,,61,2026-03-17T13:19:00,False,,HAFIZ SHOIB,800,800,0,,,,,
70,,,MAZHAR SB RUPOWAL DERA,FBMCL-00009,Credit Customer,37250,0,0,,MB NO.6867,SB-SL-1069,,,62,2026-03-17T13:35:00,False,,ALI HAMZA,1000,1000,0,,,,,
71,,,MUHAMMAD RAFEEQ SB AJNALA,FBMCL-00114,Booking Delivery,0,0,0,,MB NO.6877,SB-SL-1070,,,63,2026-03-17T13:50:00,False,,SHARJEEL SAFWAN ABID,0,0,0,,,,,
72,,,MUHAMMAD ALI SB MULL,FBMCL-00053,Booking Delivery,0,0,0,,MB NO.6878,SB-SL-1071,,,64,2026-03-17T14:03:00,False,,ALI HAMZA,1000,1000,0,,,,,
73,,,TARIQ BUTT SB JPS,FBMCL-00108,Credit Customer,750,0,0,,MB NO.6879,SB-SL-1072,,,65,2026-03-17T14:44:00,False,,OUTSIDER,0,0,0,,,,,
74,,,EHSAN ATTARI SB JPS,FBMCL-00072,Booking Delivery,0,0,0,,MB NO.6882,SB-SL-1073,,,66,2026-03-17T15:15:00,False,,HAFIZ SHOIB,600,600,0,,,,,
75,,,SAJID BAIG MAKKI KOANKH,FBMCL-00065,Mixed Transaction,800,0,0,,MB NO.6884,SB-SL-1074,,,67,2026-03-17T16:03:00,False,,ALI HAMZA,800,800,0,,,,,
76,,,RANA ZAHEER SB JPS,FBMCL-00048,Booking Delivery,0,0,0,,MB NO.6889,SB-SL-1075,,,68,2026-03-18T11:00:23.696303,False,,SHARJEEL SAFWAN ABID,600,600,0,,,,,
77,,,FAZAL ILAHI SB JALPUWAL,FBMCL-00051,Booking Delivery,0,0,0,,MB NO.6891,SB-SL-1076,,,69,2026-03-18T11:29:00,False,,SHARJEEL SAFWAN ABID,3250,3250,0,,,,,
78,,,RANA ZAHID SB JPS,FBMCL-00021,Credit Customer,14750,0,0,,MB NO.6892,SB-SL-1077,,,70,2026-03-18T12:07:00,False,,ZAHID LOADER,300,300,0,,,,,
79,,,NABEEL ILLAHI KOANKH,FBMCL-00098,Booking Delivery,0,0,0,,MB NO.6893,SB-SL-1078,,,71,2026-03-18T12:20:00,False,,OUTSIDER,0,0,0,,,,,
81,,,HAJI JAVED SB JPS,FBMCL-00024,Booking Delivery,0,0,0,,MB NO.6940,SB-SL-1080,,,73,2026-03-24T09:51:00,False,,ZAHID LOADER,0,0,0,,,,,
82,,,MALIK JAVED SB KHAN PUR KHOKHAR,FBMCL-00025,Mixed Transaction,1000,0,0,,MB NO.6948,SB-SL-1081,,,74,2026-03-24T12:00:00,False,,SHARJEEL SAFWAN ABID,1000,1000,0,,,,,
83,,,MUHAMMAD ASGHAR GUJJAR SB JPS,FBMCL-00069,Credit Customer,1430,0,0,,MB NO.6950,SB-SL-1082,,,75,2026-03-24T12:40:00,False,,OUTSIDER,0,0,0,,,,,
84,,,GHULAM SARWAR SB JPS(HAJI JAVED SB),FBMCL-00052,Booking Delivery,0,0,0,,MB NO.6902,SB-SL-1083,,,76,2026-03-19T12:41:00,False,,SHARJEEL SAFWAN ABID,0,0,0,,,,,
85,,,MUHAMMAD ASGHAR FAUJI SB JPS,FBMCL-00070,Booking Delivery,0,0,0,,MB NO.6904,SB-SL-1084,,,77,2026-03-19T12:52:00,False,,OUTSIDER,0,0,0,,,,,
86,,,AMIR JAVED SB GHURAL,FBMCL-00082,Credit Customer,18559.9999999992,26000,260,,MB NO.6906,SB-SL-1085,,,78,2026-03-19T13:02:00,False,,SHARJEEL SAFWAN ABID,799.9999999991999,800,8.001279638847336e-10,,,,,
87,,,RANA ZAHID SB JPS,FBMCL-00021,Credit Customer,14750,0,0,,MB NO.6908,SB-SL-1086,,,79,2026-03-19T13:16:00,False,,SHARJEEL SAFWAN ABID,300,300,0,,,,,
88,,,GHULAM SARWAR SB JPS(HAJI JAVED SB),FBMCL-00052,Booking Delivery,0,0,0,,MB NO.6909,SB-SL-1087,,,80,2026-03-19T13:24:00,False,,OUTSIDER,0,0,0,,,,,
89,,,RANA ZAHID SB JPS,FBMCL-00021,Credit Customer,29500,0,0,,MB NO.6954,SB-SL-1088,,,81,2026-03-24T14:20:00,False,,ZAHID LOADER,600,600,0,,,,,
90,,,FIYAZ BAIG SB KOANKH,FBMCL-00055,Booking Delivery,0,0,0,,MB NO.6911,SB-SL-1089,,,82,2026-03-19T15:45:00,False,,HAFIZ SHOIB,0,0,0,,,,,
91,,,TAHIR ABBAS SB KOANKH,FBMCL-00002,Booking Delivery,0,0,0,,MB NO.6912,SB-SL-1090,,,83,2026-03-19T15:47:00,False,,SHARJEEL SAFWAN ABID,800,800,0,,,,,
92,,,FAISAL SB AJNALA,FBMCL-00088,Booking Delivery,0,0,0,,MB NO.6915,SB-SL-1091,,,84,2026-03-19T15:50:00,False,,HAFIZ SHOIB,400,400,0,,,,,
93,,,AMIR JAVED SB GHURAL,FBMCL-00082,Credit Customer,1450,0,0,,MB NO.6959,SB-SL-1092,,,85,2026-03-25T09:27:00,False,,OUTSIDER,0,0,0,,,,,
94,,,MALIK ANSAR SB KHORI,FBMCL-00016,Credit Customer,30600,0,0,,MB NO.6953,SB-SL-1093,,,86,2026-03-25T09:30:42.813314,False,,SHARJEEL SAFWAN ABID,1800,1800,0,,,,,
95,,,MUZAFFAR SB RUPOWAL,FBMCL-00136,Credit Customer,27980.0000000006,0,0,,MB NO.6968,SB-SL-1094,,,87,2026-03-25T10:15:00,False,,SHARJEEL SAFWAN ABID,1000.0000000006,1000,0,,,,,
96,,,NADEEM SB DHINDA,FBMCL-00044,Credit Customer,14750,0,0,,MB NO.6963,SB-SL-1095,,,88,2026-03-24T10:59:00,False,,SHARJEEL SAFWAN ABID,500,500,0,,,,,
97,,,FIYAZ BAIG SB KOANKH,FBMCL-00055,Booking Delivery,0,0,0,,MB NO.6967,SB-SL-1096,,,89,2026-03-25T11:45:53.904233,False,,ZAHID LOADER,0,0,0,,,,,
98,,,IMRAN SB MALAK PUR,FBMCL-00076,Booking Delivery,0,0,0,,MB NO.6966,SB-SL-1097,,,90,2026-03-25T12:09:41.995903,False,,SHARJEEL SAFWAN ABID,0,0,0,,,,,
99,,,FAZAL ILAHI SB JALPUWAL,FBMCL-00051,Booking Delivery,0,0,0,,MB NO.6971,SB-SL-1098,,,91,2026-03-25T12:48:00,False,,ZAHID LOADER,1000,1000,0,,,,,
100,,,RANA ZAHEER SB JPS,FBMCL-00048,Booking Delivery,0,0,0,,MB NO.6970,SB-SL-1099,,,92,2026-03-25T13:27:00,False,,SHARJEEL SAFWAN ABID,600,600,0,,,,,
101,,,FAROOQ KALAS SB PARSUWAL,FBMCL-00138,Cash,222381.6,222381.6,0,,MB NO.6974,SB-SL-1100,,,,2026-03-25T14:21:00,False,,SHARJEEL SAFWAN ABID,1000,1000,0,,,,,
103,,,MUHAMMAD ARSHAD SB SALOON JPS,FBMCL-00077,Credit Customer,2880,0,0,,MB NO.6979,SB-SL-1102,,,94,2026-03-26T09:35:00,False,,OUTSIDER,0,0,0,,,,,
104,,,FAZAL ILAHI SB JALPUWAL,FBMCL-00051,Credit Customer,1044,0,0,,MB NO.6981,SB-SL-1103,,,95,2026-03-26T09:36:00,False,,OUTSIDER,0,0,0,,,,,
105,,,FAISAL SB AJNALA,FBMCL-00088,Booking Delivery,0,0,0,,MB NO.6982,SB-SL-1104,,,96,2026-03-26T09:52:00,False,,HAFIZ SHOIB,600,600,0,,,,,
106,,,SAJID BAIG MAKKI KOANKH,FBMCL-00065,Mixed Transaction,800,0,0,,MB NO.6983,SB-SL-1105,,,97,2026-03-26T09:55:00,False,,SHARJEEL SAFWAN ABID,800,800,0,,,,,
107,,,ABDUL AZEEM SB KHAN PUR KHOKHAR,FBMCL-00001,Mixed Transaction,800,0,0,,MB NO.6986,SB-SL-1106,,,98,2026-03-26T10:46:00,False,,HAFIZ SHOIB,800,800,0,,,,,
108,,,FIYAZ BAIG SB KOANKH,FBMCL-00055,Booking Delivery,0,0,0,,,SB-SL-1107,,,99,2026-03-26T11:57:00,False,,HAFIZ SHOIB,5680,5680,0,,,,,
109,,,MIRZA IMTIAZ BAIG SB KOANKH (RICKSHAW),FBMCL-00091,Credit Customer,8520,0,0,,MB NO.6989,SB-SL-1108,,,100,2026-03-26T12:54:00,False,,OUTSIDER,0,0,0,,,,,
110,,,RAZA TARIQ SB MALIKPUR,FBMCL-00143,Cash,82667.6,82667.6,0,,MB NO.6992,SB-SL-1109,,,,2026-03-26T14:49:00,False,,SHARJEEL SAFWAN ABID,700,700,0,,,,,
111,,,RANA ZAHID SB JPS,FBMCL-00021,Credit Customer,2890,0,0,,MB NO.6993,SB-SL-1110,,,101,2026-03-26T16:03:00,False,,OUTSIDER,0,0,0,,,,,
112,,,TARIQ BUTT SB JPS,FBMCL-00108,Booking Delivery,0,0,0,,MB NO.7002,SB-SL-1111,,,102,2026-03-28T09:37:00,False,,OUTSIDER,0,0,0,,,,,
113,,,RAJA PARWEZ SB RANGPUR,FBMCL-00111,Booking Delivery,0,0,0,,MB NO.7008,SB-SL-1112,,,103,2026-03-28T10:19:00,False,,OUTSIDER,0,0,0,,,,,
114,,,MUHAMMAD ASGHAR GUJJAR SB JPS,FBMCL-00069,Credit Customer,1430,0,0,,MB NO.7000,SB-SL-1113,,,104,2026-03-28T10:28:00,False,,OUTSIDER,0,0,0,,,,,
115,,,MUHAMMAD ARSHAD SB SALOON JPS,FBMCL-00077,Credit Customer,1440,0,0,,MB NO.7010,SB-SL-1114,,,105,2026-03-27T10:38:00,False,,OUTSIDER,0,0,0,,,,,
116,,,MUHAMMAD RAZAQ SB JPS,FBMCL-00147,Booking Delivery,0,0,0,,MB NO.7003,SB-SL-1115,,,106,2026-03-28T11:36:00,False,,HAFIZ SHOIB,0,0,0,,,,,
117,,,MALIK JAVED SB KHAN PUR KHOKHAR,FBMCL-00025,Mixed Transaction,1000,0,0,,MB NO.7013,SB-SL-1116,,,107,2026-03-28T11:52:00,False,,SHARJEEL SAFWAN ABID,1000,1000,0,,,,,
118,,,TAHIR SB AJNALA,FBMCL-00038,Booking Delivery,0,0,0,,MB NO.7015,SB-SL-1117,,,108,2026-03-28T12:01:00,False,,OUTSIDER,0,0,0,,,,,
119,,,NABEEL ILLAHI KOANKH,FBMCL-00098,Booking Delivery,0,0,0,,MB NO.7021,SB-SL-1118,,,109,2026-03-28T12:05:00,False,,OUTSIDER,0,0,0,,,,,
120,,,SHEHBAZ BAIG SB KOANKH,FBMCL-00006,Booking Delivery,0,0,0,,MB NO.7019,SB-SL-1119,,,110,2026-03-28T12:39:00,False,,SHARJEEL SAFWAN ABID,800,800,0,,,,,
121,,,RAJA IFTIKHAR SB JPS,FBMCL-00123,Booking Delivery,0,0,0,,MB NO.7022,SB-SL-1120,,,111,2026-03-28T13:10:00,False,,SHARJEEL SAFWAN ABID,0,0,0,,,,,
122,,,MUHAMMAD RAZAQ SB JPS,FBMCL-00147,Cash,30330.4,30300,30.4,,MB NO.7024,SB-SL-1121,,,112,2026-03-28T13:49:00,False,,SHARJEEL SAFWAN ABID,0,0,0,,,,,
123,,,MUHAMMAD AFZAL SB DUKANDAR GHURAL,FBMCL-00148,Booking Delivery,0,0,0,,MB NO.7027,SB-SL-1122,,,113,2026-03-28T13:53:00,False,,HAFIZ SHOIB,1000,1000,0,,,,,
124,,,SHEHZAD SB POULTRY FARM JPS,FBMCL-00107,Credit Customer,4080,0,0,,MB NO.7023,SB-SL-1123,,,114,2026-03-28T14:50:00,False,,OUTSIDER,0,0,0,,,,,
125,,,NAEEM SB KHANPUR KHOKHAR,FBMCL-00149,Booking Delivery,0,0,0,,MB NO.7029,SB-SL-1124,,,115,2026-03-28T15:28:00,False,,HAFIZ SHOIB,1000,1000,0,,,,,
126,,,MUHAMMAD AKRAM SB SANTAL SURKHIYAN,FBMCL-00150,Booking Delivery,0,0,0,,MB NO.7031,SB-SL-1125,,,116,2026-03-28T17:12:00,False,,SHARJEEL SAFWAN ABID,0,0,0,,,,,
127,,,MAJID HUSSAIN SB AJNALA,FBMCL-00050,Booking Delivery,0,0,0,,MB NO.7038,SB-SL-1126,,,117,2026-03-29T09:29:00,False,,HAFIZ SHOIB,800,800,0,,,,,
128,,,ABDUL GHAFFAR SB JPS,FBMCL-00140,Booking Delivery,0,0,0,,MB NO.7042,SB-SL-1127,,,118,2026-03-29T10:50:00,False,,ZAHID LOADER,0,0,0,,,,,
129,,,MUHAMMAD RAFEEQ SB AJNALA,FBMCL-00114,Booking Delivery,0,0,0,,MB NO.7044,SB-SL-1128,,,119,2026-03-29T11:10:00,False,,OUTSIDER,0,0,0,,,,,
130,,,AHMED SUBHANI SB AJNALA,FBMCL-00033,Booking Delivery,0,0,0,,MB NO.7032,SB-SL-1129,,,120,2026-03-29T11:20:00,False,,OUTSIDER,0,0,0,,,,,
131,,,FAROOQ KALAS SB PARSUWAL,FBMCL-00138,Booking Delivery,0,0,0,,MB NO.7043,SB-SL-1130,,,121,2026-03-29T11:48:00,False,,OUTSIDER,600,600,0,,,,,
132,,,ABDUL AZEEM SB KHAN PUR KHOKHAR,FBMCL-00001,Mixed Transaction,800,0,0,,MB NO.7036,SB-SL-1131,,,122,2026-03-29T12:08:00,False,,SHARJEEL SAFWAN ABID,800,800,0,,,,,
133,,,JAVED NUMBERDAR SB JPS,FBMCL-00083,Booking Delivery,0,0,0,,MB NO.7040,SB-SL-1132,,,123,2026-03-29T12:29:00,False,,HAFIZ SHOIB,0,0,0,,,,,
134,,,HAFIZ TAUSEEF SB AJNALA,FBMCL-00125,Credit Customer,6060,0,0,,MB NO.7041,SB-SL-1133,,,124,2026-03-29T12:32:00,False,,HAFIZ SHOIB,300,300,0,,,,,
135,,,MUHAMMAD RAZAQ SB JPS,FBMCL-00147,Booking Delivery,0,0,0,,MB NO.7047/2,SB-SL-1134,,,125,2026-03-29T13:14:00,False,,OUTSIDER,0,0,0,,,,,
136,,,FAZAL ILAHI SB JALPUWAL,FBMCL-00051,Booking Delivery,0,0,0,,MB NO.7049,SB-SL-1135,,,126,2026-03-29T13:17:00,False,,HAFIZ SHOIB,1000,1000,0,,,,,
137,,,RAJA ALTAF SB JPS,FBMCL-00153,Mixed Transaction,55.00000000000078,0,0,,MB NO.7037,SB-SL-1136,,,127,2026-03-29T14:15:00,False,,SHARJEEL SAFWAN ABID,0,0,0,,,,,
138,,,RAJA ALTAF SB JPS,FBMCL-00153,Credit Customer,5917.5,0,0.5,,MB NO.7051,SB-SL-1137,,,128,2026-03-29T14:18:00,False,,OUTSIDER,0,0,0,,,,,
139,,,FAROOQ KALAS SB PARSUWAL,FBMCL-00138,Booking Delivery,0,0,0,,MB NO.7056,SB-SL-1138,,,129,2026-03-29T15:39:00,False,,HAFIZ SHOIB,600,600,0,,,,,
140,,,RAJA PARWEZ SB RANGPUR,FBMCL-00111,Credit Customer,43500,0,0,,MB NO.7058,SB-SL-1139,,,130,2026-03-29T16:22:00,False,,SHARJEEL SAFWAN ABID,3000,2000,0,,,,,
141,,,MUHAMMAD SALEEM SB RUPOWAL,FBMCL-00113,Credit Customer,58800,0,0,,MB NO.7069,SB-SL-1140,,,131,2026-03-30T09:36:00,False,,SHARJEEL SAFWAN ABID,2000,2000,0,,,,,
142,,,RAJA ALTAF SB JPS,FBMCL-00153,Credit Customer,5555,0,0,,MB NO.7071,SB-SL-1141,,,132,2026-03-30T10:16:00,False,,OUTSIDER,0,0,0,,,,,
143,,,MALIK MEHMOOD SB PARSUWAL,FBMCL-00151,Booking Delivery,0,0,0,,MB NO.7060,SB-SL-1142,,,133,2026-03-30T10:42:00,False,,JAHANGIR PARSUWAL,0,0,0,,,,,
144,,,TAHIR ABBAS SB KOANKH,FBMCL-00002,Booking Delivery,0,0,0,,MB NO.7064,SB-SL-1143,,,134,2026-03-30T10:44:00,False,,OUTSIDER,0,0,0,,,,,
145,,,MAJEED BUTT SB JPS,FBMCL-00012,Booking Delivery,0,0,0,,MB NO.7065,SB-SL-1144,,,135,2026-03-30T10:47:00,False,,OUTSIDER,0,0,0,,,,,
146,,,REHMAN SB AJNALA(WAJID BROTHER),FBMCL-00130,Booking Delivery,0,0,0,,MB NO.7059,SB-SL-1145,,,136,2026-03-30T11:24:00,False,,HAFIZ SHOIB,685.7145,685.71,0,,,,,
148,,,TAHIR SB AJNALA,FBMCL-00038,Booking Delivery,0,0,0,,MB NO.7079,SB-SL-1147,,,138,2026-03-30T13:25:00,False,,HAFIZ SHOIB,0,0,0,,,,,
149,,,HAFIZ TAUSEEF SB AJNALA,FBMCL-00125,Credit Customer,1440,0,0,,MB NO.7041/2,SB-SL-1148,,,139,2026-03-30T14:26:00,False,,OUTSIDER,0,0,0,,,,,
150,,,EHSAN ATTARI SB JPS,FBMCL-00072,Booking Delivery,0,0,0,,MB NO.7080,SB-SL-1149,,,140,2026-03-30T14:42:00,False,,SHARJEEL SAFWAN ABID,300,300,0,,,,,
151,,,FAROOQ KALAS SB PARSUWAL,FBMCL-00138,Booking Delivery,0,0,0,,MB NO.7082,SB-SL-1150,,,141,2026-03-30T15:40:00,False,,HAJI AHMED,600,600,0,,,,,
152,,,Orphan9,ORPH-00009,Cash,29200,29200,0,,MB NO.7076,SB-SL-1151,,,,2026-03-30T15:53:00,False,"[MIGRATION] Orphan record. Original client: ""QAMAR SB TIBBA"".",HAFIZ SHOIB,800,800,0,,,,,
153,,,EHSAN SB CHAUHAN,FBMCL-00035,Booking Delivery,0,0,0,,MB NO.7087,SB-SL-1152,,,142,2026-03-31T08:59:00,False,,SHARJEEL SAFWAN ABID,0,0,0,,,,,
154,,,EHSAN SB CHAUHAN,FBMCL-00035,Booking Delivery,0,0,0,,MB NO.6939,SB-SL-1153,,,143,2026-03-24T09:24:00,False,,OUTSIDER,0,0,0,,,,,
155,,,ABDUL SATTAR SB DHINDA FARM,FBMCL-00146,Booking Delivery,0,0,0,,MB NO.7088,SB-SL-1154,,,144,2026-03-31T09:32:00,False,,HAFIZ SHOIB,1600,1600,0,,,,,
156,,,MUHAMMAD BASHEER SB CONT KOANKH,FBMCL-00067,Booking Delivery,0,0,0,,MB NO.7089,SB-SL-1155,,,145,2026-03-31T09:34:00,False,,ZAHID LOADER,800,800,0,,,,,
157,,,BILAL SB KOANKH (QARI EJAZ SB),FBMCL-00010,Booking Delivery,0,0,0,,MB NO.7093,SB-SL-1156,,,146,2026-03-31T09:45:00,False,,10 WHEELER,0,0,0,,,,,
158,,,MAJID HUSSAIN SB AJNALA,FBMCL-00050,Credit Customer,3000,0,0,,MB NO.7094,SB-SL-1157,,,147,2026-03-31T10:05:00,False,,SHARJEEL SAFWAN ABID,500,500,0,,,,,
159,,,ASHRAF SB AJNALA(SALEEM CONT),FBMCL-00017,Booking Delivery,0,0,0,,MB NO.7092,SB-SL-1158,,,148,2026-03-31T10:08:00,False,,SHARJEEL SAFWAN ABID,800,800,0,,,,,
160,,,RANA ZAHID SB JPS,FBMCL-00021,Credit Customer,14500,0,0,,MB NO.7091,SB-SL-1159,,,149,2026-03-31T10:15:00,False,,ZAHID LOADER,300,300,0,,,,,
161,,,RANA ZAHEER SB JPS,FBMCL-00048,Booking Delivery,0,0,0,,MB NO.7085/2,SB-SL-1160,,,150,2026-03-31T10:38:00,False,,SHARJEEL SAFWAN ABID,600,600,0,,,,,
162,,,JAMEEL SB JAGWAN,FBMCL-00158,Credit Customer,555707.6,0,0.6,,MB NO.7096,SB-SL-1161,,,151,2026-03-31T11:20:00,False,,OUTSIDER,0,0,0,,,,,
163,,,Orphan2,ORPH-00002,Cash,2900,2900,0,,,SB-SL-1162,,,,2026-03-31T11:40:00,False,"[MIGRATION] Orphan record. Original client: ""CASH SALE"".",OUTSIDER,0,0,0,,,,,
164,,,GHULAM SARWAR SB JPS(HAJI JAVED SB),FBMCL-00052,Mixed Transaction,300,0,0,,MB NO.7097,SB-SL-1163,,,152,2026-03-31T12:16:00,False,,HAFIZ SHOIB,300,300,0,,,,,
165,,,ABDUL SATTAR SB DHINDA FARM,FBMCL-00146,Booking Delivery,0,0,0,,MB NO.7099,SB-SL-1164,,,153,2026-03-31T12:34:00,False,,SHARJEEL SAFWAN ABID,1200,1200,0,,,,,
166,,,MUHAMMAD ALI SB MULL,FBMCL-00053,Credit Customer,600,0,0,,MB NO.7102/2,SB-SL-1165,,,154,2026-03-31T13:54:00,False,,OUTSIDER,600,0,0,,,,,
167,,,IMRAN SB KHATANA,FBMCL-00109,Booking Delivery,0,0,0,,MB NO.7103/2,SB-SL-1166,,,155,2026-03-31T14:05:00,False,,HAFIZ SHOIB,1250,1250,0,,,,,
168,,,Orphan2,ORPH-00002,Cash,2900,2900,0,,,SB-SL-1167,,,,2026-03-31T15:18:00,False,"[MIGRATION] Orphan record. Original client: ""CASH SALE"".",OUTSIDER,0,0,0,,,,,
169,,,Orphan23,ORPH-00023,Cash,25562,25500,62,,MB NO.7104,SB-SL-1168,,,,2026-03-31T15:28:00,False,"[MIGRATION] Orphan record. Original client: ""ZAMAN SB MALIKPUR"".",OUTSIDER,0,0,0,,,,,
170,,,Orphan2,ORPH-00002,Cash,5800,5800,0,,,SB-SL-1169,,,,2026-03-31T15:46:00,False,"[MIGRATION] Orphan record. Original client: ""CASH SALE"".",OUTSIDER,0,0,0,,,,,
171,,,Orphan28,ORPH-00028,Cash,929,929,0,,MB NO.7106,SB-SL-1170,,,,2026-03-31T16:11:00,False,"[MIGRATION] Orphan record. Original client: ""GHAZANFAR DOYIAN"".",OUTSIDER,0,0,0,,,,,
172,,,RANA ZAHID SB JPS,FBMCL-00021,Credit Customer,14500,0,0,,MB NO.7111,SB-SL-1171,,,156,2026-03-31T10:55:00,False,,SHARJEEL SAFWAN ABID,300,300,0,,,,,
173,,,RAJA AMEER HAMZA SB JPS,FBMCL-00103,Cash,1537,1530,7,,MB NO.7107,SB-SL-1172,,,,2026-04-01T12:47:00,False,,OUTSIDER,0,0,0,,,,,
174,,,Orphan29,ORPH-00029,Cash,162426,162000,426,,MB NO.7112,SB-SL-1173,,,,2026-04-01T12:52:00,False,"[MIGRATION] Orphan record. Original client: ""MIRZA SAIF SB KAONKH"".",OUTSIDER,0,0,0,,,,,
175,,,ABDUL AZEEM SB KHAN PUR KHOKHAR,FBMCL-00001,Mixed Transaction,1200,0,0,,MB NO.7132,SB-SL-1174,,,157,2026-04-01T13:14:00,False,,HAFIZ SHOIB,1200,1200,0,,,,,
176,,,MIRZA AMJAD JAVED SB AJNALA SITE,FBMCL-00028,Credit Customer,37250,0,0,,MB NO.7114,SB-SL-1175,,,158,2026-03-31T13:54:00,False,,HAJI AHMED,1250,1250,0,,,,,
177,,,TAHIR SB AJNALA,FBMCL-00038,Booking Delivery,0,0,0,,MB NO.7137,SB-SL-1176,,,159,2026-04-01T14:30:00,False,,SHARJEEL SAFWAN ABID,0,0,0,,,,,
178,,,TARIQ BUTT SB JPS,FBMCL-00108,Booking Delivery,0,0,0,,MB NO.7115,SB-SL-1177,,,160,2026-04-01T14:43:00,False,,OUTSIDER,0,0,0,,,,,
179,,,Orphan10,ORPH-00010,Cash,24219,24200,19,,MB NO.7116,SB-SL-1178,,,,2026-04-01T14:44:00,False,"[MIGRATION] Orphan record. Original client: ""AMANAT SB JPS"".",OUTSIDER,0,0,0,,,,,
180,,,Orphan14,ORPH-00014,Cash,23909.5,23900,9.5,,MB NO.7138,SB-SL-1179,,,,2026-04-01T14:46:00,False,"[MIGRATION] Orphan record. Original client: ""ADREES SB RANGPUR"".",HAFIZ SHOIB,600,600,0,,,,,
181,,,Orphan30,ORPH-00030,Cash,87600,87600,0,,MB NO.7119,SB-SL-1180,,,,2026-04-01T15:30:00,False,"[MIGRATION] Orphan record. Original client: ""CASH SALE DOYIAN"".",HAFIZ SHOIB,3600,3600,0,,,,,
182,,,AHMED SB DHINDA,FBMCL-00137,Credit Customer,15000,0,0,,MB NO.7120,SB-SL-1181,,,161,2026-04-01T15:34:00,False,,HAJI AHMED,500,500,0,,,,,
183,,,GHULAM SARWAR SB JPS(HAJI JAVED SB),FBMCL-00052,Booking Delivery,0,0,0,,MB NO.7006,SB-SL-1182,,,162,2026-03-28T15:35:00,False,,OUTSIDER,0,0,0,,,,,
184,,,NADEEM SB DHINDA,FBMCL-00044,Credit Customer,2900,0,0,,MB NO.7121,SB-SL-1183,,,163,2026-04-01T16:06:00,False,,HAJI AHMED,0,0,0,,,,,
185,,,SAJID BAIG MAKKI KOANKH,FBMCL-00065,Mixed Transaction,6040.2,0,0,,MB NO.7123,SB-SL-1184,,,164,2026-04-01T16:14:00,False,,ZAHID LOADER,800,800,0,,,,,
186,,,SUBEDAR MUHAMMAD ARSHAD SB KHANPUR KHOKHAR,FBMCL-00066,Booking Delivery,0,0,0,,MB NO.6819,SB-SL-1185,,,165,2026-03-15T10:33:00,False,,SHARJEEL SAFWAN ABID,1500,1500,0,,,,,
187,,,SUBEDAR MUHAMMAD ARSHAD SB KHANPUR KHOKHAR,FBMCL-00066,Credit Customer,26582.5,0,0.5,,MB NO.7144,SB-SL-1186,,,166,2026-04-01T09:55:00,False,,HAJI AHMED,1000,1000,0,,,,,
188,,,BASHEER SHAH SB GHURAIRA( KAKU SHAH),FBMCL-00135,Booking Delivery,0,0,0,,MB NO.7150,SB-SL-1187,,,167,2026-04-02T10:18:00,False,,HAFIZ SHOIB,0,0,0,,,,,
189,,,RANA ZAHEER SB JPS,FBMCL-00048,Booking Delivery,0,0,0,,MB NO.7151,SB-SL-1188,,,168,2026-04-02T10:20:00,False,,SHARJEEL SAFWAN ABID,600,600,0,,,,,
190,,,FAZAL ILAHI SB JALPUWAL,FBMCL-00051,Booking Delivery,0,0,0,,MB NO.7152,SB-SL-1189,,,169,2026-04-02T10:24:00,False,,JAHANGIR PARSUWAL,1000,1000,0,,,,,
191,,,Orphan31,ORPH-00031,Cash,12600,12600,0,,MB NO.7148,SB-SL-1190,,,,2026-04-02T10:28:00,False,"[MIGRATION] Orphan record. Original client: ""RAJA ADEEL BHUCH"".",HAJI AHMED,1000,1000,0,,,,,
192,,,Orphan32,ORPH-00032,Cash,5176.5,5000,176.5,,MB NO.7145,SB-SL-1191,,,,2026-04-01T11:06:00,False,"[MIGRATION] Orphan record. Original client: ""YOUSUF RANGPUR"".",OUTSIDER,0,0,0,,,,,
193,,,Orphan69,ORPH-00069,Cash,1800,1800,0,,MB NO.7155,SB-SL-1192,,,,2026-04-02T11:12:00,False,"[MIGRATION] Orphan record. Original client: ""ARSHAD MARRIAGE HALL JPS"".",OUTSIDER,0,0,0,,,,,
194,,,NABEEL ILLAHI KOANKH,FBMCL-00098,Booking Delivery,0,0,0,,MB NO.7156,SB-SL-1193,,,170,2026-04-02T11:26:00,False,,OUTSIDER,0,0,0,,,,,
195,,,Orphan18,ORPH-00018,Cash,24652,24650,2,,MB NO.7136,SB-SL-1194,,,,2026-04-01T11:31:00,False,"[MIGRATION] Orphan record. Original client: ""ADEEL SB GHURAIRA"".",OUTSIDER,0,0,0,,,,,
196,,,MUHAMMAD ASGHAR SB DEDHAR SHARIF,FBMCL-00159,Booking Delivery,0,0,0,,MB NO.7133,SB-SL-1195,,,171,2026-04-01T11:36:00,False,,OUTSIDER,0,0,0,,,,,
197,,,Orphan33,ORPH-00033,Cash,2601,2600,1,,MB NO.7130,SB-SL-1196,,,,2026-04-01T11:41:00,False,"[MIGRATION] Orphan record. Original client: ""AMEER HAMZA SB PARSUWAL"".",OUTSIDER,0,0,0,,,,,
198,,,Orphan70,ORPH-00070,Cash,2730,2730,0,,MB NO.7127,SB-SL-1197,,,,2026-04-01T12:32:00,False,"[MIGRATION] Orphan record. Original client: ""SHAKIR ABBAS DOYIAN"".",OUTSIDER,0,0,0,,,,,
199,,,MAJEED BUTT SB JPS,FBMCL-00012,Booking Delivery,0,0,0,,MB NO.7125,SB-SL-1198,,,172,2026-04-01T12:35:00,False,,OUTSIDER,0,0,0,,,,,
200,,,Orphan71,ORPH-00071,Cash,2100,2100,0,,MB NO.7159,SB-SL-1199,,,,2026-04-02T12:56:00,False,"[MIGRATION] Orphan record. Original client: ""MOHSIN SB KOANKH"".",OUTSIDER,0,0,0,,,,,
201,,,NABEEL ILLAHI KOANKH,FBMCL-00098,Booking Delivery,0,0,0,,MB NO.6160,SB-SL-1200,,,173,2026-04-02T14:45:00,False,,OUTSIDER,0,0,0,,,,,
202,,,Orphan72,ORPH-00072,Cash,2900,2900,0,,MB NO.7162,SB-SL-1201,,,,2026-04-02T14:48:00,False,"[MIGRATION] Orphan record. Original client: ""NASAR SB AJNALA"".",OUTSIDER,0,0,0,,,,,
203,,,ABDUL GHAFFAR SB JPS,FBMCL-00140,Booking Delivery,0,0,0,,MB NO.7163,SB-SL-1202,,,174,2026-04-02T15:18:00,False,,ZAHID LOADER,0,0,0,,,,,
204,,,MUHAMMAD AFZAL SB DUKANDAR GHURAL,FBMCL-00148,Booking Delivery,0,0,0,,MB NO.7165,SB-SL-1203,,,175,2026-04-02T15:46:00,False,,HAFIZ SHOIB,1000,1000,0,,,,,
205,,,TAHIR SB AJNALA,FBMCL-00038,Booking Delivery,0,0,0,,MB NO.7166,SB-SL-1204,,,176,2026-04-02T15:53:00,False,,HAJI AHMED,0,0,0,,,,,
206,,,MEHBOOB ALAM SB KOANKH,FBMCL-00046,Booking Delivery,0,0,0,,MB NO.7170,SB-SL-1205,,,177,2026-04-03T09:26:00,False,,OUTSIDER,0,0,0,,,,,
207,,,Orphan34,ORPH-00034,Cash,3009,3000,9,,MB NO.7171,SB-SL-1206,,,,2026-04-03T09:40:00,False,"[MIGRATION] Orphan record. Original client: ""ALI RAZA SB KOANKH"".",OUTSIDER,0,0,0,,,,,
208,,,SIR JABIR SB JPS,FBMCL-00142,Cash,1750,1750,0,,MB NO.7174,SB-SL-1207,,,,2026-04-03T14:35:00,False,,OUTSIDER,0,0,0,,,,,
209,,,Orphan2,ORPH-00002,Cash,3500,3500,0,,,SB-SL-1208,,,,2026-04-03T16:10:00,False,"[MIGRATION] Orphan record. Original client: ""CASH SALE"".",OUTSIDER,0,0,0,,,,,
210,,,MALIK USMAN SB JPS,FBMCL-00133,Booking Delivery,0,0,0,,MB NO.7181,SB-SL-1209,,,178,2026-04-04T09:37:00,False,,JAHANGIR PARSUWAL,600,600,0,,,,,
211,,,RAJA AMEER HAMZA SB JPS,FBMCL-00103,Mixed Transaction,700,0,0,,MB NO.7197/2,SB-SL-1210,,,179,2026-04-04T09:38:00,False,,HAFIZ SHOIB,700,0,0,,,,,
212,,,SUBEDAR RIAZ SB JPS (HAJI ASHFAQ SB JPS),FBMCL-00141,Booking Delivery,0,0,0,,MB NO.7185,SB-SL-1211,,,180,2026-04-04T09:40:00,False,,OUTSIDER,0,0,0,,,,,
213,,,JAVED NUMBERDAR SB JPS,FBMCL-00083,Booking Delivery,0,0,0,,MB NO.7189,SB-SL-1212,,,181,2026-04-04T09:43:00,False,,OUTSIDER,0,0,0,,,,,
214,,,SUBEDAR RIAZ SB JPS (HAJI ASHFAQ SB JPS),FBMCL-00141,Booking Delivery,0,0,0,,MB NO.7190,SB-SL-1213,,,182,2026-04-04T09:47:00,False,,OUTSIDER,0,0,0,,,,,
215,,,REHMAN SB AJNALA(WAJID BROTHER),FBMCL-00130,Booking Delivery,0,0,0,,MB NO.7191,SB-SL-1214,,,183,2026-04-04T09:53:00,False,,JAHANGIR PARSUWAL,914.2860000000001,914.29,0.003999999999905413,,,,,
216,,,FAROOQ KALAS SB PARSUWAL,FBMCL-00138,Booking Delivery,0,0,0,,MB NO.7192,SB-SL-1215,,,184,2026-04-04T10:01:00,False,,HAJI AHMED,600,600,0,,,,,
217,,,Orphan2,ORPH-00002,Cash,820,820,0,,MB NO.7193,SB-SL-1216,,,,2026-04-04T10:21:00,False,"[MIGRATION] Orphan record. Original client: ""CASH SALE"".",OUTSIDER,0,0,0,,,,,
218,,,NAUMAN RIHANIA SB JPS,FBMCL-00116,Cash,7250,7250,0,,MB NO.7126,SB-SL-1217,,,,2026-04-04T10:57:00,False,,OUTSIDER,0,0,0,,,,,
219,,,Orphan11,ORPH-00011,Cash,9620,9620,0,,MB NO.7199,SB-SL-1218,,,,2026-04-04T13:23:00,False,"[MIGRATION] Orphan record. Original client: ""BILAL SB KOANKH"".",HAFIZ SHOIB,500,0,0,,,,,
220,,,MUHAMMAD SALEEM SB RUPOWAL,FBMCL-00113,Credit Customer,32000,0,0,,MB NO.7200,SB-SL-1219,,,185,2026-04-04T14:50:00,False,,SHARJEEL SAFWAN ABID,1200,1200,0,,,,,
221,,,JAMEEL SB JAGWAN,FBMCL-00158,Credit Customer,77757.7,0,0.7,,MB NO.7201,SB-SL-1220,,,186,2026-04-04T15:07:00,False,,OUTSIDER,0,0,0,,,,,
222,,,MUHAMMAD SHABEER SB CONT TIBBA AJNALA,FBMCL-00169,Booking Delivery,0,0,0,,MB NO.7219,SB-SL-1221,,,187,2026-04-05T12:14:00,False,,HAFIZ SHOIB,1500,1500,0,,,,,
223,,,MUHAMMAD RAZAQ SB JPS,FBMCL-00147,Booking Delivery,0,0,0,,MB NO.7210,SB-SL-1222,,,188,2026-04-05T12:28:00,False,,HAJI AHMED,0,0,0,,,,,
224,,,MEHBOOB ALAM SB KOANKH,FBMCL-00046,Booking Delivery,0,0,0,,MB NO.7208,SB-SL-1223,,,189,2026-04-05T12:32:00,False,,HAFIZ SHOIB,0,0,0,,,,,
225,,,RANA ZAHEER SB JPS,FBMCL-00048,Mixed Transaction,1520,0,0,,MB NO.7206,SB-SL-1224,,,190,2026-04-05T13:05:00,False,,HAJI AHMED,300,300,0,,,,,
226,,,TAHIR SB AJNALA,FBMCL-00038,Booking Delivery,0,0,0,,MB NO.7212,SB-SL-1225,,,191,2026-04-05T13:11:00,False,,HAJI AHMED,0,0,0,,,,,
227,,,SHEHBAZ BAIG SB KOANKH,FBMCL-00006,Booking Delivery,0,0,0,,MB NO.7221,SB-SL-1226,,,192,2026-04-05T13:22:00,False,,HAFIZ SHOIB,800,800,0,,,,,
228,,,ASHRAF SB AJNALA(SALEEM CONT),FBMCL-00017,Credit Customer,5500,0,0,,MB NO.7222,SB-SL-1227,,,193,2026-04-05T13:37:00,False,,ZAIN ALI,1000,1000,0,,,,,
229,,,RANA ZAHID SB JPS,FBMCL-00021,Credit Customer,1520,0,0,,MB NO.7240,SB-SL-1228,,,194,2026-04-06T09:25:00,False,,OUTSIDER,0,0,0,,,,,
230,,,NAEEM SB KHANPUR KHOKHAR,FBMCL-00149,Booking Delivery,0,0,0,,MB NO.7241,SB-SL-1229,,,195,2026-04-06T09:32:00,False,,HAFIZ SHOIB,3000,3000,0,,,,,
231,,,MEHBOOB ALAM SB KOANKH,FBMCL-00046,Mixed Transaction,1260,0,0,,MB NO.7234,SB-SL-1230,,,196,2026-04-06T12:09:00,False,,HAFIZ SHOIB,0,0,0,,,,,
232,,,Orphan35,ORPH-00035,Cash,51999,51999,0,,MB NO.7233,SB-SL-1231,,,,2026-04-06T12:12:00,False,"[MIGRATION] Orphan record. Original client: ""SAIF ALI SB JPS"".",OUTSIDER,0,0,0,,,,,
233,,,RANA ZAHEER ABBAS SB KHAN COLONY JPS,FBMCL-00170,Booking Delivery,0,0,0,,MB NO.7235,SB-SL-1232,,,197,2026-04-06T12:15:00,False,,OUTSIDER,0,0,0,,,,,
234,,,MUHAMMAD ALI SB MULL,FBMCL-00053,Booking Delivery,0,0,0,,MB NO.7236,SB-SL-1233,,,198,2026-04-06T12:18:00,False,,JAHANGIR PARSUWAL,1200,1200,0,,,,,
235,,,JAVED NUMBERDAR SB JPS,FBMCL-00083,Booking Delivery,0,0,0,,MB NO.7243,SB-SL-1234,,,199,2026-04-06T12:20:00,False,,OUTSIDER,0,0,0,,,,,
236,,,Orphan36,ORPH-00036,Cash,7436,7400,36,,MB NO.7245,SB-SL-1235,,,,2026-04-06T12:28:00,False,"[MIGRATION] Orphan record. Original client: ""PARWEZ SB BHUCH"".",OUTSIDER,0,0,0,,,,,
237,,,FAROOQ KALAS SB PARSUWAL,FBMCL-00138,Mixed Transaction,11480,0,0,,MB NO.7246,SB-SL-1236,,,200,2026-04-06T12:31:00,False,,HAJI AHMED,600,600,0,,,,,
238,,,Orphan73,ORPH-00073,Cash,30400,30400,0,,MB NO.7247,SB-SL-1237,,,,2026-04-06T12:35:00,False,"[MIGRATION] Orphan record. Original client: ""JAVED SB WELDING JPS"".",OUTSIDER,0,0,0,,,,,
239,,,Orphan74,ORPH-00074,Cash,7650,7650,0,,MB NO.7248,SB-SL-1238,,,,2026-04-06T12:42:00,False,"[MIGRATION] Orphan record. Original client: ""CH SHOAIB SB AJNALA"".",OUTSIDER,0,0,0,,,,,
240,,,MUHAMMAD RAFEEQ SB AJNALA,FBMCL-00114,Booking Delivery,0,0,0,,MB NO.7252,SB-SL-1239,,,201,2026-04-06T12:44:00,False,,OUTSIDER,0,0,0,,,,,
241,,,MEHBOOB ALAM SB KOANKH,FBMCL-00046,Mixed Transaction,29870.4,0,0.4,,MB NO.7256,SB-SL-1240,,,202,2026-04-06T12:47:00,False,,HAFIZ SHOIB,4000,4000,0,,,,,
242,,,FIYAZ BAIG SB KOANKH,FBMCL-00055,Booking Delivery,0,0,0,,MB NO.7257,SB-SL-1241,,,203,2026-04-06T12:53:00,False,,HAFIZ SHOIB,800,800,0,,,,,
243,,,FAZAL ILAHI SB JALPUWAL,FBMCL-00051,Booking Delivery,0,0,0,,MB NO.7258,SB-SL-1242,,,204,2026-04-06T12:58:00,False,,SHARJEEL SAFWAN ABID,1000,1000,0,,,,,
244,,,TAHIR ABBAS SB KOANKH,FBMCL-00002,Booking Delivery,0,0,0,,MB NO.7261,SB-SL-1243,,,205,2026-04-06T13:16:00,False,,OUTSIDER,0,0,0,,,,,
245,,,Orphan37,ORPH-00037,Cash,32250,32250,0,,MB NO.7251,SB-SL-1244,,,,2026-04-06T13:25:00,False,"[MIGRATION] Orphan record. Original client: ""RUPOWAL BABA ZAFFAR"".",JAHANGIR PARSUWAL,1250,1250,0,,,,,
246,,,RANA ZAHID SB JPS,FBMCL-00021,Credit Customer,1520,0,0,,MB NO.7240/2,SB-SL-1245,,,206,2026-04-06T13:31:00,False,,OUTSIDER,0,0,0,,,,,
247,,,REHMAN SB AJNALA(WAJID BROTHER),FBMCL-00130,Booking Delivery,0,0,0,,MB NO.7230,SB-SL-1246,,,207,2026-04-05T13:47:00,False,,ZAIN ALI,685.7145,685.71,0,,,,,
248,,,FAKHAR SHAH SB AJNALA,FBMCL-00171,Credit Customer,40350,0,0,,MB NO.7262,SB-SL-1247,,,208,2026-04-06T14:17:00,False,,HAFIZ SHOIB,1350,1350,0,,,,,
249,,,NAWAZ SB DHINDA (RIZWAN CONT),FBMCL-00126,Credit Customer,31600,0,0,,MB NO.7264,SB-SL-1248,,,209,2026-04-06T14:24:00,False,,JAHANGIR PARSUWAL,1000,1000,0,,,,,
250,,,Orphan75,ORPH-00075,Cash,2272,2272,0,,MB NO.7263,SB-SL-1249,,,,2026-04-06T14:42:00,False,"[MIGRATION] Orphan record. Original client: ""QASIM SB JPS"".",OUTSIDER,0,0,0,,,,,
251,,,NAEEM SB KHANPUR KHOKHAR,FBMCL-00149,Booking Delivery,0,0,0,,MB NO.7265,SB-SL-1250,,,210,2026-04-06T14:55:00,False,,SHARJEEL SAFWAN ABID,1000,1000,0,,,,,
252,,,TARIQ BUTT SB JPS,FBMCL-00108,Booking Delivery,0,0,0,,MB NO.7270,SB-SL-1251,,,211,2026-04-06T16:32:00,False,,OUTSIDER,0,0,0,,,,,
253,,,MUHAMMAD ASGHAR SB DEDHAR SHARIF,FBMCL-00159,Cash,9300,9300,0,,MB NO.7273,SB-SL-1252,,,,2026-04-06T17:17:00,False,,OUTSIDER,0,0,0,,,,,
254,,,RAJA PARWEZ SB RANGPUR,FBMCL-00111,Booking Delivery,0,0,0,,MB NO.7275,SB-SL-1253,,,212,2026-04-06T09:35:00,False,,HAFIZ SHOIB,0,0,0,,,,,
255,,,Orphan9,ORPH-00009,Cash,31400,31400,0,,MB NO.7277,SB-SL-1254,,,,2026-04-06T09:37:00,False,"[MIGRATION] Orphan record. Original client: ""QAMAR SB TIBBA"".",JAHANGIR PARSUWAL,800,800,0,,,,,
256,,,RANA ZAHEER SB JPS,FBMCL-00048,Credit Customer,31700,0,0,,MB NO.7279,SB-SL-1255,,,213,2026-04-07T10:02:00,False,,HAJI AHMED,700,700,0,,,,,
257,,,FAISAL SB AJNALA,FBMCL-00088,Booking Delivery,0,0,0,,MB NO.7281,SB-SL-1256,,,214,2026-04-07T10:10:00,False,,OUTSIDER,0,0,0,,,,,
258,,,ANSAR SB DOIYAN,FBMCL-00155,Mixed Transaction,6233.200000000044,0,0.2,,MB NO.7161,SB-SL-1257,,,215,2026-04-07T10:49:32.479820,False,,HAFIZ SHOIB,6000,6000,0,,,,,
259,,,MUHAMMAD RAZAQ SB JPS,FBMCL-00147,Mixed Transaction,2785.599999999997,0,0.6,,MB NO.7283,SB-SL-1258,,,216,2026-04-07T11:01:00,False,,SHARJEEL SAFWAN ABID,1000,500,0,,,,,
260,,,BILAL SB KOANKH (QARI EJAZ SB),FBMCL-00010,Booking Delivery,0,0,0,,MB NO.7290,SB-SL-1259,,,217,2026-04-07T12:25:00,False,,HAFIZ SHOIB,0,0,0,,,,,
261,,,MAZHAR SB RUPOWAL DERA,FBMCL-00009,Credit Customer,50786.8,0,0.8,,MB NO.6996,SB-SL-1260,,,218,2026-03-26T13:43:00,False,,SHARJEEL SAFWAN ABID,1000,1000,0,,,,,
262,,,FAZAL ILAHI SB JALPUWAL,FBMCL-00051,Cash,9400,9400,0,,MB NO.7286,SB-SL-1261,,,,2026-04-07T14:44:00,False,,SHARJEEL SAFWAN ABID,1000,1000,0,,,,,
263,,,RANA ZAHEER ABBAS SB KHAN COLONY JPS,FBMCL-00170,Booking Delivery,0,0,0,,MB NO.7292,SB-SL-1262,,,219,2026-04-07T14:50:00,False,,OUTSIDER,0,0,0,,,,,
264,,,MAZHAR SB RUPOWAL DERA,FBMCL-00009,Credit Customer,35650,0,0,,MB NO.7297,SB-SL-1263,,,220,2026-04-08T10:15:00,False,,HAJI AHMED,1250,1250,0,,,,,
265,,,FAISAL SB AJNALA,FBMCL-00088,Booking Delivery,0,0,0,,MB NO.7298,SB-SL-1264,,,221,2026-04-08T10:19:00,False,,OUTSIDER,0,0,0,,,,,
266,,,MUHAMMAD SALEEM SB RUPOWAL,FBMCL-00113,Credit Customer,64400,0,0,,MB NO.7299,SB-SL-1265,,,222,2026-04-08T10:27:00,False,,HAFIZ SHOIB,2400,2400,0,,,,,
267,,,ASHRAF SB AJNALA(SALEEM CONT),FBMCL-00017,Booking Delivery,0,0,0,,MB NO.7300,SB-SL-1266,,,223,2026-04-08T10:32:00,False,,ZAIN ALI,400,400,0,,,,,
268,,,RAJA AMEER HAMZA SB JPS,FBMCL-00103,Mixed Transaction,30968.5,0,0,,MB NO.7295,SB-SL-1267,,,224,2026-04-08T10:36:00,False,,HAFIZ SHOIB,0,0,0,,,,,
269,,,TAHIR ABBAS SB KOANKH,FBMCL-00002,Credit Customer,2940,0,0,,MB NO.7301,SB-SL-1268,,,225,2026-04-08T10:44:00,False,,OUTSIDER,0,0,0,,,,,
270,,,EJAZ SB DUKANDAR JALPUWAL,FBMCL-00161,Cash,1080,1080,0,,MB NO.7303,SB-SL-1269,,,,2026-04-08T11:21:00,False,,OUTSIDER,0,0,0,,,,,
271,,,MAJEED BUTT SB JPS,FBMCL-00012,Cash,1550,1550,0,,MB NO.7304,SB-SL-1270,,,,2026-04-08T11:23:00,False,,OUTSIDER,0,0,0,,,,,
272,,,Orphan2,ORPH-00002,Cash,1520,1520,0,,,SB-SL-1271,,,,2026-04-08T11:28:00,False,"[MIGRATION] Orphan record. Original client: ""CASH SALE"".",OUTSIDER,0,0,0,,,,,
273,,,BASHEER SHAH SB GHURAIRA( KAKU SHAH),FBMCL-00135,Mixed Transaction,2287.599999999999,0,0.6,,MB NO.7308,SB-SL-1272,,,226,2026-04-08T13:24:00,False,,HAJI AHMED,0,0,0,,,,,
274,,,MUHAMMAD AFZAL SB DUKANDAR GHURAL,FBMCL-00148,Booking Delivery,0,0,0,,MB NO.7312,SB-SL-1273,,,227,2026-04-08T14:25:00,False,,SHARJEEL SAFWAN ABID,1000,1000,0,,,,,
275,,,MEHBOOB ALAM SB KOANKH,FBMCL-00046,Booking Delivery,0,0,0,,MB NO.7313,SB-SL-1274,,,228,2026-04-08T15:00:00,False,,HAFIZ SHOIB,0,0,0,,,,,
276,,,NABEEL ILLAHI KOANKH,FBMCL-00098,Booking Delivery,0,0,0,,MB NO.7314,SB-SL-1275,,,229,2026-04-08T15:47:00,False,,OUTSIDER,0,0,0,,,,,
277,,,TAHIR ABBAS SB KOANKH,FBMCL-00002,Booking Delivery,0,0,0,,MB NO.7320,SB-SL-1276,,,230,2026-04-09T09:58:00,False,,HAFIZ SHOIB,4470,4470,0,,,,,
278,,,MALIK MUHAMMAD ASHRAF SB JPS,FBMCL-00160,Booking Delivery,0,0,0,,MB NO.7321,SB-SL-1277,,,231,2026-04-09T10:03:00,False,,HAJI AHMED,0,0,0,,,,,
279,,,MALIK MUHAMMAD ASHRAF SB JPS,FBMCL-00160,Booking Delivery,0,0,0,,MB NO.7213,SB-SL-1278,,,232,2026-04-05T10:04:00,False,,HAJI AHMED,0,0,0,,,,,
280,,,ASIF SB KOANKH,FBMCL-00267,Cash,7600,7600,0,,MB NO.7323,SB-SL-1279,,,,2026-04-08T10:06:00,False,,HAFIZ SHOIB,0,0,0,,,,,
281,,,RANA ZAHEER ABBAS SB KHAN COLONY JPS,FBMCL-00170,Booking Delivery,0,0,0,,MB NO.7324,SB-SL-1280,,,233,2026-04-08T10:15:00,False,,OUTSIDER,0,0,0,,,,,
282,,,RAZA ULLAH SB MALAK PUR,FBMCL-00029,Booking Delivery,0,0,0,,MB NO.7325,SB-SL-1281,,,234,2026-04-08T10:28:00,False,,OUTSIDER,0,0,0,,,,,
283,,,MALIK USMAN SB JPS,FBMCL-00133,Booking Delivery,0,0,0,,MB NO.7327,SB-SL-1282,,,235,2026-04-09T10:42:00,False,,HAJI AHMED,300,300,0,,,,,
284,,,MALIK ADNAN,FBMCL-00023,Booking Delivery,0,0,0,,MB NO.7328,SB-SL-1283,,,236,2026-04-09T10:45:00,False,,JAHANGIR PARSUWAL,600,600,0,,,,,
285,,,MUHAMMAD SHABEER SB CONT TIBBA AJNALA,FBMCL-00169,Booking Delivery,0,0,0,,MB NO.7335,SB-SL-1284,,,237,2026-04-09T10:51:00,False,,JAHANGIR PARSUWAL,1500,1500,0,,,,,
286,,,RAJA PARWEZ SB RANGPUR,FBMCL-00111,Credit Customer,12500,0,0,,MB NO.7333,SB-SL-1285,,,238,2026-04-09T11:02:00,False,,OUTSIDER,0,0,0,,,,,
287,,,SAJID BAIG MAKKI KOANKH,FBMCL-00065,Mixed Transaction,38967.5,0,0.5,DISCOUNT,MB NO.7338/3,SB-SL-1286,,,239,2026-04-09T11:38:00,False,,SHARJEEL SAFWAN ABID,0,0,0,,,,,
288,,,FAZAL ILAHI SB JALPUWAL,FBMCL-00051,Credit Customer,11684,0,0,,MB NO.7310,SB-SL-1287,,,240,2026-04-09T12:31:00,False,,HAJI AHMED,300,300,0,,,,,
289,,,FAKHAR SHAH SB AJNALA,FBMCL-00171,Credit Customer,39850,0,0,,MB NO.7336,SB-SL-1288,,,241,2026-04-09T12:49:20.021924,False,,HAJI AHMED,1350,1350,0,,,,,
290,,,ABDUL AZEEM SB KHAN PUR KHOKHAR,FBMCL-00001,Mixed Transaction,1200,0,0,,MB NO.7337,SB-SL-1289,,,242,2026-04-09T12:50:00,False,,JAHANGIR PARSUWAL,1200,1200,0,,,,,
291,,,BILAL SB KOANKH (QARI EJAZ SB),FBMCL-00010,Booking Delivery,0,0,0,,MB NO.7344,SB-SL-1290,,,243,2026-04-09T13:08:00,False,,SHARJEEL SAFWAN ABID,0,0,0,,,,,
292,,,BASHEER SHAH SB GHURAIRA( KAKU SHAH),FBMCL-00135,Booking Delivery,0,0,0,,MB NO.7345,SB-SL-1291,,,244,2026-04-09T13:15:00,False,,HAFIZ SHOIB,0,0,0,,,,,
293,,,GHULAM SARWAR SB JPS(HAJI JAVED SB),FBMCL-00052,Booking Delivery,0,0,0,,MB NO.7139,SB-SL-1292,,,245,2026-04-01T13:55:00,False,,OUTSIDER,0,0,0,,,,,
294,,,MEHBOOB ALAM SB KOANKH,FBMCL-00046,Booking Delivery,0,0,0,,MB NO.7346,SB-SL-1293,,,246,2026-04-09T14:40:00,False,,HAFIZ SHOIB,1000,1000,0,,,,,
295,,,FAZAL ILAHI SB JALPUWAL,FBMCL-00051,Booking Delivery,0,0,0,,MB NO.7347,SB-SL-1294,,,247,2026-04-09T14:52:00,False,,SHARJEEL SAFWAN ABID,1000,1000,0,,,,,
296,,,TAHIR ABBAS SB KOANKH,FBMCL-00002,Credit Customer,420,0,0,,MB NO.7348/3,SB-SL-1295,,,248,2026-04-09T16:05:00,False,,OUTSIDER,0,0,0,,,,,
297,,,MEHBOOB ALAM SB KOANKH,FBMCL-00046,Booking Delivery,0,0,0,,MB NO.7349,SB-SL-1296,,,249,2026-04-09T16:13:00,False,,HAFIZ SHOIB,1000,0,0,,,,,
298,,,BILAL SB KOANKH (QARI EJAZ SB),FBMCL-00010,Booking Delivery,0,0,0,,MB NO.7350,SB-SL-1297,,,250,2026-04-09T16:20:00,False,,HAJI AHMED,0,0,0,,,,,
300,,,HAJI WARIS SB JPS,FBMCL-00071,Booking Delivery,0,0,0,,MB NO.7351/2,SB-SL-1299,,,252,2026-04-09T09:19:00,False,,OUTSIDER,0,0,0,,,,,
301,,,HAJI WARIS SB JPS,FBMCL-00071,Booking Delivery,0,0,0,,MB NO.7351/3,SB-SL-1300,,,253,2026-04-10T09:21:00,False,,OUTSIDER,0,0,0,,,,,
302,,,Orphan38,ORPH-00038,Cash,5503,5503,0,,MB NO.7356,SB-SL-1301,,,,2026-04-10T09:26:00,False,"[MIGRATION] Orphan record. Original client: ""NAEEM SB KOANKH CHAND CONT FRIEND"".",OUTSIDER,0,0,0,,,,,
303,,,Orphan19,ORPH-00019,Cash,3060,3060,0,,,SB-SL-1302,,,,2026-04-10T09:28:00,False,"[MIGRATION] Orphan record. Original client: ""CASH"".",OUTSIDER,0,0,0,,,,,
304,,,Orphan19,ORPH-00019,Cash,1500,1500,0,,,SB-SL-1303,,,,2026-04-10T09:35:00,False,"[MIGRATION] Orphan record. Original client: ""CASH"".",OUTSIDER,0,0,0,,,,,
305,,,HAJI WARIS SB JPS,FBMCL-00071,Booking Delivery,0,0,0,,MB NO.7361,SB-SL-1304,,,254,2026-04-10T10:12:00,False,,ZAHID LOADER,0,0,0,,,,,
306,,,MALIK MEHMOOD SB PARSUWAL,FBMCL-00151,Credit Customer,31400,0,0,,MB NO.7358,SB-SL-1305,,,255,2026-04-10T10:31:00,False,,SHARJEEL SAFWAN ABID,1000,1000,0,,,,,
307,,,Orphan76,ORPH-00076,Cash,30400,30400,0,,MB NO.7362,SB-SL-1306,,,,2026-04-10T11:37:00,False,"[MIGRATION] Orphan record. Original client: ""ADNAN BUTT SB JPS"".",OUTSIDER,0,0,0,,,,,
308,,,ABDUL GHAFFAR SB JPS,FBMCL-00140,Credit Customer,420,0,0,,MB NO.7363,SB-SL-1307,,,256,2026-04-10T14:24:00,False,,OUTSIDER,0,0,0,,,,,
309,,,TUFAIL ABBAS SB RANGPUR,FBMCL-00132,Booking Delivery,0,0,0,,MB NO.7364,SB-SL-1308,,,257,2026-04-10T14:35:00,False,,OUTSIDER,0,0,0,,,,,
310,,,TAHIR ABBAS SB KOANKH,FBMCL-00002,Booking Delivery,0,0,0,,MB NO.7366,SB-SL-1309,,,258,2026-04-10T14:37:00,False,,HAFIZ SHOIB,6300,6300,0,,,,,
311,,,Orphan24,ORPH-00024,Cash,10850,10600,250,,MB NO.7367,SB-SL-1310,,,,2026-04-10T14:42:00,False,"[MIGRATION] Orphan record. Original client: ""YOUSUF SB RANGPUR"".",HAFIZ SHOIB,700,700,0,,,,,
312,,,SAJID BAIG MAKKI KOANKH,FBMCL-00065,Booking Delivery,0,0,0,,MB NO.7370,SB-SL-1311,,,259,2026-04-10T16:37:00,False,,10 WHEELER,0,0,0,,,,,
313,,,TAHIR ABBAS SB KOANKH,FBMCL-00002,Booking Delivery,0,0,0,,MB NO.7371,SB-SL-1312,,,260,2026-04-10T16:40:00,False,,HAFIZ SHOIB,630,630,0,,,,,
314,,,SHEHZAD SB GHURAIRA,FBMCL-00204,Cash,30400,30400,0,,MB NO.7373,SB-SL-1313,,,,2026-04-11T12:35:00,False,,OUTSIDER,0,0,0,,,,,
315,,,MAZHAR SB RUPOWAL DERA,FBMCL-00009,Credit Customer,40500,0,0,,MB NO.7375,SB-SL-1314,,,261,2026-04-11T12:43:00,False,,HAFIZ SHOIB,1250,1250,0,,,,,
316,,,TAHIR SB AJNALA,FBMCL-00038,Booking Delivery,0,0,0,,MB NO.7376,SB-SL-1315,,,262,2026-04-11T12:47:00,False,,JAHANGIR PARSUWAL,0,0,0,,,,,
317,,,RANA ZAHEER ABBAS SB KHAN COLONY JPS,FBMCL-00170,Booking Delivery,0,0,0,,MB NO.7378,SB-SL-1316,,,263,2026-04-13T13:26:00,False,,OUTSIDER,0,0,0,,,,,
318,,,RAJA ALTAF SB JPS,FBMCL-00153,Mixed Transaction,10822.5,0,0.5,,MB NO.7379,SB-SL-1317,,,264,2026-04-11T13:36:00,False,,JAHANGIR PARSUWAL,0,0,0,,,,,
319,,,ABDUL GHAFFAR SB JPS,FBMCL-00140,Mixed Transaction,126504,0,0.5,,MB NO.7399/4,SB-SL-1318,,,265,2026-04-11T15:05:00,False,,OUTSIDER,0,0,0,,,,,
320,,,SHEHBAZ BAIG SB KOANKH,FBMCL-00006,Booking Delivery,0,0,0,,MB NO.7386,SB-SL-1319,,,266,2026-04-11T15:25:00,False,,HAFIZ SHOIB,800,800,0,,,,,
321,,,NADEEM SB DHINDA,FBMCL-00044,Credit Customer,15800,0,0,,MB NO.7388/2,SB-SL-1320,,,267,2026-04-13T15:35:00,False,,ZAIN ALI,600,600,0,,,,,
322,,,FAISAL SB AJNALA,FBMCL-00088,Booking Delivery,0,0,0,,MB NO.7389,SB-SL-1321,,,268,2026-04-11T15:36:00,False,,OUTSIDER,0,0,0,,,,,
323,,,RANA ZAHEER ABBAS SB KHAN COLONY JPS,FBMCL-00170,Booking Delivery,0,0,0,,MB NO.7392/2,SB-SL-1322,,,269,2026-04-12T15:53:00,False,,OUTSIDER,0,0,0,,,,,
324,,,NAWAZ SB DHINDA (RIZWAN CONT),FBMCL-00126,Credit Customer,31200,0,0,,MB NO.7393,SB-SL-1323,,,270,2026-04-13T15:55:00,False,,HAJI AHMED,1000,1000,0,,,,,
325,,,MUHAMMAD ASGHAR FAUJI SB JPS,FBMCL-00070,Booking Delivery,0,0,0,,MB NO.7396,SB-SL-1324,,,271,2026-04-12T16:03:00,False,,JAHANGIR PARSUWAL,0,0,0,,,,,
326,,,GHULAM SARWAR SB JPS(HAJI JAVED SB),FBMCL-00052,Booking Delivery,0,0,0,,MB NO.7401,SB-SL-1325,,,272,2026-04-12T16:09:00,False,,OUTSIDER,0,0,0,,,,,
327,,,HAJI JAVED SB JPS,FBMCL-00024,Booking Delivery,0,0,0,,MB NO.7402,SB-SL-1326,,,273,2026-04-12T16:18:00,False,,HAFIZ SHOIB,0,0,0,,,,,
328,,,RAJA PARWEZ SB RANGPUR,FBMCL-00111,Credit Customer,30400,42300,600,,MB NO.7403,SB-SL-1327,,,274,2026-04-12T16:19:00,False,,JAHANGIR PARSUWAL,0,0,0,,,,,
329,,,MALIK ADNAN,FBMCL-00023,Credit Customer,7250,0,0,,MB NO.7405,SB-SL-1328,,,275,2026-04-12T16:22:00,False,,HAJI AHMED,600,600,0,,,,,
330,,,BILAL SB KOANKH (QARI EJAZ SB),FBMCL-00010,Booking Delivery,0,0,0,,MB NO.7413,SB-SL-1329,,,276,2026-04-12T16:54:00,False,,HAFIZ SHOIB,0,0,0,,,,,
331,,,MIRZA AMJAD JAVED SB AJNALA SITE,FBMCL-00028,Credit Customer,39850,0,0,,MB NO.7415,SB-SL-1330,,,277,2026-04-12T16:57:00,False,,OUTSIDER,1350,1350,0,,,,,
332,,,RANA ZAHEER ABBAS SB KHAN COLONY JPS,FBMCL-00170,Booking Delivery,0,0,0,,MB NO.7392/4,SB-SL-1331,,,278,2026-04-13T17:11:00,False,,OUTSIDER,0,0,0,,,,,
333,,,MALIK MUHAMMAD ASHRAF SB JPS,FBMCL-00160,Booking Delivery,0,0,0,,MB NO.7441,SB-SL-1332,,,279,2026-04-13T17:14:00,False,,SHARJEEL SAFWAN ABID,0,0,0,,,,,
334,,,GHULAM SARWAR SB JPS(HAJI JAVED SB),FBMCL-00052,Mixed Transaction,180056,0,0,,MB NO.7421,SB-SL-1333,,,280,2026-04-13T11:17:00,False,,HAFIZ SHOIB,0,0,0,,,,,
335,,,FAZAL ILAHI SB JALPUWAL,FBMCL-00051,Mixed Transaction,6852.3,0,0.3,,MB NO.7424,SB-SL-1334,,,281,2026-04-13T09:21:00,False,,HAFIZ SHOIB,1000,1000,0,,,,,
336,,,FAISAL SB AJNALA,FBMCL-00088,Booking Delivery,0,0,0,,MB NO.7429,SB-SL-1335,,,282,2026-04-13T10:56:00,False,,OUTSIDER,0,0,0,,,,,
337,,,ABDUL GHAFFAR SB JPS,FBMCL-00140,Credit Customer,420,0,0,,MB NO.7430,SB-SL-1336,,,283,2026-04-13T10:58:00,False,,OUTSIDER,0,0,0,,,,,
338,,,FAKHAR SHAH SB AJNALA,FBMCL-00171,Cash,23900,23800,100,,,SB-SL-1337,,,,2026-04-13T11:01:00,False,,SHARJEEL SAFWAN ABID,800,800,0,,,,,
339,,,MUHAMMAD ASHRAF SB JPS NEAR SCHOOL (SALEEM CONT),FBMCL-00073,Booking Delivery,0,0,0,,MB NO.7432,SB-SL-1338,,,284,2026-04-13T11:03:00,False,,SHARJEEL SAFWAN ABID,0,0,0,,,,,
340,,,REHMAN SB AJNALA(WAJID BROTHER),FBMCL-00130,Booking Delivery,0,0,0,,MB NO.7433,SB-SL-1339,,,285,2026-04-13T11:07:00,False,,OUTSIDER,0,0,0,,,,,
341,,,ABDUL GHAFFAR SB JPS,FBMCL-00140,Booking Delivery,0,0,0,,MB NO.7437,SB-SL-1340,,,286,2026-04-13T11:19:00,False,,OUTSIDER,0,0,0,,,,,
342,,,ASHRAF SB AJNALA(SALEEM CONT),FBMCL-00017,Mixed Transaction,26313.5,0,0.5,,MB NO.7439,SB-SL-1341,,,287,2026-04-13T11:34:00,False,,JAHANGIR PARSUWAL,1800,1800,0,,,,,
343,,,MUHAMMAD ASGHAR FAUJI SB JPS,FBMCL-00070,Booking Delivery,0,0,0,,MB NO.7444,SB-SL-1342,,,288,2026-04-14T11:56:00,False,,HAFIZ SHOIB,0,0,0,,,,,
344,,,JAVED NUMBERDAR SB JPS,FBMCL-00083,Booking Delivery,0,0,0,,MB NO.7445,SB-SL-1343,,,289,2026-04-14T12:16:00,False,,OUTSIDER,0,0,0,,,,,
345,,,SAIF ULLAH SB KOANKH,FBMCL-00172,Booking Delivery,0,0,0,,MB NO.7446,SB-SL-1344,,,290,2026-04-14T12:18:00,False,,ZAHID LOADER,0,0,0,,,,,
346,,,MIRZA AMJAD JAVED SB AJNALA SITE,FBMCL-00028,Credit Customer,39850,0,0,,MB NO.7460,SB-SL-1345,,,291,2026-04-14T12:21:00,False,,HAFIZ SHOIB,1350,1350,0,,,,,
347,,,MAZHAR SB RUPOWAL DERA,FBMCL-00009,Mixed Transaction,4200,0,0,,MB NO.7447,SB-SL-1346,,,292,2026-04-14T12:33:00,False,,SHARJEEL SAFWAN ABID,5500,5500,0,,,,,
348,,,RANA ZAHID SB JPS,FBMCL-00021,Credit Customer,15550,0,0,,MB NO.7448,SB-SL-1347,,,293,2026-04-14T12:38:00,False,,SHARJEEL SAFWAN ABID,350,350,0,,,,,
349,,,Orphan7,ORPH-00007,Cash,15700,15600,100,,MB NO.7449,SB-SL-1348,,,,2026-04-14T12:49:00,False,"[MIGRATION] Orphan record. Original client: ""MUBASHIR SB DHINDA"".",HAFIZ SHOIB,600,600,0,,,,,
350,,,Orphan77,ORPH-00077,Cash,250,250,0,,MB NO.7450,SB-SL-1349,,,,2026-04-14T13:45:00,False,"[MIGRATION] Orphan record. Original client: ""MIRZA ZAMAN SB JPS"".",OUTSIDER,0,0,0,,,,,
351,,,MUHAMMAD BASHEER SB CONT KOANKH,FBMCL-00067,Booking Delivery,0,0,0,,MB NO.7452,SB-SL-1350,,,294,2026-04-14T13:46:00,False,,HAFIZ SHOIB,400,400,0,,,,,
352,,,MUHAMMAD ASHRAF SB JPS NEAR SCHOOL (SALEEM CONT),FBMCL-00073,Booking Delivery,0,0,0,,MB NO.7453,SB-SL-1351,,,295,2026-04-14T13:51:00,False,,OUTSIDER,0,0,0,,,,,
353,,,MIRZA NAGHMAN SB TIBBA,FBMCL-00157,Booking Delivery,0,0,0,,MB NO.7455,SB-SL-1352,,,296,2026-04-14T13:53:00,False,,OUTSIDER,0,0,0,,,,,
354,,,MIRZA NAGHMAN SB TIBBA,FBMCL-00157,Booking Delivery,0,0,0,,MB NO.7260,SB-SL-1353,,,297,2026-04-06T13:54:00,False,,OUTSIDER,0,0,0,,,,,
355,,,ISHTIAQ CONT KOANKH,FBMCL-00079,Cash,15600,15600,0,,MB NO.7456,SB-SL-1354,,,,2026-04-14T13:56:00,False,,HAJI AHMED,600,600,0,,,,,
356,,,RANA ZAHEER SB JPS,FBMCL-00048,Credit Customer,15350,0,0,,MB NO.7459,SB-SL-1355,,,298,2026-04-14T14:25:00,False,,SHARJEEL SAFWAN ABID,350,350,0,,,,,
357,,,Orphan7,ORPH-00007,Cash,15600,15600,0,,MB NO.7462,SB-SL-1356,,,,2026-04-14T14:44:00,False,"[MIGRATION] Orphan record. Original client: ""MUBASHIR SB DHINDA"".",SHARJEEL SAFWAN ABID,500,500,0,,,,,
358,,,MUHAMMAD RAZAQ SB JPS,FBMCL-00147,Mixed Transaction,40624,40624,0,,MB NO.7470,SB-SL-1357,,,299,2026-04-14T14:45:00,False,,SHARJEEL SAFWAN ABID,800,800,0,,,,,
359,,,FAROOQ KALAS SB PARSUWAL,FBMCL-00138,Booking Delivery,0,0,0,,MB NO.7463,SB-SL-1358,,,300,2026-04-14T15:00:00,False,,HAJI AHMED,600,600,0,,,,,
360,,,FAZAL ILAHI SB JALPUWAL,FBMCL-00051,Booking Delivery,0,0,0,,MB NO.7466,SB-SL-1359,,,301,2026-04-14T15:02:00,False,,HAFIZ SHOIB,1000,100,0,,,,,
361,,,RAJA ALTAF SB JPS,FBMCL-00153,Credit Customer,5500,0,0,,MB NO.7468,SB-SL-1360,,,302,2026-04-14T15:13:00,False,,OUTSIDER,0,0,0,,,,,
362,,,BILAL SB KOANKH (QARI EJAZ SB),FBMCL-00010,Booking Delivery,0,0,0,,MB NO.7469,SB-SL-1361,,,303,2026-04-14T15:15:00,False,,HAJI AHMED,0,0,0,,,,,
363,,,CASH SALE FBM,FBMCL-00173,Cash,500,500,0,,,SB-SL-1362,,,,2026-04-14T15:23:00,False,,OUTSIDER,0,0,0,,,,,
364,,,CASH SALE FBM,FBMCL-00173,Cash,800,800,0,,,SB-SL-1363,,,,2026-04-14T15:24:00,False,,OUTSIDER,0,0,0,,,,,
365,,,CASH SALE FBM,FBMCL-00173,Cash,1500,1500,0,,,SB-SL-1364,,,,2026-04-14T15:39:00,False,,OUTSIDER,0,0,0,,,,,
366,,,SAIF ULLAH SB KOANKH,FBMCL-00172,Credit Customer,21945.6,0,0.6,,MB NO.7471/2,SB-SL-1365,,,304,2026-04-14T16:31:00,False,,OUTSIDER,0,0,0,,,,,
367,,,Orphan78,ORPH-00078,Cash,29400,29400,0,,MB NO.7472,SB-SL-1366,,,,2026-04-14T08:40:00,False,"[MIGRATION] Orphan record. Original client: ""HAFIZ SHEHZAD GHURAIRA"".",OUTSIDER,0,0,0,,,,,
368,,,ANSAR SB DOIYAN,FBMCL-00155,Cash,2100,2100,0,,,SB-SL-1367,,,,2026-04-14T09:10:00,False,,OUTSIDER,0,0,0,,,,,
369,,,HAJI IQBAL SB JPS,FBMCL-00047,Mixed Transaction,3900,0,0,,MB NO.7474,SB-SL-1368,,,305,2026-04-14T10:01:00,False,,HAFIZ SHOIB,2245.625,2543.62,297.9949999999999,,,,,
370,,,Orphan39,ORPH-00039,Cash,9620,9620,0,,MB NO.7475,SB-SL-1369,,,,2026-04-15T10:04:00,False,"[MIGRATION] Orphan record. Original client: ""MAQSOOD SB WAPDA KOANKH"".",SHARJEEL SAFWAN ABID,500,500,0,,,,,
371,,,MUHAMMAD ASHRAF SB JPS NEAR SCHOOL (SALEEM CONT),FBMCL-00073,Booking Delivery,0,0,0,,MB NO.7476,SB-SL-1370,,,306,2026-04-15T10:11:00,False,,OUTSIDER,0,0,0,,,,,
372,,,MIRZA NAGHMAN SB TIBBA,FBMCL-00157,Mixed Transaction,36148,0,0,,MB NO.7477,SB-SL-1371,,,307,2026-04-15T10:12:00,False,,OUTSIDER,0,0,0,,,,,
373,,,Orphan40,ORPH-00040,Cash,39050,39050,0,,MB NO.7464,SB-SL-1372,,,,2026-04-14T10:18:00,False,"[MIGRATION] Orphan record. Original client: ""DILAWAR SB GHURAL"".",HAJI AHMED,1300,1300,0,,,,,
374,,,GHULAM SARWAR SB JPS(HAJI JAVED SB),FBMCL-00052,Credit Customer,1680,0,0,,MB NO.7481,SB-SL-1373,,,308,2026-04-15T11:17:00,False,,OUTSIDER,0,0,0,,,,,
375,,,MALIK ANSAR SB KHORI,FBMCL-00016,Credit Customer,17000,0,0,,MB NO.7482,SB-SL-1374,,,309,2026-04-15T11:52:00,False,,SHARJEEL SAFWAN ABID,1800,1800,0,,,,,
376,,,CH MUHAMMAD AKRAM RIHANIA SB JPS,FBMCL-00167,Booking Delivery,0,0,0,,MB NO.7485,SB-SL-1375,,,310,2026-04-15T12:01:00,False,,OUTSIDER,0,0,0,,,,,
377,,,IMRAN SB KHATANA,FBMCL-00109,Booking Delivery,0,0,0,,MB NO.7486,SB-SL-1376,,,311,2026-04-15T14:07:00,False,,HAFIZ SHOIB,1250,1250,0,,,,,
378,,,RAJA PARWEZ SB RANGPUR,FBMCL-00111,Credit Customer,30800,0,0,,MB NO.7487,SB-SL-1377,,,312,2026-04-15T14:12:00,False,,HAFIZ SHOIB,1000,1000,0,,,,,
380,,,JAVED NUMBERDAR SB JPS,FBMCL-00083,Booking Delivery,0,0,0,,MB NO.7489,SB-SL-1379,,,313,2026-04-15T14:14:00,False,,OUTSIDER,0,0,0,,,,,
381,,,HAJI IQBAL SB JPS,FBMCL-00047,Credit Customer,43383.2,0,0.2,DISCOUNT,MB NO.7492,SB-SL-1380,,,314,2026-04-15T14:15:00,False,,SHARJEEL SAFWAN ABID,0,0,0,,,,,
382,,,CASH SALE FBM,FBMCL-00173,Cash,3000,3000,0,,,SB-SL-1381,,,,2026-04-15T14:30:00,False,,OUTSIDER,0,0,0,,,,,
383,,,FIYAZ BAIG SB KOANKH,FBMCL-00055,Booking Delivery,0,0,0,,MB NO.7494,SB-SL-1382,,,315,2026-04-15T15:54:00,False,,HAFIZ SHOIB,400,400.01,0.009999999999990905,,,,,
384,,,MUHAMMAD ASHRAF SB JPS NEAR SCHOOL (SALEEM CONT),FBMCL-00073,Booking Delivery,0,0,0,,MB NO.7496,SB-SL-1383,,,316,2026-04-15T17:01:00,False,,OUTSIDER,0,0,0,,,,,
385,,,MUHAMMAD ASGHAR FAUJI SB JPS,FBMCL-00070,Credit Customer,6900,0,0,,MB NO.7497,SB-SL-1384,,,317,2026-04-15T17:30:00,False,,HAFIZ SHOIB,1400,1400,0,,,,,
386,,,Orphan41,ORPH-00041,Cash,3162,3100,62,DOSC,MB NO.7498,SB-SL-1385,,,,2026-04-15T17:46:00,False,"[MIGRATION] Orphan record. Original client: ""HABIB SB"".",OUTSIDER,0,0,0,,,,,
387,,,MAZHAR SB RUPOWAL DERA,FBMCL-00009,Booking Delivery,0,0,0,,MB NO.7502,SB-SL-1386,,,318,2026-04-16T10:19:00,False,,HAFIZ SHOIB,8000,8000,0,,,,,
388,,,ANSAR SB DOIYAN,FBMCL-00155,Credit Customer,38274.4,0,0.4,DISCOUNT,MB NO.7503,SB-SL-1387,,,319,2026-04-16T10:22:00,False,,SHARJEEL SAFWAN ABID,1000,1000,0,,,,,
389,,,MALIK ADNAN,FBMCL-00023,Booking Delivery,0,0,0,,MB NO.7504,SB-SL-1388,,,320,2026-04-16T10:41:00,False,,JAHANGIR PARSUWAL,270,270,0,,,,,
390,,,CASH SALE FBM,FBMCL-00173,Cash,1400,1400,0,,,SB-SL-1389,,,,2026-04-15T10:54:00,False,,OUTSIDER,0,0,0,,,,,
391,,,CASH SALE FBM,FBMCL-00173,Cash,950,950,0,,,SB-SL-1390,,,,2026-04-15T11:01:00,False,,OUTSIDER,0,0,0,,,,,
392,,,CASH SALE FBM,FBMCL-00173,Cash,11880,11880,0,,,SB-SL-1391,,,,2026-04-16T11:15:00,False,,OUTSIDER,0,0,0,,,,,
393,,,FAZAL ILAHI SB JALPUWAL,FBMCL-00051,Booking Delivery,0,0,0,,MB NO.7506,SB-SL-1392,,,321,2026-04-16T11:42:00,False,,HAFIZ SHOIB,1000,1000,0,,,,,
394,,,MALIK ADNAN,FBMCL-00023,Credit Customer,300,0,0,,MB NO.7505/2,SB-SL-1393,,,322,2026-04-16T11:55:00,False,BRICKS RETURN RENT,JAHANGIR PARSUWAL,300,300,0,,,,,
395,,,SHEHBAZ BAIG SB KOANKH,FBMCL-00006,Booking Delivery,0,0,0,,MB NO.7507,SB-SL-1394,,,323,2026-04-16T12:34:00,False,,HAJI AHMED,800,800,0,,,,,
396,,,MIRZA AMJAD JAVED SB AJNALA SITE,FBMCL-00028,Credit Customer,39100,0,0,,MB NO.7509,SB-SL-1395,,,324,2026-04-16T13:18:00,False,,SHARJEEL SAFWAN ABID,1350,1350,0,,,,,
397,,,BILAL SB KOANKH (QARI EJAZ SB),FBMCL-00010,Booking Delivery,0,0,0,,MB NO.7510,SB-SL-1396,,,325,2026-04-16T13:35:00,False,,HAJI AHMED,0,0,0,,,,,
398,,,GHULAM SARWAR SB JPS(HAJI JAVED SB),FBMCL-00052,Credit Customer,300,0,0,,MB NO.7511/2,SB-SL-1397,,,326,2026-04-15T15:02:00,False,STEEL RETURN RENT,HAJI AHMED,300,300,0,,,,,
399,,,Orphan42,ORPH-00042,Credit Customer,21078,6000,0,,MB NO.7515,SB-SL-1398,,,327,2026-04-16T15:58:00,False,"[MIGRATION] Orphan record. Original client: ""ARIF BAIG SB KOANKH (KAMRAN NUMBERDAR)"".",HAFIZ SHOIB,0,0,0,,,,,
400,,,CASH SALE FBM,FBMCL-00173,Cash,3000,3000,0,,,SB-SL-1399,,,,2026-04-16T16:03:00,False,,OUTSIDER,0,0,0,,,,,
401,,,FIYAZ BAIG SB KOANKH,FBMCL-00055,Booking Delivery,0,0,0,,MB NO.7516,SB-SL-1400,,,328,2026-04-16T17:06:00,False,,HAFIZ SHOIB,800,800,0,,,,,
402,,,GHULAM SARWAR SB JPS(HAJI JAVED SB),FBMCL-00052,Credit Customer,420,0,0,,MB NO.7511/3,SB-SL-1401,,,329,2026-04-17T09:23:00,False,,OUTSIDER,0,0,0,,,,,
403,,,MIRZA NAGHMAN SB TIBBA,FBMCL-00157,Booking Delivery,0,0,0,,MB NO.7518,SB-SL-1402,,,330,2026-04-17T09:36:00,False,,HAFIZ SHOIB,0,0,0,,,,,
404,,,CASH SALE FBM,FBMCL-00173,Cash,2940,2940,0,,,SB-SL-1403,,,,2026-04-17T09:45:00,False,,OUTSIDER,0,0,0,,,,,
405,,,MIRZA NAGHMAN SB TIBBA,FBMCL-00157,Credit Customer,137301,0,0,,MB NO.7519,SB-SL-1404,,,331,2026-04-17T10:18:00,False,,OUTSIDER,0,0,0,,,,,
406,,,MIRZA NAGHMAN SB TIBBA,FBMCL-00157,Credit Customer,4200,0,0,,MB NO.7520,SB-SL-1405,,,332,2026-04-17T12:49:00,False,,OUTSIDER,0,0,0,,,,,
407,,,GHULAM SARWAR SB JPS(HAJI JAVED SB),FBMCL-00052,Mixed Transaction,230790,0,0,,MB NO.7521,SB-SL-1406,,,333,2026-04-17T15:14:00,False,,ZAHID LOADER,0,0,0,,,,,
408,,,CASH SALE FBM,FBMCL-00173,Cash,2940,2940,0,,,SB-SL-1407,,,,2026-04-17T15:23:00,False,,OUTSIDER,0,0,0,,,,,
409,,,CASH SALE FBM,FBMCL-00173,Cash,1470,1470,0,,,SB-SL-1408,,,,2026-04-17T15:24:00,False,,OUTSIDER,0,0,0,,,,,
410,,,GHULAM SARWAR SB JPS(HAJI JAVED SB),FBMCL-00052,Credit Customer,7350,0,0,,MB NO.7523,SB-SL-1409,,,334,2026-04-17T15:56:00,False,,ZAHID LOADER,0,0,0,,,,,
411,,,Orphan43,ORPH-00043,Cash,2592,2590,2,DISCOUNT,MB NO.7524,SB-SL-1410,,,,2026-04-17T16:31:00,False,"[MIGRATION] Orphan record. Original client: ""NAWAZISH ALI SB POLICE CHOKI JPS"".",OUTSIDER,0,0,0,,,,,
412,,,RAJA PARWEZ SB RANGPUR,FBMCL-00111,Credit Customer,29800,0,0,,MB NO.7528,SB-SL-1411,,,335,2026-04-18T09:52:00,False,,OUTSIDER,0,0,0,,,,,
413,,,MUHAMMAD QASIM SB MALIKPUR,FBMCL-00134,Booking Delivery,0,0,0,,MB NO.7530,SB-SL-1412,,,336,2026-04-18T10:20:00,False,,ZAHID LOADER,0,0,0,,,,,
414,,,NAWAZ SB DHINDA (RIZWAN CONT),FBMCL-00126,Credit Customer,23150,21800,0,,MB NO.7531,SB-SL-1413,,,337,2026-04-18T10:20:00,False,,SHARJEEL SAFWAN ABID,800,800,0,,,,,
415,,,MUHAMMAD ALI SB MULL,FBMCL-00053,Booking Delivery,0,0,0,,MB NO.7532,SB-SL-1414,,,338,2026-04-18T10:23:00,False,,JAHANGIR PARSUWAL,1200,1200,0,,,,,
416,,,MUHAMMAD ASHRAF SB JPS NEAR SCHOOL (SALEEM CONT),FBMCL-00073,Booking Delivery,0,0,0,,MB NO.7533,SB-SL-1415,,,339,2026-04-18T10:24:00,False,,OUTSIDER,0,0,0,,,,,
417,,,MASTER ZAHOOR SB JPS,FBMCL-00145,Mixed Transaction,11348,0,0,,MB NO.7538,SB-SL-1416,,,340,2026-04-18T10:25:00,False,,OUTSIDER,0,0,0,,,,,
418,,,AHMED SUBHANI SB AJNALA,FBMCL-00033,Mixed Transaction,210,0,0,,MB NO.7540,SB-SL-1417,,,341,2026-04-18T10:33:00,False,,ZAIN ALI,200,200,0,,,,,
419,,,RAJA AMEER HAMZA SB JPS,FBMCL-00103,Mixed Transaction,58100,0,0,,MB NO.7545,SB-SL-1418,,,342,2026-04-18T10:35:00,False,,HAFIZ SHOIB,7000,0,0,,,,,
420,,,RAJA AMEER HAMZA SB JPS,FBMCL-00103,Credit Customer,350,0,0,,MB NO.7545/2,SB-SL-1419,,,343,2026-04-18T10:47:00,False,,HAFIZ SHOIB,350,0,0,,,,,
421,,,MASTER ZAHOOR SB JPS,FBMCL-00145,Cash,2700,2700,0,,MB NO.7546,SB-SL-1420,,,,2026-04-18T10:45:00,False,,OUTSIDER,0,0,0,,,,,
422,,,NAZAKAT MOBILE SHOP JPS,FBMCL-00018,Credit Customer,1480,0,0,,MB NO.7547,SB-SL-1421,,,344,2026-04-18T10:46:00,False,,OUTSIDER,0,0,0,,,,,
423,,,GULZAAR SB GHURAIRA,FBMCL-00152,Mixed Transaction,1200,0,0,,MB NO.7548,SB-SL-1422,,,345,2026-04-18T10:47:00,False,,HAJI AHMED,1200,1200,0,,,,,
424,,,MUHAMMAD ASGHAR FAUJI SB JPS,FBMCL-00070,Credit Customer,16990,0,0,,MB NO.7552,SB-SL-1423,,,346,2026-04-18T10:53:00,False,,HAFIZ SHOIB,500,500,0,,,,,
425,,,ASIF SB KOANKH ADNAN SB CLASS MATE,FBMCL-00181,Credit Customer,67500,30000,0,,MB NO.7554,SB-SL-1424,,,347,2026-04-19T10:56:00,False,,OUTSIDER,0,0,0,,,,,
426,,,FAKHAR SHAH SB AJNALA,FBMCL-00171,Credit Customer,11550,0,0,,MB NO.7556,SB-SL-1425,,,348,2026-04-19T11:00:00,False,,HAJI AHMED,700,700,0,,,,,
427,,,FAROOQ KALAS SB PARSUWAL,FBMCL-00138,Mixed Transaction,2500,0,0,,MB NO.7557,SB-SL-1426,,,349,2026-04-19T11:01:00,False,,HAFIZ SHOIB,800,800,0,,,,,
428,,,MUHAMMAD ARSHAD SB GHURAL (SUBEDAR QADAR DAD SB),FBMCL-00175,Booking Delivery,0,0,0,,MB NO.7558,SB-SL-1427,,,350,2026-04-19T11:03:00,False,,OUTSIDER,0,0,0,,,,,
429,,,JAVED NUMBERDAR SB JPS,FBMCL-00083,Booking Delivery,0,0,0,,MB NO.7559,SB-SL-1428,,,351,2026-04-19T11:04:00,False,,JAHANGIR PARSUWAL,0,0,0,,,,,
430,,,CASH SALE FBM,FBMCL-00173,Cash,780,780,0,,MB NO.7561,SB-SL-1429,,,,2026-04-19T11:05:00,False,,OUTSIDER,0,0,0,,,,,
431,,,CASH SALE FBM,FBMCL-00173,Cash,5920,5920,0,,,SB-SL-1430,,,,2026-04-19T11:05:00,False,,OUTSIDER,0,0,0,,,,,
432,,,CASH SALE FBM,FBMCL-00173,Cash,299.99999999992,300,0,,,SB-SL-1431,,,,2026-04-19T11:08:00,False,,OUTSIDER,0,0,0,,,,,
433,,,MUHAMMAD SALEEM SB RUPOWAL,FBMCL-00113,Credit Customer,63200,0,0,,MB NO.7563,SB-SL-1432,,,352,2026-04-19T11:27:00,False,,HAFIZ SHOIB,2400,2400,0,,,,,
434,,,MALIK MEHDI KHAN SB JPS,FBMCL-00036,Credit Customer,1500,0,0,,MB NO.7564/3,SB-SL-1433,,,353,2026-04-19T11:58:00,False,,OUTSIDER,0,0,0,,,,,
435,,,NAUMAN RIHANIA SB JPS,FBMCL-00116,Credit Customer,3040,0,0,,MB NO.7195,SB-SL-1434,,,354,2026-04-04T16:05:00,False,,OUTSIDER,0,0,0,,,,,
436,,,RANA ZAHEER SB JPS,FBMCL-00048,Credit Customer,35703.89999999999,0,0.9,DISCOUNT,MB NO.7571,SB-SL-1435,,,355,2026-04-19T17:13:00,False,,HAFIZ SHOIB,700,700,0,,,,,
437,,,TARIQ BUTT SB JPS,FBMCL-00108,Booking Delivery,0,0,0,,MB NO.7573,SB-SL-1436,,,356,2026-04-19T17:25:00,False,,OUTSIDER,0,0,0,,,,,
438,,,CH MUHAMMAD AKRAM RIHANIA SB JPS,FBMCL-00167,Mixed Transaction,1000,0,0,,MB NO.7576,SB-SL-1437,,,357,2026-04-20T09:03:00,False,,HAJI AHMED,1000,1000,0,,,,,
439,,,MUHAMMAD QASIM SB MALIKPUR,FBMCL-00134,Booking Delivery,0,0,0,,MB NO.7577,SB-SL-1438,,,358,2026-04-20T09:10:00,False,,HAJI AHMED,0,0,0,,,,,
440,,,RAJA PARWEZ SB RANGPUR,FBMCL-00111,Credit Customer,29600,0,0,,MB NO.7578,SB-SL-1439,,,359,2026-04-20T09:23:00,False,,OUTSIDER,0,0,0,,,,,
441,,,FAZAL ILAHI SB JALPUWAL,FBMCL-00051,Mixed Transaction,5750,0,0,,MB NO.7565,SB-SL-1440,,,360,2026-04-19T11:05:00,False,,HAJI AHMED,1700,0,0,,,,,
442,,,CH MUHAMMAD AKRAM RIHANIA SB JPS,FBMCL-00167,Mixed Transaction,1000,0,0,,MB NO.7580,SB-SL-1441,,,361,2026-04-20T11:06:00,False,,HAFIZ SHOIB,1000,1000,0,,,,,
443,,,FAKHAR SHAH SB AJNALA,FBMCL-00171,Credit Customer,23149.9999999995,0,0,,MB NO.7581,SB-SL-1442,,,362,2026-04-20T11:11:00,False,,SHARJEEL SAFWAN ABID,799.9999999995,800,4.999947122996673e-10,,,,,
444,,,MUHAMMAD ARSHAD SB GHURAL (SUBEDAR QADAR DAD SB),FBMCL-00175,Mixed Transaction,1950,0,0,,MB NO.7582,SB-SL-1443,,,363,2026-04-20T11:32:00,False,,OUTSIDER,0,0,0,,,,,
445,,,MUHAMMAD RAZAQ SB JPS,FBMCL-00147,Mixed Transaction,32716,0,0,,MB NO.7583,SB-SL-1444,,,364,2026-04-20T11:58:00,False,,HAFIZ SHOIB,800,800,0,,,,,
446,,,ANSAR SB DOIYAN,FBMCL-00155,Booking Delivery,0,0,0,,MB NO.7585,SB-SL-1445,,,365,2026-04-20T12:45:00,False,,10 WHEELER,0,0,0,,,,,
447,,,ABDUL SATTAR SB DHINDA FARM,FBMCL-00146,Booking Delivery,0,0,0,,MB NO.7587/2,SB-SL-1446,,,366,2026-04-20T13:41:00,False,,HAJI AHMED,1250,1250,0,,,,,
448,,,Orphan79,ORPH-00079,Cash,14600,14600,0,,MB NO.7591,SB-SL-1447,,,,2026-04-20T14:24:00,False,"[MIGRATION] Orphan record. Original client: ""RASHID SB MALIKPUR"".",OUTSIDER,0,0,0,,,,,
449,,,ABDUL SATTAR SB DHINDA FARM,FBMCL-00146,Booking Delivery,0,0,0,,MB NO.7590,SB-SL-1448,,,367,2026-04-20T14:51:00,False,,SHARJEEL SAFWAN ABID,1250,1250,0,,,,,
450,,,MALIK ADNAN,FBMCL-00023,Mixed Transaction,7675,0,0,,MB NO.7595,SB-SL-1449,,,368,2026-04-20T16:11:00,False,,HAFIZ SHOIB,625,625,0,,,,,
451,,,MIRZA AMJAD JAVED SB AJNALA SITE,FBMCL-00028,Credit Customer,38600,0,0,,MB NO.7597,SB-SL-1450,,,369,2026-04-20T16:51:00,False,,HAFIZ SHOIB,1350,1350,0,,,,,
452,,,FIYAZ BAIG SB KOANKH,FBMCL-00055,Booking Delivery,0,0,0,,MB NO.7599,SB-SL-1451,,,370,2026-04-20T09:53:00,False,,HAFIZ SHOIB,320,0,0,,,,,
453,,,ASHRAF SB AJNALA(SALEEM CONT),FBMCL-00017,Booking Delivery,0,0,0,,MB NO.7602,SB-SL-1452,,,371,2026-04-21T10:19:00,False,,HAJI AHMED,200,200,0,,,,,
454,,,IMRAN SB KHATANA,FBMCL-00109,Booking Delivery,0,0,0,,MB NO.7603,SB-SL-1453,,,372,2026-04-21T10:20:00,False,,HAFIZ SHOIB,1250,1250,0,,,,,
455,,,TAHIR SB AJNALA,FBMCL-00038,Booking Delivery,0,0,0,,MB NO.7604,SB-SL-1454,,,373,2026-04-21T10:22:00,False,,JAHANGIR PARSUWAL,0,0,0,,,,,
456,,,MUHAMMAD ARIF BAIG SB KOANKH (KAMRAN NUMBERDAR),FBMCL-00177,Credit Customer,15300,0,0,,MB NO.7605,SB-SL-1455,,,374,2026-04-21T10:23:00,False,,ZAIN ALI,600,600,0,,,,,
457,,,MUHAMMAD AFZAL SB DUKANDAR GHURAL,FBMCL-00148,Cash,30000,30000,0,,MB NO.7606,SB-SL-1456,,,,2026-04-21T12:07:00,False,,HAJI AHMED,1000,1000,0,,,,,
458,,,RANA ZAHID SB JPS,FBMCL-00021,Credit Customer,1500,0,0,,MB NO.7609,SB-SL-1457,,,375,2026-04-21T12:09:00,False,,OUTSIDER,0,0,0,,,,,
459,,,DR EHSAN SB DHINDA,FBMCL-00105,Booking Delivery,0,0,0,,MB NO.7612,SB-SL-1458,,,376,2026-04-21T12:16:00,False,,OUTSIDER,0,0,0,,,,,
460,,,SAFDAR ALI SB AJNALA (ASLAM CONT),FBMCL-00186,Booking Delivery,0,0,0,,MB NO.7618,SB-SL-1459,,,377,2026-04-21T12:41:00,False,,HAFIZ SHOIB,1000,1000,0,,,,,
461,,,HAJI IQBAL SB JPS,FBMCL-00047,Booking Delivery,0,0,0,,MB NO.7619,SB-SL-1460,,,378,2026-04-21T12:42:00,False,,JAHANGIR PARSUWAL,520,520,0,,,,,
462,,,MUHAMMAD ARSHAD SB GHURAL (SUBEDAR QADAR DAD SB),FBMCL-00175,Booking Delivery,0,0,0,,MB NO.7620,SB-SL-1461,,,379,2026-04-21T13:31:00,False,,JAHANGIR PARSUWAL,0,0,0,,,,,
463,,,MUHAMMAD RAFEEQ SB AJNALA,FBMCL-00114,Booking Delivery,0,0,0,,MB NO.7465,SB-SL-1462,,,380,2026-04-14T13:45:00,False,,OUTSIDER,0,0,0,,,,,
464,,,MUHAMMAD RAFEEQ SB AJNALA,FBMCL-00114,Booking Delivery,0,0,0,,MB NO.7480,SB-SL-1463,,,381,2026-04-15T13:47:00,False,,OUTSIDER,0,0,0,,,,,
465,,,MUHAMMAD RAFEEQ SB AJNALA,FBMCL-00114,Booking Delivery,0,0,0,,MB NO.7608,SB-SL-1464,,,382,2026-04-21T13:47:00,False,,OUTSIDER,0,0,0,,,,,
466,,,Orphan20,ORPH-00020,Cash,38550,38500,50,DISCOUNT,MB NO.7622,SB-SL-1465,,,,2026-04-21T15:45:00,False,"[MIGRATION] Orphan record. Original client: ""DILAWAW HUSSAIN SB GHURAL"".",HAFIZ SHOIB,1300,1300,0,,,,,
467,,,Orphan44,ORPH-00044,Cash,31250,31250,0,,MB NO.7629,SB-SL-1466,,,,2026-04-21T16:47:00,False,"[MIGRATION] Orphan record. Original client: ""RUPOWAL BABA ZAFFAR SB"".",HAJI AHMED,1250,1250,0,,,,,
468,,,HAJI WARIS SB JPS,FBMCL-00071,Cash,29200,29200,0,,MB NO.7630,SB-SL-1467,,,,2026-04-21T17:24:00,False,,ZAHID LOADER,0,0,0,,,,,
469,,,MUHAMMAD ARSHAD SB GHURAL (SUBEDAR QADAR DAD SB),FBMCL-00175,Booking Delivery,0,0,0,,MB NO.7632,SB-SL-1468,,,383,2026-04-22T09:24:00,False,,OUTSIDER,0,0,0,,,,,
470,,,MUHAMMAD ASHRAF SB JPS NEAR SCHOOL (SALEEM CONT),FBMCL-00073,Booking Delivery,0,0,0,,MB NO.7633,SB-SL-1469,,,384,2026-04-22T09:32:00,False,,OUTSIDER,0,0,0,,,,,
471,,,CH MUHAMMAD AKRAM RIHANIA SB JPS,FBMCL-00167,Booking Delivery,0,0,0,,MB NO.7634,SB-SL-1470,,,385,2026-04-22T09:33:00,False,,OUTSIDER,0,0,0,,,,,
472,,,DR EHSAN SB DHINDA,FBMCL-00105,Booking Delivery,0,0,0,,MB NO.7635,SB-SL-1471,,,386,2026-04-22T09:40:00,False,,OUTSIDER,0,0,0,,,,,
473,,,HAJI ASHFAQ SB JPS,FBMCL-00042,Credit Customer,1500,0,0,,MB NO.7641,SB-SL-1472,,,387,2026-04-12T09:40:00,False,,OUTSIDER,0,0,0,,,,,
474,,,NAEEM ABBAS SB PARSUWAL,FBMCL-00183,Booking Delivery,0,0,0,,MB NO.7636,SB-SL-1473,,,388,2026-04-22T10:21:00,False,,OUTSIDER,0,0,0,,,,,
475,,,JAVED NUMBERDAR SB JPS,FBMCL-00083,Booking Delivery,0,0,0,,MB NO.7645,SB-SL-1474,,,389,2026-04-22T13:11:00,False,,JAHANGIR PARSUWAL,0,0,0,,,,,
476,,,Orphan45,ORPH-00045,Cash,30450,30450,0,,MB NO.7640,SB-SL-1475,,,,2026-04-22T13:13:00,False,"[MIGRATION] Orphan record. Original client: ""SAFDAR SB RUPOWAL"".",HAJI AHMED,1250,1250,0,,,,,
477,,,AZHAR BUTT SB JPS BUTT SWEETS,FBMCL-00190,Credit Customer,2960,0,0,,MB NO.7643,SB-SL-1476,,,390,2026-04-22T13:24:00,False,,OUTSIDER,0,0,0,,,,,
478,,,RAJA PARWEZ SB RANGPUR,FBMCL-00111,Credit Customer,29600,0,0,,MB NO.7646,SB-SL-1477,,,391,2026-04-22T17:37:00,False,,OUTSIDER,0,0,0,,,,,
479,,,MAZHAR SB DHAMTAL,FBMCL-00059,Booking Delivery,0,0,0,,MB NO.7648,SB-SL-1478,,,392,2026-04-21T17:38:00,False,,10 WHEELER,0,0,0,,,,,
480,,,DAWOOD SB HAZARA,FBMCL-00185,Cash,402592.2,402000,592.2,DISCOUNT,MB NO.7647,SB-SL-1479,,,,2026-04-22T08:52:00,False,,HAFIZ SHOIB,0,0,0,,,,,
481,,,QAISER SB HAZARA,FBMCL-00184,Cash,154044.5,154000,44.5,DISCOUNT,MB NO.7649,SB-SL-1480,,,,2026-04-23T09:05:52.645606,False,,HAJI AHMED,0,0,0,,,,,
482,,,CH MUHAMMAD AKRAM RIHANIA SB JPS,FBMCL-00167,Booking Delivery,0,0,0,,MB NO.7650,SB-SL-1481,,,393,2026-04-23T09:09:00,False,,OUTSIDER,0,0,0,,,,,
483,,,ABDUL AZEEM SB KHAN PUR KHOKHAR,FBMCL-00001,Booking Delivery,0,0,0,,MB NO.7651,SB-SL-1482,,,394,2026-04-23T09:17:00,False,,HAJI AHMED,0,0,0,,,,,
484,,,DR EHSAN SB DHINDA,FBMCL-00105,Booking Delivery,0,0,0,,MB NO.7652,SB-SL-1483,,,395,2026-04-23T09:20:00,False,,OUTSIDER,0,0,0,,,,,
485,,,MALIK ANSAR SB KHORI,FBMCL-00016,Credit Customer,16000,0,0,,MB NO.7653,SB-SL-1484,,,396,2026-04-23T09:45:00,False,,JAHANGIR PARSUWAL,1200,1200,0,,,,,
486,,,MUHAMMAD RAZAQ SB JPS,FBMCL-00147,Cash,26563.5,26560,3.5,DISCOUNT,MB NO.7657,SB-SL-1485,,,397,2026-04-23T10:23:00,False,,HAJI AHMED,400,400,0,,,,,
487,,,CH MUHAMMAD AKRAM RIHANIA SB JPS,FBMCL-00167,Booking Delivery,0,0,0,,MB NO.7660,SB-SL-1486,,,398,2026-04-23T11:32:00,False,,OUTSIDER,0,0,0,,,,,
488,,,ABDUL AZEEM SB KHAN PUR KHOKHAR,FBMCL-00001,Mixed Transaction,159216.2,0,0,,MB NO.7658,SB-SL-1487,,,399,2026-04-23T12:00:00,False,,HAFIZ SHOIB,7200,7200,0,,,,,
489,,,MIRZA AMJAD JAVED SB AJNALA SITE,FBMCL-00028,Credit Customer,1350,0,0,,MB NO.7664/2,SB-SL-1488,,,400,2026-04-23T13:57:00,False,,HAFIZ SHOIB,1350,1350,0,,,,,
490,,,RANA ZAHID SB JPS,FBMCL-00021,Credit Customer,14950,0,0,,MB NO.7665,SB-SL-1489,,,401,2026-04-23T14:08:00,False,,JAHANGIR PARSUWAL,350,350,0,,,,,
491,,,CH MUHAMMAD AKRAM RIHANIA SB JPS,FBMCL-00167,Booking Delivery,0,0,0,,MB NO.7660/2,SB-SL-1490,,,402,2026-04-23T14:18:00,False,,10 WHEELER,0,0,0,,,,,
492,,,Orphan6,ORPH-00006,Cash,6532.4,6532.4,0,,,SB-SL-1491,,,,2026-04-23T14:19:00,False,"[MIGRATION] Orphan record. Original client: ""MOHSIN SB PARSUWAL"".",ZAIN ALI,800,800,0,,,,,
493,,,NAEEM ABBAS SB PARSUWAL,FBMCL-00183,Booking Delivery,0,0,0,,MB NO.7666,SB-SL-1492,,,403,2026-04-23T14:37:00,False,,HAJI AHMED,3000.00000000792,2777.32,0,,,,,
494,,,NAEEM ABBAS SB PARSUWAL,FBMCL-00183,Booking Delivery,0,0,0,,MB NO.7662,SB-SL-1493,,,404,2026-04-23T14:48:00,False,,OUTSIDER,0,0,0,,,,,
495,,,MUHAMMAD ARIF BAIG SB KOANKH (KAMRAN NUMBERDAR),FBMCL-00177,Credit Customer,7350,0,0,,MB NO.7659,SB-SL-1494,,,405,2026-04-23T14:50:51.343576,False,,OUTSIDER,0,0,0,,,,,
496,,,FAISAL SB AJNALA,FBMCL-00088,Booking Delivery,0,0,0,,MB NO.7668,SB-SL-1495,,,406,2026-04-23T17:13:00,False,,OUTSIDER,0,0,0,,,,,
497,,,FAZAL ILAHI SB JALPUWAL,FBMCL-00051,Booking Delivery,0,0,0,,MB NO.7667,SB-SL-1496,,,407,2026-04-24T10:38:00,False,,HAFIZ SHOIB,2000,2000,0,,,,,
498,,,NAEEM ABBAS SB PARSUWAL,FBMCL-00183,Credit Customer,1170,0,0,,MB NO.7673-1,SB-SL-1497,,,408,2026-04-24T10:54:00,False,,OUTSIDER,0,0,0,,,,,
499,,,MALIK MUHAMMAD ASHRAF SB JPS,FBMCL-00160,Booking Delivery,0,0,0,,MB NO.7674,SB-SL-1498,,,409,2026-04-24T11:38:00,False,,HAFIZ SHOIB,0,0,0,,,,,
500,,,MUHAMMAD ALI SB MULL,FBMCL-00053,Booking Delivery,0,0,0,,MB NO.7676,SB-SL-1499,,,410,2026-04-25T12:41:00,False,,HAFIZ SHOIB,1200,1200,0,,,,,
501,,,MUHAMMAD ASGHAR FAUJI SB JPS,FBMCL-00070,Credit Customer,10200,0,0,,MB NO.7677,SB-SL-1500,,,411,2026-04-25T12:43:00,False,,HAJI AHMED,700,700,0,,,,,
502,,,MASTER ZAHOOR SB JPS,FBMCL-00145,Booking Delivery,0,0,0,,MB NO.7678,SB-SL-1501,,,412,2026-04-25T12:46:00,False,,SHARJEEL SAFWAN ABID,0,0,0,,,,,
503,,,SUBEDAR RIAZ SB JPS (HAJI ASHFAQ SB JPS),FBMCL-00141,Cash,20850,20850,0,,MB NO.7679,SB-SL-1502,,,,2026-04-25T12:47:00,False,,OUTSIDER,0,0,0,,,,,
504,,,Orphan15,ORPH-00015,Cash,2676.5,2670,6.5,DISCOUNT,MB NO.7680,SB-SL-1503,,,,2026-04-25T12:49:00,False,"[MIGRATION] Orphan record. Original client: ""SAGHEER SB JPS"".",OUTSIDER,0,0,0,,,,,
505,,,IMRAN SB KHATANA,FBMCL-00109,Cash,38250,38250,0,,MB NO.7681,SB-SL-1504,,,,2026-04-25T12:51:00,False,,JAHANGIR PARSUWAL,1500,1500,0,,,,,
506,,,Orphan80,ORPH-00080,Cash,2700,2700,0,,MB NO.7686,SB-SL-1505,,,,2026-04-25T12:57:00,False,"[MIGRATION] Orphan record. Original client: ""GHEER SB JPS"".",JAHANGIR PARSUWAL,0,0,0,,,,,
507,,,FAISAL SB AJNALA,FBMCL-00088,Booking Delivery,0,0,0,,MB NO.7688,SB-SL-1506,,,413,2026-04-25T13:00:00,False,,HAFIZ SHOIB,800,800,0,,,,,
508,,,JAWAD SB AJNALA JPS,FBMCL-00013,Credit Customer,3000,0,0,,MB NO.7692,SB-SL-1507,,,414,2026-04-25T13:06:00,False,,OUTSIDER,0,0,0,,,,,
509,,,SAFDAR ALI SB AJNALA (ASLAM CONT),FBMCL-00186,Credit Customer,132270.4,0,0.6,DISCOUNT,MB NO.7694/2,SB-SL-1508,,,415,2026-04-25T13:13:00,False,,HAFIZ SHOIB,1000,1000,0,,,,,
510,,,IMRAN SB KHATANA,FBMCL-00109,Cash,38250,38250,0,,MB NO.7695,SB-SL-1509,,,,2026-04-25T13:18:00,False,,JAHANGIR PARSUWAL,1500,1500,0,,,,,
511,,,Orphan16,ORPH-00016,Cash,40374,40200,174,DISCOUNT,MB NO.7699,SB-SL-1510,,,,2026-04-25T13:31:01.524430,False,"[MIGRATION] Orphan record. Original client: ""DR LATIF SB JPS"".",HAFIZ SHOIB,250,250,0,,,,,
512,,,MUHAMMAD RAZAQ SB JPS,FBMCL-00147,Booking Delivery,0,0,0,,MB NO.7704,SB-SL-1511,,,416,2026-04-25T14:27:00,False,,SHARJEEL SAFWAN ABID,0,0,0,,,,,
513,,,MUHAMMAD ASGHAR FAUJI SB JPS,FBMCL-00070,Credit Customer,3450,0,0,,MB NO.7705,SB-SL-1512,,,417,2026-04-25T14:38:00,False,,JAHANGIR PARSUWAL,700,700,0,,,,,
514,,,ARSALAN SB GHURAL(SALMAAN SB GHURAL),FBMCL-00193,Booking Delivery,0,0,0,,MB NO.7701,SB-SL-1513,,,418,2026-04-25T14:53:00,False,,HAFIZ SHOIB,1000,1000,0,,,,,
515,,,TUFAIL ABBAS SB RANGPUR,FBMCL-00132,Booking Delivery,0,0,0,,MB NO.7707,SB-SL-1514,,,419,2026-04-25T15:42:00,False,,OUTSIDER,0,0,0,,,,,
516,,,DR LATEEF SB JPS,FBMCL-00194,Credit Customer,36350,0,0,,MB NO.7700,SB-SL-1515,,,420,2026-04-25T16:09:00,False,,HAFIZ SHOIB,600,600,0,,,,,
517,,,NAEEM ABBAS SB PARSUWAL,FBMCL-00183,Booking Delivery,0,0,0,,MB NO.7708,SB-SL-1516,,,421,2026-04-25T16:28:00,False,,HAFIZ SHOIB,7000,7000,0,,,,,
518,,,MUHAMMAD ASGHAR FAUJI SB JPS,FBMCL-00070,Credit Customer,12225,0,0,,MB NO.7713,SB-SL-1517,,,422,2026-04-25T21:49:00,False,,JAHANGIR PARSUWAL,850,850,0,,,,,
519,,,MUHAMMAD ASHRAF SB JPS NEAR SCHOOL (SALEEM CONT),FBMCL-00073,Booking Delivery,0,0,0,,MB NO.7714,SB-SL-1518,,,423,2026-04-25T21:52:00,False,,OUTSIDER,0,0,0,,,,,
520,,,MUHAMMAD BASHEER SB CONT KOANKH,FBMCL-00067,Mixed Transaction,5747.5,0,0.5,DISCOUNT,MB NO.7715,SB-SL-1519,,,424,2026-04-25T22:06:00,False,,JAHANGIR PARSUWAL,800,800,0,,,,,
521,,,MUHAMMAD SHABEER SB CONT TIBBA AJNALA,FBMCL-00169,Booking Delivery,0,0,0,,MB NO.7719,SB-SL-1520,,,425,2026-04-25T22:09:00,False,,JAHANGIR PARSUWAL,1500,1500,0,,,,,
522,,,JAWAD SB AJNALA JPS,FBMCL-00013,Credit Customer,2960,0,0,,MB NO.7723,SB-SL-1521,,,426,2026-04-25T22:52:00,False,,OUTSIDER,0,0,0,,,,,
523,,,HAJI IQBAL SB JPS,FBMCL-00047,Booking Delivery,0,0,0,,MB NO.7721,SB-SL-1522,,,427,2026-04-25T22:55:00,False,,HAFIZ SHOIB,2080,2080,0,,,,,
524,,,MASTER ZAHOOR SB JPS,FBMCL-00145,Credit Customer,36382.5,0,0.5,DISCOUNT,MB NO.7638,SB-SL-1523,,,428,2026-04-22T23:59:00,False,,OUTSIDER,0,0,0,,,,,
525,,,MASTER ZAHOOR SB JPS,FBMCL-00145,Credit Customer,5518,0,0,,MB NO.7724,SB-SL-1524,,,429,2026-04-25T23:15:00,False,,OUTSIDER,0,0,0,,,,,
526,,,ARSALAN SB GHURAL(SALMAAN SB GHURAL),FBMCL-00193,Booking Delivery,0,0,0,,MB NO.7727,SB-SL-1525,,,430,2026-04-26T13:06:00,False,,HARIS SUFWAN ABID,1000,1000,0,,,,,
527,,,MUHAMMAD AKRAM SB SANTAL SURKHIYAN,FBMCL-00150,Booking Delivery,0,0,0,,MB NO.7718,SB-SL-1526,,,431,2026-04-26T13:11:00,False,,JAHANGIR PARSUWAL,1928.5714285695,0,0,,,,,
528,,,TUFAIL ABBAS SB RANGPUR,FBMCL-00132,Booking Delivery,0,0,0,,MB NO.7731,SB-SL-1527,,,432,2026-04-26T13:33:00,False,,OUTSIDER,0,0,0,,,,,
529,,,TARIQ MEHMOOD SB MALIKPUR,FBMCL-00176,Mixed Transaction,13407.39999999999,0,0,,MB NO.7736,SB-SL-1528,,,433,2026-04-26T15:23:49.103660,False,,HARIS SUFWAN ABID,699.999999998,700,1.999978849198669e-09,,,,,
530,,,ABDUL AZEEM SB KHAN PUR KHOKHAR,FBMCL-00001,Booking Delivery,0,0,0,,MB NO.7737,SB-SL-1529,,,434,2026-04-26T15:27:00,False,,HAFIZ SHOIB,0,0,0,,,,,
531,,,DR LATEEF SB JPS,FBMCL-00194,Credit Customer,36350,0,0,,MB NO.7735,SB-SL-1530,,,435,2026-04-26T15:36:00,False,,JAHANGIR PARSUWAL,600,600,0,,,,,
532,,,HAJI IQBAL SB JPS,FBMCL-00047,Booking Delivery,0,0,0,,MB NO.7739,SB-SL-1531,,,436,2026-04-26T16:49:00,False,,HARIS SUFWAN ABID,1040,1040,0,,,,,
533,,,MUHAMMAD ARSHAD SB GHURAL (SUBEDAR QADAR DAD SB),FBMCL-00175,Mixed Transaction,1638,0,0,,MB NO.7740,SB-SL-1532,,,437,2026-04-26T16:54:00,False,,OUTSIDER,0,0,0,,,,,
534,,,SAJID BAIG MAKKI KOANKH,FBMCL-00065,Booking Delivery,0,0,0,,MB NO.7742,SB-SL-1533,,,438,2026-04-26T17:10:00,False,,HAFIZ SHOIB,0,0,0,,,,,
535,,,SAJID BAIG MAKKI KOANKH,FBMCL-00065,Mixed Transaction,28637.5,0,0,,MB NO.7628,SB-SL-1534,,,439,2026-04-21T17:12:00,False,,HAFIZ SHOIB,1200,1200,0,,,,,
536,,,FIYAZ BAIG SB KOANKH,FBMCL-00055,Credit Customer,5225,0,0,,MB NO.7743,SB-SL-1535,,,440,2026-04-27T10:33:00,False,,OUTSIDER,0,0,0,,,,,
537,,,IBRAR ASHRAF SB MALIKPUR,FBMCL-00182,Booking Delivery,0,0,0,,MB NO.7744,SB-SL-1536,,,441,2026-04-26T10:34:00,False,,HARIS SUFWAN ABID,800,800,0,,,,,
538,,,YASIR YAQOOB SB DILAWARPUR,FBMCL-00163,Booking Delivery,0,0,0,,MB NO.7745,SB-SL-1537,,,442,2026-04-26T10:37:00,False,,OUTSIDER,0,0,0,,,,,
539,,,BILAL SB KOANKH (QARI EJAZ SB),FBMCL-00010,Booking Delivery,0,0,0,,MB NO.7749,SB-SL-1538,,,443,2026-04-27T10:57:00,False,,HAFIZ SHOIB,0,0,0,,,,,
540,,,GULZAAR SB GHURAIRA,FBMCL-00152,Booking Delivery,0,0,0,,MB NO.7750,SB-SL-1539,,,444,2026-04-27T10:58:00,False,,JAHANGIR PARSUWAL,0,0,0,,,,,
541,,,TAHIR SB AJNALA,FBMCL-00038,Booking Delivery,0,0,0,,MB NO.7752,SB-SL-1540,,,445,2026-04-27T11:28:00,False,,HAFIZ SHOIB,0,0,0,,,,,
542,,,MEHBOOB ALAM SB KOANKH,FBMCL-00046,Mixed Transaction,10850,0,0,,MB NO.7352/2,SB-SL-1541,,,446,2026-04-09T11:53:00,False,,OUTSIDER,0,0,0,,,,,
543,,,ABDUL SATTAR SB DHINDA FARM,FBMCL-00146,Booking Delivery,0,0,0,,MB NO.7754,SB-SL-1542,,,447,2026-04-27T12:32:00,False,,HARIS SUFWAN ABID,1250,1250,0,,,,,
544,,,ABDUL SATTAR SB DHINDA FARM,FBMCL-00146,Booking Delivery,0,0,0,,MB NO.7755,SB-SL-1543,,,448,2026-04-27T12:34:00,False,,HAFIZ SHOIB,1250,1250,0,,,,,
545,,,RANA ZAHEER SB JPS,FBMCL-00048,Credit Customer,14950,0,0,,MB NO.7756,SB-SL-1544,,,449,2026-04-27T12:35:00,False,,HARIS SUFWAN ABID,350,350,0,,,,,
546,,,SAIF ULLAH SB KOANKH,FBMCL-00172,Credit Customer,5120,5100,0,,MB NO.7760,SB-SL-1545,,,450,2026-04-27T12:45:00,False,,OUTSIDER,3000,0,0,,,,,
547,,,SAIF ULLAH SB KOANKH,FBMCL-00172,Booking Delivery,0,0,0,,MB NO.7762,SB-SL-1546,,,451,2026-04-27T12:50:00,False,,HAFIZ SHOIB,0,0,0,,,,,
548,,,MUHAMMAD ASGHAR FAUJI SB JPS,FBMCL-00070,Credit Customer,5840,0,0,,MB NO.7763,SB-SL-1547,,,452,2026-04-27T13:33:00,False,,OUTSIDER,0,0,0,,,,,
549,,,Orphan46,ORPH-00046,Cash,22400,22400,0,,MB NO.7764,SB-SL-1548,,,,2026-04-27T14:18:00,False,"[MIGRATION] Orphan record. Original client: ""RIAZ SB JPS"".",HARIS SUFWAN ABID,500,500,0,,,,,
550,,,TARIQ MEHMOOD SB MALIKPUR,FBMCL-00176,Cash,700,700,0,,MB NO.7766,SB-SL-1549,,,,2026-04-27T14:57:00,False,,OUTSIDER,0,0,0,,,,,
551,,,HAFIZ ABDUL JABBAR SB RANGPUR,FBMCL-00202,Cash,465,450,15,DISCOUNT,MB NO.7765,SB-SL-1550,,,,2026-04-27T14:59:12.565751,False,,OUTSIDER,0,0,0,,,,,
552,,,MUHAMMAD ASGHAR FAUJI SB JPS,FBMCL-00070,Credit Customer,2920,0,0,,MB NO.7763/2,SB-SL-1551,,,453,2026-04-27T15:13:00,False,,OUTSIDER,0,0,0,,,,,
553,,,DR LATEEF SB JPS,FBMCL-00194,Credit Customer,36350,0,0,,MB NO.7768,SB-SL-1552,,,454,2026-04-27T16:36:00,False,,HAFIZ SHOIB,600,600,0,,,,,
554,,,MUHAMMAD ASHRAF SB JPS NEAR SCHOOL (SALEEM CONT),FBMCL-00073,Booking Delivery,0,0,0,,MB NO.7770,SB-SL-1553,,,455,2026-04-27T16:42:00,False,,OUTSIDER,0,0,0,,,,,
555,,,IMRAN SB KHATANA,FBMCL-00109,Cash,38625,38625,0,,MB NO.7773,SB-SL-1554,,,,2026-04-28T09:26:00,False,,HAFIZ SHOIB,1500,1500,0,,,,,
556,,,SAFDAR ALI SB AJNALA (ASLAM CONT),FBMCL-00186,Booking Delivery,0,0,0,,MB NO.7774,SB-SL-1555,,,456,2026-04-28T09:28:00,False,,HAFIZ SHOIB,1000,1000,0,,,,,
557,,,DR LATEEF SB JPS,FBMCL-00194,Credit Customer,1680,0,0,,MB NO.7776,SB-SL-1556,,,457,2026-04-28T10:27:00,False,,OUTSIDER,0,0,0,,,,,
558,,,CH MUHAMMAD AKRAM RIHANIA SB JPS,FBMCL-00167,Booking Delivery,0,0,0,,MB NO.7777,SB-SL-1557,,,458,2026-04-28T10:29:00,False,,HAFIZ SHOIB,0,0,0,,,,,
559,,,JAWAD SB AJNALA JPS,FBMCL-00013,Credit Customer,2960,0,0,,MB NO.7778,SB-SL-1558,,,459,2026-04-28T10:31:00,False,,OUTSIDER,0,0,0,,,,,
560,,,RAJA ALTAF SB JPS,FBMCL-00153,Booking Delivery,0,0,0,,MB NO.7780,SB-SL-1559,,,460,2026-04-28T10:34:00,False,,HARIS SUFWAN ABID,600,600,0,,,,,
561,,,MUHAMMAD ARSHAD SB GHURAL (SUBEDAR QADAR DAD SB),FBMCL-00175,Booking Delivery,0,0,0,,MB NO.7781,SB-SL-1560,,,461,2026-04-28T10:35:00,False,,HAFIZ SHOIB,0,0,0,,,,,
563,,,MUHAMMAD ASHRAF SB JPS NEAR SCHOOL (SALEEM CONT),FBMCL-00073,Booking Delivery,0,0,0,,MB NO.7784,SB-SL-1562,,,463,2026-04-28T11:14:00,False,,OUTSIDER,0,0,0,,,,,
564,,,MALIK JAVED SB KHAN PUR KHOKHAR,FBMCL-00025,Booking Delivery,0,0,0,,MB NO.7786,SB-SL-1563,,,464,2026-04-28T11:17:00,False,,HAFIZ SHOIB,0,0,0,,,,,
565,,,TAHIR SB AJNALA,FBMCL-00038,Booking Delivery,0,0,0,,MB NO.7787,SB-SL-1564,,,465,2026-04-28T11:23:00,False,,20 WHEELER,0,0,0,,,,,
566,,,MUHAMMAD ARSHAD SB GHURAL (SUBEDAR QADAR DAD SB),FBMCL-00175,Credit Customer,1599,0,0,,MB NO.7788,SB-SL-1565,,,466,2026-04-28T11:25:00,False,,OUTSIDER,0,0,0,,,,,
567,,,TARIQ MEHMOOD SB MALIKPUR,FBMCL-00176,Booking Delivery,0,0,0,,MB NO.7790,SB-SL-1566,,,467,2026-04-28T12:37:00,False,,HAFIZ SHOIB,2800,2800,0,,,,,
568,,,CH MUHAMMAD AKRAM RIHANIA SB JPS,FBMCL-00167,Booking Delivery,0,0,0,,MB NO.7797,SB-SL-1567,,,468,2026-04-28T15:42:00,False,,HAFIZ SHOIB,0,0,0,,,,,
569,,,MUHAMMAD ARSHAD SB GHURAL (SUBEDAR QADAR DAD SB),FBMCL-00175,Credit Customer,2100,0,0,,MB NO.7788/7794,SB-SL-1568,,,469,2026-04-12T15:43:00,False,,OUTSIDER,0,0,0,,,,,
570,,,SHEHBAZ BAIG SB KOANKH,FBMCL-00006,Cash,8700,8700,0,,MB NO.7798,SB-SL-1569,,,,2026-04-28T16:26:00,False,,JAHANGIR PARSUWAL,600,600,0,,,,,
571,,,ARSALAN SB GHURAL(SALMAAN SB GHURAL),FBMCL-00193,Booking Delivery,0,0,0,,MB NO.7799,SB-SL-1570,,,470,2026-04-28T16:28:00,False,,HARIS SUFWAN ABID,1000,1000,0,,,,,
572,,,NAUMAN RIHANIA SB JPS,FBMCL-00116,Credit Customer,1460,0,0,,MB NO.7570,SB-SL-1571,,,471,2026-04-19T09:26:00,False,,OUTSIDER,0,0,0,,,,,
573,,,NAUMAN RIHANIA SB JPS,FBMCL-00116,Credit Customer,20020,20000,0,,MB NO.7808,SB-SL-1572,,,472,2026-04-29T09:27:00,False,,HAFIZ SHOIB,0,0,0,,,,,
574,,,MIRZA AMJAD JAVED SB AJNALA SITE,FBMCL-00028,Credit Customer,37850,0,0,,MB NO.7802,SB-SL-1573,,,473,2026-04-28T09:58:00,False,,JAHANGIR PARSUWAL,1350,1350,0,,,,,
575,,,MUHAMMAD QASIM SB MALIKPUR,FBMCL-00134,Booking Delivery,0,0,0,,MB NO.7805,SB-SL-1574,,,474,2026-04-29T09:49:00,False,,HAFIZ SHOIB,0,0,0,,,,,
576,,,CH MUHAMMAD AKRAM RIHANIA SB JPS,FBMCL-00167,Booking Delivery,0,0,0,,MB NO.7809,SB-SL-1575,,,475,2026-04-29T10:07:00,False,,HARIS SUFWAN ABID,0,0,0,,,,,
577,,,DR LATEEF SB JPS,FBMCL-00194,Credit Customer,36350,0,0,,MB NO.7806,SB-SL-1576,,,476,2026-04-29T10:10:00,False,,HAFIZ SHOIB,600,600,0,,,,,
578,,,RAOOF SB GHURAL,FBMCL-00197,Booking Delivery,0,0,0,,MB NO.7811,SB-SL-1577,,,477,2026-04-29T12:20:00,False,,JAHANGIR PARSUWAL,1100,1100,0,,,,,
579,,,FAZAL ILAHI SB JALPUWAL,FBMCL-00051,Mixed Transaction,53652.3,0,0.3,DISCOUNT,MB NO.7814,SB-SL-1578,,,478,2026-04-29T15:32:00,False,,HAFIZ SHOIB,1000,1000,0,,,,,
580,,,ABDUL SATTAR SB DHINDA FARM,FBMCL-00146,Credit Customer,37250,0,0,,MB NO.7815,SB-SL-1579,,,479,2026-04-29T15:43:00,False,,HARIS SUFWAN ABID,1250,1250,0,,,,,
581,,,MUHAMMAD ASHRAF SB JPS NEAR SCHOOL (SALEEM CONT),FBMCL-00073,Booking Delivery,0,0,0,,MB NO.7816,SB-SL-1580,,,480,2026-04-29T15:58:00,False,,OUTSIDER,0,0,0,,,,,
582,,,SAEED KHAN SN JPS KOANKH,FBMCL-00199,Booking Delivery,0,0,0,,MB NO.7818,SB-SL-1581,,,481,2026-04-29T19:14:00,False,,HAFIZ SHOIB,0,0,0,,,,,
583,,,IBRAR ASHRAF SB MALIKPUR,FBMCL-00182,Booking Delivery,0,0,0,,MB NO.7819,SB-SL-1582,,,482,2026-04-29T19:18:00,False,,HARIS SUFWAN ABID,560,560,0,,,,,
584,,,Orphan11,ORPH-00011,Cash,9360,9360,0,,MB NO.7820,SB-SL-1583,,,,2026-04-29T19:20:00,False,"[MIGRATION] Orphan record. Original client: ""BILAL SB KOANKH"".",HAFIZ SHOIB,600,600,0,,,,,
585,,,TARIQ BUTT SB JPS,FBMCL-00108,Booking Delivery,0,0,0,,MB NO.7821,SB-SL-1584,,,483,2026-04-29T19:22:00,False,,OUTSIDER,0,0,0,,,,,
586,,,RAOOF SB GHURAL,FBMCL-00197,Cash,2100,2100,0,,MB NO.7823,SB-SL-1585,,,,2026-04-29T19:23:00,False,,OUTSIDER,0,0,0,,,,,
587,,,DR AMIN SB JPS,FBMCL-00192,Booking Delivery,0,0,0,,MB NO.7825,SB-SL-1586,,,484,2026-04-29T19:29:00,False,,HAFIZ SHOIB,600,600,0,,,,,
588,,,SUBEDAR RIAZ SB JPS (HAJI ASHFAQ SB JPS),FBMCL-00141,Cash,9000,9000,0,,MB NO.7826,SB-SL-1587,,,,2026-04-30T11:27:00,False,,HAFIZ SHOIB,300,300,0,,,,,
589,,,FAKHAR SHAH SB AJNALA,FBMCL-00171,Credit Customer,5970,0,0,,MB NO.7827,SB-SL-1588,,,485,2026-04-30T11:27:00,False,,HARIS SUFWAN ABID,700,700,0,,,,,
590,,,MUHAMMAD ALI SB MULL,FBMCL-00053,Booking Delivery,0,0,0,,MB NO.7828,SB-SL-1589,,,486,2026-04-30T20:25:00,False,,HARIS SUFWAN ABID,1200,1200,0,,,,,
591,,,DR LATEEF SB JPS,FBMCL-00194,Credit Customer,30040,0,0,,MB NO.7830,SB-SL-1590,,,487,2026-04-30T20:25:00,False,,HAFIZ SHOIB,600,600,0,,,,,
592,,,JAWAD SB AJNALA JPS,FBMCL-00013,Credit Customer,2960,0,0,,MB NO.7831,SB-SL-1591,,,488,2026-04-30T20:23:00,False,,OUTSIDER,0,0,0,,,,,
593,,,MIRZA REHMAN SB JPS,FBMCL-00191,Booking Delivery,0,0,0,,MB NO.7834,SB-SL-1592,,,489,2026-04-30T11:34:00,False,,HAFIZ SHOIB,0,0,0,,,,,
594,,,AHMED SUBHANI SB AJNALA,FBMCL-00033,Cash,1470,1470,0,,MB NO.7837,SB-SL-1593,,,490,2026-04-30T11:51:00,False,,OUTSIDER,0,0,0,,,,,
595,,,MASTER ZAHOOR SB JPS,FBMCL-00145,Booking Delivery,0,0,0,,MB NO.7836,SB-SL-1594,,,491,2026-04-30T12:05:00,False,,OUTSIDER,0,0,0,,,,,
596,,,SHEHBAZ BAIG SB KOANKH,FBMCL-00006,Booking Delivery,0,0,0,,MB NO.7838,SB-SL-1595,,,492,2026-04-30T13:15:00,False,,HAFIZ SHOIB,1200,1200,0,,,,,
597,,,ABDULLAH SB HANDA STOP,FBMCL-00198,Booking Delivery,0,0,0,,MB NO.7845,SB-SL-1596,,,493,2026-04-30T14:37:00,False,,HARIS SUFWAN ABID,1200,1200,0,,,,,
598,,,HDC SYED TASSAWAR SHAH SB MALIKPUR SITE,FBMCL-00200,Credit Customer,12000,0,0,,MB NO.1710,SB-SL-1597,,,494,2025-06-26T15:28:00,False,,OUTSIDER,0,0,0,,,,,
599,,,HDC SYED TASSAWAR SHAH SB MALIKPUR SITE,FBMCL-00200,Booking Delivery,0,0,0,,MB NO.1820,SB-SL-1598,,,495,2025-07-07T15:54:00,False,,HAJI AHMED,200,200,0,,,,,
601,,,GULZAAR SB GHURAIRA,FBMCL-00152,Booking Delivery,0,0,0,,MB NO.7846,SB-SL-1600,,,497,2026-04-30T16:07:00,False,,HARIS SUFWAN ABID,0,0,0,,,,,
602,,,MIRZA REHMAN SB JPS,FBMCL-00191,Booking Delivery,0,0,0,,MB NO.7848,SB-SL-1601,,,498,2026-04-30T16:11:00,False,,HAFIZ SHOIB,0,0,0,,,,,
603,,,HDC SYED TASSAWAR SHAH SB MALIKPUR SITE,FBMCL-00200,Mixed Transaction,7246,0,0,,MB NO.2778,SB-SL-1602,,,499,2026-04-30T16:49:22.431426,False,,HAJI AHMED,4574,4574,0,,,,,
604,,,MALIK MUHAMMAD ASHRAF SB JPS,FBMCL-00160,Booking Delivery,0,0,0,,MB NO.7850,SB-SL-1603,,,500,2026-05-01T09:02:00,False,,OUTSIDER,0,0,0,,,,,
605,,,JAMEEL SB JAGWAN,FBMCL-00158,Mixed Transaction,2000,0,0,,MB NO.7869,SB-SL-1604,,,501,2026-05-02T09:33:00,False,,OUTSIDER,0,0,0,,,,,
606,,,HAJI WARIS SB JPS,FBMCL-00071,Booking Delivery,0,0,0,,MB NO.7871,SB-SL-1605,,,502,2026-05-02T09:39:00,False,,ZAHID LOADER,0,0,0,,,,,
607,,,IMRAN SB KHATANA,FBMCL-00109,Cash,4200,4200,0,,,SB-SL-1606,,,,2026-05-02T10:43:00,False,,OUTSIDER,0,0,0,,,,,
608,,,DR LATEEF SB JPS,FBMCL-00194,Credit Customer,22050,0,0,,MB NO.7874,SB-SL-1607,,,503,2026-05-02T10:54:00,False,,HAFIZ SHOIB,600,600,0,,,,,
609,,,SAEED KHAN SN JPS KOANKH,FBMCL-00199,Mixed Transaction,1000,0,0,,MB NO.7875,SB-SL-1608,,,504,2026-05-02T10:55:00,False,,HAFIZ SHOIB,1000,1000,0,,,,,
610,,,RAOOF SB GHURAL,FBMCL-00197,Booking Delivery,0,0,0,,MB NO.7876,SB-SL-1609,,,505,2026-05-02T11:00:00,False,,HARIS SUFWAN ABID,1100,1100,0,,,,,
611,,,ABDUL SATTAR SB DHINDA FARM,FBMCL-00146,Credit Customer,38000,0,0,,MB NO.7878,SB-SL-1610,,,506,2026-05-02T11:04:55.332228,False,,JAHANGIR PARSUWAL,1250,1250,0,,,,,
612,,,MALIK MEHDI KHAN SB JPS,FBMCL-00036,Credit Customer,15290,0,0,,MB NO.7879,SB-SL-1611,,,507,2026-05-02T11:20:00,False,,JAHANGIR PARSUWAL,800,800,0,,,,,
613,,,MUHAMMAD ASHRAF SB JPS NEAR SCHOOL (SALEEM CONT),FBMCL-00073,Booking Delivery,0,0,0,,MB NO.7880,SB-SL-1612,,,508,2026-05-02T11:23:00,False,,OUTSIDER,0,0,0,,,,,
614,,,MASTER ZAHOOR SB JPS,FBMCL-00145,Credit Customer,585,0,0,,MB NO.7881,SB-SL-1613,,,509,2026-05-02T11:24:00,False,,OUTSIDER,0,0,0,,,,,
615,,,MIRZA AMJAD JAVED SB AJNALA SITE,FBMCL-00028,Credit Customer,38600,0,0,,MB NO.7882,SB-SL-1614,,,510,2026-05-02T11:26:00,False,,HARIS SUFWAN ABID,1350,1350,0,,,,,
616,,,NAUMAN RIHANIA SB JPS,FBMCL-00116,Mixed Transaction,600,0,0,,MB NO.7884,SB-SL-1615,,,511,2026-05-02T11:30:00,False,,JAHANGIR PARSUWAL,600,600,0,,,,,
617,,,TAHIR SB AJNALA,FBMCL-00038,Credit Customer,11500,0,0,,MB NO.7898,SB-SL-1616,,,512,2026-05-02T11:34:00,False,,JAHANGIR PARSUWAL,2500,2500,0,,,,,
618,,,Orphan47,ORPH-00047,Cash,5151,5100,51,DISCOUNT,MB NO.7887,SB-SL-1617,,,,2026-05-02T12:12:00,False,"[MIGRATION] Orphan record. Original client: ""ASGHAR SB HAJI WALA"".",OUTSIDER,0,0,0,,,,,
619,,,JAVED NUMBERDAR SB JPS,FBMCL-00083,Booking Delivery,0,0,0,,MB NO.7889,SB-SL-1618,,,513,2026-05-02T12:14:00,False,,JAHANGIR PARSUWAL,0,0,0,,,,,
620,,,IMRAN SB KHATANA,FBMCL-00109,Booking Delivery,0,0,0,,MB NO.7893,SB-SL-1619,,,514,2026-05-02T13:13:00,False,,10 WHEELER,0,0,0,,,,,
621,,,BILAL SB KOANKH (QARI EJAZ SB),FBMCL-00010,Booking Delivery,0,0,0,,MB NO.7895,SB-SL-1620,,,515,2026-05-02T13:15:00,False,,JAHANGIR PARSUWAL,0,0,0,,,,,
622,,,HAFIZ ABDUL JABBAR SB RANGPUR,FBMCL-00202,Booking Delivery,0,0,0,,MB NO.7900,SB-SL-1621,,,516,2026-05-02T14:25:00,False,,OUTSIDER,0,0,0,,,,,
623,,,MALIK MUHAMMAD ASHRAF SB JPS,FBMCL-00160,Booking Delivery,0,0,0,,MB NO.7905,SB-SL-1622,,,517,2026-05-02T15:05:00,False,,OUTSIDER,0,0,0,,,,,
625,,,HDC SYED TASSAWAR SHAH SB MALIKPUR SITE,FBMCL-00200,Booking Delivery,0,0,0,,MB NO.2903,SB-SL-1624,,,519,2025-10-11T15:39:00,False,,HAJI AHMED,520,520,0,,,,,
626,,,HDC SYED TASSAWAR SHAH SB MALIKPUR SITE,FBMCL-00200,Booking Delivery,0,0,0,,MB NO.2935,SB-SL-1625,,,520,2025-10-12T09:09:00,False,,HAJI AHMED,400,400,0,,,,,
627,,,HDC SYED TASSAWAR SHAH SB MALIKPUR SITE,FBMCL-00200,Booking Delivery,0,0,0,,MB NO.2793,SB-SL-1626,,,521,2025-10-14T16:46:00,False,,OUTSIDER,0,0,0,,,,,
628,,,HDC SYED TASSAWAR SHAH SB MALIKPUR SITE,FBMCL-00200,Booking Delivery,0,0,0,,MB NO.2975,SB-SL-1627,,,522,2025-10-15T00:00:00,False,,HAJI AHMED,240,0,0,,,,,
629,,,SAJID BAIG MAKKI KOANKH,FBMCL-00065,Mixed Transaction,1000,0,0,,MB NO.7910,SB-SL-1628,,,523,2026-05-03T08:46:00,False,,HARIS SUFWAN ABID,1000,1000,0,,,,,
630,,,Orphan81,ORPH-00081,Cash,29000,29000,0,,MB NO.7906,SB-SL-1629,,,,2026-05-02T08:52:00,False,"[MIGRATION] Orphan record. Original client: ""SIKANDAR IQBAL SB JAGUWAN"".",OUTSIDER,0,0,0,,,,,
631,,,Orphan5,ORPH-00005,Cash,9270,9250,20,DISCOUNT,MB NO.7907,SB-SL-1630,,,,2026-05-02T09:11:00,False,"[MIGRATION] Orphan record. Original client: ""AMIR SB AJNALA"".",HAFIZ SHOIB,1200,1200,0,,,,,
632,,,SAIF ULLAH SB KOANKH,FBMCL-00172,Booking Delivery,0,0,0,,MB NO.7908,SB-SL-1631,,,524,2026-05-03T09:14:00,False,,HARIS SUFWAN ABID,0,0,0,,,,,
633,,,MUHAMMAD SHABEER SB CONT TIBBA AJNALA,FBMCL-00169,Booking Delivery,0,0,0,,MB NO.7911,SB-SL-1632,,,525,2026-05-03T09:19:00,False,,HAFIZ SHOIB,1500,1500,0,,,,,
634,,,MALIK MEHDI KHAN SB JPS,FBMCL-00036,Credit Customer,750,0,0,,MB NO.7912,SB-SL-1633,,,526,2026-05-03T09:39:00,False,,OUTSIDER,0,0,0,,,,,
635,,,RAOOF SB GHURAL,FBMCL-00197,Booking Delivery,0,0,0,,MB NO.7913,SB-SL-1634,,,527,2026-05-03T09:46:00,False,,HARIS SUFWAN ABID,1100,1100,0,,,,,
636,,,MASTER ZAHOOR SB JPS,FBMCL-00145,Credit Customer,3616,0,0,,MB NO.7916,SB-SL-1635,,,528,2026-05-03T11:13:00,False,,OUTSIDER,0,0,0,,,,,
637,,,MALIK ADNAN,FBMCL-00023,Credit Customer,30500,0,0,,MB NO.7917,SB-SL-1636,,,529,2026-05-03T11:14:00,False,,JAHANGIR PARSUWAL,700,700,0,,,,,
638,,,MIRZA REHMAN SB JPS,FBMCL-00191,Booking Delivery,0,0,0,,MB NO.7919,SB-SL-1637,,,530,2026-05-03T11:52:00,False,,JAHANGIR PARSUWAL,0,0,0,,,,,
639,,,BASHEER SHAH SB GHURAIRA( KAKU SHAH),FBMCL-00135,Booking Delivery,0,0,0,,MB NO.7915,SB-SL-1638,,,531,2026-05-03T12:07:00,False,,ZAHID LOADER,0,0,0,,,,,
640,,,RAJA ALTAF SB JPS,FBMCL-00153,Mixed Transaction,10524,0,0,,MB NO.7923,SB-SL-1639,,,532,2026-05-03T12:12:00,False,,HAFIZ SHOIB,600,600,0,,,,,
641,,,FAZAL ILAHI SB JALPUWAL,FBMCL-00051,Mixed Transaction,28535.5,0,0.5,DISCOUNT,MB NO.7920,SB-SL-1640,,,533,2026-05-03T12:44:00,False,,JAHANGIR PARSUWAL,750,750,0,,,,,
642,,,RANA ZAHEER SB JPS,FBMCL-00048,Credit Customer,14950,0,0,,MB NO.7926,SB-SL-1641,,,534,2026-05-03T13:04:00,False,,HARIS SUFWAN ABID,350,350,0,,,,,
643,,,ABDUL SATTAR SB DHINDA FARM,FBMCL-00146,Credit Customer,22500,0,0,,MB NO.7934,SB-SL-1642,,,535,2026-05-03T14:50:00,False,,JAHANGIR PARSUWAL,750,750,0,,,,,
644,,,ARSALAN SB GHURAL(SALMAAN SB GHURAL),FBMCL-00193,Booking Delivery,0,0,0,,MB NO.7921,SB-SL-1643,,,536,2026-05-03T15:21:00,False,,HARIS SUFWAN ABID,3200,3200,0,,,,,
645,,,Orphan48,ORPH-00048,Cash,1242,1240,2,DISCOUNT,MB NO.7924,SB-SL-1644,,,,2026-05-03T15:25:00,False,"[MIGRATION] Orphan record. Original client: ""ASIF SB GHURAIRA"".",OUTSIDER,0,0,0,,,,,
646,,,MALIK MUHAMMAD ASHRAF SB JPS,FBMCL-00160,Booking Delivery,0,0,0,,MB NO.7930,SB-SL-1645,,,537,2026-05-03T15:36:00,False,,OUTSIDER,0,0,0,,,,,
647,,,HAFIZ ABDUL JABBAR SB RANGPUR,FBMCL-00202,Booking Delivery,0,0,0,,MB NO.7932,SB-SL-1646,,,538,2026-05-03T15:38:00,False,,OUTSIDER,0,0,0,,,,,
648,,,ABDUL SATTAR SB DHINDA FARM,FBMCL-00146,Credit Customer,22500,0,0,,MB NO.7935,SB-SL-1647,,,539,2026-05-03T15:55:00,False,,HARIS SUFWAN ABID,750,750,0,,,,,
649,,,SAFDAR ALI SB AJNALA (ASLAM CONT),FBMCL-00186,Booking Delivery,0,0,0,,MB NO.7936,SB-SL-1648,,,540,2026-05-03T16:01:00,False,,HAFIZ SHOIB,1000,1000,0,,,,,
650,,,SHEHBAZ BAIG SB KOANKH,FBMCL-00006,Booking Delivery,0,0,0,,MB NO.7944,SB-SL-1649,,,541,2026-05-02T09:32:00,False,,HAFIZ SHOIB,12000,12000,0,,,,,
651,,,Orphan8,ORPH-00008,Cash,32100,32100,0,,MB NO.7938,SB-SL-1650,,,,2026-05-03T10:13:00,False,"[MIGRATION] Orphan record. Original client: ""MUHAMMAD ALI SB KOANKH"".",HAFIZ SHOIB,1000,1000,0,,,,,
652,,,Orphan49,ORPH-00049,Cash,16610,16600,10,DISCOUNT,,SB-SL-1651,,,,2026-05-04T10:33:26.686572,False,"[MIGRATION] Orphan record. Original client: ""PARWEZ SB JPS"".",OUTSIDER,0,0,0,,,,,
653,,,ABDULLAH SB HANDA STOP,FBMCL-00198,Booking Delivery,0,0,0,,MB NO.7943,SB-SL-1652,,,542,2026-05-04T10:50:00,False,,HAFIZ SHOIB,4800,4800,0,,,,,
654,,,Orphan8,ORPH-00008,Cash,30000,30000,0,,,SB-SL-1653,,,,2026-05-04T11:07:00,False,"[MIGRATION] Orphan record. Original client: ""MUHAMMAD ALI SB KOANKH"".",HAFIZ SHOIB,1000,1000,0,,,,,
655,,,Orphan6,ORPH-00006,Cash,7122.5,7000,122.5,DISCOUNT,MB NO.7951,SB-SL-1654,,,,2026-05-04T11:40:00,False,"[MIGRATION] Orphan record. Original client: ""MOHSIN SB PARSUWAL"".",OUTSIDER,0,0,0,,,,,
656,,,RAOOF SB GHURAL,FBMCL-00197,Mixed Transaction,2100,0,0,,MB NO.7952,SB-SL-1655,,,543,2026-05-04T11:42:00,False,,HARIS SUFWAN ABID,1100,1100,0,,,,,
657,,,SHEHZAD SB GHURAIRA,FBMCL-00204,Mixed Transaction,343,0,0,,MB NO.7954,SB-SL-1656,,,544,2026-05-04T12:14:00,False,,HARIS SUFWAN ABID,3000,3000,0,,,,,
658,,,Orphan12,ORPH-00012,Cash,30000,30000,0,,,SB-SL-1657,,,,2026-05-04T15:07:00,False,"[MIGRATION] Orphan record. Original client: ""CH AWAIZ AJNALA (ASLAM CONT)"".",HAFIZ SHOIB,1000,1000,0,,,,,
659,,,Orphan12,ORPH-00012,Cash,30000,30000,0,,,SB-SL-1658,,,,2026-05-04T15:07:00,False,"[MIGRATION] Orphan record. Original client: ""CH AWAIZ AJNALA (ASLAM CONT)"".",HAFIZ SHOIB,1000,1000,0,,,,,
660,,,HDC SYED TASSAWAR SHAH SB MALIKPUR SITE,FBMCL-00200,Booking Delivery,0,0,0,,MB NO.3089,SB-SL-1659,,,545,2025-10-10T15:22:00,False,,HAJI AHMED,400,0,0,,,,,
661,,,HDC SYED TASSAWAR SHAH SB MALIKPUR SITE,FBMCL-00200,Mixed Transaction,23972,0,0,,MB NO.3170,SB-SL-1660,,,546,2025-10-23T15:25:00,False,,HAJI AHMED,790,790,0,,,,,
662,,,HDC SYED TASSAWAR SHAH SB MALIKPUR SITE,FBMCL-00200,Booking Delivery,0,0,0,,MB NO.3190,SB-SL-1661,,,547,2025-10-25T15:41:00,False,,HAJI AHMED,800,800,0,,,,,
663,,,HDC SYED TASSAWAR SHAH SB MALIKPUR SITE,FBMCL-00200,Booking Delivery,0,0,0,,MB NO.3198,SB-SL-1662,,,548,2025-10-25T15:56:00,False,,HAJI AHMED,1600,1600,0,,,,,
664,,,HAFIZ ABDUL JABBAR SB RANGPUR,FBMCL-00202,Booking Delivery,0,0,0,,MB NO.7961,SB-SL-1663,,,549,2026-05-04T16:06:00,False,,OUTSIDER,0,0,0,,,,,
665,,,HDC SYED TASSAWAR SHAH SB MALIKPUR SITE,FBMCL-00200,Booking Delivery,0,0,0,,MB NO.3203,SB-SL-1664,,,550,2025-10-22T16:13:00,False,,HAJI AHMED,400,400,0,,,,,
666,,,HDC SYED TASSAWAR SHAH SB MALIKPUR SITE,FBMCL-00200,Booking Delivery,0,0,0,,MB NO.3216,SB-SL-1665,,,551,2026-05-04T16:23:10.069378,False,,HAJI AHMED,200,200,0,,,,,
667,,,HDC SYED TASSAWAR SHAH SB MALIKPUR SITE,FBMCL-00200,Booking Delivery,0,0,0,,MB NO.3262,SB-SL-1666,,,552,2025-10-27T16:23:00,False,,HAJI AHMED,200,200,0,,,,,
668,,,HDC SYED TASSAWAR SHAH SB MALIKPUR SITE,FBMCL-00200,Booking Delivery,0,0,0,,MB NO.3271,SB-SL-1667,,,553,2025-10-29T16:28:00,False,,HAJI AHMED,200,200,0,,,,,
669,,,HAJI WARIS SB JPS,FBMCL-00071,Booking Delivery,0,0,0,,MB NO.7962,SB-SL-1668,,,554,2026-05-05T09:17:51.906635,False,,OUTSIDER,0,0,0,,,,,
670,,,HDC SYED TASSAWAR SHAH SB MALIKPUR SITE,FBMCL-00200,Mixed Transaction,300,0,0,,MB NO.3298,SB-SL-1669,,,555,2025-10-30T09:39:00,False,,HAJI AHMED,500,500,0,,,,,
671,,,ABDUL SATTAR SB DHINDA FARM,FBMCL-00146,Credit Customer,37500,0,0,,MB NO.7967,SB-SL-1670,,,556,2026-05-05T10:01:49.507460,False,,HARIS SUFWAN ABID,1250,1250,0,,,,,
672,,,HDC SYED TASSAWAR SHAH SB MALIKPUR SITE,FBMCL-00200,Mixed Transaction,4500,0,0,,MB NO.3342,SB-SL-1671,,,557,2025-11-02T10:03:00,False,,HAJI AHMED,196,196,0,,,,,
673,,,MUHAMMAD BASHEER SB CONT KOANKH,FBMCL-00067,Booking Delivery,0,0,0,,MB NO.7971,SB-SL-1672,,,558,2026-05-05T10:57:00,False,,JAHANGIR PARSUWAL,600,600,0,,,,,
674,,,MUHAMMAD SALEEM SB RUPOWAL,FBMCL-00113,Credit Customer,31000,0,0,,MB NO.7964,SB-SL-1673,,,559,2026-05-05T11:37:00,False,,JAHANGIR PARSUWAL,1200,1200,0,,,,,
675,,,HAFIZ TAUSEEF SB AJNALA,FBMCL-00125,Credit Customer,4350,0,0,,MB NO.7965,SB-SL-1674,,,560,2026-05-05T11:43:00,False,,OUTSIDER,0,0,0,,,,,
676,,,FIYAZ BAIG SB KOANKH,FBMCL-00055,Credit Customer,30240,0,0,,MB NO.7970,SB-SL-1675,,,561,2026-05-05T12:09:00,False,,HAFIZ SHOIB,1000,1000,0,,,,,
677,,,HAFIZ ABDUL JABBAR SB RANGPUR,FBMCL-00202,Booking Delivery,0,0,0,,MB NO.7975,SB-SL-1676,,,562,2026-05-05T12:30:00,False,,OUTSIDER,0,0,0,,,,,
678,,,HAJI IQBAL SB JPS,FBMCL-00047,Booking Delivery,0,0,0,,MB NO.7977,SB-SL-1677,,,563,2026-05-05T12:41:00,False,,ALI HAMZA,520,520,0,,,,,
679,,,MUHAMMMAD AWAIS SB PARSUWAL,FBMCL-00164,Booking Delivery,0,0,0,,MB NO.7978,SB-SL-1678,,,564,2026-05-05T12:56:00,False,,OUTSIDER,0,0,0,,,,,
680,,,IMRAN SB KHATANA,FBMCL-00109,Cash,38750,38750,0,,MB NO.7983,SB-SL-1679,,,565,2026-05-05T12:59:00,False,,JAHANGIR PARSUWAL,1500,1500,0,,,,,
681,,,Orphan25,ORPH-00025,Cash,8216,8200,16,DISCOUNT,MB NO.7979,SB-SL-1680,,,,2026-05-05T13:25:10.444703,False,"[MIGRATION] Orphan record. Original client: ""RIZWAN SB JPS"".",OUTSIDER,0,0,0,,,,,
682,,,FAZAL ILAHI SB JALPUWAL,FBMCL-00051,Booking Delivery,0,0,0,,MB NO.7981,SB-SL-1681,,,566,2026-05-05T13:28:00,False,,HAFIZ SHOIB,1000,1000,0,,,,,
683,,,MALIK JAVED SB KHAN PUR KHOKHAR,FBMCL-00025,Booking Delivery,0,0,0,,MB NO.7984,SB-SL-1682,,,567,2026-05-05T13:31:00,False,,HARIS SUFWAN ABID,0,0,0,,,,,
684,,,Orphan50,ORPH-00050,Cash,30200,30200,0,,MB NO.7987/7989,SB-SL-1683,,,,2026-05-05T15:29:00,False,"[MIGRATION] Orphan record. Original client: ""ALI HAIDER KOANKH"".",JAHANGIR PARSUWAL,1000,1000,0,,,,,
685,,,MUHAMMAD SHABEER SB CONT TIBBA AJNALA,FBMCL-00169,Booking Delivery,0,0,0,,MB NO.7990,SB-SL-1684,,,568,2026-05-05T15:33:00,False,,ALI HAMZA,1500,1500,0,,,,,
686,,,ABDUL AZEEM SB KHAN PUR KHOKHAR,FBMCL-00001,Credit Customer,13250,0,0,,MB NO.7991,SB-SL-1685,,,569,2026-05-05T15:37:00,False,,ZAIN ALI,1250,1250,0,,,,,
687,,,HDC SYED TASSAWAR SHAH SB MALIKPUR SITE,FBMCL-00200,Booking Delivery,0,0,0,,MB NO.3404,SB-SL-1686,,,570,2025-11-04T16:35:00,False,,HAJI AHMED,200,200,0,,,,,
688,,,HDC SYED TASSAWAR SHAH SB MALIKPUR SITE,FBMCL-00200,Booking Delivery,0,0,0,,MB NO.3438,SB-SL-1687,,,571,2025-11-02T16:49:00,False,,HAJI AHMED,400,400,0,,,,,
689,,,HDC SYED TASSAWAR SHAH SB MALIKPUR SITE,FBMCL-00200,Booking Delivery,0,0,0,,MB NO.3439,SB-SL-1688,,,572,2025-11-03T16:54:00,False,,HAJI AHMED,40,40,0,,,,,
690,,,HDC SYED TASSAWAR SHAH SB MALIKPUR SITE,FBMCL-00200,Booking Delivery,0,0,0,,MB NO.3446,SB-SL-1689,,,573,2025-11-05T16:56:00,False,,HAJI AHMED,200,200,0,,,,,
691,,,HDC SYED TASSAWAR SHAH SB MALIKPUR SITE,FBMCL-00200,Credit Customer,12144,0,0,,MB NO.3451,SB-SL-1690,,,574,2026-05-05T17:00:00,False,,HAJI AHMED,0,0,0,,,,,
692,,,Orphan4,ORPH-00004,Cash,21371,21370,1,DISCOUNT,,SB-SL-1691,,,,2026-05-06T09:17:50.838582,False,"[MIGRATION] Orphan record. Original client: ""SHAMRAIZ SB KANIYAN"".",OUTSIDER,0,0,0,,,,,
693,,,MUHAMMMAD AWAIS SB PARSUWAL,FBMCL-00164,Mixed Transaction,1144,0,396,DISCOUNT,MB NO.7994,SB-SL-1692,,,575,2026-05-05T09:34:00,False,,OUTSIDER,0,0,0,,,,,
694,,,MUHAMMAD QASIM SB MALIKPUR,FBMCL-00134,Booking Delivery,0,0,0,,MB NO.7995,SB-SL-1693,,,576,2026-05-06T09:54:00,False,,ALI HAMZA,0,0,0,,,,,
695,,,RAOOF SB GHURAL,FBMCL-00197,Booking Delivery,0,0,0,,MB NO.7996,SB-SL-1694,,,577,2026-05-06T16:41:00,False,,HARIS SUFWAN ABID,1100,1100,0,Cash,,,,
696,,,DR EHSAN SB DHINDA,FBMCL-00105,Booking Delivery,0,0,0,,MB NO.7997,SB-SL-1695,,,578,2026-05-06T16:44:00,False,,HAFIZ SHOIB,0,0,0,Cash,,,,
697,,,Orphan21,ORPH-00021,Cash,35619,35600,19,DISCOUNT,MB NO.7999,SB-SL-1696,,,,2026-05-06T16:51:03.328031,False,"[MIGRATION] Orphan record. Original client: ""subedar sb dukandar jps"".",OUTSIDER,0,0,0,Cash,2,,FBM DRAWER CASH,
698,,,Orphan4,ORPH-00004,Cash,21371,21370,1,DISCOUNT,MB NO.8001,SB-SL-1697,,,,2026-05-06T16:56:30.221560,False,"[MIGRATION] Orphan record. Original client: ""SHAMRAIZ SB KANIYAN"".",OUTSIDER,0,0,0,Cash,2,,FBM DRAWER CASH,
699,,,Orphan17,ORPH-00017,Cash,33504.8,33500,4.8,DISCOUNT,,SB-SL-1698,,,,2026-05-06T16:59:53.707771,False,"[MIGRATION] Orphan record. Original client: ""AFZAL NUMBERDAR SB RANGPUR"".",HARIS SUFWAN ABID,600,600,0,Cash,2,,FBM DRAWER CASH,
700,,,CH MUHAMMAD AKRAM RIHANIA SB JPS,FBMCL-00167,Booking Delivery,0,0,0,,MB NO.8003,SB-SL-1699,,,579,2026-05-06T17:02:00,False,,OUTSIDER,0,0,0,Cash,,,,
701,,,BILAL SB KOANKH (QARI EJAZ SB),FBMCL-00010,Booking Delivery,0,0,0,,MB NO.8005,SB-SL-1700,,,580,2026-05-06T17:03:00,False,,HAFIZ SHOIB,0,0,0,Cash,,,,
702,,,JAWAD SB AJNALA JPS,FBMCL-00013,Credit Customer,17450,0,0,,MB NO.8006,SB-SL-1701,,,581,2026-05-06T17:05:00,False,,HARIS SUFWAN ABID,700,700,0,Cash,,,,
703,,,HAJI WARIS SB JPS,FBMCL-00071,Mixed Transaction,31.00000000000044,0,0,,MB NO.8007,SB-SL-1702,,,582,2026-05-06T17:07:00,False,,ZAIN ALI,0,0,0,Cash,,,,
704,,,MIRZA REHMAN SB JPS,FBMCL-00191,Booking Delivery,0,0,0,,MB NO.8008,SB-SL-1703,,,583,2026-05-06T17:09:00,False,,ALI HAMZA,0,0,0,Cash,,,,
705,,,MUHAMMAD ASHRAF SB JPS NEAR SCHOOL (SALEEM CONT),FBMCL-00073,Booking Delivery,0,0,0,,MB NO.8009,SB-SL-1704,,,584,2026-05-06T17:11:00,False,,OUTSIDER,0,0,0,Cash,,,,
706,,,HAFIZ ABDUL JABBAR SB RANGPUR,FBMCL-00202,Booking Delivery,0,0,0,,MB NO.8010,SB-SL-1705,,,585,2026-05-06T09:29:00,False,,OUTSIDER,0,0,0,Cash,,,,
707,,,RAJA ALTAF SB JPS,FBMCL-00153,Booking Delivery,0,0,0,,MB NO.8012,SB-SL-1706,,,586,2026-05-06T09:35:00,False,,ALI HAMZA,600,0,0,,,,,
708,,,JAVED NUMBERDAR SB JPS,FBMCL-00083,Booking Delivery,0,0,0,,MB NO.8015,SB-SL-1707,,,587,2026-05-06T09:37:00,False,,JAHANGIR PARSUWAL,0,0,0,Cash,,,,
709,,,MUHAMMAD ARSHAD SB GHURAL (SUBEDAR QADAR DAD SB),FBMCL-00175,Credit Customer,135203.2,0,0.2,DISCOUNT,MB NO.8013,SB-SL-1708,,,588,2026-05-06T09:39:00,False,,HARIS SUFWAN ABID,1000,1000,0,,,,,
710,,,RANA ZAHID SB JPS,FBMCL-00021,Credit Customer,14950,0,0,,MB NO.8016,SB-SL-1709,,,589,2026-05-06T10:03:00,False,,ZAIN ALI,350,350,0,Cash,,,,
711,,,DR AMIN SB JPS,FBMCL-00192,Booking Delivery,0,0,0,,MB NO.8019,SB-SL-1710,,,590,2026-05-06T10:07:00,False,,JAHANGIR PARSUWAL,600,600,0,,,,,
712,,,MIRZA REHMAN SB JPS,FBMCL-00191,Booking Delivery,0,0,0,,MB NO.8022,SB-SL-1711,,,591,2026-05-06T10:25:00,False,,HAFIZ SHOIB,0,0,0,,,,,
713,,,RAOOF SB GHURAL,FBMCL-00197,Booking Delivery,0,0,0,,MB NO.8025,SB-SL-1712,,,592,2026-05-06T10:36:00,False,,HARIS SUFWAN ABID,1100,1100,0,Cash,,,,
714,,,FAISAL SB AJNALA,FBMCL-00088,Booking Delivery,0,0,0,,MB NO.8030,SB-SL-1713,,,593,2026-05-07T10:44:00,False,,HARIS SUFWAN ABID,800,800,0,Cash,,,,
715,,,MUHAMMMAD AWAIS SB PARSUWAL,FBMCL-00164,Booking Delivery,0,0,0,,MB NO.8031,SB-SL-1714,,,594,2026-05-07T10:55:00,False,,OUTSIDER,0,0,0,Cash,,,,
716,,,NAUMAN RIHANIA SB JPS,FBMCL-00116,Mixed Transaction,300,0,0,,MB NO.8032,SB-SL-1715,,,595,2026-05-07T10:59:00,False,,HAFIZ SHOIB,300,300,0,Cash,,,,
717,,,RANA ZAHEER SB JPS,FBMCL-00048,Credit Customer,7600,0,0,,MB NO.8034,SB-SL-1716,,,596,2026-05-07T11:02:00,False,,HAFIZ SHOIB,300,300,0,Cash,,,,
718,,,FAKHAR SHAH SB AJNALA,FBMCL-00171,Credit Customer,15200,0,0,,MB NO.8037,SB-SL-1717,,,597,2026-05-07T11:09:00,False,,JAHANGIR PARSUWAL,600,600,0,Cash,,,,
719,,,MIRZA AMJAD JAVED SB AJNALA SITE,FBMCL-00028,Credit Customer,37850,0,0,,MB NO.8040,SB-SL-1718,,,598,2026-05-07T12:38:00,False,,ALI HAMZA,1350,1350,0,Cash,,,,
720,,,SALMAAN SB GHURAL (GOGA SB GHURAL),FBMCL-00195,Booking Delivery,0,0,0,,MB NO.8042,SB-SL-1719,,,599,2026-05-07T12:43:00,False,,OUTSIDER,0,0,0,Cash,,,,
721,,,FAZAL ILAHI SB JALPUWAL,FBMCL-00051,Booking Delivery,0,0,0,,MB NO.8047,SB-SL-1720,,,600,2026-05-07T12:48:00,False,,JAHANGIR PARSUWAL,1000,0,0,Cash,,,,
722,,,MUHAMMAD RAZAQ SB JPS,FBMCL-00147,Booking Delivery,0,0,0,,MB NO.8048,SB-SL-1721,,,601,2026-05-07T12:50:00,False,,OUTSIDER,0,0,0,Cash,,,,
723,,,CH MUHAMMAD AKRAM RIHANIA SB JPS,FBMCL-00167,Booking Delivery,0,0,0,,MB NO.8949,SB-SL-1722,,,602,2026-05-07T12:53:00,False,,OUTSIDER,0,0,0,Cash,,,,
724,,,HAJI WARIS SB JPS,FBMCL-00071,Credit Customer,9269,0,0,,MB NO.8050,SB-SL-1723,,,603,2026-05-07T12:54:00,False,,OUTSIDER,0,0,0,Cash,,,,
725,,,HAFIZ TAUSEEF SB AJNALA,FBMCL-00125,Credit Customer,2900,0,0,,MB NO.8053,SB-SL-1724,,,604,2026-05-07T13:13:00,False,,OUTSIDER,0,0,0,Cash,,,,
726,,,HAFIZ ABDUL JABBAR SB RANGPUR,FBMCL-00202,Booking Delivery,0,0,0,,MB NO.8054,SB-SL-1725,,,605,2026-05-07T13:24:00,False,,OUTSIDER,0,0,0,Cash,,,,
727,,,CH MUHAMMAD AKRAM RIHANIA SB JPS,FBMCL-00167,Booking Delivery,0,0,0,,MB NO.8060,SB-SL-1726,,,606,2026-05-07T15:34:00,False,,OUTSIDER,0,0,0,Cash,,,,
728,,,RAOOF SB GHURAL,FBMCL-00197,Booking Delivery,0,0,0,,MB NO.8074,SB-SL-1727,,,607,2026-05-08T10:09:00,False,,HARIS SUFWAN ABID,1100,1100,0,Cash,,,,
729,,,RAOOF SB GHURAL,FBMCL-00197,Credit Customer,1260,0,0,,MB NO.8076,SB-SL-1728,,,608,2026-05-08T10:12:00,False,,OUTSIDER,0,0,0,Cash,,,,
730,,,MUHAMMAD ASHRAF SB JPS NEAR SCHOOL (SALEEM CONT),FBMCL-00073,Booking Delivery,0,0,0,,MB NO.8075,SB-SL-1729,,,609,2026-05-08T10:13:00,False,,OUTSIDER,0,0,0,Cash,,,,
731,,,SAEED KHAN SN JPS KOANKH,FBMCL-00199,Booking Delivery,0,0,0,,MB NO.8073,SB-SL-1730,,,610,2026-05-08T10:54:00,False,,OUTSIDER,0,0,0,Cash,,,,
732,,,SAEED KHAN SN JPS KOANKH,FBMCL-00199,Mixed Transaction,1000,0,0,,MB NO.8077,SB-SL-1731,,,611,2026-05-08T11:15:00,False,,HARIS SUFWAN ABID,1000,1000,0,,,,,
733,,,IRFAN SB DEDHAR SHARIF,FBMCL-00205,Booking Delivery,0,0,0,,MB NO.8078,SB-SL-1732,,,612,2026-05-08T11:16:00,False,,HARIS SUFWAN ABID,1500,1500,0,Cash,,,,
734,,,JAMEEL SB JAGWAN,FBMCL-00158,Booking Delivery,0,0,0,,MB NO.8080,SB-SL-1733,,,613,2026-05-09T11:37:00,False,,JAHANGIR PARSUWAL,0,0,0,Cash,,,,
735,,,RAOOF SB GHURAL,FBMCL-00197,Mixed Transaction,840,0,0,,MB NO.8084,SB-SL-1734,,,614,2026-05-09T11:55:00,False,,HAFIZ SHOIB,1100,1100,0,Cash,,,,
736,,,MASTER ZAHOOR SB JPS,FBMCL-00145,Booking Delivery,0,0,0,,MB NO.8085,SB-SL-1735,,,615,2026-05-09T11:58:00,False,,OUTSIDER,0,0,0,Cash,,,,
737,,,MUHAMMAD ARSHAD SB GHURAL (SUBEDAR QADAR DAD SB),FBMCL-00175,Mixed Transaction,25880.4,0,0.4,DISCOUNT,MB NO.8088,SB-SL-1736,,,616,2026-05-09T12:03:00,False,,ALI HAMZA,0,0,0,Cash,,,,
738,,,MALIK NAVEED SB KHAN PUR KHOKHAR,FBMCL-00207,Booking Delivery,0,0,0,,MB NO.8089,SB-SL-1737,,,617,2026-05-09T12:05:00,False,,HARIS SUFWAN ABID,0,0,0,Cash,,,,
739,,,DILDAAR HUSSAIN SB PARSUWAL,FBMCL-00120,Mixed Transaction,14400,0,0,,MB NO.8090,SB-SL-1738,,,618,2026-05-09T12:11:40.084539,False,,JAHANGIR PARSUWAL,0,0,0,Cash,,,,
740,,,MALIK NAVEED SB KHAN PUR KHOKHAR,FBMCL-00207,Credit Customer,4216,0,0,,MB NO.8091,SB-SL-1739,,,619,2026-05-09T12:14:00,False,,HARIS SUFWAN ABID,0,0,0,Cash,,,,
741,,,RAJA ALTAF SB JPS,FBMCL-00153,Booking Delivery,0,0,0,,MB NO.8092,SB-SL-1740,,,620,2026-05-09T12:17:00,False,,ZAIN ALI,600,600,0,Cash,,,,
742,,,BILAL SB KOANKH (QARI EJAZ SB),FBMCL-00010,Booking Delivery,0,0,0,,MB NO.8094,SB-SL-1741,,,621,2026-05-09T12:19:00,False,,10 WHEELER,0,0,0,Cash,,,,
743,,,EHSAN SB CHAUHAN,FBMCL-00035,Mixed Transaction,7285,0,0,,MB NO.8101,SB-SL-1742,,,622,2026-05-09T12:44:00,False,,ALI HAMZA,0,0,0,,,,,
744,,,HAFIZ ABDUL JABBAR SB RANGPUR,FBMCL-00202,Booking Delivery,0,0,0,,MB NO.8102,SB-SL-1743,,,623,2026-05-09T12:50:00,False,,OUTSIDER,0,0,0,Cash,,,,
745,,,NABEEL ILLAHI KOANKH,FBMCL-00098,Booking Delivery,0,0,0,,MB NO.8105,SB-SL-1744,,,624,2026-05-09T13:57:00,False,,OUTSIDER,0,0,0,Cash,,,,
746,,,CH MUHAMMAD AKRAM RIHANIA SB JPS,FBMCL-00167,Booking Delivery,0,0,0,,MB NO.8104,SB-SL-1745,,,625,2026-05-09T13:59:00,False,,OUTSIDER,0,0,0,Cash,,,,
747,,,NADEEM SB DHINDA,FBMCL-00044,Credit Customer,16640,0,0,,MB NO.8107,SB-SL-1746,,,626,2026-05-09T14:25:00,False,,HARIS SUFWAN ABID,700,0,0,Cash,,,,
748,,,CH MUHAMMAD AKRAM RIHANIA SB JPS,FBMCL-00167,Credit Customer,47980.8,0,0.8,DISCOUNT,MB NO.8112,SB-SL-1747,,,627,2026-05-09T15:08:00,False,,JAHANGIR PARSUWAL,0,0,0,Cash,,,,
749,,,MASTER ZAHOOR SB JPS,FBMCL-00145,Mixed Transaction,195,0,0,,MB NO.8113,SB-SL-1748,,,628,2026-05-09T16:09:00,False,,OUTSIDER,0,0,0,Cash,,,,
750,,,SAEED KHAN SN JPS KOANKH,FBMCL-00199,Mixed Transaction,1000,0,0,,MB NO.8115,SB-SL-1749,,,629,2026-05-09T16:19:00,False,,ZAIN ALI,1000,1000,0,,,,,
751,,,HAJI IQBAL SB JPS,FBMCL-00047,Booking Delivery,0,0,0,,MB NO.8118,SB-SL-1750,,,630,2026-05-09T17:24:00,False,,HARIS SUFWAN ABID,520,520,0,Cash,,,,
752,,,MALIK NAVEED SB KHAN PUR KHOKHAR,FBMCL-00207,Booking Delivery,0,0,0,,MB NO.8121,SB-SL-1751,,,631,2026-05-09T10:25:00,False,,OUTSIDER,0,0,0,Cash,,,,
753,,,RAZA ULLAH SB MALAK PUR,FBMCL-00029,Booking Delivery,0,0,0,,MB NO.8122,SB-SL-1752,,,632,2026-05-10T10:31:00,False,,OUTSIDER,0,0,0,Cash,,,,
754,,,JAMEEL SB JAGWAN,FBMCL-00158,Cash,18252,18200,52,DISCOUNT,MB NO.8064,SB-SL-1753,,,,2026-05-07T10:32:00,False,,OUTSIDER,1200,1200,0,Cash,2,,FBM DRAWER CASH,
755,,,RAOOF SB GHURAL,FBMCL-00197,Booking Delivery,0,0,0,,MB NO.8123,SB-SL-1754,,,633,2026-05-10T10:37:00,False,,HAFIZ SHOIB,1100,1100,0,Cash,,,,
756,,,MASTER ZAHOOR SB JPS,FBMCL-00145,Booking Delivery,0,0,0,,MB NO.8124,SB-SL-1755,,,634,2026-05-10T10:39:00,False,,OUTSIDER,0,0,0,Cash,,,,
757,,,MUHAMMAD ALI SB MULL,FBMCL-00053,Booking Delivery,0,0,0,,MB NO.8125,SB-SL-1756,,,635,2026-05-10T10:40:00,False,,JAHANGIR PARSUWAL,1200,0,0,Cash,,,,
758,,,HAFIZ TAUSEEF SB AJNALA,FBMCL-00125,Credit Customer,2900,0,0,,MB NO.8128,SB-SL-1757,,,636,2026-05-10T10:42:00,False,,OUTSIDER,0,0,0,Cash,,,,
759,,,SAJID BAIG MAKKI KOANKH,FBMCL-00065,Mixed Transaction,8699.7,0,0.2,DISCOUNT,MB NO.8068,SB-SL-1758,,,637,2026-05-07T10:49:00,False,,HAJI AHMED,2500,2500,0,,,,,
760,,,SAJID BAIG MAKKI KOANKH,FBMCL-00065,Credit Customer,2520,0,0,,MB NO.8071,SB-SL-1759,,,638,2026-05-07T10:59:00,False,,OUTSIDER,0,0,0,Cash,,,,
761,,,SAJID BAIG MAKKI KOANKH,FBMCL-00065,Mixed Transaction,7200,0,0,,MB NO.8131,SB-SL-1760,,,639,2026-05-10T11:02:00,False,,HAFIZ SHOIB,7200,7200,0,,,,,
762,,,HAJI WARIS SB JPS,FBMCL-00071,Booking Delivery,0,0,0,,MB NO.8132,SB-SL-1761,,,640,2026-05-10T11:20:00,False,,HAFIZ SHOIB,0,0,0,Cash,,,,
763,,,RAJA PARWEZ SB RANGPUR,FBMCL-00111,Booking Delivery,0,0,0,,MB NO.8133,SB-SL-1762,,,641,2026-05-10T11:24:00,False,,JAHANGIR PARSUWAL,1000,1000,0,Cash,,,,
764,,,ABDUL AZEEM SB KHAN PUR KHOKHAR,FBMCL-00001,Mixed Transaction,1250,0,0,,MB NO.8135,SB-SL-1763,,,642,2026-05-10T11:26:00,False,,ZAIN ALI,1250,1250,0,Cash,,,,
765,,,SAIF ULLAH SB KOANKH,FBMCL-00172,Booking Delivery,0,0,0,,MB NO.8136,SB-SL-1764,,,643,2026-05-10T11:30:00,False,,HAFIZ SHOIB,0,0,0,Cash,,,,
766,,,MUHAMMAD ARSHAD SB GHURAL (SUBEDAR QADAR DAD SB),FBMCL-00175,Booking Delivery,0,0,0,,MB NO.8139,SB-SL-1765,,,644,2026-05-10T11:31:00,False,,OUTSIDER,0,0,0,Cash,,,,
767,,,MALIK JAVED SB KHAN PUR KHOKHAR,FBMCL-00025,Booking Delivery,0,0,0,,MB NO.8140,SB-SL-1766,,,645,2026-05-10T11:58:00,False,,JAHANGIR PARSUWAL,0,0,0,Cash,,,,
768,,,MAQSOOD SB MALAK PUR,FBMCL-00121,Mixed Transaction,200,0,0,,MB NO.8144,SB-SL-1767,,,646,2026-05-10T14:13:00,False,,HAFIZ SHOIB,920,920,0,,,,,
769,,,MALIK NAVEED SB KHAN PUR KHOKHAR,FBMCL-00207,Mixed Transaction,200,0,0,,MB NO.8147,SB-SL-1768,,,647,2026-05-10T14:15:00,False,,HARIS SUFWAN ABID,200,200,0,,,,,
770,,,NAUMAN RIHANIA SB JPS,FBMCL-00116,Credit Customer,7214.5,0,0.5,DISCOUNT,MB NO.8149,SB-SL-1769,,,648,2026-05-10T15:26:00,False,,OUTSIDER,0,0,0,Cash,,,,
771,,,HAFIZ ABDUL JABBAR SB RANGPUR,FBMCL-00202,Booking Delivery,0,0,0,,MB NO.8152,SB-SL-1770,,,649,2026-05-10T15:56:00,False,,OUTSIDER,0,0,0,,,,,
772,,,FAROOQ KALAS SB PARSUWAL,FBMCL-00138,Booking Delivery,0,0,0,,MB NO.8153,SB-SL-1771,,,650,2026-05-10T16:20:00,False,,ZAIN ALI,800,800,0,Cash,,,,
773,,,SAFDAR ALI SB AJNALA (ASLAM CONT),FBMCL-00186,Booking Delivery,0,0,0,,MB NO.8155,SB-SL-1772,,,651,2026-05-11T11:10:00,False,,ALI HAMZA,1000,1000,0,Cash,,,,
774,,,DR EHSAN SB DHINDA,FBMCL-00105,Booking Delivery,0,0,0,,MB NO.8156,SB-SL-1773,,,652,2026-05-11T11:11:00,False,,HARIS SUFWAN ABID,1000,1000,0,Cash,,,,
775,,,NAUMAN RIHANIA SB JPS,FBMCL-00116,Credit Customer,25920,0,0,,MB NO.8160,SB-SL-1774,,,653,2026-05-11T11:13:00,False,,ALI HAMZA,0,0,0,,,,,
776,,,MUHANNAD ASLAM SB MALIKPUR,FBMCL-00156,Mixed Transaction,490,0,0,,MB NO.8161,SB-SL-1775,,,654,2026-05-11T11:23:00,False,,HAFIZ SHOIB,0,0,0,Cash,,,,
777,,,MUHAMMAD ASHRAF SB JPS NEAR SCHOOL (SALEEM CONT),FBMCL-00073,Mixed Transaction,22329.2,0,0.2,DISCOUNT,MB NO.8159,SB-SL-1776,,,655,2026-05-11T11:24:00,False,,HARIS SUFWAN ABID,1006.499999999597,1006.5,4.02678779209964e-10,,,,,
778,,,SUBEDAR MUHAMMAD ARSHAD SB KHANPUR KHOKHAR,FBMCL-00066,Cash,5123,5000,123,DISCOUNT,MB NO.8166,SB-SL-1777,,,,2026-05-11T11:38:00,False,,OUTSIDER,0,0,0,Cash,2,,FBM DRAWER CASH,
779,,,MUHAMMAD SALEEM SB RUPOWAL,FBMCL-00113,Credit Customer,30600,0,0,,MB NO.8165,SB-SL-1778,,,656,2026-05-11T12:00:00,False,,ZAIN ALI,1200,1200,0,Cash,,,,
780,,,SUBEDAR MUHAMMAD ARSHAD SB KHANPUR KHOKHAR,FBMCL-00066,Booking Delivery,0,0,0,,,SB-SL-1779,,,657,2026-05-11T17:10:00,False,MANUAL BILL NUMBER 8170,HAFIZ SHOIB,6500,6500,0,,,,,
781,,,NAUMAN RIHANIA SB JPS,FBMCL-00116,Credit Customer,2880,0,0,,MB NO.8172,SB-SL-1780,,,658,2026-05-11T17:12:00,False,,OUTSIDER,0,0,0,Cash,,,,
782,,,ABDUL SATTAR SB DHINDA FARM,FBMCL-00146,Credit Customer,29600,0,0,,MB NO.8173,SB-SL-1781,,,659,2026-05-11T17:17:00,False,,ZAIN ALI,1000,1000,0,Cash,,,,
783,,,MIRZA AMJAD JAVED SB AJNALA SITE,FBMCL-00028,Credit Customer,38100,0,0,,MB NO.8174,SB-SL-1782,,,660,2026-05-11T17:18:00,False,,HAFIZ SHOIB,1350,1350,0,Cash,,,,
784,,,NABEEL ILLAHI KOANKH,FBMCL-00098,Booking Delivery,0,0,0,,MB NO.8175,SB-SL-1783,,,661,2026-05-11T17:24:00,False,,OUTSIDER,0,0,0,Cash,,,,
785,,,MUHAMMAD ASHRAF SB JPS NEAR SCHOOL (SALEEM CONT),FBMCL-00073,Mixed Transaction,10250.6,0,0,,MB NO.8176,SB-SL-1784,,,662,2026-05-11T17:25:00,False,,JAHANGIR PARSUWAL,308.6666666665432,308.67,0.003333333456851051,Cash,,,,
786,,,HAFIZ ABDUL JABBAR SB RANGPUR,FBMCL-00202,Booking Delivery,0,0,0,,MB NO.8181,SB-SL-1785,,,663,2026-05-11T17:35:00,False,,OUTSIDER,0,0,0,Cash,,,,
787,,,MALIK NAVEED SB KHAN PUR KHOKHAR,FBMCL-00207,Credit Customer,45680,0,0,,MB NO.8183,SB-SL-1786,,,664,2026-05-11T08:37:00,False,,JAHANGIR PARSUWAL,0,0,0,Cash,,,,
788,,,SHEHZAD BAIG SB KOANKH,FBMCL-00165,Booking Delivery,0,0,0,,MB NO.8186,SB-SL-1787,,,665,2026-05-12T10:21:00,False,,ALI HAMZA,0,0,0,Cash,,,,
789,,,MASTER ZAHOOR SB JPS,FBMCL-00145,Cash,20000,20000,0,,MB NO.8189,SB-SL-1788,,,,2026-05-12T10:25:00,False,,HAFIZ SHOIB,0,0,0,Bank,1,MCB,ADNAN AHMED,7761.0
790,,,RAJA ALTAF SB JPS,FBMCL-00153,Booking Delivery,0,0,0,,MB NO.8190,SB-SL-1789,,,666,2026-05-12T10:30:55.804358,False,,HARIS SUFWAN ABID,750,750,0,Cash,,,,
791,,,MUHAMMAD ALI SB MULL,FBMCL-00053,Cash,30500,30500,0,,MB NO.8191,SB-SL-1790,,,667,2026-05-12T10:33:00,False,,JAHANGIR PARSUWAL,1300,1300,0,Cash,2,,FBM DRAWER CASH,
792,,,RAJA PARWEZ SB RANGPUR,FBMCL-00111,Booking Delivery,0,0,0,,MB NO.8192,SB-SL-1791,,,668,2026-05-12T10:35:00,False,,JAHANGIR PARSUWAL,1000,0,0,Cash,,,,
793,,,SAEED KHAN SN JPS KOANKH,FBMCL-00199,Mixed Transaction,1000,0,0,,MB NO.8193,SB-SL-1792,,,669,2026-05-12T10:40:00,False,,HARIS SUFWAN ABID,1000,1000,0,Cash,,,,
794,,,MUHAMMAD QASIM SB MALIKPUR,FBMCL-00134,Booking Delivery,0,0,0,,MB NO.8194,SB-SL-1793,,,670,2026-05-12T10:52:00,False,,ALI HAMZA,0,0,0,Cash,,,,
795,,,MUHAMMAD SHABEER SB CONT TIBBA AJNALA,FBMCL-00169,Booking Delivery,0,0,0,,MB NO.8195,SB-SL-1794,,,671,2026-05-12T10:53:00,False,,HAFIZ SHOIB,1500,1500,0,Cash,,,,
796,,,JAMEEL SB JAGWAN,FBMCL-00158,Mixed Transaction,2187.999999999989,0,0,,MB NO.8200,SB-SL-1795,,,672,2026-05-12T12:02:00,False,,HAFIZ SHOIB,2000,2000,0,Cash,,,,
797,,,SHEHBAZ BAIG SB KOANKH,FBMCL-00006,Booking Delivery,0,0,0,,MB NO.8202,SB-SL-1796,,,673,2026-05-12T12:47:00,False,,ALI HAMZA,1000,1000,0,Cash,,,,
798,,,MIRZA YOUNUS SB JPS,FBMCL-00208,Booking Delivery,0,0,0,,MB NO.8203,SB-SL-1797,,,674,2026-05-12T14:17:00,False,,JAHANGIR PARSUWAL,0,0,0,Cash,,,,
799,,,MALIK NAVEED SB KHAN PUR KHOKHAR,FBMCL-00207,Booking Delivery,0,0,0,,MB NO.8205,SB-SL-1798,,,675,2026-05-12T14:23:00,False,,ALI HAMZA,0,0,0,Cash,,,,
800,,,JAVED NUMBERDAR SB JPS,FBMCL-00083,Booking Delivery,0,0,0,,MB NO.8207,SB-SL-1799,,,676,2026-05-12T14:54:00,False,,JAHANGIR PARSUWAL,0,0,0,Cash,,,,
801,,,HAFIZ ABDUL JABBAR SB RANGPUR,FBMCL-00202,Booking Delivery,0,0,0,,MB NO.8210,SB-SL-1800,,,677,2026-05-12T16:28:00,False,,OUTSIDER,0,0,0,Cash,,,,
802,,,MASTER ZAHOOR SB JPS,FBMCL-00145,Mixed Transaction,19722.5,0,0.5,DISCOUNT,MB NO.8212,SB-SL-1801,,,678,2026-05-13T11:40:00,False,,HARIS SUFWAN ABID,0,0,0,Cash,,,,
803,,,MASTER ZAHOOR SB JPS,FBMCL-00145,Credit Customer,9408,0,0,,MB NO.8214,SB-SL-1802,,,679,2026-05-13T11:43:00,False,,OUTSIDER,0,0,0,Cash,,,,
804,,,AFGHAN SB GHURAL,FBMCL-00210,Booking Delivery,0,0,0,,MB NO.8220,SB-SL-1803,,,680,2026-05-13T12:07:00,False,,OUTSIDER,0,0,0,Cash,,,,
805,,,SHEHZAD SB GHURAIRA,FBMCL-00204,Booking Delivery,0,0,0,,MB NO.8223,SB-SL-1804,,,681,2026-05-13T12:13:00,False,,HAFIZ SHOIB,1500,0,0,,,,,
806,,,RANA ZAHID SB JPS,FBMCL-00021,Credit Customer,14750,0,0,,MB NO.8228,SB-SL-1805,,,682,2026-05-13T12:52:00,False,,ALI HAMZA,350,350,0,Cash,,,,
807,,,JAWAD SB AJNALA JPS,FBMCL-00013,Credit Customer,14850,0,0,,MB NO.8231,SB-SL-1806,,,683,2026-05-13T13:33:00,False,,HAFIZ SHOIB,350,350,0,Cash,,,,
808,,,SHABEEB SB KANIYAN,FBMCL-00209,Booking Delivery,0,0,0,,MB NO.8233,SB-SL-1807,,,684,2026-05-13T13:36:00,False,,HARIS SUFWAN ABID,1200,1200,0,,,,,
810,,,MUHANNAD ASLAM SB MALIKPUR,FBMCL-00156,Booking Delivery,0,0,0,,MB NO.8236,SB-SL-1809,,,686,2026-05-13T13:42:00,False,,HAFIZ SHOIB,0,0,0,Cash,,,,
811,,,GHULAM SARWAR SB JPS(HAJI JAVED SB),FBMCL-00052,Booking Delivery,0,0,0,,MB NO.8239,SB-SL-1810,,,687,2026-05-13T13:47:00,False,,OUTSIDER,0,0,0,Cash,,,,
812,,,MUHAMMAD ARSHAD SB GHURAL (SUBEDAR QADAR DAD SB),FBMCL-00175,Booking Delivery,0,0,0,,MB NO.8242,SB-SL-1811,,,688,2026-05-13T15:39:00,False,,OUTSIDER,0,0,0,Cash,,,,
813,,,MIRZA NAZAR BAIG SB KOANKH,FBMCL-00212,Mixed Transaction,960.4999999999993,0,0.5,DISCOUNT,MB NO.8247,SB-SL-1812,,,689,2026-05-13T15:40:00,False,,HAFIZ SHOIB,1000,1000,0,,,,,
814,,,RANA ZAHID SB JPS,FBMCL-00021,Credit Customer,14750,0,0,,MB NO.8248,SB-SL-1813,,,690,2026-05-13T15:50:00,False,,ALI HAMZA,350,350,0,Cash,,,,
815,,,TARIQ BUTT SB JPS,FBMCL-00108,Booking Delivery,0,0,0,,MB NO.8250,SB-SL-1814,,,691,2026-05-13T16:43:00,False,,OUTSIDER,0,0,0,Cash,,,,
816,,,TARIQ BUTT SB JPS,FBMCL-00108,Booking Delivery,0,0,0,,MB NO.8026,SB-SL-1815,,,692,2026-05-06T16:44:00,False,,OUTSIDER,0,0,0,Cash,,,,
817,,,SHEHZAD BAIG SB KOANKH,FBMCL-00165,Mixed Transaction,8900,0,0.5,DISCOUNT,MB NO.8267,SB-SL-1816,,,693,2026-05-14T11:07:00,False,,HARIS SUFWAN ABID,0,0,0,,,,,
821,,,MUHAMMAD RAZAQ SB JPS,FBMCL-00147,Booking Delivery,0,0,0,,MB NO.8257-1b,SB-SL-1820,,,697,2026-05-14T15:05:00,False,,ALI HAMZA,700,700,0,Cash,,,,
822,,,IRFAN SB DEDHAR SHARIF,FBMCL-00205,Booking Delivery,0,0,0,,MB NO.8259,SB-SL-1821,,,698,2026-05-14T15:12:00,False,,JAHANGIR PARSUWAL,1500,1500,0,Cash,,,,
823,,,MASTER ZAHOOR SB JPS,FBMCL-00145,Booking Delivery,0,0,0,,MB NO.8262,SB-SL-1822,,,699,2026-05-14T15:14:00,False,,ZAHID LOADER,0,0,0,Cash,,,,
825,,,HAJI WARIS SB JPS,FBMCL-00071,Booking Delivery,0,0,0,,MB NO.8270,SB-SL-1824,,,701,2026-05-14T15:39:00,False,,HARIS SUFWAN ABID,0,0,0,Cash,,,,
826,,,ALI AKBAR SB DHINDA,FBMCL-00211,Booking Delivery,0,0,0,,MB NO.8272,SB-SL-1825,,,702,2026-05-14T15:41:00,False,,ALI HAMZA,0,0,0,Cash,,,,
827,,,ALI AKBAR SB DHINDA,FBMCL-00211,Booking Delivery,0,0,0,,MB NO.8275,SB-SL-1826,,,703,2026-05-14T15:44:00,False,,HAFIZ SHOIB,0,0,0,Cash,,,,
828,,,MIRZA REHMAN SB JPS,FBMCL-00191,Booking Delivery,0,0,0,,MB NO.8276,SB-SL-1827,,,704,2026-05-14T15:45:00,False,,HAFIZ SHOIB,0,0,0,Cash,,,,
830,,,SHABEEB SB KANIYAN,FBMCL-00209,Mixed Transaction,5009.4,0,0.9,DISCOUNT,MB NO.8283,SB-SL-1829,,,706,2026-05-14T16:01:00,False,,HAFIZ SHOIB,0,0,0,Cash,,,,
831,,,FAISAL SB AJNALA,FBMCL-00088,Booking Delivery,0,0,0,,MB NO.8284,SB-SL-1830,,,707,2026-05-14T16:16:00,False,,JAHANGIR PARSUWAL,800,800,0,Cash,,,,
832,,,SUBEDAR MUHAMMAD ARSHAD SB KHANPUR KHOKHAR,FBMCL-00066,Credit Customer,40351,0,0,,MB NO.8285,SB-SL-1831,,,708,2026-05-14T16:17:00,False,,HARIS SUFWAN ABID,1200,1200,0,Cash,,,,
833,,,SHEHZAD BAIG SB KOANKH,FBMCL-00165,Credit Customer,4200,0,0,,MB NO.8289,SB-SL-1832,,,709,2026-05-14T16:54:00,False,,JAHANGIR PARSUWAL,0,0,0,Cash,,,,
834,,,HAJI IQBAL SB JPS,FBMCL-00047,Credit Customer,73206,0,0,,MB NO.8291,SB-SL-1833,,,710,2026-05-14T17:07:00,False,,HARIS SUFWAN ABID,0,0,0,Cash,,,,
835,,,HAJI IQBAL SB JPS,FBMCL-00047,Mixed Transaction,63850,0,0,,MB NO.8264-1B,SB-SL-1834,,,711,2026-05-15T10:49:00,False,,HARIS SUFWAN ABID,1645.5,0,0,,,,,
836,,,BASHEER SHAH SB GHURAIRA( KAKU SHAH),FBMCL-00135,Booking Delivery,0,0,0,,MB NO.8329,SB-SL-1835,,,712,2026-05-16T13:13:00,False,,ALI HAMZA,0,0,0,Cash,,,,
837,,,MIRZA YOUNUS SB JPS,FBMCL-00208,Mixed Transaction,4175.999999999998,0,0,,MB NO.8304,SB-SL-1836,,,713,2026-05-15T10:21:00,False,,HAFIZ SHOIB,350,0,0,,,,,
838,,,SHEHZAD BAIG SB KOANKH,FBMCL-00165,Mixed Transaction,35206.50000000007,0,0.5,DISCOUNT,MB NO.8307,SB-SL-1837,,,714,2026-05-15T10:42:00,False,,HAFIZ SHOIB,0,0,0,,,,,
839,,,ABDUL SATTAR SB DHINDA FARM,FBMCL-00146,Credit Customer,29600,0,0,,MB NO.8314,SB-SL-1838,,,715,2026-05-15T10:49:00,False,,ALI HAMZA,1000,100,0,,,,,
840,,,MALIK ADNAN,FBMCL-00023,Credit Customer,14850,0,0,,MB NO.8315,SB-SL-1839,,,716,2026-05-16T11:27:00,False,,ZAIN ALI,350,3500,3150,,,,,
841,,,FAZAL ILAHI SB JALPUWAL,FBMCL-00051,Booking Delivery,0,0,0,,MB NO.8316,SB-SL-1840,,,717,2026-05-16T11:30:00,False,,HAFIZ SHOIB,4000,4000,0,Cash,,,,
842,,,MIRZA REHMAN SB JPS,FBMCL-00191,Booking Delivery,0,0,0,,MB NO.8323,SB-SL-1841,,,718,2026-05-16T13:06:00,False,,ZAHID LOADER,0,0,0,,,,,
843,,,ABDUL AZEEM SB KHAN PUR KHOKHAR,FBMCL-00001,Mixed Transaction,1250,0,0,,MB NO.8326,SB-SL-1842,,,719,2026-05-16T13:07:00,False,,ALI HAMZA,1250,1250,0,,,,,
844,,,DR AMIN SB JPS,FBMCL-00192,Booking Delivery,0,0,0,,MB NO.8331,SB-SL-1843,,,720,2026-05-16T13:13:00,False,,HARIS SUFWAN ABID,600,600,0,,,,,
845,,,ABDUL SATTAR SB DHINDA FARM,FBMCL-00146,Credit Customer,29600,0,0,,MB NO.8333,SB-SL-1844,,,721,2026-05-16T13:19:00,False,,ZAIN ALI,1000,1000,0,,,,,
846,,,SHABEEB SB KANIYAN,FBMCL-00209,Credit Customer,800,0,0,,MB NO.8336,SB-SL-1845,,,722,2026-05-16T13:20:00,False,,OUTSIDER,0,0,0,Cash,,,,
847,,,IMRAN SB CHACHUWAL,FBMCL-00214,Booking Delivery,0,0,0,,MB NO.8344,SB-SL-1846,,,723,2026-05-16T13:38:00,False,,HARIS SUFWAN ABID,1800,1800,0,,,,,
848,,,MALIK ADNAN,FBMCL-00023,Credit Customer,7600,0,0,,MB NO.8345,SB-SL-1847,,,724,2026-05-16T13:40:00,False,,ZAHID LOADER,350,350,0,,,,,
849,,,MIRZA AMJAD JAVED SB AJNALA SITE,FBMCL-00028,Credit Customer,37850,0,0,,MB NO.8347,SB-SL-1848,,,725,2026-05-16T13:42:00,False,,HAFIZ SHOIB,1350,1350,0,,,,,
850,,,EHSAN SB CHAUHAN,FBMCL-00035,Mixed Transaction,1140,0,0,,MB NO.8352,SB-SL-1849,,,726,2026-05-16T14:12:00,False,,HAFIZ SHOIB,0,0,0,,,,,
851,,,MUHAMMAD ARSHAD SB GHURAL (SUBEDAR QADAR DAD SB),FBMCL-00175,Booking Delivery,0,0,0,,MB NO.8353,SB-SL-1850,,,727,2026-05-16T14:14:00,False,,OUTSIDER,0,0,0,,,,,
852,,,SHEHZAD BAIG SB KOANKH,FBMCL-00165,Credit Customer,1600,0,0,,MB NO.8354,SB-SL-1851,,,728,2026-05-16T14:16:00,False,,OUTSIDER,0,0,0,,,,,
853,,,NADEEM SB DHINDA,FBMCL-00044,Credit Customer,2880,0,0,,MB NO.8356,SB-SL-1852,,,729,2026-05-16T14:17:00,False,,OUTSIDER,0,0,0,Cash,,,,
854,,,FAKHAR SHAH SB AJNALA,FBMCL-00171,Credit Customer,30300,0,0,,MB NO.8357,SB-SL-1853,,,730,2026-05-17T14:18:00,False,,ALI HAMZA,1100,1100,0,Cash,,,,
855,,,MUHAMMAD QASIM SB MALIKPUR,FBMCL-00134,Booking Delivery,0,0,0,,MB NO.8358,SB-SL-1854,,,731,2026-05-17T14:19:00,False,,HARIS SUFWAN ABID,0,0,0,Cash,,,,
856,,,RAJA ALTAF SB JPS,FBMCL-00153,Booking Delivery,0,0,0,,MB NO.8361,SB-SL-1855,,,732,2026-05-17T14:21:00,False,,HAFIZ SHOIB,600,600,0,Cash,,,,
857,,,GHULAM SARWAR SB JPS(HAJI JAVED SB),FBMCL-00052,Booking Delivery,0,0,0,,MB NO.8363,SB-SL-1856,,,733,2026-05-17T14:22:00,False,,OUTSIDER,0,0,0,Cash,,,,
858,,,ISHTIAQ CONT KOANKH,FBMCL-00079,Cash,35320,35320,0,,MB NO.8364,SB-SL-1857,,,,2026-05-17T14:24:00,False,,ALI HAMZA,1000,1200,200,Cash,2,,FBM DRAWER CASH,
859,,,ISHTIAQ CONT KOANKH,FBMCL-00079,Credit Customer,200,0,0,,MB NO.8364/2,SB-SL-1858,,,734,2026-05-17T14:27:00,False,,ALI HAMZA,200,0,0,Cash,,,,
860,,,SHEHBAZ BAIG SB KOANKH,FBMCL-00006,Booking Delivery,0,0,0,,MB NO.8369,SB-SL-1859,,,735,2026-05-17T15:18:00,False,,ALI HAMZA,1000,1000,0,,,,,
861,,,HAJI IQBAL SB JPS,FBMCL-00047,Mixed Transaction,2000,0,0,,MB NO.8312,SB-SL-1860,,,736,2026-05-15T15:46:00,False,,ZAIN ALI,235.125,235.13,0.004999999999995453,,,,,
862,,,HAFIZ ABDUL JABBAR SB RANGPUR,FBMCL-00202,Booking Delivery,0,0,0,,MB NO.8376,SB-SL-1861,,,737,2026-05-17T04:45:00,False,,OUTSIDER,0,0,0,Cash,,,,
864,,,MUHAMMAD AKRAM SB SANTAL SURKHIYAN,FBMCL-00150,Mixed Transaction,57042,0,0,,MB NO.8373,SB-SL-1863,,,739,2026-05-17T03:07:00,False,,ALI HAMZA,0,0,0,,,,,
865,,,SHEHZAD BAIG SB KOANKH,FBMCL-00165,Mixed Transaction,253750,0,0,,MB NO.8378,SB-SL-1864,,,740,2026-05-17T03:15:00,False,,10 WHEELER,0,0,0,,,,,
866,,,NAUMAN RIHANIA SB JPS,FBMCL-00116,Credit Customer,29300,0,0,,MB NO.8379,SB-SL-1865,,,741,2026-05-18T03:17:00,False,,ALI HAMZA,700,0,0,Cash,,,,
867,,,MUHAMMAD ARSHAD SB GHURAL (SUBEDAR QADAR DAD SB),FBMCL-00175,Mixed Transaction,115276.4,0,0.4,DISCOUNT,MB NO.8383,SB-SL-1866,,,742,2026-05-17T03:21:00,False,,OUTSIDER,0,0,0,Cash,,,,
868,,,MIRZA REHMAN SB JPS,FBMCL-00191,Mixed Transaction,1799.5,0,0,,MB NO.8384,SB-SL-1867,,,743,2026-05-17T03:23:00,False,,HAFIZ SHOIB,0,0,0,,,,,
869,,,SAFDAR ALI SB AJNALA (ASLAM CONT),FBMCL-00186,Booking Delivery,0,0,0,,MB NO.8385,SB-SL-1868,,,744,2026-05-18T03:24:00,False,,HARIS SUFWAN ABID,1000,1000,0,Cash,,,,
870,,,MALIK MEHMOOD SB PARSUWAL,FBMCL-00151,Credit Customer,4740,0,0,,MB NO.8387,SB-SL-1869,,,745,2026-05-18T03:26:00,False,,HAFIZ SHOIB,4740,4740,0,Cash,,,,
871,,,ABDUL REHMAN SB JPS(ZAFAR CONT),FBMCL-00168,Booking Delivery,0,0,0,,MB NO.8393,SB-SL-1870,,,746,2026-05-18T03:32:00,False,,ZAIN ALI,0,0,0,,,,,
872,,,MUHAMMAD ASHRAF SB JPS NEAR SCHOOL (SALEEM CONT),FBMCL-00073,Booking Delivery,0,0,0,,MB NO.8394,SB-SL-1871,,,747,2026-05-18T03:34:00,False,,OUTSIDER,0,0,0,Cash,,,,
873,,,RANA ZAHID SB JPS,FBMCL-00021,Credit Customer,31200,0,0,,MB NO.8396,SB-SL-1872,,,748,2026-05-18T03:35:00,False,,HARIS SUFWAN ABID,2100,2100,0,Cash,,,,
874,,,SHERAZ SB MALIK PUR,FBMCL-00162,Booking Delivery,0,0,0,,MB NO.8399,SB-SL-1873,,,749,2026-05-18T03:38:00,False,,HARIS SUFWAN ABID,0,0,0,Cash,,,,
875,,,GHULAM SARWAR SB JPS(HAJI JAVED SB),FBMCL-00052,Mixed Transaction,14632,0,0,,MB NO.8400,SB-SL-1874,,,750,2026-05-18T03:39:00,False,,OUTSIDER,0,0,0,Cash,,,,
876,,,MIRZA REHMAN SB JPS,FBMCL-00191,Credit Customer,23637.5,0,0.5,DISCOUNT,MB NO.8407,SB-SL-1875,,,751,2026-05-18T03:58:00,False,,JAHANGIR PARSUWAL,0,0,0,Cash,,,,
877,,,SALMAAN SB GHURAL (GOGA SB GHURAL),FBMCL-00195,Booking Delivery,0,0,0,,MB NO.8412,SB-SL-1876,,,752,2026-05-18T04:03:00,False,,HAFIZ SHOIB,6000,6000,0,Cash,,,,
878,,,MIRZA REHMAN SB JPS,FBMCL-00191,Booking Delivery,0,0,0,,MB NO.88413,SB-SL-1877,,,753,2026-05-18T04:05:00,False,,JAHANGIR PARSUWAL,0,0,0,Cash,,,,
879,,,DR AMIN SB JPS,FBMCL-00192,Booking Delivery,0,0,0,,MB NO.8414,SB-SL-1878,,,754,2026-05-18T04:06:00,False,,JAHANGIR PARSUWAL,1000,1000,0,,,,,
880,,,HAFIZ ABDUL JABBAR SB RANGPUR,FBMCL-00202,Booking Delivery,0,0,0,,MB NO.8418,SB-SL-1879,,,755,2026-05-16T04:08:00,False,,OUTSIDER,0,0,0,Cash,,,,
881,,,HAFIZ ABDUL JABBAR SB RANGPUR,FBMCL-00202,Booking Delivery,0,0,0,,MB NO.8419,SB-SL-1880,,,756,2026-05-18T04:15:00,False,,OUTSIDER,0,0,0,Cash,,,,
883,,,SHABEEB SB KANIYAN,FBMCL-00209,Mixed Transaction,3000,0,0,,MB NO.8423,SB-SL-1882,,,758,2026-05-18T04:21:00,False,,JAHANGIR PARSUWAL,3000,2000,0,,,,,
885,,,SHEHZAD BAIG SB KOANKH,FBMCL-00165,Credit Customer,36250,0,0,,MB NO.8426,SB-SL-1884,,,760,2026-05-18T05:17:00,False,,HAFIZ SHOIB,0,0,0,Cash,,,,
886,,,SALMAAN SB GHURAL (GOGA SB GHURAL),FBMCL-00195,Booking Delivery,0,0,0,,MB NO.8428,SB-SL-1885,,,761,2026-05-18T05:18:00,False,,HARIS SUFWAN ABID,2400,2400,0,Cash,,,,
887,,,ABDUL SATTAR SB DHINDA FARM,FBMCL-00146,Credit Customer,29600,0,0,,MB NO.8430,SB-SL-1886,,,762,2026-05-18T21:41:00,False,,ALI HAMZA,1000,1000,0,Cash,,,,
888,,,HAJI WARIS SB JPS,FBMCL-00071,Booking Delivery,0,0,0,,MB NO.8432,SB-SL-1887,,,763,2026-05-18T22:52:00,False,,OUTSIDER,0,0,0,Cash,,,,
889,,,SHEHZAD BAIG SB KOANKH,FBMCL-00165,Credit Customer,36250,0,0,,MB NO.8435,SB-SL-1888,,,764,2026-05-18T00:09:00,False,,HAFIZ SHOIB,0,0,0,,,,,
890,,,ABDUL GHAFFAR SB JPS,FBMCL-00140,Cash,28900,28900,0,,MB NO.8438,SB-SL-1889,,,,2026-05-18T00:22:00,False,,ALI HAMZA,600,600,0,Cash,2,,FBM DRAWER CASH,
891,,,ANSAR SB DOIYAN,FBMCL-00155,Booking Delivery,0,0,0,,MB NO.8441,SB-SL-1890,,,765,2026-05-18T00:51:00,False,,OUTSIDER,0,0,0,,,,,
892,,,MIRZA SHAMSHEED SB BHUCH,FBMCL-00217,Booking Delivery,0,0,0,,MB NO.8443,SB-SL-1891,,,766,2026-05-18T00:54:00,False,,JAHANGIR PARSUWAL,1185.185185186,0,0,Cash,,,,
893,,,SAGHEER BAIG SB KOANKH,FBMCL-00216,Booking Delivery,0,0,0,,MB NO.8444,SB-SL-1892,,,767,2026-05-18T00:56:00,False,,HAFIZ SHOIB,1200,960,0,,,,,
894,,,CH IMRAN SB JPS,FBMCL-00215,Credit Customer,22300,0,0,,MB NO.8446,SB-SL-1893,,,768,2026-05-19T01:05:00,False,,ALI HAMZA,550,550,0,Cash,,,,
895,,,MASTER ZAHOOR SB JPS,FBMCL-00145,Credit Customer,3200,0,0,,MB NO.8447,SB-SL-1894,,,769,2026-05-19T01:11:00,False,,HARIS SUFWAN ABID,700,700,0,Cash,,,,
896,,,MIRZA REHMAN SB JPS,FBMCL-00191,Booking Delivery,0,0,0,,MB NO.8448,SB-SL-1895,,,770,2026-05-19T01:17:00,False,,ALI HAMZA,0,0,0,Cash,,,,
897,,,ABDUL REHMAN SB JPS(ZAFAR CONT),FBMCL-00168,Booking Delivery,0,0,0,,MB NO.8451,SB-SL-1896,,,771,2026-05-19T01:30:00,False,,JAHANGIR PARSUWAL,0,0,0,Cash,,,,
898,,,CH IMRAN SB JPS,FBMCL-00215,Credit Customer,22300,0,0,,MB NO.8454,SB-SL-1897,,,772,2026-05-19T01:33:00,False,,HARIS SUFWAN ABID,550,550,0,Cash,,,,
899,,,MAZHAR SB RUPOWAL DERA,FBMCL-00009,Credit Customer,37750,0,0,,MB NO.8455,SB-SL-1898,,,773,2026-05-19T01:40:00,False,,ALI HAMZA,1500,1500,0,Cash,,,,
900,,,IRFAN SB DEDHAR SHARIF,FBMCL-00205,Booking Delivery,0,0,0,,MB NO.8458,SB-SL-1899,,,774,2026-05-19T01:43:00,False,,HARIS SUFWAN ABID,1500,1200,0,Cash,,,,
901,,,TALHA SB JPS,FBMCL-00008,Booking Delivery,0,0,0,,MB NO.8462,SB-SL-1900,,,775,2026-05-19T01:46:00,False,,ALI HAMZA,600,600,0,Cash,,,,
902,,,HAJI IQBAL SB JPS,FBMCL-00047,Booking Delivery,0,0,0,,MB NO.8380,SB-SL-1901,,,776,2026-05-19T16:21:47.141947,False,,ALI HAMZA,4160,4160,0,Cash,,,,
903,,,HAFIZ ABDUL JABBAR SB RANGPUR,FBMCL-00202,Booking Delivery,0,0,0,,MB NO.8463.2,SB-SL-1902,,,777,2026-05-18T22:10:00,False,,OUTSIDER,0,0,0,Cash,,,,
904,,,HAFIZ ABDUL JABBAR SB RANGPUR,FBMCL-00202,Booking Delivery,0,0,0,,MB NO.8463,SB-SL-1903,,,778,2026-05-19T22:14:00,False,,OUTSIDER,0,0,0,Cash,,,,
905,,,FAROOQ KALAS SB PARSUWAL,FBMCL-00138,Booking Delivery,0,0,0,,MB NO.8464,SB-SL-1904,,,779,2026-05-19T22:15:00,False,,ZAIN ALI,0,0,0,Cash,,,,
906,,,SAGHEER BAIG SB KOANKH,FBMCL-00216,Booking Delivery,0,0,0,,MB NO.8465,SB-SL-1905,,,780,2026-05-19T22:18:00,False,,HAFIZ SHOIB,1200,1200,0,Cash,,,,
907,,,RANA ZAHID SB JPS,FBMCL-00021,Credit Customer,8700,0,0,,MB NO.8469,SB-SL-1906,,,781,2026-05-19T22:19:00,False,,HARIS SUFWAN ABID,700,700,0,Cash,,,,
908,,,ABDUL REHMAN SB JPS(ZAFAR CONT),FBMCL-00168,Booking Delivery,0,0,0,,MB NO.8470,SB-SL-1907,,,782,2026-05-19T22:21:00,False,,ZAIN ALI,0,0,0,Cash,,,,
909,,,SHEHZAD BAIG SB KOANKH,FBMCL-00165,Credit Customer,500,0,0,,MB NO.8472.2,SB-SL-1908,,,783,2026-05-19T22:43:00,False,,HAFIZ SHOIB,500,500,0,Cash,,,,
910,,,MUHAMMAD ARSHAD SB GHURAL (SUBEDAR QADAR DAD SB),FBMCL-00175,Mixed Transaction,1724,0,0,,MB NO.8474,SB-SL-1909,,,784,2026-05-19T22:48:00,False,,OUTSIDER,0,0,0,,,,,
911,,,TALHA SB JPS,FBMCL-00008,Booking Delivery,0,0,0,,MB NO.8477,SB-SL-1910,,,785,2026-05-19T22:49:00,False,,ALI HAMZA,600,600,0,Cash,,,,
912,,,SAGHEER BAIG SB KOANKH,FBMCL-00216,Booking Delivery,0,0,0,,MB NO.8480,SB-SL-1911,,,786,2026-05-20T10:51:00,False,,HAFIZ SHOIB,1200,1200,0,Cash,,,,
913,,,FAISAL SB AJNALA,FBMCL-00088,Booking Delivery,0,0,0,,MB NO.8482,SB-SL-1912,,,787,2026-05-20T10:54:00,False,,ZAIN ALI,800,800,0,Cash,,,,
914,,,MUHAMMAD ALI SB MULL,FBMCL-00053,Cash,30100,30000,100,DISCOUNT,MB NO.8483,SB-SL-1913,,,,2026-05-20T11:01:45.446707,False,,HAFIZ SHOIB,1300,1300,0,Cash,2,,FBM DRAWER CASH,
915,,,TARIQ BUTT SB JPS,FBMCL-00108,Booking Delivery,0,0,0,,MB NO.8486,SB-SL-1914,,,788,2026-05-20T11:02:00,False,,OUTSIDER,0,0,0,Cash,,,,
916,,,ABDUL GHAFFAR SB JPS,FBMCL-00140,Cash,36800,36700,100,DISCOUNT,MB NO.8487,SB-SL-1915,,,,2026-05-20T11:03:00,False,,HARIS SUFWAN ABID,2400,2400,0,Cash,2,,FBM DRAWER CASH,
917,,,TALHA SB JPS,FBMCL-00008,Booking Delivery,0,0,0,,MB NO.8488,SB-SL-1916,,,789,2026-05-20T11:05:00,False,,HAFIZ SHOIB,600,600,0,Cash,,,,
918,,,RAJA ALTAF SB JPS,FBMCL-00153,Booking Delivery,0,0,0,,MB NO.8489,SB-SL-1917,,,790,2026-05-20T11:07:00,False,,HAFIZ SHOIB,600,600,0,Cash,,,,
919,,,RANA ZAHID SB JPS,FBMCL-00021,Credit Customer,4450,0,0,,MB NO.8490,SB-SL-1918,,,791,2026-05-20T11:46:00,False,,ZAIN ALI,700,700,0,Cash,,,,
920,,,HAFIZ ABDUL JABBAR SB RANGPUR,FBMCL-00202,Booking Delivery,0,0,0,,MB NO.8492,SB-SL-1919,,,792,2026-05-20T12:02:00,False,,OUTSIDER,0,0,0,Cash,,,,
921,,,MALIK MEHMOOD SB PARSUWAL,FBMCL-00151,Booking Delivery,0,0,0,,MB NO.8494,SB-SL-1920,,,793,2026-05-16T12:04:00,False,,OUTSIDER,0,0,0,Cash,,,,
922,,,SUBEDAR MUHAMMAD ARSHAD SB KHANPUR KHOKHAR,FBMCL-00066,Booking Delivery,0,0,0,,MB NO.8495,SB-SL-1921,,,794,2026-05-16T12:06:00,False,,ALI HAMZA,7000,7000,0,,,,,
923,,,RANA ZAHID SB JPS,FBMCL-00021,Credit Customer,7550,0,0,,MB NO.8496,SB-SL-1922,,,795,2026-05-20T12:09:00,False,,ZAIN ALI,350,350,0,Cash,,,,
924,,,SAGHEER BAIG SB KOANKH,FBMCL-00216,Credit Customer,107498.8,0,0,,MB NO.8501,SB-SL-1923,,,796,2026-05-20T12:13:00,False,,HAFIZ SHOIB,1500,1500,0,Cash,,,,
925,,,RAJA ALTAF SB JPS,FBMCL-00153,Mixed Transaction,3433.5,0,0,,MB NO.8502,SB-SL-1924,,,797,2026-05-21T12:33:20.049424,False,,OUTSIDER,0,0,0,Cash,,,,
926,,,MUHAMMAD SHABEER SB CONT TIBBA AJNALA,FBMCL-00169,Booking Delivery,0,0,0,,MB NO.8503,SB-SL-1925,,,798,2026-05-20T12:33:00,False,,ALI HAMZA,1500,1500,0,,,,,
927,,,SAGHEER BAIG SB KOANKH,FBMCL-00216,Booking Delivery,0,0,0,,MB NO.8504,SB-SL-1926,,,799,2026-05-20T12:38:00,False,,HAFIZ SHOIB,1200,1200,0,,,,,
928,,,RAZAQ SB KHANPUR KHOKHAR,FBMCL-00218,Booking Delivery,0,0,0,,MB NO.8508,SB-SL-1927,,,800,2026-05-20T12:48:00,False,,ALI HAMZA,0,0,0,,,,,
929,,,NAUMAN RIHANIA SB JPS,FBMCL-00116,Credit Customer,29500,0,0,,MB NO.8509,SB-SL-1928,,,801,2026-05-21T12:54:00,False,,JAHANGIR PARSUWAL,700,700,0,Cash,,,,
930,,,SAGHEER BAIG SB KOANKH,FBMCL-00216,Booking Delivery,0,0,0,,MB NO.8514,SB-SL-1929,,,802,2026-05-20T13:02:00,False,,HAFIZ SHOIB,1200,1200,0,Cash,,,,
931,,,SHEHZAD SB GHURAIRA,FBMCL-00204,Booking Delivery,0,0,0,,MB NO.8516,SB-SL-1930,,,803,2026-05-21T13:12:00,False,,ALI HAMZA,1500,1500,0,Cash,,,,
932,,,CH MUHAMMAD AKRAM RIHANIA SB JPS,FBMCL-00167,Credit Customer,10905.8,0,0,,MB NO.8261,SB-SL-1931,,,804,2026-05-14T13:32:00,False,,OUTSIDER,0,0,0,Cash,,,,
933,,,CH MUHAMMAD AKRAM RIHANIA SB JPS,FBMCL-00167,Mixed Transaction,3379.6,0,0,,MB NO.8518,SB-SL-1932,,,805,2026-05-21T13:34:00,False,,OUTSIDER,0,0,0,Cash,,,,
934,,,MIRZA NAZAR BAIG SB KOANKH,FBMCL-00212,Cash,8750,8750,0,,MB NO.8519,SB-SL-1933,,,,2026-05-21T13:48:00,False,,ZAHID LOADER,2000,2000,0,Cash,2,,FBM DRAWER CASH,
935,,,ALI AKBAR SB DHINDA,FBMCL-00211,Booking Delivery,0,0,0,,MB NO.8520,SB-SL-1934,,,806,2026-05-21T13:52:00,False,,JAHANGIR PARSUWAL,0,0,0,Cash,,,,
936,,,HAFIZ ABDUL JABBAR SB RANGPUR,FBMCL-00202,Booking Delivery,0,0,0,,MB NO.8522,SB-SL-1935,,,807,2026-05-21T13:54:00,False,,OUTSIDER,0,0,0,Cash,,,,
937,,,MIRZA AMJAD JAVED SB AJNALA SITE,FBMCL-00028,Credit Customer,1500,0,0,,MB NO.8524,SB-SL-1936,,,808,2026-05-21T14:07:00,False,,OUTSIDER,0,0,0,Cash,,,,
938,,,TARIQ MEHMOOD SB MALIKPUR,FBMCL-00176,Credit Customer,21050,0,0,,MB NO.8525,SB-SL-1937,,,809,2026-05-21T14:31:00,False,,ZAIN ALI,750,750,0,Cash,,,,
939,,,TALHA SB JPS,FBMCL-00008,Mixed Transaction,56800.5,0,0,,MB NO.8517,SB-SL-1938,,,810,2026-05-21T14:33:00,False,,HAFIZ SHOIB,942.8125,942.81,0,Cash,,,,
940,,,TALHA SB JPS,FBMCL-00008,Credit Customer,1975,0,0,,MB NO.8526,SB-SL-1939,,,811,2026-05-21T14:38:00,False,,OUTSIDER,0,0,0,Cash,,,,
941,,,GHULAM GHOUS SB JPS,FBMCL-00220,Credit Customer,16767.5,10000,2900,DISCOUNT WAS FOR PREVIOUS EXCESS AMOUNT,MB NO.8515,SB-SL-1940,,,812,2026-05-21T11:18:00,False,,ALI HAMZA,300,300,0,Cash,2,,FBM DRAWER CASH,
942,,,ABDUL SATTAR SB DHINDA FARM,FBMCL-00146,Cash,49520,49500,20,DISCOUNT,MB NO.8527,SB-SL-1941,,,,2026-05-23T01:34:00,False,,JAHANGIR PARSUWAL,2000,2000,0,Cash,2,,FBM DRAWER CASH,
943,,,GHULAM SARWAR SB JPS(HAJI JAVED SB),FBMCL-00052,Booking Delivery,0,0,0,,MB NO.8529,SB-SL-1942,,,813,2026-05-21T01:37:00,False,,OUTSIDER,0,0,0,,,,,
944,,,CH MUHAMMAD AKRAM RIHANIA SB JPS,FBMCL-00167,Booking Delivery,0,0,0,,MB NO.8530,SB-SL-1943,,,814,2026-05-21T01:39:00,False,,HAFIZ SHOIB,0,0,0,Cash,,,,
945,,,RAJA ALTAF SB JPS,FBMCL-00153,Booking Delivery,0,0,0,,MB NO.8531,SB-SL-1944,,,815,2026-05-21T01:40:00,False,,ZAIN ALI,0,0,0,Cash,,,,
946,,,MALIK ILYAS SB JPS,FBMCL-00022,Credit Customer,1450,0,0,,MB NO.8533,SB-SL-1945,,,816,2026-05-21T01:42:00,False,,OUTSIDER,0,0,0,,,,,
947,,,MIRZA NAZAR BAIG SB KOANKH,FBMCL-00212,Credit Customer,6780,6000,0,,MB NO.8534,SB-SL-1946,,,817,2026-05-21T01:48:00,False,,OUTSIDER,0,0,0,Cash,2,,FBM DRAWER CASH,
948,,,MIRZA SHAMSHEED SB BHUCH,FBMCL-00217,Booking Delivery,0,0,0,,MB NO.8537,SB-SL-1947,,,818,2026-05-21T01:52:00,False,,ZAIN ALI,497.177419354905,497.18,0.002580645095008549,,,,,
949,,,TALHA SB JPS,FBMCL-00008,Booking Delivery,0,0,0,,MB NO.8543,SB-SL-1948,,,819,2026-05-21T02:13:00,False,,ZAIN ALI,600,600,0,Cash,,,,
950,,,GHULAM SARWAR SB JPS(HAJI JAVED SB),FBMCL-00052,Booking Delivery,0,0,0,,MB NO.8549,SB-SL-1949,,,820,2026-05-21T02:14:00,False,,OUTSIDER,0,0,0,Cash,,,,
951,,,SAGHEER BAIG SB KOANKH,FBMCL-00216,Booking Delivery,0,0,0,,MB NO.8548,SB-SL-1950,,,821,2026-05-21T14:40:00,False,,HAFIZ SHOIB,1200,1200,0,,,,,
952,,,SAGHEER BAIG SB KOANKH,FBMCL-00216,Mixed Transaction,2000,0,0,,MB NO.8550,SB-SL-1951,,,822,2026-05-21T02:42:00,False,,HAFIZ SHOIB,1200,1200,0,Cash,,,,
953,,,IMRAN SB CHACHUWAL,FBMCL-00214,Booking Delivery,0,0,0,,MB NO.8552,SB-SL-1952,,,823,2026-05-21T02:52:00,False,,OUTSIDER,0,0,0,,,,,
954,,,JAMEEL SB JAGWAN,FBMCL-00158,Cash,50802.4,50800,2.4,DISCOUNT,MB NO.8553,SB-SL-1953,,,,2026-05-21T03:01:00,False,,JAHANGIR PARSUWAL,1200,1200,0,Cash,2,,FBM DRAWER CASH,
955,,,IRFAN SB DEDHAR SHARIF,FBMCL-00205,Mixed Transaction,5265,0,0,,MB NO.8249,SB-SL-1954,,,824,2026-05-13T03:14:00,False,,JAHANGIR PARSUWAL,1500,1500,0,Cash,,,,
956,,,IRFAN SB DEDHAR SHARIF,FBMCL-00205,Credit Customer,4860,0,0,,MB NO.8557,SB-SL-1955,,,825,2026-05-22T03:17:00,False,,OUTSIDER,0,0,0,,,,,
957,,,FAZAL ILAHI SB JALPUWAL,FBMCL-00051,Booking Delivery,0,0,0,,MB NO.8563,SB-SL-1956,,,826,2026-05-23T03:30:00,False,,ALI HAMZA,750,750,0,Cash,,,,
958,,,RAJA ALTAF SB JPS,FBMCL-00153,Mixed Transaction,45741.5,0,0,,MB NO.8564,SB-SL-1957,,,827,2026-05-23T03:31:00,False,,HAFIZ SHOIB,0,0,0,Cash,,,,
959,,,YASIR YAQOOB SB DILAWARPUR,FBMCL-00163,Mixed Transaction,5600,0,0,,MB NO.8566,SB-SL-1958,,,828,2026-05-23T03:38:00,False,,ZAHID LOADER,5600,5600,0,Cash,,,,
960,,,ZEESHAN ATTARI SB JPS,FBMCL-00178,Booking Delivery,0,0,0,,MB NO.8568,SB-SL-1959,,,829,2026-05-23T03:41:00,False,,ZAIN ALI,1200,1200,0,Cash,,,,
961,,,MUHAMMAD ASHRAF SB JPS NEAR SCHOOL (SALEEM CONT),FBMCL-00073,Booking Delivery,0,0,0,,MB NO.8569,SB-SL-1960,,,830,2026-05-23T03:42:00,False,,OUTSIDER,0,0,0,Cash,,,,
962,,,MALIK ILYAS SB JPS,FBMCL-00022,Credit Customer,11950,0,0,,MB NO.8570,SB-SL-1961,,,831,2026-05-23T03:43:00,False,,ZAIN ALI,350,350,0,Cash,,,,
963,,,FAROOQ KALAS SB PARSUWAL,FBMCL-00138,Mixed Transaction,6249.4,0,0.4,DISCOUNT,MB NO.8571,SB-SL-1962,,,832,2026-05-23T03:45:00,False,,ALI HAMZA,1300,1300,0,Cash,,,,
964,,,DR EHSAN SB DHINDA,FBMCL-00105,Mixed Transaction,422.9999999999993,0,0,,MB NO.8572,SB-SL-1963,,,833,2026-05-23T03:51:00,False,,HARIS SUFWAN ABID,800,800,0,Cash,,,,
965,,,TALHA SB JPS,FBMCL-00008,Booking Delivery,0,0,0,,MB NO.8574,SB-SL-1964,,,834,2026-05-23T03:58:00,False,,HARIS SUFWAN ABID,600,600,0,Cash,,,,
966,,,ZEESHAN ATTARI SB JPS,FBMCL-00178,Booking Delivery,0,0,0,,MB NO.8576,SB-SL-1965,,,835,2026-05-23T04:01:00,False,,JAHANGIR PARSUWAL,2678.4,2678.4,4.547473508864641e-13,Cash,,,,
967,,,MUHAMMAD RAZAQ SB JPS,FBMCL-00147,Booking Delivery,0,0,0,,MB NO.8578,SB-SL-1966,,,836,2026-05-23T04:07:00,False,,ALI HAMZA,350,350,0,Cash,,,,
968,,,ABDUL AZEEM SB KHAN PUR KHOKHAR,FBMCL-00001,Mixed Transaction,6195.099999999999,0,0,,MB NO.8580,SB-SL-1967,,,837,2026-05-23T04:08:00,False,,JAHANGIR PARSUWAL,1300,1300,0,Cash,,,,
969,,,CH MUHAMMAD AKRAM RIHANIA SB JPS,FBMCL-00167,Booking Delivery,0,0,0,,MB NO.8582,SB-SL-1968,,,838,2026-05-23T04:16:00,False,,OUTSIDER,0,0,0,Cash,,,,
970,,,ABDUL AZEEM SB KHAN PUR KHOKHAR,FBMCL-00001,Booking Delivery,0,0,0,,MB NO.8583,SB-SL-1969,,,839,2026-05-23T04:19:00,False,,HARIS SUFWAN ABID,0,0,0,Cash,,,,
971,,,MUHAMMAD AKRAM SB SANTAL SURKHIYAN,FBMCL-00150,Booking Delivery,0,0,0,,MB NO.8584,SB-SL-1970,,,840,2026-05-23T04:21:00,False,,ALI HAMZA,0,0,0,,,,,
972,,,SAGHEER BAIG SB KOANKH,FBMCL-00216,Booking Delivery,0,0,0,,MB NO.8586,SB-SL-1971,,,841,2026-05-23T04:23:00,False,,ZAIN ALI,1200,1200,0,Cash,,,,
973,,,RAJA ALTAF SB JPS,FBMCL-00153,Credit Customer,8500,0,0,,MB NO.8588,SB-SL-1972,,,842,2026-05-23T04:28:00,False,,OUTSIDER,4500,0,0,,,,,
974,,,ZEESHAN ATTARI SB JPS,FBMCL-00178,Booking Delivery,0,0,0,,MB NO.8590,SB-SL-1973,,,843,2026-05-23T22:58:00,False,,JAHANGIR PARSUWAL,300,300,0,Cash,,,,
975,,,ZEESHAN ATTARI SB JPS,FBMCL-00178,Booking Delivery,0,0,0,,MB NO.8592,SB-SL-1974,,,844,2026-05-23T23:00:00,False,,HAFIZ SHOIB,450,450,0,Cash,,,,
976,,,SAJID BAIG MAKKI KOANKH,FBMCL-00065,Credit Customer,2000.0000000016,0,0,,MB NO.8593/2,SB-SL-1975,,,845,2026-05-23T23:56:00,False,,HARIS SUFWAN ABID,2000.0000000016,2000,0,Cash,,,,
977,,,ZEESHAN ATTARI SB JPS,FBMCL-00178,Credit Customer,97644.5,0,0.5,DISCOUNT,MB NO.8594,SB-SL-1976,,,846,2026-05-23T00:57:00,False,,JAHANGIR PARSUWAL,600,600,0,Cash,,,,
978,,,TAHIR SB AJNALA,FBMCL-00038,Booking Delivery,0,0,0,,MB NO.8595,SB-SL-1977,,,847,2026-05-23T01:35:00,False,,ZAIN ALI,0,0,0,Cash,,,,
979,,,TALHA SB JPS,FBMCL-00008,Credit Customer,1900,0,0,,MB NO.8597,SB-SL-1978,,,848,2026-05-23T01:37:00,False,,OUTSIDER,0,0,0,Cash,,,,
980,,,MUHAMMAD ARSHAD SB GHURAL (SUBEDAR QADAR DAD SB),FBMCL-00175,Booking Delivery,0,0,0,,MB NO.8601,SB-SL-1979,,,849,2026-05-24T04:15:00,False,,HAFIZ SHOIB,0,0,0,Cash,,,,
981,,,MIRZA YOUNUS SB JPS,FBMCL-00208,Booking Delivery,0,0,0,,MB NO.8603,SB-SL-1980,,,850,2026-05-24T04:19:00,False,,OUTSIDER,0,0,0,Cash,,,,
982,,,MIRZA YOUNUS SB JPS,FBMCL-00208,Booking Delivery,0,0,0,,MB NO.8604,SB-SL-1981,,,851,2026-05-24T04:20:00,False,,ALI HAMZA,350,350,0,Cash,,,,
983,,,MUHAMMAD AKRAM SB SANTAL SURKHIYAN,FBMCL-00150,Mixed Transaction,22500,0,0,,MB NO.8606,SB-SL-1982,,,852,2026-05-24T04:25:00,False,,ALI HAMZA,1500,0,0,Cash,,,,
984,,,ABDUL SATTAR SB DHINDA FARM,FBMCL-00146,Credit Customer,2000,0,0,,MB NO.8612,SB-SL-1983,,,853,2026-05-24T04:39:00,False,,OUTSIDER,0,0,0,Cash,,,,
985,,,TALHA SB JPS,FBMCL-00008,Booking Delivery,0,0,0,,MB NO.8613,SB-SL-1984,,,854,2026-05-24T04:40:00,False,,JAHANGIR PARSUWAL,600,600,0,Cash,,,,
986,,,MASTER ZAHOOR SB JPS,FBMCL-00145,Mixed Transaction,33333.3,0,0.33,DISCOUNT,MB NO.8614,SB-SL-1985,,,855,2026-05-24T04:50:00,False,,ZAHID LOADER,0,0,0,Cash,,,,
987,,,SAGHEER BAIG SB KOANKH,FBMCL-00216,Credit Customer,7191,0,0,,MB NO.8616,SB-SL-1986,,,856,2026-05-24T04:53:00,False,,OUTSIDER,0,0,0,Cash,,,,
988,,,HAFIZ ABDUL JABBAR SB RANGPUR,FBMCL-00202,Booking Delivery,0,0,0,,MB NO.8620,SB-SL-1987,,,857,2026-05-24T05:04:00,False,,OUTSIDER,0,0,0,Cash,,,,
989,,,SAIF ULLAH SB KOANKH,FBMCL-00172,Booking Delivery,0,0,0,,MB NO.8621,SB-SL-1988,,,858,2026-05-24T05:05:00,False,,HARIS SUFWAN ABID,1000,1000,0,Cash,,,,
990,,,ZEESHAN ATTARI SB JPS,FBMCL-00178,Mixed Transaction,1800,0,0,,MB NO.8624,SB-SL-1989,,,859,2026-05-24T11:10:00,False,,ZAIN ALI,572.4000000000001,572.4,0,Cash,,,,
991,,,RAJA ALTAF SB JPS,FBMCL-00153,Mixed Transaction,11795.99999999996,0,0,,MB NO.8625,SB-SL-1990,,,860,2026-05-25T11:15:00,False,,JAHANGIR PARSUWAL,750,750,0,,,,,
992,,,JAMEEL SB JAGWAN,FBMCL-00158,Mixed Transaction,12250,0,0,,MB NO.8626/2,SB-SL-1991,,,861,2026-05-24T11:54:00,False,,OUTSIDER,3000,3000,0,,,,,
993,,,Orphan51,ORPH-00051,Cash,22750,22750,0,,MB NO.8628,SB-SL-1992,,,,2026-05-25T12:46:00,False,"[MIGRATION] Orphan record. Original client: ""ALI HAIDER SB KOANKH"".",HAFIZ SHOIB,1000,1000,0,Cash,2,,FBM DRAWER CASH,
994,,,DR AMIN SB JPS,FBMCL-00192,Booking Delivery,0,0,0,,MB NO.8629,SB-SL-1993,,,862,2026-05-25T12:49:00,False,,ZAIN ALI,300,300,0,Cash,,,,
995,,,ZEESHAN ATTARI SB JPS,FBMCL-00178,Booking Delivery,0,0,0,,MB NO.8631,SB-SL-1994,,,863,2026-05-25T12:52:00,False,,ALI HAMZA,2400,2400,0,Cash,,,,
996,,,NAUMAN RIHANIA SB JPS,FBMCL-00116,Booking Delivery,0,0,0,,MB NO.8632/2,SB-SL-1995,,,864,2026-05-25T12:55:00,False,,OUTSIDER,0,0,0,Cash,,,,
1001,,,RAJA ALTAF SB JPS,FBMCL-00153,Credit Customer,440.0000000000001,0,0,,MB NO.8633,SB-SL-1997,,,865,2026-05-25T13:03:00,False,,OUTSIDER,0,0,0,Cash,,,,
1002,,,GHULAM SARWAR SB JPS(HAJI JAVED SB),FBMCL-00052,Booking Delivery,0,0,0,,MB NO.8637,SB-SL-1998,,,866,2026-05-25T14:37:00,False,,OUTSIDER,0,0,0,Cash,,,,
1003,,,MIRZA NAZAR BAIG SB KOANKH,FBMCL-00212,Booking Delivery,0,0,0,,MB NO.8639,SB-SL-1999,,,867,2026-05-25T14:44:00,False,,HAFIZ SHOIB,1000,1000,0,Cash,,,,
1004,,,MIRZA AKHTAR BAIG SB KOANKH,FBMCL-00221,Credit Customer,29800,0,0,,MB NO.8640,SB-SL-2000,,,868,2026-05-25T14:49:00,False,,HARIS SUFWAN ABID,1000,1000,0,Cash,,,,
1005,,,ALI AKBAR SB DHINDA,FBMCL-00211,Booking Delivery,0,0,0,,MB NO.8641,SB-SL-2001,,,869,2026-05-25T14:51:00,False,,ZAIN ALI,0,0,0,Cash,,,,
1006,,,SHEHZAD SB GHURAIRA,FBMCL-00204,Booking Delivery,0,0,0,,MB NO.8644,SB-SL-2002,,,870,2026-05-25T15:26:00,False,,ALI HAMZA,1500,1500,0,Cash,,,,
1007,,,Orphan52,ORPH-00052,Cash,13793.5,13790,3.5,DISCOUNT,MB NO.8646,SB-SL-2003,,,,2026-05-25T15:31:00,False,"[MIGRATION] Orphan record. Original client: ""SHOUKAT ALI SB TIBBA"".",OUTSIDER,0,0,0,Cash,2,,FBM DRAWER CASH,
1008,,,FAISAL SB AJNALA,FBMCL-00088,Booking Delivery,0,0,0,,MB NO.8649,SB-SL-2004,,,871,2026-05-25T15:32:00,False,,JAHANGIR PARSUWAL,800,800,0,Cash,,,,
1009,,,BASHEER SHAH SB GHURAIRA( KAKU SHAH),FBMCL-00135,Booking Delivery,0,0,0,,MB NO.8650,SB-SL-2005,,,872,2026-05-25T15:40:00,False,,HAFIZ SHOIB,0,0,0,Cash,,,,
1010,,,IRFAN SB DEDHAR SHARIF,FBMCL-00205,Booking Delivery,0,0,0,,MB NO.8651,SB-SL-2006,,,873,2026-05-25T15:43:00,False,,ZAIN ALI,1500,1500,0,Cash,,,,
1011,,,IRFAN SB DEDHAR SHARIF,FBMCL-00205,Credit Customer,49773,0,0,,MB NO.8652,SB-SL-2007,,,874,2026-05-25T15:44:00,False,RATE DIFRENCE 8655,ZAIN ALI,0,0,0,Cash,,,,
1012,,,RAJA PARWEZ SB RANGPUR,FBMCL-00111,Credit Customer,28200,0,0,,MB NO.8654,SB-SL-2008,,,875,2026-05-25T15:47:00,False,,HAFIZ SHOIB,0,0,0,Cash,,,,
1013,,,HAJI WARIS SB JPS,FBMCL-00071,Credit Customer,380,0,0,,MB NO.8656,SB-SL-2009,,,876,2026-05-25T15:53:00,False,,OUTSIDER,0,0,0,Cash,,,,
1014,,,ZEESHAN ATTARI SB JPS,FBMCL-00178,Booking Delivery,0,0,0,,MB NO.8657,SB-SL-2010,,,877,2026-05-25T15:57:00,False,,HARIS SUFWAN ABID,600,0,0,Cash,,,,
1015,,,ASIF HUSSAIN JPS (ALI ALMUNIUM),FBMCL-00089,Credit Customer,49072,0,0,,MB NO.8713,SB-SL-2011,,,878,2026-05-30T16:31:00,False,,JAHANGIR PARSUWAL,0,500,500,,,,,
1016,,,HAFIZ ABDUL JABBAR SB RANGPUR,FBMCL-00202,Booking Delivery,0,0,0,,MB NO.8664,SB-SL-2012,,,879,2026-05-25T16:51:00,False,,OUTSIDER,0,0,0,Cash,,,,
1017,,,RAJA ALTAF SB JPS,FBMCL-00153,Credit Customer,88200,0,0,,MB NO.8666,SB-SL-2013,,,880,2026-05-25T16:58:00,False,,JAHANGIR PARSUWAL,1800,1800,0,Cash,,,,
1018,,,ZEESHAN ATTARI SB JPS,FBMCL-00178,Booking Delivery,0,0,0,,MB NO.8669,SB-SL-2014,,,881,2026-05-25T17:03:00,False,,HARIS SUFWAN ABID,600,0,0,Cash,,,,
1019,,,RAJA ALTAF SB JPS,FBMCL-00153,Credit Customer,14700,0,0,,MB NO.8670,SB-SL-2015,,,882,2026-05-25T17:04:00,False,,JAHANGIR PARSUWAL,300,300,0,Cash,,,,
1020,,,RANA ZAHID SB JPS,FBMCL-00021,Credit Customer,14750,0,0,,MB NO.8703,SB-SL-2016,,,883,2026-05-30T17:12:00,False,,JAHANGIR PARSUWAL,350,350,0,Cash,,,,
1021,,,ILYAS RIHANIA SB JPS,FBMCL-00222,Credit Customer,4420,0,0,,MB NO.8704,SB-SL-2017,,,884,2026-05-30T17:18:00,False,,OUTSIDER,0,0,0,Cash,,,,
1022,,,ABDUL SATTAR SB DHINDA FARM,FBMCL-00146,Credit Customer,37250,0,0,,MB NO.8676,SB-SL-2018,,,885,2026-05-26T17:21:00,False,,ALI HAMZA,1250,1250,0,Cash,,,,
1023,,,ABDUL SATTAR SB DHINDA FARM,FBMCL-00146,Credit Customer,37250,0,0,,MB NO.8705,SB-SL-2019,,,886,2026-05-30T17:23:48.152335,False,,HAFIZ SHOIB,1250,1250,0,Cash,,,,
1024,,,SAFDAR ALI SB AJNALA (ASLAM CONT),FBMCL-00186,Booking Delivery,0,0,0,,MB NO.8706,SB-SL-2020,,,887,2026-05-30T17:24:00,False,,JAHANGIR PARSUWAL,1000,1000,0,Cash,,,,
1025,,,HAFIZ ABDUL JABBAR SB RANGPUR,FBMCL-00202,Booking Delivery,0,0,0,,MB NO.8708,SB-SL-2021,,,888,2026-05-30T17:32:00,False,,OUTSIDER,0,0,0,Cash,,,,
1026,,,SAFDAR ALI SB AJNALA (ASLAM CONT),FBMCL-00186,Mixed Transaction,7075.000000000006,0,0,,MB NO.8710,SB-SL-2022,,,889,2026-05-30T17:35:00,False,,JAHANGIR PARSUWAL,0,0,0,,,,,
1027,,,ILYAS RIHANIA SB JPS,FBMCL-00222,Credit Customer,14400,0,0,,MB NO.8712,SB-SL-2023,,,890,2026-05-30T17:37:00,False,,OUTSIDER,0,0,0,Cash,,,,
1028,,,KHALID SB HANDA DERHA,FBMCL-00253,Cash,37500,37500,0,,MB NO.8714,SB-SL-2024,,,,2026-05-30T17:38:00,False,,HAFIZ SHOAIB,1500,1500,0,Cash,2,,FBM  CASH,
1029,,,MALIK MEHMOOD SB PARSUWAL,FBMCL-00151,Credit Customer,5724,0,0,,MB NO.8715,SB-SL-2025,,,891,2026-05-30T17:41:00,False,,JAHANGIR PARSUWAL,0,0,0,Cash,,,,
1030,,,SHERAZ SB MALIK PUR,FBMCL-00162,Booking Delivery,0,0,0,,MB NO.8716,SB-SL-2026,,,892,2026-05-30T17:42:00,False,,HAFIZ SHOIB,0,0,0,Cash,,,,
1031,,,MUHAMMAD AKRAM SB SANTAL SURKHIYAN,FBMCL-00150,Credit Customer,5400,0,0,,MB NO.8717,SB-SL-2027,,,893,2026-05-30T17:43:00,False,,OUTSIDER,0,0,0,Cash,,,,
1032,,,ABDUL AZEEM SB KHAN PUR KHOKHAR,FBMCL-00001,Mixed Transaction,3126.799999999994,0,0.9,DISCOUNT,MB NO.8718,SB-SL-2028,,,894,2026-05-30T09:14:00,False,,JAHANGIR PARSUWAL,1250,1250,0,,,,,
1033,,,HAFIZ ABDUL JABBAR SB RANGPUR,FBMCL-00202,Credit Customer,2163.5,0,0.5,DISCOUNT,MB NO.8719,SB-SL-2029,,,895,2026-05-31T10:43:11.231124,False,,OUTSIDER,0,0,0,Cash,,,,
1034,,,CH MUHAMMAD AKRAM RIHANIA SB JPS,FBMCL-00167,Booking Delivery,0,0,0,,MB NO.8720,SB-SL-2030,,,896,2026-05-31T10:51:00,False,,OUTSIDER,0,0,0,Cash,,,,
1035,,,TALHA SB JPS,FBMCL-00008,Mixed Transaction,1900,0,0,,MB NO.8721,SB-SL-2031,,,897,2026-05-31T10:52:00,False,,HAFIZ SHOIB,600,600,0,Cash,,,,
1036,,,MALIK NAVEED SB KHAN PUR KHOKHAR,FBMCL-00207,Booking Delivery,0,0,0,,MB NO.8723,SB-SL-2032,,,898,2026-05-31T10:55:00,False,,HAFIZ SHOIB,0,0,0,Cash,,,,
1037,,,CH MUHAMMAD AKRAM RIHANIA SB JPS,FBMCL-00167,Booking Delivery,0,0,0,,MB NO.8724,SB-SL-2033,,,899,2026-05-31T10:56:00,False,,OUTSIDER,0,0,0,,,,,
1038,,,AFGHAN SB GHURAL,FBMCL-00210,Booking Delivery,0,0,0,,MB NO.8725,SB-SL-2034,,,900,2026-05-31T10:58:00,False,,OUTSIDER,0,0,0,Cash,,,,
1039,,,ASIF HUSSAIN JPS (ALI ALMUNIUM),FBMCL-00089,Credit Customer,7599,0,0,,MB NO.8726/2,SB-SL-2035,,,901,2026-05-31T11:02:00,False,,OUTSIDER,0,0,0,Cash,,,,
1040,,,DR AMIN SB JPS,FBMCL-00192,Booking Delivery,0,0,0,,MB NO.8727,SB-SL-2036,,,902,2026-05-31T11:07:00,False,,HAFIZ SHOIB,600,600,0,Cash,,,,
1041,,,HAFIZ ABDUL JABBAR SB RANGPUR,FBMCL-00202,Booking Delivery,0,0,0,,MB NO.8728,SB-SL-2037,,,903,2026-05-31T11:09:00,False,,OUTSIDER,0,0,0,Cash,,,,
1042,,,MUHAMMAD QASIM SB MALIKPUR,FBMCL-00134,Booking Delivery,0,0,0,,MB NO.8730,SB-SL-2038,,,904,2026-05-31T11:33:00,False,,ALI HAMZA,0,0,0,,,,,
1043,,,MALIK ILYAS SB JPS,FBMCL-00022,Credit Customer,11250,0,0,,MB NO.8733,SB-SL-2039,,,905,2026-05-31T13:24:00,False,,HAFIZ SHOIB,1000,1000,0,Cash,,,,
1044,,,MIRZA SHAMSHEED SB BHUCH,FBMCL-00217,Cash,4480,4450,30,DISCOUNT,MB NO.8671,SB-SL-2040,,,,2026-05-26T13:36:00,False,,OUTSIDER,0,0,0,Cash,2,,FBM DRAWER CASH,
1045,,,MASTER ZAHOOR SB JPS,FBMCL-00145,Credit Customer,8384,0,0,,MB NO.8672,SB-SL-2041,,,906,2026-05-26T13:38:00,False,,OUTSIDER,0,0,0,Cash,,,,
1046,,,Orphan53,ORPH-00053,Cash,15100,15100,0,,MB NO.8673,SB-SL-2042,,,,2026-05-26T13:39:00,False,"[MIGRATION] Orphan record. Original client: ""ASAD SB KOANKH"".",ZAIN ALI,600,600,0,Cash,2,,FBM DRAWER CASH,
1047,,,NAUMAN RIHANIA SB JPS,FBMCL-00116,Booking Delivery,0,0,0,,MB NO.8674,SB-SL-2043,,,907,2026-05-26T13:41:00,False,,OUTSIDER,0,0,0,Cash,,,,
1048,,,MASTER ZAHOOR SB JPS,FBMCL-00145,Credit Customer,390,0,0,,MB NO.8675,SB-SL-2044,,,908,2026-05-26T13:42:00,False,,OUTSIDER,0,0,0,Cash,,,,
1049,,,GHULAM GHOUS SB JPS,FBMCL-00220,Credit Customer,2840,0,0,,MB NO.8677,SB-SL-2045,,,909,2026-05-26T13:45:00,False,,OUTSIDER,0,0,0,Cash,,,,
1050,,,RAJA PARWEZ SB RANGPUR,FBMCL-00111,Credit Customer,28200,0,0,,MB NO.8678,SB-SL-2046,,,910,2026-05-26T14:58:00,False,,HAFIZ SHOIB,0,0,0,Cash,,,,
1051,,,MUHAMMAD RAZAQ SB JPS,FBMCL-00147,Cash,137918.2,137918.2,0,,MB NO.8685,SB-SL-2047,,,,2026-05-26T15:12:00,False,,HAFIZ SHOIB,700,700,0,Bank,1,MCB,ADNAN AHMED,7761.0
1052,,,HAJI WARIS SB JPS,FBMCL-00071,Booking Delivery,0,0,0,,MB NO.8686/2,SB-SL-2048,,,911,2026-05-26T15:21:00,False,,HARIS SUFWAN ABID,0,0,0,Cash,,,,
1053,,,RANA ZAHID SB JPS,FBMCL-00021,Credit Customer,3700,0,0,,MB NO.8687,SB-SL-2049,,,912,2026-05-26T15:26:00,False,,HAFIZ SHOIB,700,700,0,,,,,
1054,,,MUHAMMAD RAZAQ SB JPS,FBMCL-00147,Booking Delivery,0,0,0,,MB NO.8690,SB-SL-2050,,,913,2026-05-26T15:26:00,False,,ZAIN ALI,1400,1400,0,Cash,,,,
1055,,,CH MUHAMMAD AKRAM RIHANIA SB JPS,FBMCL-00167,Booking Delivery,0,0,0,,MB NO.8691,SB-SL-2051,,,914,2026-05-26T15:28:00,False,,OUTSIDER,0,0,0,Cash,,,,
1056,,,MUHAMMAD RAZAQ SB JPS,FBMCL-00147,Cash,200,200,0,,MB NO.8692,SB-SL-2052,,,,2026-05-26T15:31:00,False,,OUTSIDER,0,0,0,Cash,2,,FBM DRAWER CASH,
1057,,,NAUMAN RIHANIA SB JPS,FBMCL-00116,Credit Customer,2880,0,0,,MB NO.8695,SB-SL-2053,,,915,2026-05-26T15:32:00,False,,OUTSIDER,0,0,0,Cash,,,,
1058,,,MUHAMMAD RAZAQ SB JPS,FBMCL-00147,Booking Delivery,0,0,0,,MB NO.8696,SB-SL-2054,,,916,2026-05-26T15:33:00,False,,HARIS SUFWAN ABID,525,525,0,Cash,,,,
1059,,,MALIK ANSAR SB KHORI,FBMCL-00016,Credit Customer,1180,0,0,,MB NO.8700,SB-SL-2055,,,917,2026-05-26T15:40:00,False,LOCK AND FOAM PAYMENT,OUTSIDER,0,0,0,Cash,,,,
1060,,,ABDUL SATTAR SB DHINDA FARM,FBMCL-00146,Cash,73500,73500,0,,MB NO.8739/8742,SB-SL-2056,,,,2026-05-31T15:45:00,False,,HAFIZ SHOIB,2500,2500,0,Cash,2,,FBM DRAWER CASH,
1061,,,TALHA SB JPS,FBMCL-00008,Booking Delivery,0,0,0,,MB NO.8744,SB-SL-2057,,,918,2026-05-31T16:49:00,False,,ZAIN ALI,600,600,0,Cash,,,,
1062,,,MIRZA NAZAR BAIG SB KOANKH,FBMCL-00212,Mixed Transaction,11147,0,0,,MB NO.8745,SB-SL-2058,,,919,2026-05-31T09:50:00,False,,HAFIZ SHOIB,2504,2504,0,Cash,,,,
1063,,,ABDULLAH SB HANDA STOP,FBMCL-00198,Booking Delivery,0,0,0,,MB NO.8737,SB-SL-2059,,,920,2026-05-31T10:04:00,False,,ALI HAMZA,1500,1500,0,Cash,,,,
1064,,,ATIF BAIG SB KOANKH,FBMCL-00224,Mixed Transaction,25.49999999999991,0,0.5,DISCOUNT,MB NO.8734,SB-SL-2060,,,921,2026-05-31T10:05:00,False,,ZAIN ALI,1000,1000,0,Cash,,,,
1065,,,DR EHSAN SB DHINDA,FBMCL-00105,Booking Delivery,0,0,0,,MB NO.8750,SB-SL-2061,,,922,2026-06-01T10:53:00,False,,HARIS SUFWAN ABID,1000,1000,0,Cash,,,,
1066,,,MIRZA AKHTAR BAIG SB KOANKH,FBMCL-00221,Credit Customer,29600,0,0,,MB NO.8751,SB-SL-2062,,,923,2026-06-01T10:56:00,False,,HAFIZ SHOIB,1000,1000,0,Cash,,,,
1067,,,ABDUL SATTAR SB DHINDA FARM,FBMCL-00146,Credit Customer,14800,0,0,,MB NO.8754,SB-SL-2063,,,924,2026-06-01T12:37:00,False,,JAHANGIR PARSUWAL,600,600,0,Cash,,,,
1068,,,SIKANDAR SB JAGUWAN,FBMCL-00225,Booking Delivery,0,0,0,,MB NO.8756,SB-SL-2064,,,925,2026-06-01T12:50:00,False,,HAFIZ SHOIB,0,0,0,Cash,,,,
1070,,,Orphan54,ORPH-00054,Cash,29700,29700,0,,MB NO.8760,SB-SL-2066,,,,2026-06-01T13:00:00,False,"[MIGRATION] Orphan record. Original client: ""NAZIR AHMED SB KOANKH"".",JAHANGIR PARSUWAL,1000,1000,0,Cash,2,,FBM DRAWER CASH,
1071,,,SAFDAR ALI SB AJNALA (ASLAM CONT),FBMCL-00186,Mixed Transaction,1000,0,0,,MB NO.8762,SB-SL-2067,,,927,2026-06-01T13:04:00,False,,JAHANGIR PARSUWAL,2500,2500,0,Cash,,,,
1072,,,HAFIZ ABDUL JABBAR SB RANGPUR,FBMCL-00202,Booking Delivery,0,0,0,,MB NO.8763,SB-SL-2068,,,928,2026-06-01T13:07:00,False,,OUTSIDER,0,0,0,Cash,,,,
1073,,,ALI AKBAR SB DHINDA,FBMCL-00211,Booking Delivery,0,0,0,,MB NO.8764,SB-SL-2069,,,929,2026-06-01T13:08:00,False,,JAHANGIR PARSUWAL,0,0,0,Cash,,,,
1074,,,SIKANDAR SB JAGUWAN,FBMCL-00225,Booking Delivery,0,0,0,,MB NO.8766,SB-SL-2070,,,930,2026-06-01T13:22:00,False,,OUTSIDER,0,0,0,Cash,,,,
1075,,,SIKANDAR SB JAGUWAN,FBMCL-00225,Booking Delivery,0,0,0,,MB NO.8768,SB-SL-2071,,,931,2026-06-01T13:25:00,False,,JAHANGIR PARSUWAL,0,0,0,Cash,,,,
1076,,,HAJI IQBAL SB JPS,FBMCL-00047,Booking Delivery,0,0,0,,MB NO.8771,SB-SL-2072,,,932,2026-06-01T13:29:00,False,,HAFIZ SHOIB,520,520,0,Cash,,,,
1077,,,SIKANDAR SB JAGUWAN,FBMCL-00225,Booking Delivery,0,0,0,,MB NO.8775,SB-SL-2073,,,933,2026-06-01T15:30:00,False,,OUTSIDER,0,0,0,Cash,,,,
1078,,,ASIF HUSSAIN JPS (ALI ALMUNIUM),FBMCL-00089,Credit Customer,28400,0,0,,MB NO.8776,SB-SL-2074,,,934,2026-06-01T15:32:00,False,,JAHANGIR PARSUWAL,0,0,0,Cash,,,,
1079,,,MIRZA REHMAN SB JPS,FBMCL-00191,Booking Delivery,0,0,0,,MB NO.8777,SB-SL-2075,,,935,2026-06-01T15:37:00,False,,OUTSIDER,0,0,0,Cash,,,,
1080,,,TALHA SB JPS,FBMCL-00008,Booking Delivery,0,0,0,,MB NO.8778,SB-SL-2076,,,936,2026-06-01T15:40:00,False,,HAFIZ SHOIB,600,600,0,Cash,,,,
1081,,,SIKANDAR SB JAGUWAN,FBMCL-00225,Booking Delivery,0,0,0,,MB NO.8779,SB-SL-2077,,,937,2026-06-01T15:41:00,False,,OUTSIDER,0,0,0,Cash,,,,
1082,,,ILYAS RIHANIA SB JPS,FBMCL-00222,Cash,2880,2880,0,,MB NO.8780,SB-SL-2078,,,,2026-06-01T15:51:00,False,,JAHANGIR PARSUWAL,0,0,0,Cash,2,,FBM DRAWER CASH,
1083,,,CH MUHAMMAD AKRAM RIHANIA SB JPS,FBMCL-00167,Booking Delivery,0,0,0,,MB NO.8816,SB-SL-2079,,,938,2026-06-02T11:01:00,False,,OUTSIDER,0,0,0,,,,,
1084,,,MUHAMMAD SHABEER SB CONT TIBBA AJNALA,FBMCL-00169,Booking Delivery,0,0,0,,MB NO.8788,SB-SL-2080,,,939,2026-06-02T11:02:00,False,,ALI HAMZA,600,600,0,Cash,,,,
1085,,,ILYAS RIHANIA SB JPS,FBMCL-00222,Cash,2880,2880,0,,MB NO.8789,SB-SL-2081,,,,2026-06-02T11:04:00,False,,OUTSIDER,0,0,0,Cash,2,,FBM DRAWER CASH,
1086,,,BASHEER SHAH SB GHURAIRA( KAKU SHAH),FBMCL-00135,Booking Delivery,0,0,0,,MB NO.8790,SB-SL-2082,,,940,2026-06-02T11:04:00,False,,HARIS SUFWAN ABID,0,0,0,Cash,,,,
1087,,,CASH SALE FBM,FBMCL-00173,Cash,15801.8,15000,801.8,DISCOUNT,MB NO.8791,SB-SL-2083,,,,2026-06-02T11:27:00,False,,OUTSIDER,0,0,0,Cash,2,,FBM DRAWER CASH,
1088,,,FAZAL ILAHI SB JALPUWAL,FBMCL-00051,Booking Delivery,0,0,0,,MB NO.8793,SB-SL-2084,,,941,2026-06-02T12:00:00,False,,ZAIN ALI,1000,1000,0,Cash,,,,
1089,,,NADEEM SB DHINDA,FBMCL-00044,Credit Customer,14800,0,0,,MB NO.8794,SB-SL-2085,,,942,2026-06-02T12:02:00,False,,HAFIZ SHOIB,600,600,0,Cash,,,,
1090,,,IRFAN SB DEDHAR SHARIF,FBMCL-00205,Booking Delivery,0,0,0,,MB NO.8795,SB-SL-2086,,,943,2026-06-02T12:08:00,False,,ALI HAMZA,1500,1500,0,Cash,,,,
1091,,,HAJI IQBAL SB JPS,FBMCL-00047,Mixed Transaction,6759.900000000001,0,0.9,DISCOUNT,MB NO.8796,SB-SL-2087,,,944,2026-06-02T12:11:39.574472,False,,JAHANGIR PARSUWAL,0,0,0,Cash,,,,
1092,,,MIRZA YOUNUS SB JPS,FBMCL-00208,Booking Delivery,0,0,0,,MB NO.8800,SB-SL-2088,,,945,2026-06-02T12:21:00,False,,HARIS SUFWAN ABID,350,350,0,Cash,,,,
1093,,,CASH SALE FBM,FBMCL-00173,Cash,7344,7340,4,DISCOUNT,MB NO.8801,SB-SL-2089,,,,2026-06-02T12:36:00,False,,OUTSIDER,0,0,0,Cash,2,,FBM DRAWER CASH,
1094,,,CHAND SB CONT KOANKH,FBMCL-00127,Credit Customer,28000,0,0,,MB NO.8802,SB-SL-2090,,,946,2026-06-02T12:48:00,False,,OUTSIDER,0,0,0,Cash,,,,
1095,,,MIRZA REHMAN SB JPS,FBMCL-00191,Booking Delivery,0,0,0,,MB NO.8804,SB-SL-2091,,,947,2026-06-02T12:50:00,False,,HAFIZ SHOIB,0,0,0,Cash,,,,
1096,,,CH IMRAN SB JPS,FBMCL-00215,Credit Customer,29300,0,0,,MB NO.8805,SB-SL-2092,,,948,2026-06-02T12:52:00,False,,ZAIN ALI,700,700,0,Cash,,,,
1097,,,TALHA SB JPS,FBMCL-00008,Booking Delivery,0,0,0,,MB NO.8810,SB-SL-2093,,,949,2026-06-02T16:01:00,False,,HARIS SUFWAN ABID,600,600,0,Cash,,,,
1098,,,HAJI WARIS SB JPS,FBMCL-00071,Mixed Transaction,1218,0,0,,MB NO.8819,SB-SL-2094,,,950,2026-06-02T16:50:00,False,,ALI HAMZA,0,0,0,Cash,,,,
1099,,,HAFIZ ABDUL JABBAR SB RANGPUR,FBMCL-00202,Mixed Transaction,12754,0,0,,MB NO.8822,SB-SL-2095,,,951,2026-06-02T17:13:00,False,,HAFIZ SHOIB,5312.976923074169,5312.98,0.003076925831010158,Cash,,,,
1100,,,MUHAMMAD ABID SB KOANKH,FBMCL-00154,Booking Delivery,0,0,0,,,SB-SL-2096,,,952,2026-06-03T10:38:00,False,8834,HAFIZ SHOIB,1500,1500,0,,,,,
1101,,,GHULAM GHOUS SB JPS,FBMCL-00220,Credit Customer,2840,0,0,,MB NO.8835,SB-SL-2097,,,953,2026-06-03T11:04:00,False,,JAHANGIR PARSUWAL,0,0,0,Cash,,,,
1103,,,CASH SALE FBM,FBMCL-00173,Cash,1900,1900,0,,,SB-SL-2099,,,,2026-06-03T17:34:00,False,,OUTSIDER,0,0,0,Cash,2,,FBM DRAWER CASH,
1104,,,ATIF BAIG SB KOANKH,FBMCL-00224,Booking Delivery,0,0,0,,MB NO.8875,SB-SL-2100,,,955,2026-06-03T17:53:00,False,,HAFIZ SHOIB,1500,1500,0,Cash,,,,
1105,,,MALIK NAVEED SB KHAN PUR KHOKHAR,FBMCL-00207,Booking Delivery,0,0,0,,MB NO.8877-1,SB-SL-2101,,,956,2026-06-03T08:38:00,False,,HAFIZ SHOIB,0,0,0,,,,,
1106,,,MALIK NAVEED SB KHAN PUR KHOKHAR,FBMCL-00207,Mixed Transaction,115.0000000000196,0,0,,MB NO.8877-2,SB-SL-2102,,,957,2026-06-08T08:41:00,False,,HAFIZ SHOIB,0,0,0,Cash,,,,
1107,,,SUHAIL SB JPS (SHAFEEQ HARDWARE JPS),FBMCL-00226,Credit Customer,14550,0,0,,MB NO.8878,SB-SL-2103,,,958,2026-06-08T09:17:00,False,,HAFIZ SHOIB,350,350,0,Cash,,,,
1108,,,MIRZA SHAMSHEED SB BHUCH,FBMCL-00217,Booking Delivery,0,0,0,,MB NO.8879,SB-SL-2104,,,959,2026-06-08T09:19:00,False,,JAHANGIR PARSUWAL,888.8888888895,900,11.11111111050002,Cash,,,,
1109,,,SAFDAR ALI SB AJNALA (ASLAM CONT),FBMCL-00186,Mixed Transaction,19176,0,0,,MB NO.8880,SB-SL-2105,,,960,2026-06-08T09:23:00,False,,ZAIN ALI,1000,1000,0,Cash,,,,
1110,,,Orphan55,ORPH-00055,Cash,14900,14900,0,,MB NO.8881,SB-SL-2106,,,,2026-06-04T09:25:00,False,"[MIGRATION] Orphan record. Original client: ""ABDULLAH SB JALPUWAL"".",HARIS SUFWAN ABID,600,600,0,Cash,2,,FBM  CASH,
1111,,,Orphan82,ORPH-00082,Cash,3000,3000,0,,MB NO.8882,SB-SL-2107,,,,2026-06-08T09:28:00,False,"[MIGRATION] Orphan record. Original client: ""MAQSOOD SB RANG PUR"".",OUTSIDER,0,0,0,Cash,2,,FBM  CASH,
1112,,,HAJI WARIS SB JPS,FBMCL-00071,Credit Customer,8039,0,0,,MB NO.8290,SB-SL-2108,,,961,2026-06-05T10:15:00,False,,OUTSIDER,0,0,0,Cash,,,,
1113,,,HAJI WARIS SB JPS,FBMCL-00071,Mixed Transaction,2160,0,0,,MB NO.8996,SB-SL-2109,,,962,2026-06-08T10:20:00,False,,OUTSIDER,0,0,0,,,,,
1114,,,RAFAQAT HUSSAIN SB MALIK (MASJID),FBMCL-00188,Cash,53169.2,53000,169.2,DISCOUNT,MB NO.8883,SB-SL-2110,,,,2026-06-04T11:48:00,False,,HAFIZ SHOIB,800,800,0,Cash,2,,FBM  CASH,
1115,,,Orphan56,ORPH-00056,Cash,13035,13000,35,DISCOUNT,MB NO.8884,SB-SL-2111,,,,2026-06-08T12:09:00,False,"[MIGRATION] Orphan record. Original client: ""SUBEDAR IRON STORE"".",OUTSIDER,0,0,0,Cash,2,,FBM  CASH,
1116,,,RIZWAN KAKA SB JPS,FBMCL-00086,Cash,464,460,4,,MB NO.8886,SB-SL-2112,,,,2026-06-08T12:13:00,False,,OUTSIDER,0,0,0,Cash,2,,FBM  CASH,
1117,,,ASIF SB DERHA HANDA,FBMCL-00227,Booking Delivery,0,0,0,,MB NO.8888,SB-SL-2113,,,963,2026-06-08T12:27:00,False,,OUTSIDER,0,0,0,,,,,
1118,,,SHABEEB SB KANIYAN,FBMCL-00209,Booking Delivery,0,0,0,,MB NO.8867,SB-SL-2114,,,964,2026-06-08T12:27:00,False,,JAHANGIR PARSUWAL,1200,1200,0,Cash,,,,
1119,,,SHABEEB SB KANIYAN,FBMCL-00209,Booking Delivery,0,0,500,STEEL RENT DISCOUNT,MB NO.8889,SB-SL-2115,,,965,2026-06-08T12:31:00,False,,OUTSIDER,1560,0,0,Cash,,,,
1120,,,ADNAN SB DOIYAN,FBMCL-00080,Cash,35000,35000,0,,MB NO.8890,SB-SL-2116,,,,2026-06-08T12:41:00,False,,ALI HAMZA,0,0,0,Cash,2,,FBM  CASH,
1121,,,Orphan26,ORPH-00026,Cash,761,750,11,,MB NO.8891,SB-SL-2117,,,,2026-06-04T12:42:00,False,"[MIGRATION] Orphan record. Original client: ""ATIF SB KOANKH"".",OUTSIDER,0,0,0,Cash,2,,FBM  CASH,
1122,,,SUBEDAR MUHAMMAD ARSHAD SB KHANPUR KHOKHAR,FBMCL-00066,Credit Customer,102365.4,50000,0.4,ADJUSTMENT,MB NO.8894,SB-SL-2118,,,966,2026-06-08T12:47:00,False,,JAHANGIR PARSUWAL,2000,2000,0,Cash,2,,FBM  CASH,
1123,,,MAZHAR SB RUPOWAL DERA,FBMCL-00009,Credit Customer,37250,0,0,,MB NO.8839,SB-SL-2119,,,967,2026-06-03T13:01:00,False,,ALI HAMZA,1500,0,0,Cash,,,,
1124,,,MALIK NAVEED SB KHAN PUR KHOKHAR,FBMCL-00207,Credit Customer,87791.2,0,0,,MB NO.8899,SB-SL-2120,,,968,2026-06-08T13:18:00,False,,OUTSIDER,0,0,0,Cash,,,,
1125,,,SYED SHAFQAT ABBAS SB GHURAIRA,FBMCL-00245,Cash,37250,37250,0,,MB NO.8901,SB-SL-2121,,,,2026-06-04T13:28:00,False,IT ALSO HAVE RETURN BUT DUE TO NON COMPLIANCE MADE IT CASH,ZAIN ALI,1500,0,0,Cash,2,,FBM  CASH,
1126,,,SARWAR SB MASON,FBMCL-00229,Booking Delivery,0,0,0,,MB NO.8902,SB-SL-2122,,,969,2026-06-08T13:50:00,False,,OUTSIDER,0,0,0,Cash,,,,
1127,,,Orphan83,ORPH-00083,Cash,7125.3,7125.3,0,,MB NO.8903,SB-SL-2123,,,,2026-06-08T13:51:00,False,"[MIGRATION] Orphan record. Original client: ""TALHA WELDER"".",OUTSIDER,0,0,0,Cash,2,,FBM  CASH,
1128,,,SULTAN BAIG SB PARSUWAL,FBMCL-00230,Credit Customer,2900,0,0,,MB NO.8904,SB-SL-2124,,,970,2026-06-08T13:55:00,False,,OUTSIDER,0,0,0,Cash,,,,
1129,,,SALMAAN SB GHURAL (GOGA SB GHURAL),FBMCL-00195,Credit Customer,15000,0,0,,MB NO.8905-1,SB-SL-2125,,,971,2026-06-04T14:03:00,False,,ALI HAMZA,600,600,0,,,,,
1130,,,MISTRI SUHAIL SB DHINDA,FBMCL-00231,Cash,23422,23422,0,,MB NO.8906,SB-SL-2126,,,,2026-06-08T14:26:00,False,,HARIS SUFWAN ABID,800,800,0,Cash,2,,FBM  CASH,
1131,,,Orphan15,ORPH-00015,Cash,4947,4947,0,,MB NO.8909,SB-SL-2127,,,,2026-06-08T14:36:00,False,"[MIGRATION] Orphan record. Original client: ""SAGHEER SB JPS"".",OUTSIDER,0,0,0,Cash,2,,FBM  CASH,
1132,,,RAZAQ SB KHANPUR KHOKHAR,FBMCL-00218,Mixed Transaction,39243.8,0,0,,MB NO.8911,SB-SL-2128,,,972,2026-06-08T14:38:00,False,,HAFIZ SHOIB,0,0,0,Cash,,,,
1133,,,MIRZA ANSAR BAIG SB KOANKH,FBMCL-00234,Cash,22250.1,22250,0.1,ADJUSTMENT,MB NO.8913,SB-SL-2129,,,,2026-06-05T14:46:00,False,,ALI HAMZA,800.1,0,0,Cash,2,,FBM  CASH,
1134,,,NASAR IQBAL BUTT SB JPS,FBMCL-00235,Cash,14000,14000,0,,MB NO.8914,SB-SL-2130,,,,2026-06-05T16:58:00,False,,OUTSIDER,0,0,0,Cash,2,,FBM  CASH,
1135,,,BASHEER SHAH SB GHURAIRA( KAKU SHAH),FBMCL-00135,Booking Delivery,0,0,0,,MB NO.8915,SB-SL-2131,,,973,2026-06-08T17:00:00,False,,HARIS SUFWAN ABID,0,0,0,Cash,,,,
1136,,,NASAR IQBAL BUTT SB JPS,FBMCL-00235,Cash,4692,4692,0,,MB NO.8916,SB-SL-2132,,,,2026-06-08T17:01:00,False,,OUTSIDER,0,0,0,Cash,2,,FBM  CASH,
1137,,,ALI SB KOANKH,FBMCL-00236,Cash,4000,4000,0,,MB NO.8917,SB-SL-2133,,,,2026-06-05T17:02:00,False,,OUTSIDER,600,0,0,Cash,2,,FBM  CASH,
1138,,,GHAZANFAR SB BHUCH,FBMCL-00237,Cash,45464.4,45464,0.4,ADJUSTMENT,MB NO.8918,SB-SL-2134,,,,2026-06-05T17:05:00,False,,JAHANGIR PARSUWAL,1000,1000,0,Cash,2,,FBM  CASH,
1139,,,SARWAR SB MASON,FBMCL-00229,Mixed Transaction,3210.5,0,0,,MB NO.8919,SB-SL-2135,,,974,2026-06-08T17:07:00,False,,OUTSIDER,0,0,0,Cash,,,,
1140,,,SHEHZAD BUTT SB KOANKH,FBMCL-00238,Cash,33056.8,32000,1056.8,,MB NO.8921,SB-SL-2136,,,,2026-06-05T17:10:00,False,,ALI HAMZA,1000,1000,0,Cash,2,,FBM  CASH,
1141,,,MALIK NAVEED SB KHAN PUR KHOKHAR,FBMCL-00207,Mixed Transaction,5825,0,0,,MB NO.8923,SB-SL-2137,,,975,2026-06-05T17:12:00,False,,ZAIN ALI,5825,5825,0,Cash,,,,
1142,,,MALIK NAVEED SB KHAN PUR KHOKHAR,FBMCL-00207,Credit Customer,30300,0,0,,MB NO.8924,SB-SL-2138,,,976,2026-06-08T17:18:00,False,,JAHANGIR PARSUWAL,1300,1300,0,Cash,,,,
1143,,,ARIF SB JPS(HAJI ASHFAQ S),FBMCL-00087,Booking Delivery,0,0,0,,MB NO.8925,SB-SL-2139,,,977,2026-06-05T17:19:00,False,,OUTSIDER,0,0,0,Cash,,,,
1145,,,DR AMIN SB JPS,FBMCL-00192,Credit Customer,380,0,0,,MB NO.8988,SB-SL-2141,,,979,2026-06-07T08:50:00,False,,OUTSIDER,0,0,0,Cash,,,,
1146,,,AURANGZEB SB KOANKH,FBMCL-00239,Credit Customer,22632,0,0,,MB NO.9072/1,SB-SL-2142,,,980,2026-06-09T08:57:00,False,,HARIS SUFWAN ABID,600,600,0,,,,,
1147,,,MUHAMMAD RAFEEQ SB AJNALA,FBMCL-00114,Booking Delivery,0,0,0,,MB NO.8926,SB-SL-2143,,,981,2026-06-05T09:03:00,False,,HARIS SUFWAN ABID,0,0,0,Cash,,,,
1148,,,MUHAMMAD RAFEEQ SB AJNALA,FBMCL-00114,Booking Delivery,0,0,0,,MB NO.9073,SB-SL-2144,,,982,2026-06-09T09:01:00,False,,ZAHID LOADER,0,0,0,Cash,,,,
1149,,,TAHIR SB AJNALA,FBMCL-00038,Mixed Transaction,3000,0,0,,MB NO.8847,SB-SL-2145,,,983,2026-06-03T09:11:00,False,,ALI HAMZA,0,0,0,Cash,,,,
1153,,,ASIF HUSSAIN JPS (ALI ALMUNIUM),FBMCL-00089,Credit Customer,2800,0,0,,MB NO.9079,SB-SL-2149,,,987,2026-06-09T10:02:00,False,,OUTSIDER,0,0,0,,,,,
1154,,,CH IMRAN SB JPS,FBMCL-00215,Credit Customer,29300,0,0,,MB NO.8928,SB-SL-2150,,,988,2026-06-06T10:05:00,False,,HAFIZ SHOIB,700,700,0,Cash,,,,
1155,,,ABDUL AZIZ SB DEDHAR SHARIF,FBMCL-00240,Booking Delivery,0,0,0,,MB NO.9076,SB-SL-2151,,,989,2026-06-09T10:27:12.380981,False,,HAFIZ SHOIB,0,0,0,Cash,,,,
1156,,,MUHAMMAD ABID SB KOANKH,FBMCL-00154,Booking Delivery,0,0,0,,MB NO.8929,SB-SL-2152,,,990,2026-06-06T10:47:00,False,,ALI HAMZA,1500,1500,0,Cash,,,,
1158,,,MUHAMMAD RAZAQ SB JPS,FBMCL-00147,Cash,14700,14700,0,,MB NO.9085,SB-SL-2154,,,,2026-06-09T11:24:00,False,,ZAHID LOADER,700,700,0,Cash,2,,FBM  CASH,
1159,,,DR AMIN SB JPS,FBMCL-00192,Mixed Transaction,72810.49999999997,0,0,,MB NO.9084,SB-SL-2155,,,991,2026-06-09T11:26:00,False,,HARIS SUFWAN ABID,3000,3000,0,,,,,
1160,,,AZHAR BUTT SB JPS BUTT SWEETS,FBMCL-00190,Mixed Transaction,767.9999999999973,0,0,,MB NO.8930,SB-SL-2156,,,992,2026-06-06T11:40:00,False,,HARIS SUFWAN ABID,0,0,0,,,,,
1161,,,ABDUL SATTAR SB DHINDA FARM,FBMCL-00146,Credit Customer,36750,0,0,,MB NO.8932,SB-SL-2157,,,993,2026-06-06T11:44:00,False,,HAFIZ SHOIB,1250,1250,0,Cash,,,,
1162,,,SHERAZ SB MALIK PUR,FBMCL-00162,Booking Delivery,0,0,0,,MB NO.8934,SB-SL-2158,,,994,2026-06-06T11:51:00,False,,OUTSIDER,0,0,0,Cash,,,,
1163,,,MUHAMMAD QASIM SB MALIKPUR,FBMCL-00134,Booking Delivery,0,0,0,,MB NO.8935,SB-SL-2159,,,995,2026-06-09T11:53:00,False,,ALI HAMZA,0,0,0,Cash,,,,
1164,,,ABDUL AZIZ SB DEDHAR SHARIF,FBMCL-00240,Credit Customer,1500,0,0,,MB NO.9076/2,SB-SL-2160,,,996,2026-06-09T11:50:00,False,,HAFIZ SHOIB,1500,1500,0,Cash,,,,
1165,,,MASTER ZAHOOR SB JPS,FBMCL-00145,Credit Customer,3200,0,0,,MB NO.9086,SB-SL-2161,,,997,2026-06-09T12:02:00,False,,HAFIZ SHOIB,700,700,0,Cash,,,,
1166,,,MAJID HUSSAIN SB AJNALA,FBMCL-00050,Booking Delivery,0,0,0,,MB NO.9087,SB-SL-2162,,,998,2026-06-09T12:07:00,False,,HARIS SUFWAN ABID,800,800,0,Cash,,,,
1167,,,CH IMRAN SB JPS,FBMCL-00215,Credit Customer,29200,0,0,,MB NO.9088,SB-SL-2163,,,999,2026-06-09T12:28:00,False,,HAFIZ SHOIB,600,700,100,,,,,
1168,,,TAHIR SB AJNALA,FBMCL-00038,Credit Customer,1000,0,0,,MB NO.9075/2,SB-SL-2164,,,1000,2026-06-09T12:48:00,False,,ALI HAMZA,1000,1000,0,Cash,,,,
1170,,,MIRZA SHAMSHEED SB BHUCH,FBMCL-00217,Cash,50794.3,50500,294.3,DISCOUNT,MB NO.9092,SB-SL-2166,,,,2026-06-09T13:35:59.596994,False,,ZAIN ALI,1700,1700,0,Cash,2,,FBM  CASH,
1171,,,SIKANDAR SB JAGUWAN,FBMCL-00225,Booking Delivery,0,0,0,,MB NO.9093,SB-SL-2167,,,1002,2026-06-09T13:46:00,False,,OUTSIDER,0,0,0,Cash,,,,
1172,,,SIKANDAR SB JAGUWAN,FBMCL-00225,Credit Customer,31800,0,0,,MB NO.9094,SB-SL-2168,,,1003,2026-06-09T13:46:00,False,,HARIS SUFWAN ABID,0,0,0,Cash,,,,
1173,,,MUHAMMAD ARSHAD SB GHURAL (SUBEDAR QADAR DAD SB),FBMCL-00175,Mixed Transaction,3200,0,0,,MB NO.9096,SB-SL-2169,,,1004,2026-06-09T14:03:00,False,,HAFIZ SHOIB,0,0,0,Cash,,,,
1174,,,SIKANDAR SB JAGUWAN,FBMCL-00225,Credit Customer,28400,0,0,,MB NO.9099,SB-SL-2170,,,1005,2026-06-09T14:26:00,False,,ZAIN ALI,0,0,0,Cash,,,,
1176,,,TARIQ BUTT SB JPS,FBMCL-00108,Mixed Transaction,14300,0,0,,MB NO.8948,SB-SL-2172,,,1007,2026-06-06T16:24:00,False,,JAHANGIR PARSUWAL,0,0,0,Cash,,,,
1177,,,TARIQ BUTT SB JPS,FBMCL-00108,Credit Customer,1430,0,0,,MB NO.9106,SB-SL-2173,,,1008,2026-06-09T16:25:00,False,,OUTSIDER,0,0,0,Cash,,,,
1178,,,RANA ZAHID SB JPS,FBMCL-00021,Credit Customer,14400,0,0,,MB NO.9111,SB-SL-2174,,,1009,2026-06-09T17:44:00,False,,ZAHID LOADER,0,0,0,Cash,,,,
1179,,,GHULAM GHOUS SB JPS,FBMCL-00220,Booking Delivery,0,0,0,,MB NO.9109,SB-SL-2175,,,1010,2026-06-09T11:45:00,False,,HARIS SUFWAN ABID,900,0,0,,,,,
1180,,,SHERAZ SB MALIK PUR,FBMCL-00162,Mixed Transaction,5319.9,1000,4319.9,DISCOUNT,MB NO.9114,SB-SL-2176,,,1011,2026-06-09T12:06:00,False,,JAHANGIR PARSUWAL,0,0,0,Cash,2,,FBM  CASH,
1181,,,ALI SHAN SB RANGRA,FBMCL-00243,Booking Delivery,0,0,0,,MB NO.9116,SB-SL-2177,,,1012,2026-06-10T12:38:00,False,,ZAHID LOADER,1400,1400,0,Cash,,,,
1182,,,MIRZA REHMAN SB JPS,FBMCL-00191,Booking Delivery,0,0,0,,MB NO.9117,SB-SL-2178,,,1013,2026-06-10T12:39:00,False,,HARIS SUFWAN ABID,0,0,0,Cash,,,,
1184,,,MUHAMMAD ABID SB KOANKH,FBMCL-00154,Credit Customer,12625.2,0,2.2,DISCOUNT,MB NO.9122,SB-SL-2180,,,1015,2026-06-09T12:45:00,False,,OUTSIDER,0,0,0,,,,,
1185,,,HAJI IQBAL SB JPS,FBMCL-00047,Credit Customer,10600,0,0,,MB NO.9123,SB-SL-2181,,,1016,2026-06-10T12:46:00,False,,OUTSIDER,0,0,0,Cash,,,,
1186,,,SIKANDAR SB JAGUWAN,FBMCL-00225,Mixed Transaction,2800,0,0,,MB NO.8975,SB-SL-2182,,,1017,2026-06-06T12:49:00,False,,HAFIZ SHOIB,6000,6000,0,,,,,
1187,,,SAGHEER BAIG SB KOANKH,FBMCL-00216,Booking Delivery,0,0,0,,MB NO.9120,SB-SL-2183,,,1018,2026-06-10T12:59:00,False,,HAFIZ SHOIB,1000,1000,0,Cash,,,,
1188,,,ABDULLAH SB HANDA STOP,FBMCL-00198,Booking Delivery,0,0,0,,MB NO.9125,SB-SL-2184,,,1019,2026-06-10T13:00:00,False,,ZAHID LOADER,1500,1500,0,Cash,,,,
1189,,,SAGHEER BAIG SB KOANKH,FBMCL-00216,Credit Customer,2000,0,0,,MB NO.9126,SB-SL-2185,,,1020,2026-06-10T13:01:00,False,,OUTSIDER,0,0,0,Cash,,,,
1190,,,HAJI IQBAL SB JPS,FBMCL-00047,Booking Delivery,0,0,0,,MB NO.8954,SB-SL-2186,,,1021,2026-06-10T13:10:00,False,,HARIS SUFWAN ABID,520,520,0,Cash,,,,
1192,,,DR AMIN SB JPS,FBMCL-00192,Mixed Transaction,2800,0,0,,MB NO.9128,SB-SL-2188,,,1023,2026-06-10T14:28:00,False,,HAFIZ SHOIB,4800,0,0,Cash,,,,
1193,,,GHULAM GHOUS SB JPS,FBMCL-00220,Booking Delivery,0,0,0,,MB NO.9139,SB-SL-2189,,,1024,2026-06-10T14:30:00,False,,HAFIZ SHOIB,1500,1500,0,Cash,,,,
1194,,,GHULAM GHOUS SB JPS,FBMCL-00220,Booking Delivery,0,0,0,,MB NO.9140,SB-SL-2190,,,1025,2026-06-10T14:32:00,False,,JAHANGIR PARSUWAL,0,0,0,Cash,,,,
1195,,,EHSAN SB CHAUHAN,FBMCL-00035,Credit Customer,22390,0,0,,MB NO.9141,SB-SL-2191,,,1026,2026-06-10T14:36:00,False,,HARIS SUFWAN ABID,1800,1800,0,Cash,,,,
1197,,,SYED SHAFQAT ABBAS SB GHURAIRA,FBMCL-00245,Cash,87748,87748,0,,MB NO.9145,SB-SL-2193,,,1028,2026-06-10T15:31:00,False,,ZAIN ALI,1500,1500,0,Cash,2,,FBM  CASH,
1198,,,ASIF HUSSAIN JPS (ALI ALMUNIUM),FBMCL-00089,Credit Customer,2800,0,0,,MB NO.9147,SB-SL-2194,,,1029,2026-06-10T15:55:00,False,,OUTSIDER,0,0,0,Cash,,,,
1199,,,SHAMRAIZ SB JAGUWAN,FBMCL-00244,Booking Delivery,0,0,0,,MB NO.9150,SB-SL-2195,,,1030,2026-06-10T16:44:00,False,,10 WHEELER,0,0,0,Cash,,,,
1200,,,ABDUL SATTAR SB DHINDA FARM,FBMCL-00146,Credit Customer,37250,0,0,,MB NO.9044,SB-SL-2196,,,1031,2026-06-08T16:55:00,False,,ALI HAMZA,1250,0,0,Cash,,,,
1201,,,ABDUL SATTAR SB DHINDA FARM,FBMCL-00146,Booking Delivery,0,0,0,,MB NO.9151/2,SB-SL-2197,,,1032,2026-06-10T17:24:00,False,,HAFIZ SHOIB,0,0,0,Cash,,,,
1202,,,ABDUL REHMAN SB JPS(ZAFAR CONT),FBMCL-00168,Booking Delivery,0,0,0,,MB NO.9317,SB-SL-2198,,,1033,2026-06-15T11:28:00,False,,OUTSIDER,0,0,0,Cash,,,,
1203,,,ASIF HUSSAIN JPS (ALI ALMUNIUM),FBMCL-00089,Credit Customer,2800,0,0,,MB NO.9321,SB-SL-2199,,,1034,2026-06-15T11:30:00,False,,OUTSIDER,0,0,0,Cash,,,,
1204,,,Orphan10,ORPH-00010,Cash,7423.5,7420,3.5,,,SB-SL-2200,,,,2026-06-15T11:31:00,False,"[MIGRATION] Orphan record. Original client: ""AMANAT SB JPS"".",OUTSIDER,0,0,0,Cash,2,,FBM  CASH,
1205,,,Orphan5,ORPH-00005,Cash,6814,6800,14,DISCOUNT,,SB-SL-2201,,,,2026-06-15T11:33:00,False,"[MIGRATION] Orphan record. Original client: ""AMIR SB AJNALA"".",OUTSIDER,0,0,0,Cash,2,,FBM  CASH,
1206,,,SAGHEER BAIG SB KOANKH,FBMCL-00216,Booking Delivery,0,0,0,,MB NO.9324,SB-SL-2202,,,1035,2026-06-15T11:35:00,False,,HAFIZ SHOIB,1250,1250,0,Cash,,,,
1207,,,SUBEDAR MUHAMMAD ARSHAD SB KHANPUR KHOKHAR,FBMCL-00066,Booking Delivery,0,0,0,,MB NO.9325,SB-SL-2203,,,1036,2026-06-15T11:37:00,False,,HARIS SUFWAN ABID,1200,1200,0,Cash,,,,
1209,,,ASIF SB DERHA HANDA,FBMCL-00227,Mixed Transaction,2100,0,0,,MB NO.8937,SB-SL-2205,,,1038,2026-06-06T11:53:00,False,,ZAIN ALI,3400.4,3400,0,,,,,
1210,,,RAFAQAT HUSSAIN SB MALIK (MASJID),FBMCL-00188,Cash,760,750,10,DISCOUNT,MB NO.9331,SB-SL-2206,,,,2026-06-15T12:26:58.266101,False,,OUTSIDER,0,0,0,Cash,2,,FBM  CASH,
1211,,,HAJI IQBAL SB JPS,FBMCL-00047,Credit Customer,390,0,0,,MB NO.9524,SB-SL-2207,,,1039,2026-06-15T12:27:00,False,,OUTSIDER,0,0,0,,,,,
1212,,,AZHAR BUTT SB JPS BUTT SWEETS,FBMCL-00190,Mixed Transaction,12838.8,0,0.8,DISCOUNT,MB NO.8938,SB-SL-2208,,,1040,2026-06-06T12:29:00,False,,HARIS SUFWAN ABID,300,300,0,,,,,
1213,,,MIRZA NAZAR BAIG SB KOANKH,FBMCL-00212,Booking Delivery,0,0,0,,MB NO.8939,SB-SL-2209,,,1041,2026-06-06T12:35:00,False,,HAFIZ SHOIB,1000,1000,0,Cash,,,,
1214,,,SHEHBAZ BAIG SB KOANKH,FBMCL-00006,Booking Delivery,0,0,0,,MB NO.8942,SB-SL-2210,,,1042,2026-06-06T12:43:00,False,,OUTSIDER,0,0,0,Cash,,,,
1215,,,FAZAL ILAHI SB JALPUWAL,FBMCL-00051,Booking Delivery,0,0,0,,MB NO.8946,SB-SL-2211,,,1043,2026-06-06T12:52:00,False,,ALI HAMZA,1000,1000,0,Cash,,,,
1216,,,ASIF HUSSAIN JPS (ALI ALMUNIUM),FBMCL-00089,Credit Customer,2800,0,0,,MB NO.9341,SB-SL-2212,,,1044,2026-06-06T13:10:00,False,,OUTSIDER,0,0,0,Cash,,,,
1217,,,AURANGZEB SB KOANKH,FBMCL-00239,Booking Delivery,0,0,0,,MB NO.9342,SB-SL-2213,,,1045,2026-06-15T13:14:00,False,,HARIS SUFWAN ABID,5134.500000030807,865.5,0,,,,,
1218,,,MUHAMMAD SHABEER SB CONT TIBBA AJNALA,FBMCL-00169,Booking Delivery,0,0,0,,MB NO.9345,SB-SL-2214,,,1046,2026-06-15T15:29:00,False,,HAFIZ SHOIB,1500,1500,0,Cash,,,,
1219,,,ALI SHAN SB RANGRA,FBMCL-00243,Booking Delivery,0,0,0,,MB NO.9344,SB-SL-2215,,,1047,2026-06-15T15:30:00,False,,ZAIN ALI,0,0,0,,,,,
1220,,,NADEEM SB DHINDA,FBMCL-00044,Booking Delivery,0,0,0,,MB NO.9347,SB-SL-2216,,,1048,2026-06-15T15:45:00,False,,JAHANGIR PARSUWAL,500,500,0,Cash,,,,
1221,,,NADEEM SB DHINDA,FBMCL-00044,Credit Customer,1420,0,0,,MB NO.9184,SB-SL-2217,,,1049,2026-06-11T15:46:00,False,,OUTSIDER,0,0,0,Cash,,,,
1223,,,MIRZA REHMAN SB JPS,FBMCL-00191,Mixed Transaction,525,0,0,,MB NO.8956,SB-SL-2219,,,1051,2026-06-06T15:58:00,False,,ZAIN ALI,0,0,0,Cash,,,,
1224,,,SUBEDAR MUHAMMAD ARSHAD SB KHANPUR KHOKHAR,FBMCL-00066,Booking Delivery,0,0,0,,MB NO.8957,SB-SL-2220,,,1052,2026-06-06T16:02:00,False,,HARIS SUFWAN ABID,1200,1200,0,Cash,,,,
1225,,,EHSAN SB CHAUHAN,FBMCL-00035,Booking Delivery,0,0,0,,MB NO.8960,SB-SL-2221,,,1053,2026-06-06T16:04:00,False,,HAFIZ SHOIB,0,0,0,Cash,,,,
1226,,,EHSAN SB CHAUHAN,FBMCL-00035,Credit Customer,9864,0,0,,MB NO.8961,SB-SL-2222,,,1054,2026-06-06T16:06:00,False,,HAFIZ SHOIB,0,0,0,Cash,,,,
1227,,,ZEESHAN ATTARI SB JPS,FBMCL-00178,Booking Delivery,0,0,0,,MB NO.8963,SB-SL-2223,,,1055,2026-06-06T16:11:00,False,,ALI HAMZA,0,0,0,Cash,,,,
1228,,,CH MUHAMMAD AKRAM RIHANIA SB JPS,FBMCL-00167,Booking Delivery,0,0,0,,MB NO.8964,SB-SL-2224,,,1056,2026-06-06T16:16:00,False,,OUTSIDER,0,0,0,Cash,,,,
1229,,,MUHAMMAD ABID SB KOANKH,FBMCL-00154,Mixed Transaction,28279.5,0,0.5,ADJUSTMENT,MB NO.8978,SB-SL-2225,,,1057,2026-06-07T10:05:00,False,,HAFIZ SHOIB,0,0,0,,,,,
1230,,,MASTER ZAHOOR SB JPS,FBMCL-00145,Mixed Transaction,4290,0,0,,MB NO.8981,SB-SL-2226,,,1058,2026-06-07T10:15:00,False,,ZAIN ALI,1400,1400,0,,,,,
1231,,,ASIF SB DERHA HANDA,FBMCL-00227,Booking Delivery,0,0,0,,MB NO.8982,SB-SL-2227,,,1059,2026-06-07T10:21:00,False,,JAHANGIR PARSUWAL,3600,3600,0,,,,,
1232,,,HAJI AKRAM SB CONT DOYIAN,FBMCL-00248,Booking Delivery,0,0,0,,MB NO.9367,SB-SL-2228,,,1060,2026-06-16T10:38:00,False,,OUTSIDER,0,0,0,Cash,,,,
1233,,,SHEHZAD BUTT SB KOANKH,FBMCL-00238,Cash,273,250,23,,MB NO.8983,SB-SL-2229,,,,2026-06-07T10:43:00,False,RETURN 6.6 AND AGAIN DELIVERED 7.6 SO 1 KG NEW SALE,OUTSIDER,0,0,0,Cash,2,,FBM  CASH,
1234,,,SAIF ULLAH SB KOANKH,FBMCL-00172,Booking Delivery,0,0,0,,MB NO.8985,SB-SL-2230,,,1061,2026-06-07T10:50:00,False,RENT AND CEMENT BOTH NILL,JAHANGIR PARSUWAL,600,600,0,,,,,
1235,,,AZHAR HUSSAIN SB JALPOWAL,FBMCL-00249,Cash,36850,36800,50,DISCOUNT,,SB-SL-2231,,,,2026-06-07T11:06:00,False,,ALI HAMZA,1100,1100,0,Cash,2,,FBM  CASH,
1236,,,RANA ZAHID SB JPS,FBMCL-00021,Credit Customer,3000,0,0,,MB NO.8989,SB-SL-2232,,,1062,2026-06-07T11:15:00,False,,OUTSIDER,0,0,0,,,,,
1237,,,SARWAR SB MASON,FBMCL-00229,Credit Customer,4250,0,0,,MB NO.8990,SB-SL-2233,,,1063,2026-06-07T11:29:00,False,,ZAIN ALI,1250,1250,0,Cash,,,,
1238,,,RAOOF SB GHURAL,FBMCL-00197,Booking Delivery,0,0,1725,20X15= 300 DSICOUNTSTEEL CEMENT DISCOUNT,MB NO.8859,SB-SL-2234,,,1064,2026-06-03T11:46:00,False,,HAFIZ SHOAIB,0,0,0,,,,,
1239,,,RAOOF SB GHURAL,FBMCL-00197,Booking Delivery,0,0,300,CEMENT DISCOUNT,MB NO.8991,SB-SL-2235,,,1065,2026-06-07T11:52:00,False,,ZAIN ALI,0,0,0,,,,,
1240,,,BILAL SB GHURAL WELDER,FBMCL-00250,Cash,33288,33250,38,,MB NO.8998,SB-SL-2236,,,,2026-06-07T12:03:00,False,,OUTSIDER,0,0,0,Cash,2,,FBM  CASH,
1241,,,SHEHBAZ SB RANGPUR,FBMCL-00228,Booking Delivery,0,0,0,,MB NO.8994,SB-SL-2237,,,1066,2026-06-16T12:17:00,False,,OUTSIDER,0,0,0,Cash,,,,
1242,,,CH MUHAMMAD AKRAM RIHANIA SB JPS,FBMCL-00167,Booking Delivery,0,0,0,,MB NO.8995,SB-SL-2238,,,1067,2026-06-07T12:18:00,False,,OUTSIDER,0,0,0,Cash,,,,
1243,,,REHMAN AHMED DILAWAR PUR,FBMCL-00092,Credit Customer,14800,0,0,,MB NO.8997,SB-SL-2239,,,1068,2026-06-16T12:34:00,False,,HARIS SUFWAN ABID,700,0,0,Cash,,,,
1244,,,RAFAQAT HUSSAIN SB MALIK (MASJID),FBMCL-00188,Cash,28500,28500,0,,MB NO.8998-A,SB-SL-2240,,,,2026-06-07T12:39:00,False,,ZAIN ALI,700,700,0,Cash,2,,FBM  CASH,
1245,,,TALHA SB JPS,FBMCL-00008,Booking Delivery,0,0,0,,MB NO.8837,SB-SL-2241,,,1069,2026-06-03T12:39:00,False,,JAHANGIR PARSUWAL,600,600,0,Cash,,,,
1246,,,TALHA SB JPS,FBMCL-00008,Booking Delivery,0,0,400,FOR CEMENT DISCOUNT,MB NO.8999,SB-SL-2242,,,1070,2026-06-07T12:47:00,False,,HARIS SUFWAN ABID,600,600,0,,,,,
1247,,,RAFAQAT HUSSAIN SB MALIK (MASJID),FBMCL-00188,Cash,28600,28600,0,,MB NO.9001,SB-SL-2243,,,,2026-06-07T12:50:00,False,,OUTSIDER,800,0,0,Cash,2,,FBM  CASH,
1248,,,HAFIZ ABDUL JABBAR SB RANGPUR,FBMCL-00202,Booking Delivery,0,0,0,,MB NO.9002,SB-SL-2244,,,1071,2026-06-07T13:06:00,False,,HAFIZ SHOIB,0,0,0,,,,,
1249,,,HAFIZ ABDUL JABBAR SB RANGPUR,FBMCL-00202,Booking Delivery,0,0,0,,MB NO.9003,SB-SL-2245,,,1072,2026-06-16T13:10:00,False,,HAFIZ SHOIB,0,0,0,Cash,,,,
1250,,,SULTAN BAIG SB PARSUWAL,FBMCL-00230,Credit Customer,5800,0,0,,MB NO.9004,SB-SL-2246,,,1073,2026-06-07T13:12:00,False,,OUTSIDER,0,0,0,Cash,,,,
1251,,,IRFAN SB DEDHAR SHARIF,FBMCL-00205,Booking Delivery,0,0,0,,MB NO.9006,SB-SL-2247,,,1074,2026-06-07T13:14:00,False,,HARIS SUFWAN ABID,1500,1500,0,,,,,
1252,,,Orphan57,ORPH-00057,Cash,2700,2700,0,,MB NO.9012,SB-SL-2248,,,,2026-06-07T13:31:00,False,"[MIGRATION] Orphan record. Original client: ""QAISER SB DOYIAN"".",OUTSIDER,0,0,0,Cash,2,,FBM  CASH,
1253,,,MUHAMMAD SHABEER SB CONT TIBBA AJNALA,FBMCL-00169,Cash,28770.6,28770,0.6,ADJUSTMENT,MB NO.8322,SB-SL-2249,,,1075,2026-05-16T13:32:00,False,,OUTSIDER,0,0,0,Cash,2,,FBM  CASH,
1254,,,MUHAMMAD SHABEER SB CONT TIBBA AJNALA,FBMCL-00169,Cash,10088,10000,88,DISCOUNT,MB NO.9013,SB-SL-2250,,,1076,2026-06-07T13:55:00,False,,ZAIN ALI,500,500,0,Cash,2,,FBM  CASH,
1255,,,MIRZA REHMAN SB JPS,FBMCL-00191,Credit Customer,2400,0,0,,MB NO.9016,SB-SL-2251,,,1077,2026-06-07T14:29:00,False,,OUTSIDER,0,0,0,Cash,,,,
1256,,,KHALID SB HANDA DERHA,FBMCL-00253,Credit Customer,61236,50000,0,,MB NO.9019,SB-SL-2252,,,1078,2026-06-07T14:52:00,False,,OUTSIDER,0,0,0,Cash,2,,FBM  CASH,
1257,,,MALIK ILYAS SB JPS,FBMCL-00022,Credit Customer,17100,0,0,,MB NO.8759-A,SB-SL-2253,,,1079,2026-06-16T14:59:27.040707,False,,HAFIZ SHOIB,1050,1050,0,Cash,,,,
1258,,,MALIK ILYAS SB JPS,FBMCL-00022,Credit Customer,3400,0,0,,MB NO.9020,SB-SL-2254,,,1080,2026-06-07T15:08:00,False,,HARIS SUFWAN ABID,600,0,0,Cash,,,,
1259,,,MANI BUTT SB BLOCK FACTORY JPS,FBMCL-00254,Credit Customer,22720,0,0,,MB NO.9021,SB-SL-2255,,,1081,2026-06-07T08:41:00,False,,OUTSIDER,0,0,0,Cash,,,,
1260,,,NASAR IQBAL BUTT SB JPS,FBMCL-00235,Cash,14200,14000,200,,MB NO.9023,SB-SL-2256,,,,2026-06-08T08:43:00,False,,OUTSIDER,0,0,0,Cash,2,,FBM  CASH,
1261,,,MIRZA REHMAN SB JPS,FBMCL-00191,Booking Delivery,0,0,0,,MB NO.9024,SB-SL-2257,,,1082,2026-06-08T08:44:00,False,,HAFIZ SHOIB,0,0,0,Cash,,,,
1262,,,SHEHZAD BUTT SB KOANKH,FBMCL-00238,Cash,7050,7050,0,,MB NO.9025,SB-SL-2258,,,,2026-06-08T08:47:00,False,,OUTSIDER,0,0,0,Cash,2,,FBM  CASH,
1263,,,SHAMRAIZ SB JAGUWAN,FBMCL-00244,Booking Delivery,0,0,0,,MB NO.9027-SALE,SB-SL-2259,,,1083,2026-06-08T08:55:00,False,,OUTSIDER,0,0,0,Cash,,,,
1264,,,Orphan84,ORPH-00084,Cash,1096.5,1096.5,0,,MB NO.9028,SB-SL-2260,,,,2026-06-17T08:59:00,False,"3.5 ADJUSTMENT | [MIGRATION] Orphan record. Original client: ""LIAQAT SB JPS"".",OUTSIDER,0,0,0,Cash,2,,FBM  CASH,
1265,,,MIRZA REHMAN SB JPS,FBMCL-00191,Booking Delivery,0,0,0,,MB NO.9029,SB-SL-2261,,,1084,2026-06-08T09:02:00,False,,ZAIN ALI,0,0,0,Cash,,,,
1266,,,MIRZA AKHTAR BAIG SB KOANKH,FBMCL-00221,Credit Customer,29800,0,0,,MB NO.8838,SB-SL-2262,,,1085,2026-06-03T09:14:00,False,,ALI HAMZA,1000,1000,0,,,,,
1267,,,MIRZA AKHTAR BAIG SB KOANKH,FBMCL-00221,Credit Customer,29800,0,0,,MB NO.9032,SB-SL-2263,,,1086,2026-06-08T09:22:00,False,,JAHANGIR PARSUWAL,1000,1000,0,Cash,,,,
1268,,,SAGHEER BAIG SB KOANKH,FBMCL-00216,Booking Delivery,0,0,0,,MB NO.9296,SB-SL-2264,,,1087,2026-06-14T10:48:00,False,,ALI HAMZA,1250,1250,0,Cash,,,,
1269,,,SAGHEER BAIG SB KOANKH,FBMCL-00216,Booking Delivery,0,0,0,,MB NO.9164,SB-SL-2265,,,1088,2026-06-11T10:50:00,False,,HAFIZ SHOIB,1000,1000,0,Cash,,,,
1270,,,ZEESHAN ATTARI SB JPS,FBMCL-00178,Mixed Transaction,156595.5,0,0,,MB NO.9033,SB-SL-2266,,,1089,2026-06-08T10:16:00,False,,HARIS SUFWAN ABID,800,800,0,,,,,
1271,,,ABDUL AZEEM SB KHAN PUR KHOKHAR,FBMCL-00001,Mixed Transaction,1250,0,0,,MB NO.9034,SB-SL-2267,,,1090,2026-06-17T12:03:45.040821,False,,ZAIN ALI,1250,1250,0,Cash,,,,
1272,,,MUHAMMAD ABID SB KOANKH,FBMCL-00154,Booking Delivery,0,0,0,,MB NO.9035,SB-SL-2268,,,1091,2026-06-08T09:25:00,False,,HAFIZ SHOIB,0,0,0,Cash,,,,
1273,,,MUHAMMAD RAZAQ SB JPS,FBMCL-00147,Booking Delivery,0,0,0,,MB NO.9036,SB-SL-2269,,,1092,2026-06-08T12:05:00,False,,HAFIZ SHOIB,525,525,0,Cash,,,,
1274,,,RANA ZAHID SB JPS,FBMCL-00021,Credit Customer,2880,0,0,,MB NO.9037,SB-SL-2270,,,1093,2026-06-08T12:09:00,False,,OUTSIDER,0,0,0,Cash,,,,
1275,,,Orphan58,ORPH-00058,Cash,1704,1700,4,,MB NO.9038,SB-SL-2271,,,,2026-06-08T12:11:00,False,"[MIGRATION] Orphan record. Original client: ""ZAFAR SB GHURAIRA"".",OUTSIDER,0,0,0,Cash,2,,FBM  CASH,
1276,,,MIRZA YOUNUS SB JPS,FBMCL-00208,Booking Delivery,0,0,0,,MB NO.9040,SB-SL-2272,,,1094,2026-06-08T12:15:00,False,,ZAIN ALI,350,350,0,Cash,,,,
1277,,,SHEHZAD SB GHURAIRA,FBMCL-00204,Booking Delivery,0,0,0,,MB NO.8855,SB-SL-2273,,,1095,2026-06-03T12:16:00,False,,ALI HAMZA,600,600,0,Cash,,,,
1278,,,SHEHZAD SB GHURAIRA,FBMCL-00204,Booking Delivery,0,0,0,,MB NO.9041,SB-SL-2274,,,1096,2026-06-17T12:20:00,False,,HAFIZ SHOIB,600,600,0,Cash,,,,
1279,,,MIRZA REHMAN SB JPS,FBMCL-00191,Booking Delivery,0,0,0,,MB NO.9043,SB-SL-2275,,,1097,2026-06-08T12:21:00,False,,ZAIN ALI,0,0,0,Cash,,,,
1280,,,Orphan59,ORPH-00059,Cash,69617.2,69500,117.2,,MB NO.9045,SB-SL-2276,,,,2026-06-08T12:24:00,False,"[MIGRATION] Orphan record. Original client: ""JABBAR SB PARSUWAL"".",OUTSIDER,0,0,0,Cash,2,,FBM  CASH,
1281,,,ALI AKBAR SB DHINDA,FBMCL-00211,Booking Delivery,0,0,0,,MB NO.8860,SB-SL-2277,,,1098,2026-06-03T12:27:00,False,,JAHANGIR PARSUWAL,0,0,0,Cash,,,,
1282,,,ALI AKBAR SB DHINDA,FBMCL-00211,Booking Delivery,0,0,0,,MB NO.9046,SB-SL-2278,,,1099,2026-06-08T12:29:00,False,,HARIS SUFWAN ABID,0,0,0,Cash,,,,
1283,,,MIRZA AKHTAR BAIG SB KOANKH,FBMCL-00221,Credit Customer,5600,0,0,,MB NO.9047,SB-SL-2279,,,1100,2026-06-08T12:31:00,False,,ALI HAMZA,600,0,0,Cash,,,,
1284,,,MIRZA REHMAN SB JPS,FBMCL-00191,Booking Delivery,0,0,0,,MB NO.9049,SB-SL-2280,,,1101,2026-06-08T12:35:00,False,,JAHANGIR PARSUWAL,0,0,0,Cash,,,,
1285,,,MIRZA REHMAN SB JPS,FBMCL-00191,Booking Delivery,0,0,0,,MB NO.9050,SB-SL-2281,,,1102,2026-06-08T12:38:00,False,,ALI HAMZA,0,0,0,Cash,,,,
1286,,,FAROOQ KALAS SB PARSUWAL,FBMCL-00138,Booking Delivery,0,0,0,,MB NO.9051,SB-SL-2282,,,1103,2026-06-08T12:39:00,False,,ALI HAMZA,0,0,0,Cash,,,,
1287,,,SALMAAN SB GHURAL (GOGA SB GHURAL),FBMCL-00195,Booking Delivery,0,0,0,,MB NO.9054,SB-SL-2283,,,1104,2026-06-08T12:51:00,False,,JAHANGIR PARSUWAL,0,0,0,Cash,,,,
1288,,,SAGHEER BAIG SB KOANKH,FBMCL-00216,Booking Delivery,0,0,0,,MB NO.9349,SB-SL-2284,,,1105,2026-06-15T12:51:00,False,,HARIS SUFWAN ABID,1000,1000,0,Cash,,,,
1289,,,FAZAL ILAHI SB JALPUWAL,FBMCL-00051,Booking Delivery,0,0,0,,MB NO.9056,SB-SL-2285,,,1106,2026-06-08T12:53:00,False,,HAFIZ SHOAIB,1000,1000,0,,,,,
1290,,,CH MUHAMMAD AKRAM RIHANIA SB JPS,FBMCL-00167,Booking Delivery,0,0,0,,MB NO.9057,SB-SL-2286,,,1107,2026-06-06T12:57:00,False,,OUTSIDER,0,0,0,Cash,,,,
1291,,,MUHAMMAD ARSHAD SB DHINDA POTAN WALAY,FBMCL-00256,Credit Customer,192604.8,0,0.8,DISCOUNT,MB NO.9352,SB-SL-2287,,,1108,2026-06-15T14:37:00,False,,HAFIZ SHOIB,1500,0,0,,,,,
1292,,,MUHAMMAD SALEEM SB RUPOWAL,FBMCL-00113,Credit Customer,2062,0,0,,MB NO.9353,SB-SL-2288,,,1109,2026-06-15T14:42:00,False,,ZAIN ALI,0,0,0,Cash,,,,
1294,,,MIRZA REHMAN SB JPS,FBMCL-00191,Booking Delivery,0,0,0,,MB NO.9059,SB-SL-2290,,,1111,2026-06-08T14:52:00,False,,HARIS SUFWAN ABID,0,0,0,Cash,,,,
1295,,,MUHAMMAD ARSHAD SB GHURAL (SUBEDAR QADAR DAD SB),FBMCL-00175,Credit Customer,68807.4,0,0.4,DISCOUNT,MB NO.9356,SB-SL-2291,,,1112,2026-06-16T14:44:00,False,,HAFIZ SHOIB,1000,1000,0,Cash,,,,
1296,,,RANA ZAHEER SB JPS,FBMCL-00048,Credit Customer,14350,0,0,,MB NO.9357,SB-SL-2292,,,1113,2026-06-16T15:04:00,False,,ZAIN ALI,350,350,0,Cash,,,,
1297,,,MIRZA REHMAN SB JPS,FBMCL-00191,Booking Delivery,0,0,0,,MB NO.9058-A,SB-SL-2293,,,1114,2026-06-08T15:06:00,False,,HAFIZ SHOIB,0,0,0,,,,,
1298,,,SAGHEER BAIG SB KOANKH,FBMCL-00216,Credit Customer,2000,0,0,,MB NO.9359,SB-SL-2294,,,1115,2026-06-16T15:12:00,False,,HAFIZ SHOIB,0,0,0,Cash,,,,
1299,,,SAGHEER BAIG SB KOANKH,FBMCL-00216,Booking Delivery,0,0,0,,MB NO.9360,SB-SL-2295,,,1116,2026-06-16T15:15:00,False,,ZAIN ALI,1250,1250,0,Cash,,,,
1301,,,SHEHBAZ SB RANGPUR,FBMCL-00228,Booking Delivery,0,0,0,,MB NO.9066,SB-SL-2297,,,1118,2026-06-08T15:26:00,False,,OUTSIDER,0,0,0,Cash,,,,
1302,,,SHAMRAIZ SB JAGUWAN,FBMCL-00244,Booking Delivery,0,0,0,,MB NO.9067,SB-SL-2298,,,1119,2026-06-08T15:27:00,False,,OUTSIDER,0,0,0,,,,,
1303,,,MALIK NAVEED SB KHAN PUR KHOKHAR,FBMCL-00207,Cash,7238,7000,238,,MB NO.9068,SB-SL-2299,,,,2026-06-08T15:29:00,False,,OUTSIDER,0,0,0,Cash,2,,FBM  CASH,
1304,,,JAMEEL SB JAGWAN,FBMCL-00158,Mixed Transaction,1500,0,0,,MB NO.9364,SB-SL-2300,,,1120,2026-06-16T15:22:00,False,,HARIS SUFWAN ABID,1500,1500,0,Cash,,,,
1305,,,Orphan60,ORPH-00060,Cash,84565,84565,0,,MB NO.9069,SB-SL-2301,,,,2026-06-08T15:48:00,False,"[MIGRATION] Orphan record. Original client: ""MASOOD SB KHAN PUR KHOKHAR"".",OUTSIDER,0,0,0,Cash,2,,FBM  CASH,
1306,,,TAHIR SB AJNALA,FBMCL-00038,Booking Delivery,0,0,0,,MB NO.9075-OK,SB-SL-2302,,,1121,2026-06-09T16:17:00,False,,OUTSIDER,0,0,0,Cash,,,,
1307,,,ZEESHAN ATTARI SB JPS,FBMCL-00178,Booking Delivery,0,0,0,,MB NO.9080,SB-SL-2303,,,1122,2026-06-09T16:18:00,False,,ZAIN ALI,0,0,0,Cash,,,,
1308,,,SHEHZAD BUTT SB KOANKH,FBMCL-00238,Cash,14000,14000,0,,MB NO.9082,SB-SL-2304,,,,2026-06-09T16:24:00,False,,OUTSIDER,0,0,0,Cash,2,,FBM  CASH,
1309,,,YOUNIS GHAFFARI SB JPS,FBMCL-00247,Credit Customer,500,0,0,,MB NO.9097,SB-SL-2305,,,1123,2026-06-09T16:38:00,False,,OUTSIDER,0,0,0,Cash,,,,
1310,,,JAHANGIR LOADER PARSUWAL,FBMCL-00257,Credit Customer,2860,2800,0,,MB NO.9103,SB-SL-2306,,,1124,2026-06-09T09:03:00,False,,OUTSIDER,0,0,0,Cash,2,,FBM  CASH,
1311,,,SHEHZAD SB SHOP,FBMCL-00258,Cash,6013.5,6000,13.5,,MB NO.9015,SB-SL-2307,,,,2026-06-09T09:08:00,False,,OUTSIDER,0,0,0,Cash,2,,FBM  CASH,
1312,,,SHAHID SB JPS,FBMCL-00252,Booking Delivery,0,0,0,,MB NO.9107,SB-SL-2308,,,1125,2026-06-09T09:10:00,False,,OUTSIDER,0,0,0,Cash,,,,
1313,,,MUHAMMAD ABID SB KOANKH,FBMCL-00154,Booking Delivery,0,0,0,,MB NO.9122-A,SB-SL-2309,,,1126,2026-06-09T09:31:00,False,,OUTSIDER,0,0,0,Cash,,,,
1314,,,ARIF SB JPS(HAJI ASHFAQ S),FBMCL-00087,Booking Delivery,0,0,0,,MB NO.9405,SB-SL-2310,,,1127,2026-06-17T09:53:00,False,,OUTSIDER,0,0,0,Cash,,,,
1315,,,SAGHEER BAIG SB KOANKH,FBMCL-00216,Mixed Transaction,800,0,0,,MB NO.9409,SB-SL-2311,,,1128,2026-06-17T10:08:00,False,,HAFIZ SHOIB,1250,1250,0,,,,,
1316,,,IRFAN SB DEDHAR SHARIF,FBMCL-00205,Booking Delivery,0,0,0,,MB NO.9411,SB-SL-2312,,,1129,2026-06-17T10:18:00,False,,HAFIZ SHOIB,1500,1500,0,Cash,,,,
1317,,,RAOOF SB GHURAL,FBMCL-00197,Booking Delivery,0,0,300,DISCOUNT,MB NO.9412,SB-SL-2313,,,1130,2026-06-17T10:21:00,False,,HARIS SUFWAN ABID,1100,1100,0,Cash,,,,
1318,,,FAROOQ KALAS SB PARSUWAL,FBMCL-00138,Credit Customer,1200,0,0,,MB NO.9413,SB-SL-2314,,,1131,2026-06-17T10:24:00,False,,OUTSIDER,0,0,0,Cash,,,,
1319,,,HAJI AKRAM SB CONT DOYIAN,FBMCL-00248,Booking Delivery,0,0,0,,MB NO.9416,SB-SL-2315,,,1132,2026-06-17T10:25:00,False,,OUTSIDER,0,0,0,Cash,,,,
1320,,,ASIF HUSSAIN JPS (ALI ALMUNIUM),FBMCL-00089,Credit Customer,2800,0,0,,MB NO.9420,SB-SL-2316,,,1133,2026-06-17T10:31:00,False,,OUTSIDER,0,0,0,Cash,,,,
1321,,,HAJI WARIS SB JPS,FBMCL-00071,Cash,21500,21500,0,,MB NO.9421,SB-SL-2317,,,,2026-06-17T10:32:00,False,,HAFIZ SHOIB,350,350,0,Cash,2,,FBM  CASH,
1322,,,MUHAMMAD AKRAM SB SANTAL SURKHIYAN,FBMCL-00150,Mixed Transaction,1500,0,0,,MB NO.9425,SB-SL-2318,,,1134,2026-06-17T10:37:00,False,,ALI HAMZA,1500,1500,0,,,,,
1323,,,MUHAMMAD AKRAM SB SANTAL SURKHIYAN,FBMCL-00150,Mixed Transaction,1800,0,0,,MB NO.9281,SB-SL-2319,,,1135,2026-06-14T10:39:00,False,,HAFIZ SHOIB,1800,1800,0,Cash,,,,
1325,,,SHAMRAIZ SB JAGUWAN,FBMCL-00244,Cash,21000,21000,0,,MB NO.9427,SB-SL-2321,,,,2026-06-17T10:44:00,False,,OUTSIDER,0,0,0,Bank,1,MCB,ADNAN AHMED,7761.0
1326,,,RANA ZAHEER SB JPS,FBMCL-00048,Credit Customer,7400,0,0,,MB NO.9400,SB-SL-2322,,,1137,2026-06-16T10:43:00,False,,HAFIZ SHOIB,1400,1400,0,Cash,,,,
1327,,,MUHAMMAD ARSHAD SB DHINDA POTAN WALAY,FBMCL-00256,Booking Delivery,0,0,0,,MB NO.9430,SB-SL-2323,,,1138,2026-06-17T10:54:00,False,,ALI HAMZA,3000,3000,0,Cash,,,,
1328,,,ABDULLAH SB KOANKH,FBMCL-00063,Credit Customer,3597,0,0,,MB NO.9431,SB-SL-2324,,,1139,2026-06-17T10:55:00,False,,OUTSIDER,0,0,0,Cash,,,,
1329,,,CH MUHAMMAD AKRAM RIHANIA SB JPS,FBMCL-00167,Credit Customer,28077,0,1,DISCOUNT,MB NO.9432,SB-SL-2325,,,1140,2026-06-17T11:20:00,False,,ALI HAMZA,0,0,0,Cash,,,,
1330,,,MUHAMMAD AKRAM SB SANTAL SURKHIYAN,FBMCL-00150,Mixed Transaction,8660.000000000004,0,1,DISCOUNT,MB NO.9433,SB-SL-2326,,,1141,2026-06-17T11:29:00,False,,HAFIZ SHOIB,1071.4285714275,0,0,Cash,,,,
1331,,,TALHA SB JPS,FBMCL-00008,Mixed Transaction,300,0,0,,MB NO.9434,SB-SL-2327,,,1142,2026-06-17T11:40:00,False,,ALI HAMZA,300,300,0,Cash,,,,
1332,,,Orphan61,ORPH-00061,Cash,13635,13600,35,,,SB-SL-2328,,,,2026-06-10T11:50:00,False,"[MIGRATION] Orphan record. Original client: ""QAISER SB JPS WELDER"".",OUTSIDER,0,0,0,Cash,2,,FBM  CASH,
1333,,,HAJI IQBAL SB JPS,FBMCL-00047,Booking Delivery,0,0,0,,MB NO.9132,SB-SL-2329,,,1143,2026-06-11T11:59:00,False,,HAFIZ SHOIB,0,0,0,Cash,,,,
1334,,,SHEHBAZ SB RANGPUR,FBMCL-00228,Booking Delivery,0,0,0,,MB NO.9133,SB-SL-2330,,,1144,2026-06-10T12:00:00,False,,ALI HAMZA,0,0,0,Cash,,,,
1335,,,RAOOF SB GHURAL,FBMCL-00197,Mixed Transaction,2849,0,0,,MB NO.9138,SB-SL-2331,,,1145,2026-06-10T12:02:00,False,,JAHANGIR PARSUWAL,0,0,0,Cash,,,,
1336,,,ABDULLAH SB KOANKH,FBMCL-00063,Credit Customer,10200,0,0,,MB NO.9435,SB-SL-2332,,,1146,2026-06-17T11:51:00,False,,ALI HAMZA,600,600,0,Cash,,,,
1337,,,Orphan62,ORPH-00062,Cash,14900,14900,0,,MB NO.9144,SB-SL-2333,,,,2026-06-10T12:12:00,False,"[MIGRATION] Orphan record. Original client: ""AZAM SB AJNALA"".",HAFIZ SHOIB,600,600,0,Cash,2,,FBM  CASH,
1338,,,ABDUL REHMAN SB JPS(ZAFAR CONT),FBMCL-00168,Mixed Transaction,1419.6,0,0,,MB NO.9437,SB-SL-2334,,,1147,2026-06-17T12:56:00,False,,OUTSIDER,0,0,0,Cash,,,,
1340,,,ATIF BAIG SB KOANKH,FBMCL-00224,Credit Customer,29000,0,0,,MB NO.9451,SB-SL-2336,,,1149,2026-06-18T13:48:00,False,,HAFIZ SHOIB,1000,1000,0,Cash,,,,
1341,,,ASIF HUSSAIN JPS (ALI ALMUNIUM),FBMCL-00089,Credit Customer,2800,0,0,,MB NO.9453,SB-SL-2337,,,1150,2026-06-18T14:21:00,False,,OUTSIDER,0,0,0,Cash,,,,
1342,,,SHERAZ SB MALIK PUR,FBMCL-00162,Booking Delivery,0,0,0,,MB NO.9454,SB-SL-2338,,,1151,2026-06-18T14:40:00,False,,OUTSIDER,0,0,0,Cash,,,,
1343,,,ZEESHAN ATTARI SB JPS,FBMCL-00178,Booking Delivery,0,0,0,,MB NO.9455,SB-SL-2339,,,1152,2026-06-18T14:53:00,False,,OUTSIDER,0,0,0,Cash,,,,
1344,,,ASIM SB KOANKH,FBMCL-00259,Booking Delivery,0,0,0,,MB NO.9457,SB-SL-2340,,,1153,2026-06-18T15:33:00,False,,HARIS SUFWAN ABID,1250,1250,0,Cash,,,,
1346,,,ZEESHAN ATTARI SB JPS,FBMCL-00178,Mixed Transaction,1260,0,0,,MB NO.9495,SB-SL-2342,,,1155,2026-06-19T09:20:00,False,,OUTSIDER,0,0,0,Cash,,,,
1347,,,CASH SALE FBM,FBMCL-00173,Cash,2800,2800,0,,MB NO.9492,SB-SL-2343,,,,2026-06-19T09:23:00,False,,OUTSIDER,0,0,0,Cash,2,,FBM  CASH,
1348,,,Orphan63,ORPH-00063,Cash,3080,3080,0,,MB NO.9493,SB-SL-2344,,,,2026-06-19T09:24:00,False,"[MIGRATION] Orphan record. Original client: ""FARAZ SB KOANKH"".",OUTSIDER,0,0,0,Cash,2,,FBM  CASH,
1349,,,MUHAMMAD QASIM SB MALIKPUR,FBMCL-00134,Booking Delivery,0,0,0,,MB NO.9460,SB-SL-2345,,,1156,2026-06-18T09:43:00,False,,JAHANGIR PARSUWAL,0,0,0,Cash,,,,
1350,,,NADEEM SB DHINDA,FBMCL-00044,Booking Delivery,0,0,0,,MB NO.9496,SB-SL-2346,,,1157,2026-06-19T10:23:00,False,,JAHANGIR PARSUWAL,1250,1250,0,Cash,,,,
1351,,,ASIM SB KOANKH,FBMCL-00259,Booking Delivery,0,0,0,,MB NO.9468,SB-SL-2347,,,1158,2026-06-18T11:21:00,False,,ALI HAMZA,1250,0,0,Cash,,,,
1352,,,ASIM SB KOANKH,FBMCL-00259,Booking Delivery,0,0,0,,MB NO.9497,SB-SL-2348,,,1159,2026-06-19T11:28:00,False,,JAHANGIR PARSUWAL,1250,0,0,Cash,,,,
1353,,,SAGHEER BAIG SB KOANKH,FBMCL-00216,Booking Delivery,0,0,0,,MB NO.9498,SB-SL-2349,,,1160,2026-06-19T11:41:00,False,,JAHANGIR PARSUWAL,1250,1250,0,Cash,,,,
1354,,,MALIK ILYAS SB JPS,FBMCL-00022,Credit Customer,2720,0,0,,MB NO.9500,SB-SL-2350,,,1161,2026-06-19T11:55:00,False,,OUTSIDER,0,0,0,Cash,,,,
1355,,,MALIK ILYAS SB JPS,FBMCL-00022,Credit Customer,7500,0,0,,MB NO.9466,SB-SL-2351,,,1162,2026-06-18T12:00:00,False,,ALI HAMZA,350,350,0,Cash,,,,
1356,,,MALIK JAVED SB KHAN PUR KHOKHAR,FBMCL-00025,Cash,29000,29000,0,,MB NO.9461,SB-SL-2352,,,,2026-06-18T12:15:00,False,,ZAIN ALI,1200,1200,0,Cash,2,,FBM  CASH,
1357,,,Orphan85,ORPH-00085,Cash,500,500,0,,MB NO.9501,SB-SL-2353,,,,2026-06-19T12:40:00,False,"[MIGRATION] Orphan record. Original client: ""M ARSHAD CONT JPS"".",OUTSIDER,0,0,0,Cash,2,,FBM  CASH,
1358,,,SAGHEER BAIG SB KOANKH,FBMCL-00216,Booking Delivery,0,0,0,,MB NO.9502,SB-SL-2354,,,1163,2026-06-19T14:12:00,False,,JAHANGIR PARSUWAL,0,0,0,Cash,,,,
1359,,,KASHIF SB DHINDA,FBMCL-00043,Credit Customer,14400,0,0,,MB NO.9462,SB-SL-2355,,,1164,2026-06-18T14:14:00,False,,ALI HAMZA,600,600,0,,,,,
1360,,,KASHIF SB DHINDA,FBMCL-00043,Credit Customer,21750,0,0,,MB NO.9503,SB-SL-2356,,,1165,2026-06-19T14:17:00,False,,HARIS SUFWAN ABID,750,0,0,Cash,,,,
1361,,,Orphan64,ORPH-00064,Cash,14200,14200,0,,MB NO.9504,SB-SL-2357,,,,2026-06-19T14:19:00,False,"[MIGRATION] Orphan record. Original client: ""ZAHID BUTT SB JPS"".",JAHANGIR PARSUWAL,300,300,0,Cash,2,,FBM  CASH,
1365,,,SHEHBAZ BAIG SB KOANKH,FBMCL-00006,Booking Delivery,0,0,0,,MB NO.9515,SB-SL-2361,,,1169,2026-06-20T08:54:00,False,,JAHANGIR PARSUWAL,2000,2000,0,Cash,,,,
1366,,,YASIR YAQOOB SB DILAWARPUR,FBMCL-00163,Booking Delivery,0,0,0,,MB NO.9506,SB-SL-2362,,,1170,2026-06-19T09:49:00,False,,HARIS SUFWAN ABID,0,0,0,Cash,,,,
1367,,,MUSHTAQ SB JPS,FBMCL-00261,Booking Delivery,0,0,0,,MB NO.9507,SB-SL-2363,,,1171,2026-06-20T10:14:00,False,,OUTSIDER,0,0,0,Cash,,,,
1368,,,NASAR IQBAL BUTT SB JPS,FBMCL-00235,Credit Customer,2373.5,0,580.5,RETURN,MB NO.9272/2,SB-SL-2364,,,1172,2026-06-20T12:05:00,False,,OUTSIDER,0,0,0,,,,,
1369,,,NASAR IQBAL BUTT SB JPS,FBMCL-00235,Cash,4723.5,4723.5,0,,MB NO.9509,SB-SL-2365,,,,2026-06-19T13:21:00,False,,OUTSIDER,0,0,0,Cash,2,,FBM  CASH,
1370,,,GHULAM MURTZA SB KOANKH,FBMCL-00262,Booking Delivery,0,0,0,,MB NO.9511,SB-SL-2366,,,1173,2026-06-19T13:22:00,False,,HARIS SUFWAN ABID,0,0,0,Cash,,,,
1371,,,YASIR YAQOOB SB DILAWARPUR,FBMCL-00163,Booking Delivery,0,0,0,,MB NO.9512,SB-SL-2367,,,1174,2026-06-19T13:23:00,False,,HAJI AHMED,0,0,0,Cash,,,,
1372,,,GHULAM MURTZA SB KOANKH,FBMCL-00262,Booking Delivery,0,0,0,,MB NO.9514,SB-SL-2368,,,1175,2026-06-19T13:23:00,False,,HARIS SUFWAN ABID,0,0,0,Cash,,,,
1373,,,GHULAM GHOUS SB JPS,FBMCL-00220,Mixed Transaction,10000,0,0,,MB NO.9517,SB-SL-2369,,,1176,2026-06-20T13:33:00,False,,HAFIZ SHOIB,0,0,0,Cash,,,,
1374,,,NADEEM SB DHINDA,FBMCL-00044,Booking Delivery,0,0,0,,MB NO.9518,SB-SL-2370,,,1177,2026-06-20T13:35:00,False,,HAFIZ SHOIB,2250,2250,0,Cash,,,,
1376,,,FAROOQ KALAS SB PARSUWAL,FBMCL-00138,Booking Delivery,0,0,0,,MB NO.9521,SB-SL-2372,,,1179,2026-06-20T13:39:00,False,,ALI HAMZA,800,800,0,Cash,,,,
1377,,,MUHAMMAD AKRAM SB SANTAL SURKHIYAN,FBMCL-00150,Mixed Transaction,17642,0,0,,MB NO.9522,SB-SL-2373,,,1180,2026-06-20T13:41:00,False,,JAHANGIR PARSUWAL,2000,2000,0,Cash,,,,
1378,,,HAJI IQBAL SB JPS,FBMCL-00047,Booking Delivery,0,0,0,,MB NO.9523,SB-SL-2374,,,1181,2026-06-20T13:46:00,False,,HARIS SUFWAN ABID,520,0,0,Cash,,,,
1379,,,HAJI IQBAL SB JPS,FBMCL-00047,Booking Delivery,0,0,0,,MB NO.9183,SB-SL-2375,,,1182,2026-06-15T13:51:00,False,,HARIS SUFWAN ABID,1498.375,1498.38,0.005000000000109139,,,,,
1380,,,MUHAMMAD QASIM SB MALIKPUR,FBMCL-00134,Booking Delivery,0,0,0,,MB NO.9526,SB-SL-2376,,,1183,2026-06-20T13:55:00,False,,HAFIZ SHOIB,0,0,0,Cash,,,,
1381,,,ABDUL AZIZ SB DEDHAR SHARIF,FBMCL-00240,Credit Customer,29500,0,0,,MB NO.9528,SB-SL-2377,,,1184,2026-06-20T13:58:00,False,,HAFIZ SHOIB,1500,1500,0,Cash,,,,
1382,,,MUHAMMAD RAZAQ SB JPS,FBMCL-00147,Credit Customer,14500,0,0,,MB NO.9529,SB-SL-2378,,,1185,2026-06-20T13:59:00,False,,OUTSIDER,300,300,0,Cash,,,,
1384,,,SHAMRAIZ SB JAGUWAN,FBMCL-00244,Cash,56000,56000,0,,MB NO.9531,SB-SL-2380,,,,2026-06-20T14:19:00,False,,OUTSIDER,0,0,0,Bank,1,MCB,ADNAN AHMED,7761.0
1385,,,DR EHSAN SB DHINDA,FBMCL-00105,Mixed Transaction,2142,0,0,,MB NO.9533,SB-SL-2381,,,1187,2026-06-20T14:23:00,False,,ALI HAMZA,7500,7500,0,Cash,,,,
1386,,,SARWAR SB MASON,FBMCL-00229,Credit Customer,3750,0,0,,MB NO.9534,SB-SL-2382,,,1188,2026-06-20T14:26:00,False,,ZAIN ALI,1250,1250,0,Cash,,,,
1387,,,ASIF HUSSAIN JPS (ALI ALMUNIUM),FBMCL-00089,Credit Customer,2800,0,0,,MB NO.9536,SB-SL-2383,,,1189,2026-06-20T14:37:00,False,,OUTSIDER,0,0,0,Cash,,,,
1388,,,SAGHEER BAIG SB KOANKH,FBMCL-00216,Credit Customer,2250.6,0,0,,MB NO.9537,SB-SL-2384,,,1190,2026-06-20T15:04:00,False,,OUTSIDER,0,0,0,Cash,,,,
1389,,,NADEEM SB DHINDA,FBMCL-00044,Credit Customer,29400,0,0,,MB NO.9538,SB-SL-2385,,,1191,2026-06-20T15:06:00,False,,HAFIZ SHOIB,1000,1000,0,Cash,,,,
1390,,,ABDULLAH SB KOANKH,FBMCL-00063,Credit Customer,8750,0,0,,MB NO.9539,SB-SL-2386,,,1192,2026-06-20T15:08:00,False,,OUTSIDER,0,0,0,Cash,,,,
1391,,,ASIM SB KOANKH,FBMCL-00259,Booking Delivery,0,0,0,,MB NO.9540,SB-SL-2387,,,1193,2026-06-20T15:09:00,False,,ZAIN ALI,1250,1250,0,Cash,,,,
1392,,,SALMAAN SB GHURAL (GOGA SB GHURAL),FBMCL-00195,Booking Delivery,0,0,0,,MB NO.9542,SB-SL-2388,,,1194,2026-06-20T15:10:00,False,,OUTSIDER,0,0,0,Cash,,,,
1393,,,NADEEM SB DHINDA,FBMCL-00044,Credit Customer,29400,0,0,,MB NO.9544,SB-SL-2389,,,1195,2026-06-20T15:54:00,False,,HAFIZ SHOIB,1000,1000,0,Cash,,,,
1394,,,FAZAL ILAHI SB JALPUWAL,FBMCL-00051,Booking Delivery,0,0,0,,MB NO.9546,SB-SL-2390,,,1196,2026-06-20T15:57:00,False,,ALI HAMZA,1000,1000,0,Cash,,,,
1395,,,SHEHBAZ SB RANGPUR,FBMCL-00228,Booking Delivery,0,0,0,,MB NO.9547,SB-SL-2391,,,1197,2026-06-20T16:04:00,False,,OUTSIDER,0,0,0,Cash,,,,
1396,,,SHEHBAZ SB RANGPUR,FBMCL-00228,Booking Delivery,0,0,0,,MB NO.9471,SB-SL-2392,,,1198,2026-06-18T16:06:00,False,,OUTSIDER,0,0,0,Cash,,,,
1397,,,SARWAR SB MASON,FBMCL-00229,Booking Delivery,0,0,0,,MB NO.9548,SB-SL-2393,,,1199,2026-06-20T16:11:00,False,,OUTSIDER,0,0,0,Cash,,,,
1400,,,AURANGZEB SB KOANKH,FBMCL-00239,Booking Delivery,0,0,0,,MB NO.9549/2,SB-SL-2396,,,1201,2026-06-20T16:51:00,False,,HAFIZ SHOIB,7425,7425,0,,,,,
1401,,,HAFIZ ABDUL JABBAR SB RANGPUR,FBMCL-00202,Booking Delivery,0,0,0,,MB NO.9552,SB-SL-2397,,,1202,2026-06-20T16:55:00,False,,OUTSIDER,0,0,0,Cash,,,,
1403,,,NADEEM SB DHINDA,FBMCL-00044,Credit Customer,14700,0,0,,MB NO.9555,SB-SL-2399,,,1204,2026-06-20T17:19:00,False,,ALI HAMZA,600,600,0,Cash,,,,
1405,,,ASIM SB KOANKH,FBMCL-00259,Credit Customer,1760,0,0,,MB NO.9557,SB-SL-2401,,,1206,2026-06-20T08:22:00,False,,OUTSIDER,0,0,0,Cash,,,,
1406,,,QAISER SB JPS,FBMCL-00263,Credit Customer,2800,0,0,,MB NO.9559,SB-SL-2402,,,1207,2026-06-21T10:09:00,False,,OUTSIDER,0,0,0,Cash,,,,
1407,,,RAZAQ SB KHANPUR KHOKHAR,FBMCL-00218,Mixed Transaction,4097.500000000005,0,0.5,DISCOUNT,MB NO.9562,SB-SL-2403,,,1208,2026-06-21T10:14:00,False,,HAFIZ SHOIB,0,0,0,Cash,,,,
1408,,,GHULAM SARWAR SB JPS(HAJI JAVED SB),FBMCL-00052,Booking Delivery,0,0,0,,MB NO.9563,SB-SL-2404,,,1209,2026-06-21T10:24:00,False,,OUTSIDER,0,0,0,Cash,,,,
1410,,,GHULAM SARWAR SB JPS(HAJI JAVED SB),FBMCL-00052,Booking Delivery,0,0,0,,MB NO.9580,SB-SL-2406,,,1211,2026-06-21T10:46:00,False,,OUTSIDER,0,0,0,Cash,,,,
1411,,,HAJI AKRAM SB CONT DOYIAN,FBMCL-00248,Booking Delivery,0,0,920,DISCOUNT,MB NO.9570,SB-SL-2407,,,1212,2026-06-21T11:59:00,False,,OUTSIDER,0,0,0,Cash,,,,
1412,,,HAJI AKRAM SB CONT DOYIAN,FBMCL-00248,Credit Customer,1500,0,0,,MB NO.9570/3,SB-SL-2408,,,1213,2026-06-21T12:08:00,False,,JAHANGIR PARSUWAL,0,0,0,Cash,,,,
1413,,,GHULAM GHOUS SB JPS,FBMCL-00220,Booking Delivery,0,0,0,,MB NO.9571,SB-SL-2409,,,1214,2026-06-21T12:10:00,False,,JAHANGIR PARSUWAL,180,180,0,Cash,,,,
1414,,,CH IMRAN SB JPS,FBMCL-00215,Mixed Transaction,4003.5,0,0,,MB NO.9572,SB-SL-2410,,,1215,2026-06-21T12:19:00,False,,ZAIN ALI,600,600,0,Cash,,,,
1415,,,MUHAMMAD SHABEER SB CONT TIBBA AJNALA,FBMCL-00169,Mixed Transaction,14900,0,0,,MB NO.9573,SB-SL-2411,,,1216,2026-06-21T12:22:00,False,,HAFIZ SHOIB,1500,1500,0,Cash,,,,
1416,,,ABDUL SATTAR SB DHINDA FARM,FBMCL-00146,Cash,35000,35000,0,,MB NO.9574+9576,SB-SL-2412,,,,2026-06-21T12:24:00,False,,HARIS SUFWAN ABID,0,0,0,Cash,2,,FBM  CASH,
1417,,,MASTER ZAHOOR SB JPS,FBMCL-00145,Booking Delivery,0,0,0,,MB NO.9577,SB-SL-2413,,,1217,2026-06-21T12:27:00,False,,OUTSIDER,0,0,0,Cash,,,,
1418,,,ARIF BAIG SB KOANKH (ASIM BAIG),FBMCL-00124,Booking Delivery,0,0,0,,MB NO.9578,SB-SL-2414,,,1218,2026-06-21T12:29:00,False,,ZAIN ALI,0,0,0,Cash,,,,
1419,,,ALI AKBAR SB DHINDA,FBMCL-00211,Booking Delivery,0,0,0,,MB NO.9581,SB-SL-2415,,,1219,2026-06-21T12:39:00,False,,HAFIZ SHOIB,0,0,0,Cash,,,,
1420,,,MUHAMMAD ARSHAD SB DHINDA POTAN WALAY,FBMCL-00256,Cash,12380.9,12380,0.9,DISCOUNT,MB NO.9584,SB-SL-2416,,,1220,2026-06-21T12:44:00,False,,HARIS SUFWAN ABID,400,400,0,Cash,2,,FBM  CASH,
1422,,,RAJA AMEER HAMZA SB JPS,FBMCL-00103,Cash,2890.5,2890,0.5,,MB NO.9586,SB-SL-2418,,,,2026-06-21T12:47:00,False,,OUTSIDER,0,0,0,Cash,2,,FBM  CASH,
1423,,,SARWAR SB MASON,FBMCL-00229,Booking Delivery,0,0,0,,MB NO.9590,SB-SL-2419,,,1222,2026-06-21T13:00:00,False,,OUTSIDER,0,0,0,Cash,,,,
1424,,,MAZHAR SB RUPOWAL DERA,FBMCL-00009,Booking Delivery,0,0,0,,MB NO.9564,SB-SL-2420,,,1223,2026-06-21T15:00:00,False,,ZAHID LOADER,3000,3000,0,Cash,,,,
1425,,,MAZHAR SB RUPOWAL DERA,FBMCL-00009,Mixed Transaction,1800,0,0,,MB NO.9594,SB-SL-2421,,,1224,2026-06-21T15:01:00,False,,JAHANGIR PARSUWAL,0,1250,1250,,,,,
1426,,,MAZHAR SB RUPOWAL DERA,FBMCL-00009,Credit Customer,34186,0,0,,MB NO.9305,SB-SL-2422,,,1225,2026-06-14T15:06:00,False,,HARIS SUFWAN ABID,1300,1300,0,,,,,
1427,,,MAZHAR SB RUPOWAL DERA,FBMCL-00009,Credit Customer,1200,0,0,,MB NO.9597,SB-SL-2423,,,1226,2026-06-21T15:21:00,False,,HARIS SUFWAN ABID,0,0,0,Cash,,,,
1428,,,FAROOQ KALAS SB PARSUWAL,FBMCL-00138,Mixed Transaction,33518.4,0,1.4,DISCOUNT,MB NO.9598,SB-SL-2424,,,1227,2026-06-17T15:40:00,False,,HARIS SUFWAN ABID,1000,1000,0,,,,,
1429,,,SHAMRAIZ SB JAGUWAN,FBMCL-00244,Cash,138000,138000,0,,MB NO.9600,SB-SL-2425,,,,2026-06-21T16:51:00,False,,20 WHEELER,0,0,0,Bank,1,MCB,ADNAN AHMED,7761.0
1430,,,ABDUL SATTAR SB DHINDA FARM,FBMCL-00146,Credit Customer,1250,0,0,,MB NO.9576/2,SB-SL-2426,,,1228,2026-06-21T17:14:00,False,,HARIS SUFWAN ABID,1250,1250,0,Cash,,,,
1431,,,HAFIZ ABDUL JABBAR SB RANGPUR,FBMCL-00202,Booking Delivery,0,0,0,,MB NO.9603,SB-SL-2427,,,1229,2026-06-21T17:25:00,False,,OUTSIDER,0,0,0,Cash,,,,
1432,,,RAZAQ SB KHANPUR KHOKHAR,FBMCL-00218,Booking Delivery,0,0,0,,MB NO.9604,SB-SL-2428,,,1230,2026-06-21T17:30:00,False,,HAFIZ SHOIB,0,0,0,Cash,,,,
1433,,,MUHAMMAD SALEEM SB RUPOWAL,FBMCL-00113,Credit Customer,15200,0,0,,MB NO.9601,SB-SL-2429,,,1231,2026-06-21T17:42:00,False,,HARIS SUFWAN ABID,1000,1000,0,,,,,
1434,,,DR EHSAN SB DHINDA,FBMCL-00105,Mixed Transaction,38946,0,0,,MB NO.9618,SB-SL-2430,,,1232,2026-06-22T09:59:00,False,,ZAIN ALI,1000,1000,0,Cash,,,,
1435,,,MUHAMMAD ABID SB KOANKH,FBMCL-00154,Mixed Transaction,8341.2,0,0.2,DISCOUNT,MB NO.9622,SB-SL-2431,,,1233,2026-06-22T10:28:00,False,,HAFIZ SHOIB,422.69736842227,422.7,0.002631577730028312,Cash,,,,
1436,,,RAZAQ SB KHANPUR KHOKHAR,FBMCL-00218,Booking Delivery,0,0,0,,MB NO.9606,SB-SL-2432,,,1234,2026-06-22T11:21:00,False,,HAFIZ SHOIB,0,0,0,Cash,,,,
1437,,,MAZHAR SB RUPOWAL DERA,FBMCL-00009,Booking Delivery,0,0,0,,MB NO.9594/2,SB-SL-2433,,,1235,2026-06-22T12:32:00,False,,JAHANGIR PARSUWAL,1250,0,0,Cash,,,,
1438,,,MAZHAR SB RUPOWAL DERA,FBMCL-00009,Mixed Transaction,7350,0,0,,MB NO.9610,SB-SL-2434,,,1236,2026-06-22T12:34:15.019284,False,,HAFIZ SHOIB,3250,0,0,Cash,,,,
1439,,,RANA ZAHEER SB JPS,FBMCL-00048,Cash,28600,28600,0,,,SB-SL-2435,,,,2026-06-22T12:36:00,False,,HARIS SUFWAN ABID,600,600,0,Cash,2,,FBM  CASH,
1440,,,HDC MEHAR MEHDI SB JPS,FBMCL-00260,Mixed Transaction,330,0,0,,MB NO.9614,SB-SL-2436,,,1237,2026-06-22T12:58:00,False,,HAFIZ SHOIB,0,0,0,Cash,,,,
1441,,,ARIF BAIG SB KOANKH (ASIM BAIG),FBMCL-00124,Mixed Transaction,2000,0,0,,MB NO.9616,SB-SL-2437,,,1238,2026-06-22T13:03:00,False,,JAHANGIR PARSUWAL,0,0,0,Cash,,,,
1442,,,ASIF HUSSAIN JPS (ALI ALMUNIUM),FBMCL-00089,Credit Customer,2800,0,0,,MB NO.9621,SB-SL-2438,,,1239,2026-06-22T13:32:00,False,,OUTSIDER,0,0,0,Cash,,,,
1443,,,CH MUHAMMAD AKRAM RIHANIA SB JPS,FBMCL-00167,Booking Delivery,0,0,0,,MB NO.9623,SB-SL-2439,,,1240,2026-06-22T13:34:00,False,,OUTSIDER,0,0,0,Cash,,,,
1444,,,RAJA PARWEZ SB RANGPUR,FBMCL-00111,Credit Customer,27500,25500,0,,MB NO.9626,SB-SL-2440,,,1241,2026-06-22T13:40:00,False,,HAFIZ SHOIB,0,0,0,Cash,2,,FBM  CASH,
1445,,,MIRZA NAZAR BAIG SB KOANKH,FBMCL-00212,Mixed Transaction,46745.39999999999,70000,1.4,DISCOUNT,MB NO.9627,SB-SL-2441,,,1242,2026-06-22T13:44:00,False,,JAHANGIR PARSUWAL,0,0,0,Cash,2,,FBM  CASH,
1446,,,QAISER SB JPS,FBMCL-00263,Credit Customer,2800,0,0,,MB NO.9628,SB-SL-2442,,,1243,2026-06-22T14:07:00,False,,OUTSIDER,0,0,0,Cash,,,,
1447,,,QAISER SB JPS,FBMCL-00263,Credit Customer,2800,0,0,,MB NO.9593,SB-SL-2443,,,1244,2026-06-21T14:21:00,False,,OUTSIDER,0,0,0,Cash,,,,
1448,,,QAISER SB JPS,FBMCL-00263,Credit Customer,2800,0,0,,MB NO.9516,SB-SL-2444,,,1245,2026-06-20T14:22:00,False,,OUTSIDER,0,0,0,Cash,,,,
1449,,,ALI SHAN SB RANGRA,FBMCL-00243,Booking Delivery,0,0,0,,MB NO.9630,SB-SL-2445,,,1246,2026-06-22T14:26:00,False,,HARIS SUFWAN ABID,0,0,0,Cash,,,,
1451,,,MUHAMMAD ARSHAD SB GHURAL (SUBEDAR QADAR DAD SB),FBMCL-00175,Mixed Transaction,1600,0,0,,MB NO.9221,SB-SL-2447,,,1248,2026-06-12T14:35:00,False,,ALI HAMZA,0,0,0,,,,,
1452,,,MUHAMMAD ARSHAD SB GHURAL (SUBEDAR QADAR DAD SB),FBMCL-00175,Booking Delivery,0,0,0,,MB NO.9393,SB-SL-2448,,,1249,2026-06-16T14:37:00,False,,ALI HAMZA,0,0,0,Cash,,,,
1454,,,ZEESHAN ATTARI SB JPS,FBMCL-00178,Credit Customer,840,0,0,,MB NO.9636,SB-SL-2450,,,1251,2026-06-22T14:49:00,False,,OUTSIDER,0,0,0,Cash,,,,
1455,,,HDC MEHAR MEHDI SB JPS,FBMCL-00260,Credit Customer,17000,0,0,,MB NO.9614/2,SB-SL-2451,,,1252,2026-06-22T15:43:00,False,,OUTSIDER,0,0,0,Cash,,,,
1456,,,KHALID SB HANDA DERHA,FBMCL-00253,Mixed Transaction,657.9999999999893,0,0,,MB NO.9643,SB-SL-2452,,,1253,2026-06-22T16:21:23.569167,False,,ZAHID LOADER,0,0,0,Cash,,,,
1457,,,GHULAM SARWAR SB JPS(HAJI JAVED SB),FBMCL-00052,Booking Delivery,0,0,0,,MB NO.9641,SB-SL-2453,,,1254,2026-06-22T16:27:00,False,,OUTSIDER,0,0,0,Cash,,,,
1458,,,HAJI JAVED SB JPS,FBMCL-00024,Booking Delivery,0,0,0,,MB NO.9642,SB-SL-2454,,,1255,2026-06-22T16:28:00,False,,OUTSIDER,0,0,0,Cash,,,,
1459,,,SHERAZ SB MALIK PUR,FBMCL-00162,Booking Delivery,0,0,0,,MB NO.9158,SB-SL-2455,,,1256,2026-06-11T16:33:00,False,,OUTSIDER,0,0,0,Cash,,,,
1460,,,SHERAZ SB MALIK PUR,FBMCL-00162,Booking Delivery,0,0,0,,MB NO.9645,SB-SL-2456,,,1257,2026-06-22T16:38:00,False,,OUTSIDER,0,0,0,Cash,,,,
1462,,,MAJID HUSSAIN SB AJNALA,FBMCL-00050,Booking Delivery,0,0,0,,MB NO.9649,SB-SL-2458,,,1259,2026-06-23T09:26:00,False,,HARIS SUFWAN ABID,800,800,0,Cash,,,,
1463,,,SAFDAR ALI SB AJNALA (ASLAM CONT),FBMCL-00186,Booking Delivery,0,0,0,,MB NO.9652,SB-SL-2459,,,1260,2026-06-22T09:27:00,False,,HAFIZ SHOIB,8000,8000,0,Cash,,,,
1464,,,GHULAM SARWAR SB JPS(HAJI JAVED SB),FBMCL-00052,Cash,13800,13800,0,,,SB-SL-2460,,,,2026-06-22T10:27:00,False,,ZAHID LOADER,0,0,0,Cash,2,,FBM  CASH,
1465,,,ARIF BAIG SB KOANKH (ASIM BAIG),FBMCL-00124,Booking Delivery,0,0,0,,MB NO.9657,SB-SL-2461,,,1261,2026-06-23T10:33:00,False,,HAFIZ SHOIB,0,0,0,Cash,,,,
1467,,,SHEHBAZ SB RANGPUR,FBMCL-00228,Booking Delivery,0,0,0,,MB NO.9660,SB-SL-2463,,,1263,2026-06-22T10:35:00,False,,OUTSIDER,0,0,0,Cash,,,,
1468,,,SHEHBAZ SB RANGPUR,FBMCL-00228,Booking Delivery,0,0,0,,MB NO.9669/2,SB-SL-2464,,,1264,2026-06-23T10:37:00,False,,OUTSIDER,0,0,0,Cash,,,,
1469,,,MIRZA AMJAD JAVED SB AJNALA SITE,FBMCL-00028,Credit Customer,36500,0,0,,MB NO.9676,SB-SL-2465,,,1265,2026-06-23T10:53:00,False,,ZAIN ALI,1250,1250,0,Cash,,,,
1470,,,MUSHTAQ SB JPS,FBMCL-00261,Mixed Transaction,10174.1,0,0.1,DISCOUNT,MB NO.9662,SB-SL-2466,,,1266,2026-06-23T11:04:00,False,,OUTSIDER,0,0,0,Cash,,,,
1471,,,CH MUHAMMAD AKRAM RIHANIA SB JPS,FBMCL-00167,Booking Delivery,0,0,0,,MB NO.9664,SB-SL-2467,,,1267,2026-06-23T11:06:00,False,,OUTSIDER,0,0,0,Cash,,,,
1472,,,KASHIF SB DHINDA,FBMCL-00043,Credit Customer,14400,0,0,,MB NO.9665,SB-SL-2468,,,1268,2026-06-23T11:12:00,False,,HARIS SUFWAN ABID,600,600,0,Cash,,,,
1473,,,SUBEDAR MUHAMMAD ARSHAD SB KHANPUR KHOKHAR,FBMCL-00066,Booking Delivery,0,0,0,,MB NO.9668,SB-SL-2469,,,1269,2026-06-23T11:14:00,False,,HAFIZ SHOIB,1200,1200,0,Cash,,,,
1474,,,GHULAM GHOUS SB JPS,FBMCL-00220,Credit Customer,18000,0,0,,MB NO.9669,SB-SL-2470,,,1270,2026-06-23T11:16:00,False,,JAHANGIR PARSUWAL,1400,1400,0,Cash,,,,
1475,,,HDC MEHAR MEHDI SB JPS,FBMCL-00260,Mixed Transaction,8769.599999999999,0,0,,MB NO.9670,SB-SL-2471,,,1271,2026-06-23T11:22:00,False,,ZAIN ALI,0,0,0,,,,,
1476,,,MUHAMMAD ABID SB KOANKH,FBMCL-00154,Credit Customer,3981.6,0,0.6,,MB NO.9672,SB-SL-2472,,,1272,2026-06-23T11:33:00,False,,OUTSIDER,0,0,0,Cash,,,,
1477,,,MALIK JAVED SB KHAN PUR KHOKHAR,FBMCL-00025,Credit Customer,28800,0,0,,MB NO.9673,SB-SL-2473,,,1273,2026-06-23T11:35:00,False,,HARIS SUFWAN ABID,1200,60,0,Cash,,,,
1478,,,SHEHBAZ BAIG SB KOANKH,FBMCL-00006,Booking Delivery,0,0,0,,MB NO.9677,SB-SL-2474,,,1274,2026-06-23T11:40:00,False,,HAFIZ SHOIB,750,750,0,Cash,,,,
1479,,,SHABEEB SB KANIYAN,FBMCL-00209,Credit Customer,20250,0,0,,MB NO.9679,SB-SL-2475,,,1275,2026-06-23T11:48:00,False,,JAHANGIR PARSUWAL,2000,2000,0,Cash,,,,
1480,,,SHEHBAZ BAIG SB KOANKH,FBMCL-00006,Mixed Transaction,14500,0,0,,MB NO.9684,SB-SL-2476,,,1276,2026-06-23T12:28:00,False,,HAFIZ SHOIB,1250,1250,0,Cash,,,,
1481,,,HAJI WARIS SB JPS,FBMCL-00071,Cash,14050,14000,50,DISCOUNT,MB NO.9680,SB-SL-2477,,,,2026-06-23T13:15:00,False,,ZAIN ALI,300,300,0,Cash,2,,FBM  CASH,
1482,,,RAJA PARWEZ SB RANGPUR,FBMCL-00111,Credit Customer,2883.2,0,0.2,DISCOUNT,MB NO.9687,SB-SL-2478,,,1277,2026-06-23T14:06:00,False,,OUTSIDER,0,0,0,Cash,,,,
1484,,,MUHAMMAD AKRAM SB SANTAL SURKHIYAN,FBMCL-00150,Booking Delivery,0,0,0,,MB NO.9691,SB-SL-2480,,,1279,2026-06-23T14:12:00,False,,HARIS SUFWAN ABID,0,0,0,Cash,,,,
1485,,,NAZIM GUJJAR SB JPS,FBMCL-00233,Credit Customer,88717.5,0,0.5,DISCOUNT,MB NO.9692/2,SB-SL-2481,,,1280,2026-06-23T14:20:00,False,PREVIOUS DELIVERED BILLS MATERIAL,OUTSIDER,0,0,0,Cash,,,,
1486,,,NAZIM GUJJAR SB JPS,FBMCL-00233,Booking Delivery,0,0,0,,MB NO.9693,SB-SL-2482,,,1281,2026-06-23T14:23:00,False,,OUTSIDER,0,0,0,Cash,,,,
1487,,,HDC MEHAR MEHDI SB JPS,FBMCL-00260,Credit Customer,13500,0,0,,MB NO.9670/2,SB-SL-2483,,,1282,2026-06-23T15:53:00,False,,OUTSIDER,0,0,0,Cash,,,,
1488,,,NAZIM GUJJAR SB JPS,FBMCL-00233,Booking Delivery,0,0,0,,MB NO.9697,SB-SL-2484,,,1283,2026-06-23T15:58:00,False,,HARIS SUFWAN ABID,0,0,0,Cash,,,,
1490,,,ABDUL REHMAN SB JPS(ZAFAR CONT),FBMCL-00168,Cash,4550,4500,50,DISCOUNT,MB NO.9701,SB-SL-2486,,,,2026-06-23T16:53:00,False,,OUTSIDER,0,0,0,Cash,2,,FBM  CASH,
1491,,,KHALID SB HANDA DERHA,FBMCL-00253,Mixed Transaction,14335,0,0,,MB NO.9702,SB-SL-2487,,,1285,2026-06-23T10:16:00,False,,HARIS SUFWAN ABID,0,0,0,Cash,,,,
1492,,,ASIF HUSSAIN JPS (ALI ALMUNIUM),FBMCL-00089,Credit Customer,2800,0,0,,MB NO.9706,SB-SL-2488,,,1286,2026-06-23T10:35:00,False,,OUTSIDER,0,0,0,Cash,,,,
1493,,,GHULAM SARWAR SB JPS(HAJI JAVED SB),FBMCL-00052,Cash,13800,13800,0,,,SB-SL-2489,,,,2026-06-23T10:36:00,False,,ZAHID LOADER,0,0,0,Cash,2,,FBM  CASH,
1494,,,MIRZA NAZAR BAIG SB KOANKH,FBMCL-00212,Booking Delivery,0,0,0,,MB NO.9710,SB-SL-2490,,,1287,2026-06-24T10:45:00,False,,HAFIZ SHOIB,3000,3000,0,Cash,,,,
1495,,,AFGHAN SB GHURAL,FBMCL-00210,Booking Delivery,0,0,0,,MB NO.9711,SB-SL-2491,,,1288,2026-06-24T10:48:00,False,,OUTSIDER,0,0,0,Cash,,,,
1496,,,QAISER SB JPS,FBMCL-00263,Credit Customer,2800,0,0,,MB NO.9712,SB-SL-2492,,,1289,2026-06-24T11:00:00,False,,OUTSIDER,0,0,0,Cash,,,,
1497,,,MUHAMMAD ABID SB KOANKH,FBMCL-00154,Booking Delivery,0,0,0,,MB NO.9713,SB-SL-2493,,,1290,2026-06-24T11:03:00,False,,ZAIN ALI,1500,1500,0,Cash,,,,
1498,,,ALI SHAN SB RANGRA,FBMCL-00243,Booking Delivery,0,0,0,,MB NO.9714,SB-SL-2494,,,1291,2026-06-24T11:05:00,False,,HAFIZ SHOIB,0,0,0,Cash,,,,
1500,,,NAZIM GUJJAR SB JPS,FBMCL-00233,Credit Customer,6125.6,0,0.6,DISCOUNT,MB NO.9716,SB-SL-2496,,,1293,2026-06-24T11:08:00,False,,OUTSIDER,0,0,0,Cash,,,,
1501,,,HDC MEHAR MEHDI SB JPS,FBMCL-00260,Credit Customer,6728,0,0,,MB NO.9717,SB-SL-2497,,,1294,2026-06-24T11:10:00,False,,OUTSIDER,0,0,0,,,,,
1502,,,YASIR YAQOOB SB DILAWARPUR,FBMCL-00163,Credit Customer,1581,0,0,,MB NO.9722,SB-SL-2498,,,1295,2026-06-24T11:16:00,False,,OUTSIDER,0,0,0,Cash,,,,
1503,,,MUHAMMAD ARSHAD SB GHURAL (SUBEDAR QADAR DAD SB),FBMCL-00175,Booking Delivery,0,0,0,,MB NO.9723,SB-SL-2499,,,1296,2026-06-24T11:50:00,False,,OUTSIDER,0,0,0,Cash,,,,
1504,,,KHALID SB HANDA DERHA,FBMCL-00253,Booking Delivery,0,0,0,,MB NO.9725,SB-SL-2500,,,1297,2026-06-24T12:53:00,False,,HAFIZ SHOIB,0,0,0,Cash,,,,
1505,,,SHEHBAZ SB RANGPUR,FBMCL-00228,Booking Delivery,0,0,0,,MB NO.9729,SB-SL-2501,,,1298,2026-06-24T13:15:00,False,,OUTSIDER,0,0,0,Cash,,,,
1506,,,RAJA ARSHAD SB JAGUWAN,FBMCL-00264,Booking Delivery,0,0,0,,MB NO.9730,SB-SL-2502,,,1299,2026-06-24T13:16:00,False,,OUTSIDER,0,0,0,Cash,,,,
1507,,,MIRZA NAZAR BAIG SB KOANKH,FBMCL-00212,Credit Customer,29000,0,0,,MB NO.9733,SB-SL-2503,,,1300,2026-06-24T13:34:00,False,,HAFIZ SHOIB,1000,1000,0,Cash,,,,
1508,,,MUHAMMAD RAZAQ SB JPS,FBMCL-00147,Credit Customer,33044,20000,0,,MB NO.9741,SB-SL-2504,,,1301,2026-06-24T13:42:00,False,,HARIS SUFWAN ABID,400,400,0,Cash,2,,FBM  CASH,
1509,,,ABDUL AZIZ SB DEDHAR SHARIF,FBMCL-00240,Credit Customer,29100,0,0,,MB NO.9735,SB-SL-2505,,,1302,2026-06-24T13:51:00,False,,ZAIN ALI,1500,1500,0,Cash,,,,
1510,,,MASTER ZAHOOR SB JPS,FBMCL-00145,Credit Customer,2840,0,0,,MB NO.9740,SB-SL-2506,,,1303,2026-06-24T14:22:00,False,,OUTSIDER,0,0,0,,,,,
1511,,,RANA ZAHID SB JPS,FBMCL-00021,Credit Customer,7300,0,0,,MB NO.9742,SB-SL-2507,,,1304,2026-06-24T14:32:00,False,,ZAIN ALI,300,300,0,Cash,,,,
1512,,,FAISAL SB AJNALA,FBMCL-00088,Booking Delivery,0,0,0,,MB NO.9743,SB-SL-2508,,,1305,2026-06-24T14:38:00,False,,HARIS SUFWAN ABID,800,800,0,Cash,,,,
1513,,,SAGHEER BAIG SB KOANKH,FBMCL-00216,Booking Delivery,0,0,0,,MB NO.9486,SB-SL-2509,,,1306,2026-06-18T14:48:00,False,,HAFIZ SHOIB,1000,1000,0,Cash,,,,
1514,,,SAGHEER BAIG SB KOANKH,FBMCL-00216,Mixed Transaction,9100.599999999999,0,0.6,DISCOUNT,MB NO.9467,SB-SL-2510,,,1307,2026-06-18T14:52:00,False,,ALI HAMZA,1000,1000,0,,,,,
1515,,,SAGHEER BAIG SB KOANKH,FBMCL-00216,Credit Customer,107673.5,0,0.5,DISCOUNT,MB NO.9286,SB-SL-2511,,,1308,2026-06-14T15:00:00,False,,ALI HAMZA,1000,1000,0,Cash,,,,
1516,,,SAGHEER BAIG SB KOANKH,FBMCL-00216,Credit Customer,8532.6,0,0.6,,MB NO.9484,SB-SL-2512,,,1309,2026-06-18T15:16:00,False,,HAFIZ SHOIB,0,0,0,Cash,,,,
1518,,,RANA ZAHID SB JPS,FBMCL-00021,Credit Customer,1800,0,0,,MB NO.9755,SB-SL-2514,,,1311,2026-06-25T10:24:00,False,,OUTSIDER,0,0,0,Cash,,,,
1519,,,KASHIF SB DHINDA,FBMCL-00043,Credit Customer,2760,0,0,,MB NO.9756,SB-SL-2515,,,1312,2026-06-25T10:41:00,False,,OUTSIDER,0,0,0,Cash,,,,
1520,,,CH MUHAMMAD AKRAM RIHANIA SB JPS,FBMCL-00167,Booking Delivery,0,0,0,,MB NO.9752,SB-SL-2516,,,1313,2026-06-24T11:05:00,False,,OUTSIDER,0,0,0,Cash,,,,
1521,,,SHERAZ SB MALIK PUR,FBMCL-00162,Booking Delivery,0,0,0,,MB NO.9758,SB-SL-2517,,,1314,2026-06-24T11:17:00,False,,OUTSIDER,0,0,0,,,,,
1522,,,GHULAM SARWAR SB JPS(HAJI JAVED SB),FBMCL-00052,Cash,2780,1400,1380,BOOKED CEMENTS DISCOUNT,MB NO.9748/9759,SB-SL-2518,,,,2026-06-24T11:58:00,False,,OUTSIDER,0,0,0,Cash,2,,FBM  CASH,
1523,,,ZEESHAN ATTARI SB JPS,FBMCL-00178,Booking Delivery,0,0,0,,MB NO.9757,SB-SL-2519,,,1315,2026-06-25T12:11:00,False,,ZAIN ALI,4830,4830,0,Cash,,,,
1524,,,RAJA PARWEZ SB RANGPUR,FBMCL-00111,Credit Customer,27500,0,0,,MB NO.9763,SB-SL-2520,,,1316,2026-06-25T13:36:00,False,,HARIS SUFWAN ABID,0,0,0,Cash,,,,
1525,,,FAKHAR SHAH SB AJNALA,FBMCL-00171,Credit Customer,22750,0,0,,MB NO.9154,SB-SL-2521,,,1317,2026-06-10T13:37:00,False,,HAFIZ SHOAIB,1000,1000,0,Cash,,,,
1527,,,BILAL SB KOANKH (QARI EJAZ SB),FBMCL-00010,Booking Delivery,0,0,0,,MB NO.9157,SB-SL-2523,,,1319,2026-06-11T15:10:00,False,,HARIS SUFWAN ABID,0,0,0,Cash,,,,
1528,,,IRFAN SB DEDHAR SHARIF,FBMCL-00205,Booking Delivery,0,0,0,,MB NO.9159,SB-SL-2524,,,1320,2026-06-11T15:38:00,False,,HAFIZ SHOAIB,1728,1728,0,,,,,
1529,,,MUHAMMAD ABID SB KOANKH,FBMCL-00154,Booking Delivery,0,0,0,,MB NO.9160,SB-SL-2525,,,1321,2026-06-25T15:41:00,False,,ALI HAMZA,1500,1500,0,Cash,,,,
1530,,,CH IMRAN SB JPS,FBMCL-00215,Mixed Transaction,17616.1,0,1.1,DISCOUNT,MB NO.9162,SB-SL-2526,,,1322,2026-06-11T15:42:00,False,,ZAIN ALI,600,600,0,Cash,,,,
1531,,,ASIF HUSSAIN JPS (ALI ALMUNIUM),FBMCL-00089,Credit Customer,2800,0,0,,MB NO.9165,SB-SL-2527,,,1323,2026-06-11T15:45:00,False,,SHARJEEL SAFWAN ABID,0,0,0,Cash,,,,
1532,,,NASAR IQBAL BUTT SB JPS,FBMCL-00235,Cash,2373.5,2370,3.5,DISCOUNT,MB NO.9767,SB-SL-2528,,,,2026-06-25T16:07:00,False,,OUTSIDER,0,0,0,Cash,2,,FBM  CASH,
1533,,,ABDUL REHMAN SB JPS(ZAFAR CONT),FBMCL-00168,Cash,8650,8650,0,,MB NO.9769,SB-SL-2529,,,,2026-06-25T08:18:00,False,,OUTSIDER,0,0,0,Cash,2,,FBM  CASH,
1534,,,JAWAD SB AJNALA JPS,FBMCL-00013,Credit Customer,3260,0,0,,MB NO.9754,SB-SL-2530,,,1324,2026-06-25T11:29:00,False,,OUTSIDER,0,0,0,Cash,,,,
1535,,,TARIQ BUTT SB JPS,FBMCL-00108,Booking Delivery,0,0,0,,MB NO.9781,SB-SL-2531,,,1325,2026-06-27T11:40:00,False,,OUTSIDER,0,0,0,Cash,,,,
1536,,,HDC MEHAR MEHDI SB JPS,FBMCL-00260,Booking Delivery,0,0,0,,MB NO.9784,SB-SL-2532,,,1326,2026-06-27T11:46:00,False,,HAFIZ SHOAIB,0,0,0,Cash,,,,
1537,,,QAISER SB JPS,FBMCL-00263,Credit Customer,2760,0,0,,MB NO.9790,SB-SL-2533,,,1327,2026-06-27T11:52:00,False,,OUTSIDER,0,0,0,Cash,,,,
1538,,,HAJI WARIS SB JPS,FBMCL-00071,Cash,124031,124000,31,,MB NO.9791,SB-SL-2534,,,,2026-06-27T12:10:00,False,,OUTSIDER,0,0,0,Cash,2,,FBM  CASH,
1539,,,HAJI WARIS SB JPS,FBMCL-00071,Cash,14429,13500,929,,,SB-SL-2535,,,,2026-06-27T12:33:00,False,,OUTSIDER,0,0,0,Cash,2,,FBM  CASH,
1540,,,SHEHBAZ SB RANGPUR,FBMCL-00228,Booking Delivery,0,0,0,,MB NO.9792,SB-SL-2536,,,1328,2026-06-27T12:36:00,False,,OUTSIDER,0,0,0,Cash,,,,
1541,,,MASTER ZAHOOR SB JPS,FBMCL-00145,Credit Customer,35100,0,0,,MB NO.9793,SB-SL-2537,,,1329,2026-06-27T12:44:00,False,,JAHANGIR PARSUWAL,600,600,0,,,,,
1542,,,NASAR IQBAL BUTT SB JPS,FBMCL-00235,Cash,2373.5,2370,3.5,DISCOUNT,MB NO.9795,SB-SL-2538,,,,2026-06-27T12:49:00,False,,OUTSIDER,0,0,0,Cash,2,,FBM  CASH,
1543,,,FAZAL ILAHI SB JALPUWAL,FBMCL-00051,Booking Delivery,0,0,0,,MB NO.9796,SB-SL-2539,,,1330,2026-06-27T12:50:00,False,,ZAIN ALI,1000,100,0,Cash,,,,
1544,,,RAZA ULLAH SB MALAK PUR,FBMCL-00029,Cash,41600.5,41500,100.5,,MB NO.9811,SB-SL-2540,,,,2026-06-27T13:02:00,False,,JAHANGIR PARSUWAL,0,0,0,Cash,2,,FBM  CASH,
1545,,,AZHAR BUTT SB JPS BUTT SWEETS,FBMCL-00190,Credit Customer,7534.5,7500,0.5,,MB NO.9801,SB-SL-2541,,,1331,2026-06-27T13:07:00,False,,OUTSIDER,0,0,0,Cash,2,,FBM  CASH,
1546,,,JAWAD SB AJNALA JPS,FBMCL-00013,Credit Customer,14100,0,0,,MB NO.9802,SB-SL-2542,,,1332,2026-06-27T13:10:00,False,,JAHANGIR PARSUWAL,300,300,0,Cash,,,,
1547,,,IMRAN SB MALAK PUR,FBMCL-00076,Booking Delivery,0,0,0,,MB NO.9804,SB-SL-2543,,,1333,2026-06-27T13:13:00,False,,ZAHID LOADER,0,0,0,Cash,,,,
1548,,,IMRAN SB MALAK PUR,FBMCL-00076,Booking Delivery,0,0,0,,MB NO.9476,SB-SL-2544,,,1334,2026-06-18T13:13:00,False,,JAHANGIR PARSUWAL,0,0,0,Cash,,,,
1549,,,TALHA SB JPS,FBMCL-00008,Mixed Transaction,20678,0,601,RATE DIFRENCE,MB NO.9814,SB-SL-2545,,,1335,2026-06-27T13:32:00,False,,ZAIN ALI,600,0,0,Cash,,,,
1550,,,CH MUHAMMAD AKRAM RIHANIA SB JPS,FBMCL-00167,Credit Customer,210,0,0,,MB NO.9807,SB-SL-2546,,,1336,2026-06-27T14:10:00,False,,OUTSIDER,0,0,0,Cash,,,,
1551,,,YOUNIS GHAFFARI SB JPS,FBMCL-00247,Credit Customer,500,0,0,,MB NO.9808,SB-SL-2547,,,1337,2026-06-27T14:14:00,False,,OUTSIDER,0,0,0,Cash,,,,
1552,,,HDC MEHAR MEHDI SB JPS,FBMCL-00260,Booking Delivery,0,0,0,,MB NO.9784/2,SB-SL-2548,,,1338,2026-06-27T14:37:00,False,,HAFIZ SHOAIB,0,0,0,Cash,,,,
1554,,,ALI SHAN SB RANGRA,FBMCL-00243,Mixed Transaction,46.80000000006385,0,0.8,DISCOUNT,MB NO.9819,SB-SL-2550,,,1340,2026-06-27T17:33:00,False,,ZAIN ALI,10000,10000,0,,,,,
1555,,,NAZIM GUJJAR SB JPS,FBMCL-00233,Booking Delivery,0,0,0,,MB NO.9822,SB-SL-2551,,,1341,2026-06-25T17:37:00,False,,HARIS SUFWAN ABID,0,0,0,Cash,,,,
1556,,,RAJA ARSHAD SB JAGUWAN,FBMCL-00264,Mixed Transaction,200,0,0,,MB NO.9824,SB-SL-2552,,,1342,2026-06-27T08:30:00,False,,OUTSIDER,0,0,0,Cash,,,,
1557,,,ATIF BAIG SB KOANKH,FBMCL-00224,Credit Customer,29000,0,0,,MB NO.9825,SB-SL-2553,,,1343,2026-06-28T11:34:00,False,,HARIS SUFWAN ABID,1000,1000,0,Cash,,,,
1558,,,SAGHEER BAIG SB KOANKH,FBMCL-00216,Booking Delivery,0,0,0,,MB NO.9826,SB-SL-2554,,,1344,2026-06-28T11:37:00,False,,HAFIZ SHOAIB,1000,1000,0,Cash,,,,
1559,,,ASIF SB DERHA HANDA,FBMCL-00227,Mixed Transaction,103024,0,0,,MB NO.9827/2,SB-SL-2555,,,1345,2026-06-28T11:45:00,False,,JAHANGIR PARSUWAL,0,0,0,Cash,,,,
1560,,,MALIK ILYAS SB JPS,FBMCL-00022,Credit Customer,5980,0,0,,MB NO.9828,SB-SL-2556,,,1346,2026-06-28T11:52:00,False,,HAFIZ SHOAIB,300,300,0,Cash,,,,
1561,,,CH MUHAMMAD AKRAM RIHANIA SB JPS,FBMCL-00167,Booking Delivery,0,0,0,,MB NO.9832,SB-SL-2557,,,1347,2026-06-28T12:01:00,False,,OUTSIDER,0,0,0,Cash,,,,
1562,,,QAISER SB JPS,FBMCL-00263,Credit Customer,7913.7,4000,0.7,DISCOUNT,MB NO.9833,SB-SL-2558,,,1348,2026-06-28T12:03:00,False,,JAHANGIR PARSUWAL,0,0,0,Cash,2,,FBM  CASH,
1563,,,RAOOF SB GHURAL,FBMCL-00197,Booking Delivery,0,0,0,,MB NO.9834,SB-SL-2559,,,1349,2026-06-28T12:42:00,False,,HAFIZ SHOAIB,0,0,0,,,,,
1564,,,HDC MEHAR MEHDI SB JPS,FBMCL-00260,Booking Delivery,0,0,0,,MB NO.9835,SB-SL-2560,,,1350,2026-06-28T12:46:00,False,,HARIS SUFWAN ABID,0,0,0,Cash,,,,
1565,,,ASIF HUSSAIN JPS (ALI ALMUNIUM),FBMCL-00089,Credit Customer,24241,0,0,,MB NO.9836,SB-SL-2561,,,1351,2026-06-28T12:49:00,False,,HARIS SUFWAN ABID,300,0,0,Cash,,,,
1566,,,SAFDAR ALI SB AJNALA (ASLAM CONT),FBMCL-00186,Booking Delivery,0,0,0,,MB NO.9837,SB-SL-2562,,,1352,2026-06-28T12:56:00,False,,HARIS SUFWAN ABID,1000,1000,0,Cash,,,,
1567,,,ZEESHAN ATTARI SB JPS,FBMCL-00178,Mixed Transaction,4300,0,0,,MB NO.9838,SB-SL-2563,,,1353,2026-06-28T12:59:00,False,,JAHANGIR PARSUWAL,600,600,0,Cash,,,,
1568,,,HDC MEHAR MEHDI SB JPS,FBMCL-00260,Credit Customer,330,0,0,,MB NO.9835/2,SB-SL-2564,,,1354,2026-06-28T13:04:00,False,,OUTSIDER,0,0,0,Cash,,,,
1569,,,ZEESHAN ATTARI SB JPS,FBMCL-00178,Credit Customer,720,0,0,,MB NO.9757/2,SB-SL-2565,,,1355,2026-06-24T13:07:00,False,,JAHANGIR PARSUWAL,720,720,0,Cash,,,,
1570,,,GHULAM SARWAR SB JPS(HAJI JAVED SB),FBMCL-00052,Cash,13800,13800,0,,MB NO.9839,SB-SL-2566,,,,2026-06-28T13:11:00,False,,ZAHID LOADER,0,0,0,Cash,2,,FBM  CASH,
1571,,,HAJI IQBAL SB JPS,FBMCL-00047,Booking Delivery,0,0,0,,MB NO.9840,SB-SL-2567,,,1356,2026-06-28T13:24:00,False,,HAFIZ SHOAIB,520,520,0,Cash,,,,
1572,,,ALI SHAN SB RANGRA,FBMCL-00243,Credit Customer,12500,0,0,,MB NO.9842,SB-SL-2568,,,1357,2026-06-28T13:32:00,False,,HAFIZ SHOAIB,0,0,0,Cash,,,,
1573,,,HAJI WARIS SB JPS,FBMCL-00071,Credit Customer,27400,0,0,,MB NO.9845,SB-SL-2569,,,1358,2026-06-28T14:10:00,False,,HAFIZ SHOAIB,0,0,0,Cash,,,,
1574,,,MALIK ILYAS SB JPS,FBMCL-00022,Credit Customer,1420,0,0,,MB NO.9848,SB-SL-2570,,,1359,2026-06-28T14:12:00,False,,OUTSIDER,0,0,0,Cash,,,,
1575,,,RAJA PARWEZ SB RANGPUR,FBMCL-00111,Credit Customer,27400,0,0,,MB NO.9851,SB-SL-2571,,,1360,2026-06-28T15:41:00,False,,HARIS SUFWAN ABID,0,0,0,Cash,,,,
1576,,,SHAMRAIZ SB JAGUWAN,FBMCL-00244,Booking Delivery,0,0,0,,MB NO.9855,SB-SL-2572,,,1361,2026-06-28T15:56:00,False,,OUTSIDER,0,0,0,Cash,,,,
1577,,,ABDUL SATTAR SB DHINDA FARM,FBMCL-00146,Credit Customer,14400,0,0,,MB NO.9859,SB-SL-2573,,,1362,2026-06-28T16:19:00,False,,JAHANGIR PARSUWAL,600,600,0,,,,,
1578,,,ABDUL SATTAR SB DHINDA FARM,FBMCL-00146,Booking Delivery,0,0,0,,,SB-SL-2574,,,1363,2026-06-11T16:24:00,False,,ALI HAMZA,0,0,0,Cash,,,,
1579,,,ABDUL SATTAR SB DHINDA FARM,FBMCL-00146,Booking Delivery,0,0,0,,MB NO.9191,SB-SL-2575,,,1364,2026-06-11T16:25:00,False,,ALI HAMZA,0,0,0,Cash,,,,
1580,,,ABDUL SATTAR SB DHINDA FARM,FBMCL-00146,Booking Delivery,0,0,0,,MB NO.9226,SB-SL-2576,,,1365,2026-06-13T16:26:00,False,,ALI HAMZA,0,0,0,Cash,,,,
1581,,,ABDUL SATTAR SB DHINDA FARM,FBMCL-00146,Booking Delivery,0,0,0,,MB NO.9230,SB-SL-2577,,,1366,2026-06-13T16:28:00,False,,HARIS SUFWAN ABID,0,0,0,Cash,,,,
1582,,,NAZAKAT MOBILE SHOP JPS,FBMCL-00018,Credit Customer,2760,0,0,,MB NO.9861,SB-SL-2578,,,1367,2026-06-28T17:28:00,False,,OUTSIDER,0,0,0,Cash,,,,
1583,,,FAISAL SB AJNALA,FBMCL-00088,Booking Delivery,0,0,0,,MB NO.9863,SB-SL-2579,,,1368,2026-06-28T17:42:00,False,,HAFIZ SHOAIB,800,0,0,Cash,,,,
1584,,,MUSHTAQ SB JPS,FBMCL-00261,Booking Delivery,0,0,0,,MB NO.9865,SB-SL-2580,,,1369,2026-06-28T17:29:00,False,,OUTSIDER,0,0,0,Cash,,,,
1585,,,ASIF HUSSAIN JPS (ALI ALMUNIUM),FBMCL-00089,Credit Customer,2350,0,0,,MB NO.9867,SB-SL-2581,,,1370,2026-06-28T09:04:00,False,,OUTSIDER,0,0,0,Cash,,,,
1586,,,ASIF SB KOANKH,FBMCL-00267,Booking Delivery,0,0,0,,MB NO.9871,SB-SL-2582,,,1371,2026-06-29T10:52:00,False,,HAFIZ SHOAIB,1000,1000,0,Cash,,,,
1587,,,ASIF SB DERHA HANDA,FBMCL-00227,Mixed Transaction,400,138500,156,DISCOUNT,MB NO.9872,SB-SL-2583,,,1372,2026-06-29T10:56:00,False,,HARIS SUFWAN ABID,0,0,0,Cash,2,,FBM  CASH,
1588,,,QAISER SB JPS,FBMCL-00263,Credit Customer,2800,0,0,,MB NO.9873,SB-SL-2584,,,1373,2026-06-29T11:57:00,False,,OUTSIDER,0,0,0,Cash,,,,
1589,,,HDC MEHAR MEHDI SB JPS,FBMCL-00260,Booking Delivery,0,0,0,,MB NO.9879,SB-SL-2585,,,1374,2026-06-29T12:10:00,False,,ZAIN ALI,0,0,0,Cash,,,,
1590,,,RAJA ARSHAD SB JAGUWAN,FBMCL-00264,Mixed Transaction,200,0,0,,MB NO.9886,SB-SL-2586,,,1375,2026-06-29T12:21:00,False,,OUTSIDER,0,0,0,Cash,,,,
1591,,,MUHAMMAD AKRAM SB SANTAL SURKHIYAN,FBMCL-00150,Mixed Transaction,1800,0,0,,MB NO.9888,SB-SL-2587,,,1376,2026-06-29T13:35:01.340396,False,,ZAIN ALI,1800,1800,0,Cash,,,,
1592,,,SHAMRAIZ SB JAGUWAN,FBMCL-00244,Booking Delivery,0,0,0,,MB NO.9889,SB-SL-2588,,,1377,2026-06-29T13:38:00,False,,HAFIZ SHOAIB,0,0,0,Cash,,,,
1593,,,SIKANDAR SB JAGUWAN,FBMCL-00225,Credit Customer,19082,0,0,,MB NO.9890,SB-SL-2589,,,1378,2026-06-29T13:45:00,False,,HAFIZ SHOAIB,0,0,0,,,,,
1594,,,ALI SHAN SB RANGRA,FBMCL-00243,Credit Customer,4104,0,0,,MB NO.9894,SB-SL-2590,,,1379,2026-06-29T14:19:00,False,,OUTSIDER,0,0,0,Cash,,,,
1595,,,MUHAMMAD SALEEM SB RUPOWAL,FBMCL-00113,Credit Customer,15400,0,0,,MB NO.9900,SB-SL-2591,,,1380,2026-06-29T14:31:00,False,,HAFIZ SHOAIB,1000,1000,0,Cash,,,,
1596,,,RAOOF SB GHURAL,FBMCL-00197,Booking Delivery,0,0,0,,MB NO.9137/1,SB-SL-2592,,,1381,2026-06-10T15:18:00,False,,JAHANGIR PARSUWAL,1300,1300,0,Cash,,,,
1597,,,RAOOF SB GHURAL,FBMCL-00197,Booking Delivery,0,0,0,,MB NO.9834/2,SB-SL-2593,,,1382,2026-06-28T15:30:00,False,,HAFIZ SHOAIB,1100,0,0,Cash,,,,
1599,,,JAMEEL SB JAGWAN,FBMCL-00158,Booking Delivery,0,0,0,,MB NO.9901,SB-SL-2595,,,1384,2026-06-29T15:51:00,False,,JAHANGIR PARSUWAL,1500,1500,0,Cash,,,,
1600,,,DR EHSAN SB DHINDA,FBMCL-00105,Mixed Transaction,63261.8,63684,0.8,DISCOUNT,MB NO.9167,SB-SL-2596,,,1385,2026-06-11T16:20:00,False,,HARIS SUFWAN ABID,1300,1300,0,Bank,1,MCB,ADNAN AHMED,7761.0
1601,,,DR EHSAN SB DHINDA,FBMCL-00105,Credit Customer,5299.3,0,0.3,DISCOUNT,MB NO.9167/2,SB-SL-2597,,,1386,2026-06-11T16:31:00,False,,OUTSIDER,0,0,0,Cash,,,,
1602,,,SHEHZAD SB GHURAIRA,FBMCL-00204,Cash,7800,7800,0,,MB NO.9169,SB-SL-2598,,,,2026-06-29T16:36:00,False,,ZAHID LOADER,700,700,0,Cash,2,,FBM  CASH,
1603,,,MIRZA REHMAN SB JPS,FBMCL-00191,Credit Customer,25147.5,0,0.5,DISCOUNT,MB NO.9188,SB-SL-2599,,,1387,2026-06-29T17:17:00,False,,JAHANGIR PARSUWAL,0,0,0,Cash,,,,
1604,,,MUSHTAQ SB JPS,FBMCL-00261,Booking Delivery,0,0,0,,MB NO.9904,SB-SL-2600,,,1388,2026-06-29T09:42:00,False,,OUTSIDER,0,0,0,Cash,,,,
1605,,,GHULAM SARWAR SB JPS(HAJI JAVED SB),FBMCL-00052,Credit Customer,2800,0,0,,MB NO.9907,SB-SL-2601,,,1389,2026-06-29T11:09:00,False,,OUTSIDER,0,0,0,Cash,,,,
1606,,,MUHAMMAD ARSHAD SB GHURAL (SUBEDAR QADAR DAD SB),FBMCL-00175,Booking Delivery,0,0,0,,MB NO.9908,SB-SL-2602,,,1390,2026-06-30T11:15:00,False,,HAFIZ SHOAIB,0,0,0,Cash,,,,
1607,,,SHEHBAZ BAIG SB KOANKH,FBMCL-00006,Cash,30600,30500,100,DISCOUNT,MB NO.9909,SB-SL-2603,,,,2026-06-30T11:18:00,False,,ZAHID LOADER,1000,1000,0,Cash,2,,FBM  CASH,
1608,,,QAISER SB JPS,FBMCL-00263,Credit Customer,2800,0,0,,MB NO.9910,SB-SL-2604,,,1391,2026-06-30T11:28:29.944387,False,,OUTSIDER,0,0,0,Cash,,,,
1609,,,NASAR IQBAL BUTT SB JPS,FBMCL-00235,Mixed Transaction,14264.5,0,0.5,DISCOUNT,MB NO.9277,SB-SL-2605,,,1392,2026-06-14T11:42:00,False,,OUTSIDER,0,0,0,Cash,,,,
1610,,,SHAMRAIZ SB JAGUWAN,FBMCL-00244,Booking Delivery,0,0,0,,MB NO.9911,SB-SL-2606,,,1393,2026-06-30T12:09:00,False,,HARIS SUFWAN ABID,0,0,0,Cash,,,,
1611,,,ARIF BAIG SB KOANKH (ASIM BAIG),FBMCL-00124,Booking Delivery,0,0,0,,MB NO.9912,SB-SL-2607,,,1394,2026-06-30T12:11:00,False,,HAFIZ SHOAIB,0,0,0,Cash,,,,
1612,,,RAFAQAT HUSSAIN SB MALIK (MASJID),FBMCL-00188,Cash,2116.5,2000,116.5,DISCOUNT,MB NO.9915,SB-SL-2608,,,,2026-06-30T12:25:00,False,,OUTSIDER,0,0,0,Cash,2,,FBM  CASH,
1613,,,GHULAM SARWAR SB JPS(HAJI JAVED SB),FBMCL-00052,Credit Customer,14000,0,0,,MB NO.9917,SB-SL-2609,,,1395,2026-06-30T12:30:00,False,,ZAHID LOADER,0,0,0,Cash,,,,
1614,,,KHALIL AHMED SB DHINDA KALAAN,FBMCL-00242,Credit Customer,28600,0,0,,MB NO.9920,SB-SL-2610,,,1396,2026-06-30T13:14:00,False,,HARIS SUFWAN ABID,1000,1000,0,Cash,,,,
1615,,,KHALIL AHMED SB DHINDA KALAAN,FBMCL-00242,Credit Customer,6536.7,0,0.7,DISCOUNT,MB NO.9690/2,SB-SL-2611,,,1397,2026-06-23T13:16:00,False,,OUTSIDER,0,0,0,Cash,,,,
1616,,,CH MUHAMMAD AKRAM RIHANIA SB JPS,FBMCL-00167,Mixed Transaction,17539.8,0,0.8,DISCOUNT,MB NO.9936,SB-SL-2612,,,1398,2026-06-29T13:19:00,False,,OUTSIDER,0,0,0,Cash,,,,
1617,,,CH MUHAMMAD AKRAM RIHANIA SB JPS,FBMCL-00167,Mixed Transaction,51390.79999999997,0,0.8,DISCOUNT,MB NO.9937,SB-SL-2613,,,1399,2026-06-30T13:33:00,False,,ZAIN ALI,0,0,0,Cash,,,,
1618,,,TARIQ BUTT SB JPS,FBMCL-00108,Booking Delivery,0,0,0,,MB NO.9922,SB-SL-2614,,,1400,2026-06-30T14:26:00,False,,OUTSIDER,0,0,0,Cash,,,,
1619,,,SAIF ULLAH SB KOANKH,FBMCL-00172,Credit Customer,1400,0,0,,MB NO.9197,SB-SL-2615,,,1401,2026-06-11T14:27:00,False,,OUTSIDER,0,0,0,Cash,,,,
1620,,,CH IMRAN SB JPS,FBMCL-00215,Mixed Transaction,3705,0,0,,MB NO.9925,SB-SL-2616,,,1402,2026-06-30T14:36:00,False,,ZAIN ALI,0,0,0,Cash,,,,
1621,,,MUHAMMAD ABID SB KOANKH,FBMCL-00154,Credit Customer,2973.6,0,0,,MB NO.9926,SB-SL-2617,,,1403,2026-06-30T14:50:00,False,,OUTSIDER,0,0,0,Cash,,,,
1622,,,HAJI IQBAL SB JPS,FBMCL-00047,Booking Delivery,0,0,0,,MB NO.9928,SB-SL-2618,,,1404,2026-06-30T15:02:00,False,,ZAIN ALI,520,520,0,,,,,
1623,,,ALI SHAN SB RANGRA,FBMCL-00243,Credit Customer,141329,0,0,,MB NO.9929,SB-SL-2619,,,1405,2026-06-30T15:08:00,False,,HARIS SUFWAN ABID,0,0,0,,,,,
1624,,,CH MUHAMMAD AKRAM RIHANIA SB JPS,FBMCL-00167,Booking Delivery,0,0,0,,MB NO.9938,SB-SL-2620,,,1406,2026-06-30T15:38:00,False,,ZAHID LOADER,0,0,0,Cash,,,,
1625,,,SAIF ULLAH SB KOANKH,FBMCL-00172,Booking Delivery,0,0,0,,MB NO.9946,SB-SL-2621,,,1407,2026-06-30T15:49:00,False,,HARIS SUFWAN ABID,600,600,0,Cash,,,,
1626,,,MIRZA AMJAD JAVED SB AJNALA SITE,FBMCL-00028,Credit Customer,36500,0,0,,MB NO.9919,SB-SL-2622,,,1408,2026-06-30T15:52:00,False,,ZAHID LOADER,1250,1250,0,Cash,,,,
1627,,,MUHAMMAD QASIM SB MALIKPUR,FBMCL-00134,Booking Delivery,0,0,0,,MB NO.9949,SB-SL-2623,,,1409,2026-06-30T15:58:00,False,,ZAIN ALI,0,0,0,Cash,,,,
1628,,,SHAMRAIZ SB JAGUWAN,FBMCL-00244,Mixed Transaction,75350,0,0,,MB NO.9951,SB-SL-2624,,,1410,2026-06-30T16:17:00,False,,OUTSIDER,0,0,0,Cash,,,,
1629,,,NASAR IQBAL BUTT SB JPS,FBMCL-00235,Mixed Transaction,8942,0,1,DISCOUNT,MB NO.9932,SB-SL-2625,,,1411,2026-06-30T16:59:00,False,,HARIS SUFWAN ABID,0,0,0,Cash,,,,
1630,,,CH MUHAMMAD AKRAM RIHANIA SB JPS,FBMCL-00167,Booking Delivery,0,0,0,,MB NO.9953,SB-SL-2626,,,1412,2026-06-30T17:11:00,False,,ZAHID LOADER,0,0,0,Cash,,,,
1631,,,RAJA ARSHAD SB JAGUWAN,FBMCL-00264,Booking Delivery,0,0,0,,MB NO.9959,SB-SL-2627,,,1413,2026-06-30T08:43:00,False,,OUTSIDER,0,0,0,Cash,,,,
1632,,,TALHA SB JPS,FBMCL-00008,Booking Delivery,0,0,600,RATE DIFRENCE,MB NO.9962,SB-SL-2628,,,1414,2026-07-01T11:05:00,False,,HARIS SUFWAN ABID,600,600,0,Cash,,,,
1633,,,GHULAM MURTZA SB KOANKH,FBMCL-00262,Credit Customer,21450,0,0,,MB NO.9966,SB-SL-2629,,,1415,2026-07-01T11:25:00,False,,ZAHID LOADER,750,750,0,Cash,,,,
1634,,,MUHAMMAD AKRAM SB SANTAL SURKHIYAN,FBMCL-00150,Mixed Transaction,1500,0,0,,MB NO.9969,SB-SL-2630,,,1416,2026-07-01T12:07:00,False,,JAHANGIR PARSUWAL,1500,1500,0,Cash,,,,
1635,,,SYED SHAFQAT ABBAS SB GHURAIRA,FBMCL-00245,Cash,36000,36000,0,,MB NO.9974,SB-SL-2631,,,,2026-07-01T12:26:00,False,,ALI HAMZA,1500,1500,0,Cash,2,,FBM  CASH,
1636,,,IRFAN SB DEDHAR SHARIF,FBMCL-00205,Credit Customer,49505,0,0,,MB NO.9975,SB-SL-2632,,,1417,2026-07-01T12:37:00,False,,HARIS SUFWAN ABID,0,0,0,Cash,,,,
1637,,,HAJI WARIS SB JPS,FBMCL-00071,Credit Customer,23350,0,0,,MB NO.9955,SB-SL-2633,,,1418,2026-06-30T13:14:00,False,,OUTSIDER,0,0,0,Cash,,,,
1638,,,HAJI IQBAL SB JPS,FBMCL-00047,Credit Customer,624,0,0,,MB NO.9978,SB-SL-2634,,,1419,2026-07-01T13:34:00,False,,OUTSIDER,0,0,0,Cash,,,,
1639,,,MIRZA REHMAN SB JPS,FBMCL-00191,Booking Delivery,0,0,0,,MB NO.9980,SB-SL-2635,,,1420,2026-07-01T13:44:00,False,,ALI HAMZA,0,0,0,Cash,,,,
1640,,,SHEHBAZ BAIG SB KOANKH,FBMCL-00006,Cash,11800,11800,0,,MB NO.9982,SB-SL-2636,,,,2026-07-01T13:45:00,False,,ZAHID LOADER,600,600,0,Cash,2,,FBM  CASH,
1641,,,NASAR IQBAL BUTT SB JPS,FBMCL-00235,Cash,14000,14000,0,,MB NO.9983,SB-SL-2637,,,,2026-07-01T13:48:00,False,,OUTSIDER,0,0,0,Cash,2,,FBM  CASH,
1642,,,RANA ZAHEER SB JPS,FBMCL-00048,Cash,28600,28600,0,,MB NO.9968,SB-SL-2638,,,,2026-07-01T13:51:00,False,,ZAHID LOADER,600,600,0,Cash,2,,FBM  CASH,
1643,,,NASAR IQBAL BUTT SB JPS,FBMCL-00235,Cash,7000,7000,0,,MB NO.9986,SB-SL-2639,,,,2026-07-01T14:25:00,False,,OUTSIDER,0,0,0,Cash,2,,FBM  CASH,
1644,,,IRFAN SB DEDHAR SHARIF,FBMCL-00205,Booking Delivery,0,0,0,,MB NO.10000,SB-SL-2640,,,1421,2026-07-01T15:44:00,False,,HARIS SUFWAN ABID,3000,3000,0,Cash,,,,
1645,,,RIZWAN KAKA SB JPS,FBMCL-00086,Cash,6870,6850,20,DISCOUNT,MB NO.10002,SB-SL-2641,,,,2026-07-01T15:49:00,False,,OUTSIDER,0,0,0,Cash,2,,FBM  CASH,
1646,,,ALI SHAN SB RANGRA,FBMCL-00243,Booking Delivery,0,0,0,,MB NO.10001,SB-SL-2642,,,1422,2026-07-01T16:11:00,False,,HAFIZ SHOAIB,0,0,0,Cash,,,,
1647,,,ZEESHAN ATTARI SB JPS,FBMCL-00178,Credit Customer,1200,0,0,,MB NO.10003,SB-SL-2643,,,1423,2026-07-01T16:14:00,False,,HARIS SUFWAN ABID,0,0,0,Cash,,,,
1648,,,ZEESHAN ATTARI SB JPS,FBMCL-00178,Booking Delivery,0,0,0,,MB NO.9033/2,SB-SL-2644,,,1424,2026-06-08T16:21:00,False,,HARIS SUFWAN ABID,949.8000000000001,949.8,0,Cash,,,,
1649,,,ZEESHAN ATTARI SB JPS,FBMCL-00178,Booking Delivery,0,0,0,,MB NO.9080/2,SB-SL-2645,,,1425,2026-06-09T16:24:00,False,,ZAHID LOADER,592.05,592.05,0,Cash,,,,
1650,,,KHALID SB HANDA DERHA,FBMCL-00253,Credit Customer,35250,0,0,,MB NO.10004,SB-SL-2646,,,1426,2026-07-01T16:46:00,False,,ZAHID LOADER,0,0,0,Cash,,,,
1651,,,KHALID SB HANDA DERHA,FBMCL-00253,Booking Delivery,0,0,0,,MB NO.9643/2,SB-SL-2647,,,1427,2026-06-22T16:48:00,False,,JAHANGIR PARSUWAL,0,0,0,Cash,,,,
1652,,,MALIK JAVED SB KHAN PUR KHOKHAR,FBMCL-00025,Credit Customer,29200,0,0,,MB NO.10007,SB-SL-2648,,,1428,2026-07-01T17:24:00,False,,JAHANGIR PARSUWAL,1200,1200,0,Cash,,,,
1653,,,ALI AKBAR SB DHINDA,FBMCL-00211,Booking Delivery,0,0,0,,MB NO.10009,SB-SL-2649,,,1429,2026-07-01T17:32:00,False,,HARIS SUFWAN ABID,0,0,0,Cash,,,,
1654,,,SHERAZ SB MALIK PUR,FBMCL-00162,Booking Delivery,0,0,0,,MB NO.10025,SB-SL-2650,,,1430,2026-07-02T10:40:00,False,,OUTSIDER,0,0,0,Cash,,,,
1655,,,IRFAN SB DEDHAR SHARIF,FBMCL-00205,Booking Delivery,0,0,0,,MB NO.10010,SB-SL-2651,,,1431,2026-07-01T10:45:00,False,,ZAIN ALI,4272,4272,0,Cash,,,,
1658,,,MUHAMMAD ABID SB KOANKH,FBMCL-00154,Booking Delivery,0,0,0,,MB NO.10016,SB-SL-2654,,,1434,2026-07-02T12:31:00,False,,ZAIN ALI,1500,1500,0,Cash,,,,
1659,,,NADEEM SB DHINDA,FBMCL-00044,Credit Customer,2800,0,0,,MB NO.10017,SB-SL-2655,,,1435,2026-07-02T12:33:00,False,,OUTSIDER,0,0,0,Cash,,,,
1660,,,RAJA ARSHAD SB JAGUWAN,FBMCL-00264,Credit Customer,3800,0,0,,MB NO.10018,SB-SL-2656,,,1436,2026-07-02T12:34:00,False,,OUTSIDER,0,0,0,Cash,,,,
1661,,,ARIF SB JPS(HAJI ASHFAQ S),FBMCL-00087,Booking Delivery,0,0,0,,MB NO.10019,SB-SL-2657,,,1437,2026-07-02T12:35:00,False,,OUTSIDER,0,0,0,Cash,,,,
1662,,,HAFIZ ABDUL JABBAR SB RANGPUR,FBMCL-00202,Booking Delivery,0,0,0,,MB NO.10020,SB-SL-2658,,,1438,2026-07-02T12:36:00,False,,OUTSIDER,0,0,0,Cash,,,,
1663,,,KHALIL AHMED SB DHINDA KALAAN,FBMCL-00242,Booking Delivery,0,0,0,,MB NO.10021,SB-SL-2659,,,1439,2026-07-02T12:39:00,False,,HARIS SUFWAN ABID,0,0,0,Cash,,,,
1664,,,SHEHBAZ SB RANGPUR,FBMCL-00228,Booking Delivery,0,0,0,,MB NO.10022,SB-SL-2660,,,1440,2026-07-02T12:41:00,False,,OUTSIDER,0,0,0,Cash,,,,
1665,,,KHALIL AHMED SB DHINDA KALAAN,FBMCL-00242,Booking Delivery,0,0,0,,MB NO.10023,SB-SL-2661,,,1441,2026-07-02T12:43:00,False,,HARIS SUFWAN ABID,1485,1485,0,Cash,,,,
1666,,,RAJA ARSHAD SB JAGUWAN,FBMCL-00264,Mixed Transaction,21309.6,0,0,,MB NO.10035,SB-SL-2662,,,1442,2026-07-02T12:52:00,False,,OUTSIDER,0,0,0,Cash,,,,
1667,,,RAJA ARSHAD SB JAGUWAN,FBMCL-00264,Credit Customer,200,0,0,,MB NO.10035/2,SB-SL-2663,,,1443,2026-07-02T12:57:00,False,,ZAIN ALI,0,0,0,Cash,,,,
1668,,,ZEESHAN ATTARI SB JPS,FBMCL-00178,Mixed Transaction,1800,0,0,,MB NO.10028,SB-SL-2664,,,1444,2026-07-02T13:06:00,False,,JAHANGIR PARSUWAL,0,0,0,Cash,,,,
1669,,,TALHA SB JPS,FBMCL-00008,Booking Delivery,0,0,0,,MB NO.10029,SB-SL-2665,,,1445,2026-07-02T13:15:00,False,,JAHANGIR PARSUWAL,0,0,0,Cash,,,,
1670,,,QAISER SB JPS,FBMCL-00263,Credit Customer,2800,0,0,,MB NO.10034,SB-SL-2666,,,1446,2026-07-02T14:53:00,False,,OUTSIDER,0,0,0,Cash,,,,
1671,,,SHABEER HUSSAIN SB PARSUWAL,FBMCL-00232,Booking Delivery,0,0,0,,MB NO.10036,SB-SL-2667,,,1447,2026-07-02T14:55:00,False,,OUTSIDER,0,0,0,Cash,,,,
1672,,,MIRZA REHMAN SB JPS,FBMCL-00191,Booking Delivery,0,0,0,,MB NO.9276,SB-SL-2668,,,1448,2026-06-13T14:56:00,False,,HARIS SUFWAN ABID,0,0,0,Cash,,,,
1673,,,MIRZA REHMAN SB JPS,FBMCL-00191,Mixed Transaction,62437.50000000004,0,0,,MB NO.10041,SB-SL-2669,,,1449,2026-07-02T15:26:00,False,,HARIS SUFWAN ABID,0,0,0,Cash,,,,
1674,,,JAWAD SB AJNALA JPS,FBMCL-00013,Credit Customer,2800,0,0,,MB NO.10043,SB-SL-2670,,,1450,2026-07-02T15:37:00,False,,OUTSIDER,0,0,0,Cash,,,,
1675,,,ABDULLAH SB KOANKH,FBMCL-00063,Booking Delivery,0,0,0,,MB NO.10045,SB-SL-2671,,,1451,2026-07-02T15:46:00,False,,JAHANGIR PARSUWAL,750,750,0,Cash,,,,
1676,,,HDC MEHAR MEHDI SB JPS,FBMCL-00260,Mixed Transaction,165,0,0,,MB NO.10046,SB-SL-2672,,,1452,2026-07-02T16:11:00,False,,JAHANGIR PARSUWAL,0,0,0,Cash,,,,
1678,,,FAROOQ KALAS SB PARSUWAL,FBMCL-00138,Booking Delivery,0,0,0,,MB NO.10047,SB-SL-2674,,,1454,2026-07-02T17:20:00,False,,HARIS SUFWAN ABID,1999.6,1999.6,0,Cash,,,,
1679,,,SAJID BAIG MAKKI KOANKH,FBMCL-00065,Booking Delivery,0,0,0,,MB NO.10050,SB-SL-2675,,,1455,2026-07-02T17:24:00,False,,JAHANGIR PARSUWAL,0,0,0,Cash,,,,
1680,,,YASIR YAQOOB SB DILAWARPUR,FBMCL-00163,Booking Delivery,0,0,0,,MB NO.10051,SB-SL-2676,,,1456,2026-07-02T17:24:00,False,,HARIS SUFWAN ABID,0,0,0,Cash,,,,
1681,,,HAFIZ ZEESHAN SB GHURAIRA,FBMCL-00266,Booking Delivery,0,0,0,,MB NO.10055,SB-SL-2677,,,1457,2026-07-02T08:22:00,False,,OUTSIDER,0,0,0,Cash,,,,
1682,,,CH MUHAMMAD AKRAM RIHANIA SB JPS,FBMCL-00167,Cash,10500,10500,0,,MB NO.10057,SB-SL-2678,,,,2026-07-03T09:41:00,False,,OUTSIDER,0,0,0,Cash,2,,FBM  CASH,
1683,,,HAFIZ ABDUL JABBAR SB RANGPUR,FBMCL-00202,Booking Delivery,0,0,0,,MB NO.10060,SB-SL-2679,,,1458,2026-07-03T09:44:00,False,,OUTSIDER,0,0,0,Cash,,,,
1684,,,HDC MEHAR MEHDI SB JPS,FBMCL-00260,Credit Customer,32000,0,0,,MB NO.10062,SB-SL-2680,,,1459,2026-07-03T10:31:00,False,,OUTSIDER,0,0,0,Cash,,,,
1685,,,HDC MEHAR MEHDI SB JPS,FBMCL-00260,Booking Delivery,0,0,0,,MB NO.10054,SB-SL-2681,,,1460,2026-07-03T10:40:00,False,,OUTSIDER,0,0,0,Cash,,,,
1686,,,KHALIL AHMED SB DHINDA KALAAN,FBMCL-00242,Booking Delivery,0,0,0,,MB NO.10065,SB-SL-2682,,,1461,2026-07-03T10:41:00,False,,HAFIZ SHOAIB,500,500,0,,,,,
1688,,,MIRZA REHMAN SB JPS,FBMCL-00191,Credit Customer,1140,0,0,,MB NO.10073,SB-SL-2684,,,1463,2026-07-03T11:01:00,False,,OUTSIDER,0,0,0,,,,,
1689,,,DR AMIN SB JPS,FBMCL-00192,Mixed Transaction,200,0,0,,MB NO.10095,SB-SL-2685,,,1464,2026-07-04T11:41:00,False,,HAJI AHMED,300,300,0,Cash,,,,
1690,,,HAJI IQBAL SB JPS,FBMCL-00047,Booking Delivery,0,0,0,,MB NO.10079,SB-SL-2686,,,1465,2026-07-04T11:47:00,False,,HAJI AHMED,520,520,0,Cash,,,,
1691,,,CH MUHAMMAD AKRAM RIHANIA SB JPS,FBMCL-00167,Booking Delivery,0,0,0,,MB NO.10081,SB-SL-2687,,,1466,2026-07-04T12:04:00,False,,HAJI AHMED,0,0,0,Cash,,,,
1692,,,QAISER SB JPS,FBMCL-00263,Credit Customer,2800,0,0,,MB NO.10082,SB-SL-2688,,,1467,2026-07-04T12:21:00,False,,OUTSIDER,0,0,0,Cash,,,,
1693,,,SHABEEB SB KANIYAN,FBMCL-00209,Booking Delivery,0,0,0,,MB NO.10083,SB-SL-2689,,,1468,2026-07-04T12:23:00,False,,HAJI AHMED,0,0,0,Cash,,,,
1694,,,SYED SHAFQAT ABBAS SB GHURAIRA,FBMCL-00245,Credit Customer,36000,0,0,,MB NO.10084,SB-SL-2690,,,1469,2026-07-04T12:35:00,False,,JAHANGIR PARSUWAL,1500,1500,0,,,,,
1695,,,MAQSOOD SB MALAK PUR,FBMCL-00121,Booking Delivery,0,0,0,,MB NO.10089,SB-SL-2691,,,1470,2026-07-04T12:55:00,False,,ALI HAMZA,690,690,0,Cash,,,,
1696,,,KHALIL AHMED SB DHINDA KALAAN,FBMCL-00242,Booking Delivery,0,0,0,,MB NO.10092,SB-SL-2692,,,1471,2026-07-04T12:58:00,False,,ZAIN ALI,2765,2765,0,Cash,,,,
1697,,,HAJI WARIS SB JPS,FBMCL-00071,Credit Customer,39620.5,0,0,,MB NO.10093,SB-SL-2693,,,1472,2026-07-04T12:59:00,False,,OUTSIDER,0,0,0,Cash,,,,
1698,,,FAROOQ KALAS SB PARSUWAL,FBMCL-00138,Booking Delivery,0,0,0,,MB NO.10094,SB-SL-2694,,,1473,2026-07-04T13:02:00,False,,JAHANGIR PARSUWAL,1997.8,1997.8,0,Cash,,,,
1699,,,IRFAN SB DEDHAR SHARIF,FBMCL-00205,Booking Delivery,0,0,0,,MB NO.10097,SB-SL-2695,,,1474,2026-07-04T13:12:00,False,,HARIS SUFWAN ABID,10500,10500,0,Cash,,,,
1700,,,SHEHBAZ SB RANGPUR,FBMCL-00228,Booking Delivery,0,0,0,,MB NO.10099,SB-SL-2696,,,1475,2026-07-04T13:34:00,False,,OUTSIDER,0,0,0,Cash,,,,
1701,,,MUHAMMAD ARSHAD SB GHURAL (SUBEDAR QADAR DAD SB),FBMCL-00175,Booking Delivery,0,0,0,,MB NO.10103,SB-SL-2697,,,1476,2026-07-04T15:28:00,False,,ZAIN ALI,0,0,0,Cash,,,,
1702,,,FAISAL SB AJNALA,FBMCL-00088,Mixed Transaction,2300,0,0,,MB NO.10105,SB-SL-2698,,,1477,2026-07-04T15:30:00,False,,HAFIZ SHOAIB,1100,1100,0,Cash,,,,
1703,,,DR EHSAN SB DHINDA,FBMCL-00105,Booking Delivery,0,0,0,,MB NO.10106,SB-SL-2699,,,1478,2026-07-04T15:33:00,False,,HARIS SUFWAN ABID,1000,1000,0,Cash,,,,
1704,,,GHULAM MURTZA SB KOANKH,FBMCL-00262,Credit Customer,14600,0,0,,MB NO.10108,SB-SL-2700,,,1479,2026-07-04T15:34:00,False,,ALI HAMZA,600,600,0,Cash,,,,
1705,,,IRFAN SB DEDHAR SHARIF,FBMCL-00205,Credit Customer,29300,0,0,,MB NO.10110,SB-SL-2701,,,1480,2026-07-04T15:36:00,False,,JAHANGIR PARSUWAL,1500,1500,0,Cash,,,,
1707,,,MUHAMMAD ABID SB KOANKH,FBMCL-00154,Booking Delivery,0,0,0,,MB NO.9856,SB-SL-2703,,,1482,2026-06-28T16:39:00,False,,HARIS SUFWAN ABID,0,0,0,Cash,,,,
1708,,,MUHAMMAD ABID SB KOANKH,FBMCL-00154,Booking Delivery,0,0,0,,MB NO.9892,SB-SL-2704,,,1483,2026-06-29T16:41:00,False,,JAHANGIR PARSUWAL,0,0,0,Cash,,,,
1709,,,YASIR YAQOOB SB DILAWARPUR,FBMCL-00163,Credit Customer,4000.000000003,0,0,,MB NO.10121,SB-SL-2705,,,1484,2026-07-04T17:00:00,False,,HARIS SUFWAN ABID,4000.000000003,4000,0,Cash,,,,
1710,,,KHALID SB HANDA DERHA,FBMCL-00253,Credit Customer,70747.20000000001,60000,0.2,DISCOUNT,MB NO.10127,SB-SL-2706,,,1485,2026-07-05T13:03:00,False,,HARIS SUFWAN ABID,0,0,0,Cash,2,,FBM  CASH,
1711,,,ABDUL AZEEM SB KHAN PUR KHOKHAR,FBMCL-00001,Mixed Transaction,72862.1,0,1.1,DISCOUNT,MB NO.10130,SB-SL-2707,,,1486,2026-07-05T13:07:00,False,,JAHANGIR PARSUWAL,6600,6600,0,,,,,
1712,,,MIRZA REHMAN SB JPS,FBMCL-00191,Credit Customer,1800,0,0,,MB NO.10131,SB-SL-2708,,,1487,2026-07-05T13:18:00,False,,OUTSIDER,0,0,0,Cash,,,,
1713,,,ASIF HUSSAIN JPS (ALI ALMUNIUM),FBMCL-00089,Mixed Transaction,10610,0,0,,MB NO.10132,SB-SL-2709,,,1488,2026-07-05T13:29:00,False,,HARIS SUFWAN ABID,800,800,0,Cash,,,,
1714,,,ARIF BAIG SB KOANKH (ASIM BAIG),FBMCL-00124,Credit Customer,13544.5,0,0,,MB NO.10162,SB-SL-2710,,,1489,2026-07-05T14:13:00,False,,OUTSIDER,0,0,0,Cash,,,,
1715,,,ASIF SB KOANKH,FBMCL-00267,Booking Delivery,0,0,0,,MB NO.10135,SB-SL-2711,,,1490,2026-07-05T14:17:00,False,,OUTSIDER,0,0,0,Cash,,,,
1716,,,IMRAN SB MALAK PUR,FBMCL-00076,Credit Customer,28800,0,0,,MB NO.10137,SB-SL-2712,,,1491,2026-07-05T14:20:00,False,,ZAIN ALI,800,800,0,Cash,,,,
1717,,,NADEEM SB DHINDA,FBMCL-00044,Credit Customer,22180.6,0,0.6,DISCOUNT,MB NO.10142,SB-SL-2713,,,1492,2026-07-05T14:26:00,False,,HARIS SUFWAN ABID,600,600,0,Cash,,,,
1718,,,SAGHEER BAIG SB KOANKH,FBMCL-00216,Booking Delivery,0,0,0,,MB NO.10143,SB-SL-2714,,,1493,2026-07-05T14:40:00,False,,HARIS SUFWAN ABID,0,0,0,Cash,,,,
1719,,,MUHAMMAD ABID SB KOANKH,FBMCL-00154,Booking Delivery,0,0,0,,MB NO.10144,SB-SL-2715,,,1494,2026-07-05T14:53:00,False,,HARIS SUFWAN ABID,473.848684211891,473.85,0.001315788109025107,Cash,,,,
1720,,,KHALIL AHMED SB DHINDA KALAAN,FBMCL-00242,Mixed Transaction,7250,0,0,,MB NO.10151,SB-SL-2716,,,1495,2026-07-05T14:57:00,False,,HARIS SUFWAN ABID,4050,4050,0,Cash,,,,
1722,,,SAGHEER BAIG SB KOANKH,FBMCL-00216,Cash,30414.5,29000,1414.5,DISCOUNT,,SB-SL-2718,,,,2026-07-05T15:09:00,False,,HARIS SUFWAN ABID,600,600,0,Cash,2,,FBM  CASH,
1723,,,FAZAL ILAHI SB JALPUWAL,FBMCL-00051,Mixed Transaction,3450,0,0,,MB NO.10155,SB-SL-2719,,,1497,2026-07-05T15:12:00,False,,ZAIN ALI,750,750,0,Cash,,,,
1724,,,KHALIL AHMED SB DHINDA KALAAN,FBMCL-00242,Credit Customer,28800,0,0,,MB NO.10158,SB-SL-2720,,,1498,2026-07-05T15:25:00,False,,JAHANGIR PARSUWAL,1000,1000,0,Cash,,,,
1725,,,ZEESHAN ATTARI SB JPS,FBMCL-00178,Booking Delivery,0,0,0,,MB NO.10167,SB-SL-2721,,,1499,2026-07-04T15:38:00,False,,HAFIZ SHOAIB,5250,5250,0,Cash,,,,
1726,,,SAFDAR ALI SB AJNALA (ASLAM CONT),FBMCL-00186,Booking Delivery,0,0,0,,MB NO.10168,SB-SL-2722,,,1500,2026-07-05T16:22:00,False,,HAJI AHMED,500,500,0,Cash,,,,
1727,,,SULEIMAN SB AJNALA,FBMCL-00064,Booking Delivery,0,0,0,,MB NO.10169,SB-SL-2723,,,1501,2026-07-05T16:28:00,False,,HAJI AHMED,0,0,0,Cash,,,,
1728,,,ARIF SB JPS(HAJI ASHFAQ S),FBMCL-00087,Credit Customer,6292.5,0,0,,MB NO.10170,SB-SL-2724,,,1502,2026-07-05T16:49:00,False,,OUTSIDER,0,0,0,Cash,,,,
1729,,,MIRZA SHAMSHEED SB BHUCH,FBMCL-00217,Booking Delivery,0,0,0,,MB NO.10172,SB-SL-2725,,,1503,2026-07-05T16:57:00,False,,OUTSIDER,0,0,0,Cash,,,,
1730,,,SAFDAR ALI SB AJNALA (ASLAM CONT),FBMCL-00186,Mixed Transaction,4000,0,0,,MB NO.9473,SB-SL-2726,,,1504,2026-06-18T16:59:00,False,,HAFIZ SHOAIB,5400,5400,0,Cash,,,,
1732,,,ZEESHAN ATTARI SB JPS,FBMCL-00178,Mixed Transaction,37344,0,0,,MB NO.10087,SB-SL-2728,,,1506,2026-07-06T10:46:00,False,,HAFIZ SHOAIB,797.9999999999999,798,1.13686837721616e-13,Cash,,,,
1733,,,BILAL SB KOANKH (QARI EJAZ SB),FBMCL-00010,Mixed Transaction,16403,0,0,,MB NO.10193,SB-SL-2729,,,1507,2026-07-06T16:33:00,False,,HAFIZ SHOAIB,0,0,0,Cash,,,,
1734,,,Orphan91,ORPH-00091,Open Khata,29000,0,0,,MB NO.10196,SB-SL-2730,,,,2026-07-06T16:37:00,False,"[MIGRATION] Orphan record. Original client: ""IMRAN ASHRAF"".",HAFIZ SHOAIB,1000,1000,0,Cash,,,,
1735,,,Orphan65,ORPH-00065,Cash,28000,28000,0,,MB NO.10197,SB-SL-2731,,,,2026-07-06T16:41:00,False,"[MIGRATION] Orphan record. Original client: ""MALIK ARSHAD JPSB"".",HAFIZ SHOAIB,600,600,0,Cash,2,,FBM  CASH,
1736,,,HDC MEHAR MEHDI SB JPS,FBMCL-00260,Credit Customer,2500,0,0,,MB NO.10062/2,SB-SL-2732,,,1508,2026-07-04T11:05:00,False,,OUTSIDER,0,0,0,Cash,,,,
1738,,,ASIF SB KOANKH,FBMCL-00267,Credit Customer,2000,0,0,,MB NO.10217,SB-SL-2734,,,1510,2026-07-07T13:17:00,False,,HAFIZ SHOAIB,0,0,0,Cash,,,,
1739,,,ASIF SB KOANKH,FBMCL-00267,Booking Delivery,0,0,0,,MB NO.10213,SB-SL-2735,,,1511,2026-07-07T13:34:00,False,,HAJI AHMED,1000,1000,0,Cash,,,,
1741,,,RAOOF SB GHURAL,FBMCL-00197,Booking Delivery,0,0,0,,MB NO.10222,SB-SL-2737,,,1513,2026-07-07T13:56:00,False,,HAJI AHMED,1100,1100,0,Cash,,,,
1742,,,MUHAMMAD SHABEER SB CONT TIBBA AJNALA,FBMCL-00169,Credit Customer,28800,0,0,,MB NO.10223,SB-SL-2738,,,1514,2026-07-07T13:58:00,False,,JAHANGIR PARSUWAL,1200,1200,0,Cash,,,,
1743,,,ASIF HUSSAIN JPS (ALI ALMUNIUM),FBMCL-00089,Booking Delivery,0,0,0,,MB NO.10225,SB-SL-2739,,,1515,2026-07-07T14:00:00,False,,HARIS SUFWAN ABID,0,0,0,Cash,,,,
1745,,,ASIF HUSSAIN JPS (ALI ALMUNIUM),FBMCL-00089,Mixed Transaction,1500,0,0,,MB NO.10226,SB-SL-2741,,,1517,2026-07-07T14:04:00,False,,HAFIZ SHOAIB,1500,1500,0,Cash,,,,
1746,,,CH IMRAN SB JPS,FBMCL-00215,Booking Delivery,0,0,0,,MB NO.10254,SB-SL-2742,,,1518,2026-07-07T14:33:00,False,,HARIS SUFWAN ABID,0,0,0,Cash,,,,
1747,,,MAQSOOD SB MALAK PUR,FBMCL-00121,Booking Delivery,0,0,0,,MB NO.10255,SB-SL-2743,,,1519,2026-07-07T14:41:00,False,,JAHANGIR PARSUWAL,690,690,0,Cash,,,,
1748,,,ASIF HUSSAIN JPS (ALI ALMUNIUM),FBMCL-00089,Credit Customer,9940,0,0,,MB NO.10256,SB-SL-2744,,,1520,2026-07-07T14:42:00,False,,OUTSIDER,0,0,0,,,,,
1749,,,SARWAR SB MASON,FBMCL-00229,Credit Customer,2244,0,0,,MB NO.10227,SB-SL-2745,,,1521,2026-07-07T14:48:00,False,,OUTSIDER,0,0,0,Cash,,,,
1750,,,SAGHEER BAIG SB KOANKH,FBMCL-00216,Credit Customer,3842.5,0,0,,MB NO.10235,SB-SL-2746,,,1522,2026-07-07T15:13:00,False,,OUTSIDER,0,0,0,Cash,,,,
1751,,,KHALID SB HANDA DERHA,FBMCL-00253,Credit Customer,37323.2,0,0.2,DISCOUNT,MB NO.10257,SB-SL-2747,,,1523,2026-07-07T15:27:00,False,,HAJI AHMED,0,0,0,Cash,,,,
1752,,,ASIF HUSSAIN JPS (ALI ALMUNIUM),FBMCL-00089,Credit Customer,1420,0,0,,MB NO.10258,SB-SL-2748,,,1524,2026-07-07T15:37:00,False,,OUTSIDER,0,0,0,Cash,,,,
1753,,,JAWAD SB AJNALA JPS,FBMCL-00013,Credit Customer,1400,0,0,,MB NO.10275,SB-SL-2749,,,1525,2026-07-07T10:12:00,False,,OUTSIDER,0,0,0,Cash,,,,
1754,,,GHULAM MURTZA SB KOANKH,FBMCL-00262,Cash,14400,14400,0,,MB NO.10278,SB-SL-2750,,,,2026-07-08T10:16:00,False,,HAJI AHMED,600,600,0,Cash,2,,FBM  CASH,
1755,,,ASIF SB KOANKH,FBMCL-00267,Booking Delivery,0,0,0,,MB NO.10281,SB-SL-2751,,,1526,2026-07-08T10:18:00,False,,HAFIZ SHOAIB,1250,1250,0,Cash,,,,
1756,,,HDC MEHAR MEHDI SB JPS,FBMCL-00260,Booking Delivery,0,0,0,,MB NO.10284,SB-SL-2752,,,1527,2026-07-08T11:49:00,False,,OUTSIDER,0,0,0,Cash,,,,
1757,,,HDC MEHAR MEHDI SB JPS,FBMCL-00260,Booking Delivery,0,0,0,,MB NO.10303,SB-SL-2753,,,1528,2026-07-08T11:56:00,False,,HARIS SUFWAN ABID,0,0,0,Cash,,,,
1758,,,SHABEER HUSSAIN SB PARSUWAL,FBMCL-00232,Booking Delivery,0,0,0,,MB NO.10287,SB-SL-2754,,,1529,2026-07-08T12:19:00,False,,JAHANGIR PARSUWAL,0,0,0,Cash,,,,
1760,,,DR AMIN SB JPS,FBMCL-00192,Credit Customer,12800,0,0,,MB NO.10291,SB-SL-2756,,,1531,2026-07-08T12:49:00,False,,HARIS SUFWAN ABID,800,800,0,Cash,,,,
1762,,,ASIF HUSSAIN JPS (ALI ALMUNIUM),FBMCL-00089,Credit Customer,1420,0,0,,MB NO.10293,SB-SL-2758,,,1533,2026-07-08T14:03:00,False,,OUTSIDER,0,0,0,Cash,,,,
1763,,,SHEHBAZ SB RANGPUR,FBMCL-00228,Booking Delivery,0,0,0,,MB NO.10297,SB-SL-2759,,,1534,2026-07-07T14:05:00,False,,OUTSIDER,0,0,0,Cash,,,,
1766,,,FAISAL SB AJNALA,FBMCL-00088,Booking Delivery,0,0,0,,MB NO.10315,SB-SL-2762,,,1537,2026-07-08T14:39:00,False,,HAJI AHMED,600,600,0,Cash,,,,
1767,,,BILAL SB KOANKH (QARI EJAZ SB),FBMCL-00010,Booking Delivery,0,0,0,,MB NO.10302,SB-SL-2763,,,1538,2026-07-08T15:07:00,False,,ZAIN ALI,0,0,0,Cash,,,,
1768,,,SULEIMAN SB AJNALA,FBMCL-00064,Booking Delivery,0,0,0,,MB NO.10311,SB-SL-2764,,,1539,2026-07-08T15:24:00,False,,JAHANGIR PARSUWAL,0,0,0,Cash,,,,
1769,,,SAFDAR ALI SB AJNALA (ASLAM CONT),FBMCL-00186,Booking Delivery,0,0,0,,MB NO.10312,SB-SL-2765,,,1540,2026-07-08T15:28:00,False,,JAHANGIR PARSUWAL,500,500,0,Cash,,,,
1770,,,MUHAMMAD AKRAM SB SANTAL SURKHIYAN,FBMCL-00150,Mixed Transaction,1000,0,0,,MB NO.10313,SB-SL-2766,,,1541,2026-07-08T15:29:00,False,,HAJI AHMED,0,0,0,Cash,,,,
1772,,,MIRZA YOUNUS SB JPS,FBMCL-00208,Booking Delivery,0,0,0,,MB NO.10317,SB-SL-2768,,,1543,2026-07-08T15:43:00,False,,HARIS SUFWAN ABID,1400,0,0,Cash,,,,
1773,,,MIRZA SHAMSHEED SB BHUCH,FBMCL-00217,Credit Customer,1000,0,23,,MB NO.10320,SB-SL-2769,,,1544,2026-07-09T10:14:00,False,,OUTSIDER,0,0,0,Cash,,,,
1774,,,SHEHBAZ SB RANGPUR,FBMCL-00228,Booking Delivery,0,0,0,,MB NO.10324,SB-SL-2770,,,1545,2026-07-09T10:25:00,False,,OUTSIDER,0,0,0,Cash,,,,
1775,,,MIRZA YOUNUS SB JPS,FBMCL-00208,Mixed Transaction,28507.60000000002,0,0.6,DISCOUN,MB NO.10327,SB-SL-2771,,,1546,2026-07-08T10:26:00,False,,HAFIZ SHOAIB,2500.0000000072,2500,0,,,,,
1776,,,ASIF SB KOANKH,FBMCL-00267,Booking Delivery,0,0,0,,MB NO.10330,SB-SL-2772,,,1547,2026-07-09T11:20:00,False,,HAFIZ SHOAIB,1250,1250,0,Cash,,,,
1777,,,MUHAMMAD ABID SB KOANKH,FBMCL-00154,Booking Delivery,0,0,0,,MB NO.10332,SB-SL-2773,,,1548,2026-07-09T11:26:00,False,,JAHANGIR PARSUWAL,0,0,0,Cash,,,,
1778,,,SHEHBAZ SB RANGPUR,FBMCL-00228,Booking Delivery,0,0,0,,MB NO.10340,SB-SL-2774,,,1549,2026-07-09T11:55:00,False,,OUTSIDER,0,0,0,Cash,,,,
1779,,,MASTER ZAHOOR SB JPS,FBMCL-00145,Credit Customer,2860,1500,0,,MB NO.10343,SB-SL-2775,,,1550,2026-07-09T12:10:00,False,,OUTSIDER,0,0,0,Cash,2,,FBM  CASH,
1780,,,NADEEM SB DHINDA,FBMCL-00044,Credit Customer,2860,0,0,,MB NO.10342,SB-SL-2776,,,1551,2026-07-09T12:18:00,False,,JAHANGIR PARSUWAL,0,0,0,Cash,,,,
1781,,,HDC MEHAR MEHDI SB JPS,FBMCL-00260,Mixed Transaction,330,0,0,,MB NO.10344,SB-SL-2777,,,1552,2026-07-09T12:22:00,False,,OUTSIDER,0,0,0,Cash,,,,
1782,,,HDC MEHAR MEHDI SB JPS,FBMCL-00260,Credit Customer,2204,0,0,,MB NO.10346,SB-SL-2778,,,1553,2026-07-09T12:27:00,False,,OUTSIDER,0,0,0,Cash,,,,
1783,,,KASHIF SB DHINDA,FBMCL-00043,Credit Customer,2760,0,0,,MB NO.9816,SB-SL-2779,,,1554,2026-06-25T13:28:00,False,,OUTSIDER,0,0,0,Cash,,,,
1784,,,FAKHAR SHAH SB AJNALA,FBMCL-00171,Credit Customer,29700,0,0,,MB NO.9254,SB-SL-2780,,,1555,2026-06-13T13:49:00,False,,HAFIZ SHOAIB,1100,1100,0,Cash,,,,
1785,,,SARWAR SB MASON,FBMCL-00229,Mixed Transaction,41180,0,0,,MB NO.10360,SB-SL-2781,,,1556,2026-07-09T14:44:00,False,,OUTSIDER,0,0,0,Cash,,,,
1786,,,CH IMRAN SB JPS,FBMCL-00215,Booking Delivery,0,0,0,,MB NO.10363,SB-SL-2782,,,1557,2026-07-09T14:57:00,False,,OUTSIDER,0,0,0,Cash,,,,
1787,,,CH IMRAN SB JPS,FBMCL-00215,Booking Delivery,0,0,0,,MB NO.9369,SB-SL-2783,,,1558,2026-06-16T15:22:00,False,,HAJI AHMED,766.8,766.8,0,Cash,,,,
1788,,,HDC MEHAR MEHDI SB JPS,FBMCL-00260,Credit Customer,16000,0,0,,MB NO.10306,SB-SL-2784,,,1559,2026-07-09T16:39:00,False,,OUTSIDER,0,0,0,Cash,,,,
1789,,,HDC MEHAR MEHDI SB JPS,FBMCL-00260,Booking Delivery,0,0,0,,MB NO.10367,SB-SL-2785,,,1560,2026-07-09T16:45:00,False,,HAJI AHMED,0,0,0,Cash,,,,
1790,,,RANA ZAHEER SB JPS,FBMCL-00048,Credit Customer,21950,0,0,,MB NO.10362,SB-SL-2786,,,1561,2026-07-09T17:02:18.807814,False,,HARIS SUFWAN ABID,600,600,0,Cash,,,,
1791,,,JAMEEL SB JAGWAN,FBMCL-00158,Credit Customer,38000,0,0,,MB NO.10364,SB-SL-2787,,,1562,2026-07-09T17:08:29.503267,False,,JAHANGIR PARSUWAL,1500,1500,0,Cash,,,,
1793,,,NADEEM SB DHINDA,FBMCL-00044,Credit Customer,1430,0,0,,MB NO.10342/2,SB-SL-2789,,,1564,2026-07-09T17:38:00,False,,OUTSIDER,0,0,0,Cash,,,,
1794,,,MIRZA YOUNUS SB JPS,FBMCL-00208,Booking Delivery,0,0,0,,MB NO.10371,SB-SL-2790,,,1565,2026-07-10T08:46:00,False,,HAFIZ SHOAIB,0,0,0,Cash,,,,
1797,,,MUHAMMAD BASHEER SB CONT KOANKH,FBMCL-00067,Cash,21150,21150,0,,MB NO.10383,SB-SL-2793,,,,2026-07-10T13:01:00,False,,OUTSIDER,0,0,0,Cash,2,,FBM  CASH,
1798,,,ARIF BAIG SB KOANKH (ASIM BAIG),FBMCL-00124,Credit Customer,36750,0,0,,MB NO.10386,SB-SL-2794,,,1568,2026-07-10T13:03:00,False,,HAFIZ SHOAIB,1250,1250,0,Cash,,,,
1799,,,MUSHTAQ SB JPS,FBMCL-00261,Credit Customer,860,0,0,,MB NO.10388,SB-SL-2795,,,1569,2026-07-10T09:33:00,False,,OUTSIDER,0,0,0,Cash,,,,
1800,,,FAKHAR SHAH SB AJNALA,FBMCL-00171,Credit Customer,8520,0,0,,MB NO.10357,SB-SL-2796,,,1570,2026-07-09T09:50:00,False,,OUTSIDER,0,0,0,Cash,,,,
1801,,,MUHAMMAD QASIM SB MALIKPUR,FBMCL-00134,Booking Delivery,0,0,0,,MB NO.10391,SB-SL-2797,,,1571,2026-07-11T10:15:00,False,,HAJI AHMED,0,0,0,,,,,
1802,,,MUHAMMAD ABID SB KOANKH,FBMCL-00154,Booking Delivery,0,0,0,,MB NO.10396,SB-SL-2798,,,1572,2026-07-11T10:28:00,False,,HARIS SUFWAN ABID,0,0,0,Cash,,,,
1803,,,MUHAMMAD ABID SB KOANKH,FBMCL-00154,Booking Delivery,0,0,0,,MB NO.9258,SB-SL-2799,,,1573,2026-06-13T10:32:00,False,,ZAIN ALI,1666.282894737321,1666.28,0,,,,,
1804,,,MUHAMMAD ABID SB KOANKH,FBMCL-00154,Booking Delivery,0,0,0,,MB NO.9482,SB-SL-2800,,,1574,2026-07-11T10:35:00,False,,HAFIZ SHOAIB,1500,1500,0,Cash,,,,
1805,,,MAZHAR SB RUPOWAL DERA,FBMCL-00009,Credit Customer,37800,0,0,,MB NO.10403,SB-SL-2801,,,1575,2026-07-11T10:48:00,False,,HAJI AHMED,1300,1300,0,Cash,,,,
1806,,,FAROOQ KALAS SB PARSUWAL,FBMCL-00138,Booking Delivery,0,0,0,,MB NO.10399,SB-SL-2802,,,1576,2026-07-11T11:48:00,False,,HAJI AHMED,7720,7720,0,Cash,,,,
1807,,,MUSHTAQ SB JPS,FBMCL-00261,Mixed Transaction,48882.70000000001,0,0,,MB NO.10402,SB-SL-2803,,,1577,2026-07-11T12:45:00,False,,OUTSIDER,0,0,0,Cash,,,,
1808,,,CH MUHAMMAD AKRAM RIHANIA SB JPS,FBMCL-00167,Booking Delivery,0,0,0,,MB NO.10404,SB-SL-2804,,,1578,2026-07-11T13:47:00,False,,JAHANGIR PARSUWAL,0,0,0,Cash,,,,
1809,,,CH MUHAMMAD AKRAM RIHANIA SB JPS,FBMCL-00167,Credit Customer,9868.6,0,0,,MB NO.10406,SB-SL-2805,,,1579,2026-07-11T13:56:00,False,,OUTSIDER,0,0,0,Cash,,,,
1810,,,MUHAMMAD AKRAM SB SANTAL SURKHIYAN,FBMCL-00150,Credit Customer,1940.5,0,0,,MB NO.10415/2,SB-SL-2806,,,1580,2026-07-11T14:46:00,False,,OUTSIDER,0,0,0,Cash,,,,
1811,,,MIRZA AMJAD JAVED SB AJNALA SITE,FBMCL-00028,Credit Customer,15100,0,0,,MB NO.10418,SB-SL-2807,,,1581,2026-07-11T15:23:00,False,,HAJI AHMED,600,600,0,Cash,,,,
1812,,,GHULAM MURTZA SB KOANKH,FBMCL-00262,Credit Customer,37750,0,0,,MB NO.10421,SB-SL-2808,,,1582,2026-07-11T15:28:00,False,,HAJI AHMED,1250,1250,0,Cash,,,,
1813,,,QAISER SB JPS,FBMCL-00263,Credit Customer,2760,0,0,,MB NO.10200,SB-SL-2809,,,1583,2026-07-06T15:30:00,False,,OUTSIDER,0,0,0,Cash,,,,
1814,,,QAISER SB JPS,FBMCL-00263,Credit Customer,1460,0,0,,MB NO.10425,SB-SL-2810,,,1584,2026-07-11T15:43:00,False,,OUTSIDER,0,0,0,Cash,,,,
1815,,,SHABEEB SB KANIYAN,FBMCL-00209,Booking Delivery,0,0,2400,RENT MINUS 40 BAG,MB NO.10431,SB-SL-2811,,,1585,2026-07-11T15:49:00,False,,HAFIZ SHOAIB,1560,1560,0,Cash,,,,
1816,,,WAJID SB AJNALA,FBMCL-00203,Booking Delivery,0,0,0,,MB NO.10432,SB-SL-2812,,,1586,2026-07-11T15:58:00,False,,HARIS SUFWAN ABID,1000,1000,0,Cash,,,,
1817,,,MUHAMMAD ARSHAD SB GHURAL (SUBEDAR QADAR DAD SB),FBMCL-00175,Booking Delivery,0,0,0,,MB NO.10435,SB-SL-2813,,,1587,2026-07-11T16:47:00,False,,HAFIZ SHOAIB,0,0,0,Cash,,,,
1819,,,FAISAL SB AJNALA,FBMCL-00088,Booking Delivery,0,0,0,,MB NO.10440,SB-SL-2815,,,1589,2026-07-12T09:34:00,False,,HAFIZ SHOAIB,0,0,0,Cash,,,,
1821,,,ADNAN SB DOIYAN,FBMCL-00080,Mixed Transaction,1500,0,0,,MB NO.10377,SB-SL-2817,,,1591,2026-07-10T10:40:00,False,,HAFIZ SHOAIB,1500,1500,0,Cash,,,,
1822,,,FAKHAR SHAH SB AJNALA,FBMCL-00171,Credit Customer,36750,0,0,,MB NO.10390,SB-SL-2818,,,1592,2026-07-11T10:47:00,False,,HAJI AHMED,1250,1250,0,Cash,,,,
1823,,,IMRAN SB MALAK PUR,FBMCL-00076,Credit Customer,27080,0,0,,MB NO.10447,SB-SL-2819,,,1593,2026-07-12T10:55:00,False,,HAJI AHMED,800,800,0,Cash,,,,
1824,,,FAISAL SB AJNALA,FBMCL-00088,Booking Delivery,0,0,0,,MB NO.9269,SB-SL-2820,,,1594,2026-06-13T11:00:00,False,,HAFIZ SHOAIB,800,800,0,Cash,,,,
1825,,,FAISAL SB AJNALA,FBMCL-00088,Booking Delivery,0,0,0,,MB NO.9394,SB-SL-2821,,,1595,2026-06-16T11:16:00,False,,JAHANGIR PARSUWAL,800,800,0,,,,,
1826,,,FAISAL SB AJNALA,FBMCL-00088,Booking Delivery,0,0,0,,MB NO.9470,SB-SL-2822,,,1596,2026-06-18T11:17:00,False,,HARIS SUFWAN ABID,800,800,0,Cash,,,,
1827,,,MIRZA AMJAD JAVED SB AJNALA SITE,FBMCL-00028,Credit Customer,860,0,0,,MB NO.10448,SB-SL-2823,,,1597,2026-07-12T12:54:00,False,,OUTSIDER,0,0,0,Cash,,,,
1828,,,QAISER SB JPS,FBMCL-00263,Credit Customer,2920,0,0,,MB NO.10450,SB-SL-2824,,,1598,2026-07-12T12:55:00,False,,OUTSIDER,0,0,0,Cash,,,,
1829,,,RAJA MUDASIR SB JPS,FBMCL-00241,Credit Customer,8740,0,0,,MB NO.10454,SB-SL-2825,,,1599,2026-07-12T16:12:00,False,,OUTSIDER,0,0,0,Cash,,,,
1830,,,FAKHAR SHAH SB AJNALA,FBMCL-00171,Credit Customer,38000,0,0,,MB NO.10456,SB-SL-2826,,,1600,2026-07-12T16:25:00,False,,ZAIN ALI,1250,1250,0,Cash,,,,
1831,,,ABDUL SATTAR SB DHINDA FARM,FBMCL-00146,Cash,15200,15200,0,,MB NO.10458,SB-SL-2827,,,,2026-07-12T16:28:00,False,,HAFIZ SHOAIB,600,600,0,Cash,2,,FBM  CASH,
1832,,,SAFDAR ALI SB AJNALA (ASLAM CONT),FBMCL-00186,Booking Delivery,0,0,0,,MB NO.10459,SB-SL-2828,,,1601,2026-07-12T16:30:00,False,,ZAIN ALI,1000,1000,0,Cash,,,,
1833,,,HAFIZ ABDUL JABBAR SB RANGPUR,FBMCL-00202,Booking Delivery,0,0,0,,MB NO.10460,SB-SL-2829,,,1602,2026-07-12T16:31:00,False,,OUTSIDER,0,0,0,Cash,,,,
1834,,,ALI AKBAR SB DHINDA,FBMCL-00211,Booking Delivery,0,0,0,,MB NO.10241,SB-SL-2830,,,1603,2026-07-07T16:53:00,False,,HAFIZ SHOAIB,1000,1000,0,Cash,,,,
1835,,,EHSAN SB CHAUHAN,FBMCL-00035,Mixed Transaction,870,0,0,,MB NO.9268,SB-SL-2831,,,1604,2026-06-14T17:17:00,False,,HARIS SUFWAN ABID,0,0,0,Cash,,,,
1837,,,MUSHTAQ SB JPS,FBMCL-00261,Booking Delivery,0,0,0,,MB NO.10212/2,SB-SL-2833,,,1606,2026-07-07T17:45:00,False,,OUTSIDER,0,0,0,Cash,,,,
1838,,,RAJA PARWEZ SB RANGPUR,FBMCL-00111,Credit Customer,28800,0,0,,MB NO.10470,SB-SL-2834,,,1607,2026-07-13T09:19:00,False,,OUTSIDER,0,0,0,Cash,,,,
1839,,,ARIF SB JPS(HAJI ASHFAQ S),FBMCL-00087,Booking Delivery,0,0,0,,MB NO.10471,SB-SL-2835,,,1608,2026-07-13T09:36:00,False,,OUTSIDER,0,0,0,Cash,,,,
1840,,,MAJID HUSSAIN SB AJNALA,FBMCL-00050,Booking Delivery,0,0,0,,MB NO.10473,SB-SL-2836,,,1609,2026-07-13T09:42:00,False,,OUTSIDER,800,0,0,Cash,,,,
1841,,,MAJID HUSSAIN SB AJNALA,FBMCL-00050,Booking Delivery,0,0,0,,MB NO.10183,SB-SL-2837,,,1610,2026-07-06T09:56:00,False,,HAFIZ SHOAIB,800,800,0,Cash,,,,
1842,,,RAFAQAT HUSSAIN SB MALIK (MASJID),FBMCL-00188,Mixed Transaction,4000,0,0,,MB NO.10467,SB-SL-2838,,,1611,2026-07-13T10:18:00,False,,HAFIZ SHOAIB,0,0,0,Cash,,,,
1843,,,MAJID HUSSAIN SB AJNALA,FBMCL-00050,Booking Delivery,0,0,0,,MB NO.9372,SB-SL-2839,,,1612,2026-06-16T10:29:00,False,,ZAIN ALI,800,800,0,Cash,,,,
1844,,,MAJID HUSSAIN SB AJNALA,FBMCL-00050,Mixed Transaction,1000,0,0,,MB NO.10474,SB-SL-2840,,,1613,2026-07-08T10:32:00,False,,JAHANGIR PARSUWAL,1500,1500,0,Cash,,,,
1845,,,TALHA SB JPS,FBMCL-00008,Booking Delivery,0,0,0,,MB NO.10478,SB-SL-2841,,,1614,2026-07-13T11:02:00,False,,HARIS SUFWAN ABID,680.46875,680.47,0.001250000000027285,Cash,,,,
1846,,,SAJID SB GHURAL ( BOBY DRIVER ),FBMCL-00271,Booking Delivery,0,0,0,,MB NO.10326,SB-SL-2842,,,1615,2026-07-08T12:30:00,False,,ZAIN ALI,1250,1250,0,Cash,,,,
1847,,,SAJID SB GHURAL ( BOBY DRIVER ),FBMCL-00271,Booking Delivery,0,0,0,,MB NO.10482,SB-SL-2843,,,1616,2026-07-13T12:33:00,False,,HAFIZ SHOAIB,1250,1250,0,Cash,,,,
1848,,,MIRZA AMJAD JAVED SB AJNALA SITE,FBMCL-00028,Credit Customer,30400,0,0,,MB NO.10486,SB-SL-2844,,,1617,2026-07-13T13:24:00,False,,HAJI AHMED,1000,1000,0,Cash,,,,
1849,,,ASIF SB KOANKH,FBMCL-00267,Mixed Transaction,2150,0,0,,MB NO.10491,SB-SL-2845,,,1618,2026-07-13T14:40:29.889396,False,,HAFIZ SHOAIB,1250,1250,0,Cash,,,,
1850,,,ASIF SB KOANKH,FBMCL-00267,Booking Delivery,0,0,0,,MB NO.10098,SB-SL-2846,,,1619,2026-07-04T14:40:00,False,,OUTSIDER,0,0,0,Cash,,,,
1851,,,ASIF SB KOANKH,FBMCL-00267,Booking Delivery,0,0,0,,MB NO.10269,SB-SL-2847,,,1620,2026-07-07T14:43:00,False,,HAJI AHMED,1000,1000,0,,,,,
1852,,,SHEHBAZ SB RANGPUR,FBMCL-00228,Booking Delivery,0,0,0,,MB NO.10493,SB-SL-2848,,,1621,2026-07-13T15:03:00,False,,OUTSIDER,0,0,0,Cash,,,,
1853,,,TALHA SB JPS,FBMCL-00008,Mixed Transaction,22515,0,600,CEMENT DISCOUNT,MB NO.9255,SB-SL-2849,,,1622,2026-06-13T15:04:00,False,,ALI HAMZA,600,600,0,Cash,,,,
1854,,,TALHA SB JPS,FBMCL-00008,Credit Customer,11713.5,0,0,,MB NO.9300,SB-SL-2850,,,1623,2026-06-14T15:24:00,False,,OUTSIDER,0,0,0,Cash,,,,
1855,,,TALHA SB JPS,FBMCL-00008,Mixed Transaction,8768.5,0,0,,MB NO.9376,SB-SL-2851,,,1624,2026-06-16T15:26:00,False,,HARIS SUFWAN ABID,600,0,0,Cash,,,,
1856,,,TALHA SB JPS,FBMCL-00008,Booking Delivery,0,0,600,CEMENT DISCOUNT,MB NO.9474,SB-SL-2852,,,1625,2026-06-18T15:30:00,False,,HARIS SUFWAN ABID,600,600,0,,,,,
1857,,,TALHA SB JPS,FBMCL-00008,Booking Delivery,0,0,0,,MB NO.9377,SB-SL-2853,,,1626,2026-06-18T15:32:00,False,,HARIS SUFWAN ABID,668.28125,668.28,0,Cash,,,,
1858,,,ALI SHAN SB RANGRA,FBMCL-00243,Credit Customer,30100,0,0,,MB NO.10506,SB-SL-2854,,,1627,2026-07-13T15:42:00,False,,HARIS SUFWAN ABID,1500,1500,0,Cash,,,,
1859,,,GHULAM MURTZA SB KOANKH,FBMCL-00262,Booking Delivery,0,0,0,,MB NO.10508,SB-SL-2855,,,1628,2026-07-13T16:53:45.934973,False,,HAFIZ SHOAIB,1000,1000,0,Cash,,,,
1860,,,MUSHTAQ SB JPS,FBMCL-00261,Booking Delivery,0,0,0,,MB NO.10510,SB-SL-2856,,,1629,2026-07-13T17:54:00,False,,OUTSIDER,0,0,0,Cash,,,,
1861,,,FAKHAR SHAH SB AJNALA,FBMCL-00171,Credit Customer,38000,0,0,,MB NO.10514,SB-SL-2857,,,1630,2026-07-14T08:49:00,False,,HAJI AHMED,1250,1250,0,Cash,,,,
1862,,,HAJI IQBAL SB JPS,FBMCL-00047,Booking Delivery,0,0,0,,MB NO.10515,SB-SL-2858,,,1631,2026-07-14T08:50:00,False,,JAHANGIR PARSUWAL,520,520,0,Cash,,,,
1863,,,DR AMIN SB JPS,FBMCL-00192,Booking Delivery,0,0,0,,MB NO.10516,SB-SL-2859,,,1632,2026-07-14T08:51:00,False,,HAFIZ SHOAIB,300,300,0,Cash,,,,
1864,,,FAZAL ILAHI SB JALPUWAL,FBMCL-00051,Booking Delivery,0,0,0,,MB NO.10517,SB-SL-2860,,,1633,2026-07-14T09:02:16.239714,False,,JAHANGIR PARSUWAL,1000,1000,0,Cash,,,,
1865,,,FAZAL ILAHI SB JALPUWAL,FBMCL-00051,Booking Delivery,0,0,0,,MB NO.9280,SB-SL-2861,,,1634,2026-06-14T09:16:00,False,,HARIS SUFWAN ABID,1000,1000,0,Cash,,,,
1866,,,YASIR JAVED SB  JPS,FBMCL-00270,Booking Delivery,0,0,0,,MB NO.10518,SB-SL-2862,,,1635,2026-07-14T10:31:15.411212,False,,HAFIZ SHOAIB,0,0,0,Cash,,,,
1867,,,MUHAMMAD ARSHAD SB GHURAL (SUBEDAR QADAR DAD SB),FBMCL-00175,Booking Delivery,0,0,0,,MB NO.10524,SB-SL-2863,,,1636,2026-07-14T10:31:00,False,,OUTSIDER,0,0,0,Cash,,,,
1868,,,TARIQ BUTT SB JPS,FBMCL-00108,Credit Customer,840,0,0,,MB NO.10525,SB-SL-2864,,,1637,2026-07-14T10:39:00,False,,OUTSIDER,0,0,0,Cash,,,,
1869,,,CH MUHAMMAD AKRAM RIHANIA SB JPS,FBMCL-00167,Booking Delivery,0,0,0,,MB NO.10527,SB-SL-2865,,,1638,2026-07-14T10:42:00,False,,OUTSIDER,0,0,0,Cash,,,,
1870,,,SHABEER HUSSAIN SB PARSUWAL,FBMCL-00232,Booking Delivery,0,0,0,,MB NO.10530,SB-SL-2866,,,1639,2026-07-14T11:06:00,False,,JAHANGIR PARSUWAL,0,0,0,Cash,,,,
1871,,,SUBEDAR MUHAMMAD ARSHAD SB KHANPUR KHOKHAR,FBMCL-00066,Booking Delivery,0,0,4565,DISCOUNT,MB NO.10532,SB-SL-2867,,,1640,2026-07-14T11:29:00,False,,HAFIZ SHOAIB,1200,1200,0,Cash,,,,
1872,,,SHAMRAIZ SB HANDA STOP,FBMCL-00272,Booking Delivery,0,0,0,,MB NO.10417,SB-SL-2868,,,1641,2026-07-11T11:50:00,False,,JAHANGIR PARSUWAL,0,0,0,Cash,,,,
1873,,,HDC MEHAR MEHDI SB JPS,FBMCL-00260,Credit Customer,7400.799999999999,0,0,,MB NO.10534,SB-SL-2869,,,1642,2026-07-14T12:06:00,False,,OUTSIDER,0,0,0,Cash,,,,
1874,,,CH MUHAMMAD AKRAM RIHANIA SB JPS,FBMCL-00167,Booking Delivery,0,0,0,,MB NO.9249,SB-SL-2870,,,1643,2026-06-13T12:56:00,False,,ALI HAMZA,0,0,0,Cash,,,,
1875,,,CH IMRAN SB JPS,FBMCL-00215,Credit Customer,1647,0,0,,MB NO.9288,SB-SL-2871,,,1644,2026-06-14T13:08:00,False,,OUTSIDER,0,0,0,Cash,,,,
1876,,,CH IMRAN SB JPS,FBMCL-00215,Mixed Transaction,21843,0,0,,MB NO.9245,SB-SL-2872,,,1645,2026-06-13T13:19:00,False,,JAHANGIR PARSUWAL,600,600,0,Cash,,,,
1877,,,RAJA MUDASIR SB JPS,FBMCL-00241,Booking Delivery,0,0,0,,MB NO.10537,SB-SL-2873,,,1646,2026-07-14T13:58:00,False,,OUTSIDER,0,0,0,Cash,,,,
1878,,,MUHAMMAD ARSHAD SB GHURAL (SUBEDAR QADAR DAD SB),FBMCL-00175,Mixed Transaction,28249.19999999999,0,0,,MB NO.10536,SB-SL-2874,,,1647,2026-07-14T14:10:00,False,,HAFIZ SHOAIB,0,0,0,Cash,,,,
1879,,,SHABEEB SB KANIYAN,FBMCL-00209,Booking Delivery,0,0,0,,MB NO.9225,SB-SL-2875,,,1648,2026-07-14T15:02:00,False,,HAFIZ SHOAIB,1560,1560,0,Cash,,,,
1880,,,SALMAAN SB GHURAL (GOGA SB GHURAL),FBMCL-00195,Booking Delivery,0,0,0,,MB NO.9243,SB-SL-2876,,,1649,2026-06-13T15:05:00,False,,HARIS SUFWAN ABID,1740,1740,0,Cash,,,,
1881,,,CH MUHAMMAD AKRAM RIHANIA SB JPS,FBMCL-00167,Booking Delivery,0,0,0,,MB NO.10540,SB-SL-2877,,,1650,2026-07-14T15:32:00,False,,OUTSIDER,0,0,0,Cash,,,,
1882,,,MIRZA SHAMSHEED SB BHUCH,FBMCL-00217,Booking Delivery,0,0,0,,MB NO.9262,SB-SL-2878,,,1651,2026-06-13T15:33:00,False,,20 WHEELER,1200,1200,0,Cash,,,,
1883,,,SHABEEB SB KANIYAN,FBMCL-00209,Mixed Transaction,15138,0,0,,MB NO.9271,SB-SL-2879,,,1652,2026-06-13T15:36:00,False,,OUTSIDER,0,0,0,Cash,,,,
1884,,,ASIF HUSSAIN JPS (ALI ALMUNIUM),FBMCL-00089,Credit Customer,2800,0,0,,MB NO.9279,SB-SL-2880,,,1653,2026-06-14T15:41:00,False,,JAHANGIR PARSUWAL,0,0,0,Cash,,,,
1885,,,MASTER ZAHOOR SB JPS,FBMCL-00145,Mixed Transaction,2800,0,0,,MB NO.9293,SB-SL-2881,,,1654,2026-06-14T15:45:00,False,,ALI HAMZA,2800,2800,0,Cash,,,,
1886,,,ASIF SB KOANKH,FBMCL-00267,Booking Delivery,0,0,0,,MB NO.10542,SB-SL-2882,,,1655,2026-07-14T16:05:00,False,,HAFIZ SHOAIB,1000,1000,0,Cash,,,,
1887,,,SHEHBAZ SB RANGPUR,FBMCL-00228,Booking Delivery,0,0,0,,MB NO.9660/2,SB-SL-2883,,,1656,2026-06-21T16:33:00,False,,OUTSIDER,0,0,0,Cash,,,,
1888,,,RANA ZAHID SB JPS,FBMCL-00021,Credit Customer,7100,0,0,,MB NO.9195,SB-SL-2884,,,1657,2026-06-11T16:42:00,False,,ZAHID LOADER,0,0,0,Cash,,,,
1889,,,RANA ZAHID SB JPS,FBMCL-00021,Credit Customer,7100,0,0,,MB NO.9469,SB-SL-2885,,,1658,2026-06-17T16:43:00,False,,OUTSIDER,0,0,0,Cash,,,,
1890,,,MASTER ZAHOOR SB JPS,FBMCL-00145,Mixed Transaction,122.5,0,0,,MB NO.9295,SB-SL-2886,,,1659,2026-06-13T17:10:00,False,,HARIS SUFWAN ABID,0,0,0,Cash,,,,
1891,,,TAHIR SB AJNALA,FBMCL-00038,Booking Delivery,0,0,0,,MB NO.10555,SB-SL-2887,,,1660,2026-07-15T08:39:00,False,,OUTSIDER,0,0,0,Cash,,,,
1892,,,IRFAN SB DEDHAR SHARIF,FBMCL-00205,Credit Customer,31100,0,0,,MB NO.10556,SB-SL-2888,,,1661,2026-07-15T09:17:00,False,,HAFIZ SHOAIB,1500,1500,0,Cash,,,,
1893,,,ZEESHAN ATTARI SB JPS,FBMCL-00178,Mixed Transaction,300,0,0,,MB NO.10560,SB-SL-2889,,,1662,2026-07-15T10:09:00,False,,HAJI AHMED,300,300,0,Cash,,,,
1894,,,RAJA MUDASIR SB JPS,FBMCL-00241,Booking Delivery,0,0,0,,MB NO.10566,SB-SL-2890,,,1663,2026-07-15T10:26:00,False,,OUTSIDER,0,0,0,Cash,,,,
1895,,,RAJA AMEER HAMZA SB JPS,FBMCL-00103,Booking Delivery,0,0,0,,MB NO.10547,SB-SL-2891,,,1664,2026-07-14T10:26:00,False,,HAFIZ SHOAIB,0,0,0,Cash,,,,
1896,,,KHAYAM SB MALIKPUR,FBMCL-00273,Mixed Transaction,979.2,0,0,,MB NO.10552,SB-SL-2892,,,1665,2026-07-15T10:40:00,False,,HAJI AHMED,0,0,0,Cash,,,,
1897,,,MUHAMMAD ARSHAD SB GHURAL (SUBEDAR QADAR DAD SB),FBMCL-00175,Mixed Transaction,6000,0,0,,MB NO.10553,SB-SL-2893,,,1666,2026-07-15T10:42:00,False,,ZAIN ALI,6000,6000,0,Cash,,,,
1898,,,ASIF SB KOANKH,FBMCL-00267,Mixed Transaction,860,0,0,,MB NO.10567,SB-SL-2894,,,1667,2026-07-15T10:48:00,False,,HAFIZ SHOAIB,1250,1250,0,Cash,,,,
1899,,,MAJID HUSSAIN SB AJNALA,FBMCL-00050,Booking Delivery,0,0,0,,MB NO.10561,SB-SL-2895,,,1668,2026-07-15T11:00:00,False,,JAHANGIR PARSUWAL,303.2,303.2,0,,,,,
1900,,,FAKHAR SHAH SB AJNALA,FBMCL-00171,Credit Customer,38750,0,0,,MB NO.10565,SB-SL-2896,,,1669,2026-07-15T11:16:00,False,,HAJI AHMED,1250,1250,0,Cash,,,,
1901,,,KHALIL AHMED SB DHINDA KALAAN,FBMCL-00242,Credit Customer,31230,0,0,,MB NO.10570,SB-SL-2897,,,1670,2026-07-15T11:23:00,False,,ZAHID LOADER,1000,1000,0,,,,,
1902,,,MALIK JAVED SB KHAN PUR KHOKHAR,FBMCL-00025,Credit Customer,31000,0,0,,MB NO.10563,SB-SL-2898,,,1671,2026-07-15T11:53:00,False,,JAHANGIR PARSUWAL,1200,1200,0,Cash,,,,
1903,,,GHULAM MURTZA SB KOANKH,FBMCL-00262,Mixed Transaction,11486.4,0,0,,MB NO.10575,SB-SL-2899,,,1672,2026-07-15T12:13:00,False,,HARIS SUFWAN ABID,500,500,0,Cash,,,,
1904,,,RANA ZAHEER SB JPS,FBMCL-00048,Credit Customer,9510,0,0,,MB NO.10573,SB-SL-2900,,,1673,2026-07-15T12:17:00,False,,HAFIZ SHOAIB,300,300,0,Cash,,,,
1905,,,HDC MEHAR MEHDI SB JPS,FBMCL-00260,Booking Delivery,0,0,0,,MB NO.10571,SB-SL-2901,,,1674,2026-07-15T12:22:00,False,,HARIS SUFWAN ABID,0,0,0,Cash,,,,
1906,,,HDC MEHAR MEHDI SB JPS,FBMCL-00260,Booking Delivery,0,0,0,,MB NO.10534/2,SB-SL-2902,,,1675,2026-07-14T12:23:00,False,,JAHANGIR PARSUWAL,0,0,0,Cash,,,,
1907,,,HAJI YOUSUF BUTT JPS,FBMCL-00100,Cash,15100,15000,100,DISCOUNT,MB NO.10576,SB-SL-2903,,,,2026-07-15T12:38:00,False,,HARIS SUFWAN ABID,300,300,0,Cash,2,,FBM  CASH,
1908,,,QAISER SB JPS,FBMCL-00263,Credit Customer,1490,0,0,,MB NO.10577,SB-SL-2904,,,1676,2026-07-15T12:52:00,False,,OUTSIDER,0,0,0,Cash,,,,
1909,,,RAJA AMEER HAMZA SB JPS,FBMCL-00103,Booking Delivery,0,0,0,,MB NO.9635/2,SB-SL-2905,,,1677,2026-07-15T13:25:15.523278,False,,HAFIZ SHOAIB,0,0,0,Cash,,,,
1910,,,DR EHSAN SB DHINDA,FBMCL-00105,Booking Delivery,0,0,0,,MB NO.6894/2,SB-SL-2906,,,1678,2026-03-18T13:31:00,False,,HAFIZ SHOAIB,0,0,0,Cash,,,,
1911,,,SAGHEER BAIG SB KOANKH,FBMCL-00216,Booking Delivery,0,0,0,,MB NO.10583,SB-SL-2907,,,1679,2026-07-15T14:20:00,False,,ZAHID LOADER,1250,1250,0,,,,,
1912,,,SAGHEER BAIG SB KOANKH,FBMCL-00216,Booking Delivery,0,0,0,,MB NO.10216/2,SB-SL-2908,,,1680,2026-07-07T14:42:00,False,,HAFIZ SHOAIB,1250,1250,0,Cash,,,,
1913,,,WAJID SB AJNALA,FBMCL-00203,Booking Delivery,0,0,0,,MB NO.10584,SB-SL-2909,,,1681,2026-07-15T14:44:00,False,,HARIS SUFWAN ABID,1000,1000,0,Cash,,,,
1914,,,RANA ZAHEER SB JPS,FBMCL-00048,Credit Customer,4550,0,0,,MB NO.10585,SB-SL-2910,,,1682,2026-07-15T15:44:00,False,,HAJI AHMED,0,0,0,Cash,,,,
1915,,,ARIF BAIG SB KOANKH (ASIM BAIG),FBMCL-00124,Credit Customer,4200,0,0,,MB NO.10382/2,SB-SL-2911,,,1683,2026-07-10T16:05:00,False,,HAJI AHMED,1200,1200,0,,,,,
1916,,,ARIF BAIG SB KOANKH (ASIM BAIG),FBMCL-00124,Credit Customer,1788.4,0,0.4,DISCOUNT,MB NO.10588,SB-SL-2912,,,1684,2026-07-15T16:09:00,False,,OUTSIDER,0,0,0,Cash,,,,
1917,,,RAJA AMEER HAMZA SB JPS,FBMCL-00103,Credit Customer,25655,0,0,,MB NO.10592,SB-SL-2913,,,1685,2026-07-15T16:31:00,False,,JAHANGIR PARSUWAL,0,0,0,Cash,,,,
1918,,,AZHAR BUTT SB JPS BUTT SWEETS,FBMCL-00190,Mixed Transaction,350,0,0,,MB NO.9065/4,SB-SL-2914,,,1686,2026-06-08T16:43:00,False,STEEL RETURN RENT,HARIS SUFWAN ABID,1250,1250,0,Cash,,,,
1919,,,AZHAR BUTT SB JPS BUTT SWEETS,FBMCL-00190,Credit Customer,2805,0,0,,MB NO.10031,SB-SL-2915,,,1687,2026-07-02T16:45:00,False,,OUTSIDER,0,0,0,Cash,,,,
1920,,,MUHAMMAD QASIM SB MALIKPUR,FBMCL-00134,Booking Delivery,0,0,0,,MB NO.10595,SB-SL-2916,,,1688,2026-07-16T10:10:00,False,,HARIS SUFWAN ABID,0,0,0,Cash,,,,
1921,,,KHALIL AHMED SB DHINDA KALAAN,FBMCL-00242,Cash,30800,30800,0,,MB NO.10599,SB-SL-2917,,,,2026-07-16T10:25:00,False,,JAHANGIR PARSUWAL,1000,1000,0,Cash,2,,FBM  CASH,
1922,,,RAJA MUDASIR SB JPS,FBMCL-00241,Booking Delivery,0,0,0,,MB NO.10600,SB-SL-2918,,,1689,2026-07-16T10:27:00,False,,OUTSIDER,0,0,0,,,,,
1923,,,SHERAZ SB MALIK PUR,FBMCL-00162,Booking Delivery,0,0,0,,MB NO.10603,SB-SL-2919,,,1690,2026-07-16T10:52:00,False,,OUTSIDER,0,0,0,Cash,,,,
1924,,,RAJA PARWEZ SB RANGPUR,FBMCL-00111,Credit Customer,29600,0,0,,MB NO.10606,SB-SL-2920,,,1691,2026-07-16T10:54:00,False,,HAFIZ SHOAIB,0,0,0,Cash,,,,
1925,,,RAOOF SB GHURAL,FBMCL-00197,Mixed Transaction,860,0,0,,MB NO.10615,SB-SL-2921,,,1692,2026-07-16T11:44:00,False,,OUTSIDER,0,0,0,Cash,,,,
1926,,,ASIF SB KOANKH,FBMCL-00267,Booking Delivery,0,0,0,,MB NO.10617,SB-SL-2922,,,1693,2026-07-16T12:04:16.763121,False,,HAFIZ SHOAIB,750,750,0,Cash,,,,
1927,,,RAJA MUDASIR SB JPS,FBMCL-00241,Booking Delivery,0,0,0,,MB NO.10600/2,SB-SL-2923,,,1694,2026-07-16T12:12:00,False,,OUTSIDER,0,0,0,Cash,,,,
1928,,,YASIR JAVED SB  JPS,FBMCL-00270,Booking Delivery,0,0,0,,MB NO.10621,SB-SL-2924,,,1695,2026-07-16T12:37:00,False,,HAJI AHMED,0,0,0,Cash,,,,
1929,,,HDC MEHAR MEHDI SB JPS,FBMCL-00260,Credit Customer,297,0,0,,MB NO.10571/2,SB-SL-2925,,,1696,2026-07-16T13:07:00,False,,OUTSIDER,0,0,0,Cash,,,,
1930,,,HDC MEHAR MEHDI SB JPS,FBMCL-00260,Booking Delivery,0,0,1.2,DISCOUNT,MB NO.10622/2,SB-SL-2926,,,1697,2026-07-16T13:17:00,False,,HAJI AHMED,3900,3900,0,Cash,,,,
1931,,,ZEESHAN ATTARI SB JPS,FBMCL-00178,Credit Customer,9602,0,0,,MB NO.10625,SB-SL-2927,,,1698,2026-07-16T14:02:00,False,,HAJI AHMED,300,300,0,Cash,,,,
1932,,,MIRZA AMJAD JAVED SB AJNALA SITE,FBMCL-00028,Credit Customer,15600,0,0,,MB NO.10627,SB-SL-2928,,,1699,2026-07-16T14:15:00,False,,ZAIN ALI,600,600,0,Cash,,,,
1933,,,RAJA MUDASIR SB JPS,FBMCL-00241,Mixed Transaction,4737.599999999999,0,0.6,DISCOUNT,MB NO.10632,SB-SL-2929,,,1700,2026-07-16T16:27:00,False,,OUTSIDER,0,0,0,Cash,,,,
1934,,,HAFIZ ABDUL JABBAR SB RANGPUR,FBMCL-00202,Booking Delivery,0,0,0,,MB NO.10635,SB-SL-2930,,,1701,2026-07-16T17:06:00,False,,OUTSIDER,0,0,0,Cash,,,,
1935,,,SULEIMAN SB AJNALA,FBMCL-00064,Mixed Transaction,1500,0,0,,MB NO.10645,SB-SL-2931,,,1702,2026-07-17T14:49:00,False,,HAFIZ SHOAIB,0,0,0,Cash,,,,
1937,,,MUHAMMAD ARSHAD SB GHURAL (SUBEDAR QADAR DAD SB),FBMCL-00175,Mixed Transaction,129,0,0,,MB NO.10652,SB-SL-2933,,,1704,2026-07-17T15:15:00,False,,OUTSIDER,0,0,0,Cash,,,,
1939,,,ARIF BAIG SB KOANKH (ASIM BAIG),FBMCL-00124,Credit Customer,15800,0,0,,MB NO.10672,SB-SL-2935,,,1706,2026-07-18T11:39:00,False,,HAFIZ SHOAIB,500,500,0,Cash,,,,
1940,,,SHABEEB SB KANIYAN,FBMCL-00209,Booking Delivery,0,0,0,,MB NO.10676,SB-SL-2936,,,1707,2026-07-18T11:49:00,False,,JAHANGIR PARSUWAL,1560,1560,0,Cash,,,,
1941,,,UMER HAYAT SB AJNALA,FBMCL-00275,Booking Delivery,0,0,0,,MB NO.10677,SB-SL-2937,,,1708,2026-07-18T11:53:00,False,,HARIS SUFWAN ABID,1000,1000,0,Cash,,,,
1943,,,YASIR YAQOOB SB DILAWARPUR,FBMCL-00163,Mixed Transaction,1400,0,0,,MB NO.10654,SB-SL-2939,,,1710,2026-07-18T12:50:21.334557,False,,HARIS SUFWAN ABID,1400,1400,0,Cash,,,,
1944,,,HAFIZ ABDUL JABBAR SB RANGPUR,FBMCL-00202,Booking Delivery,0,0,0,,MB NO.10644,SB-SL-2940,,,1711,2026-07-18T12:56:24.053592,False,,HAJI AHMED,0,0,0,Cash,,,,
1945,,,KHALID SB HANDA DERHA,FBMCL-00253,Mixed Transaction,1049.199999999933,0,0.2,DISCOUNT,MB NO.10678,SB-SL-2941,,,1712,2026-07-18T12:57:00,False,,ZAIN ALI,0,0,0,Cash,,,,
1946,,,RAJA MUDASIR SB JPS,FBMCL-00241,Booking Delivery,0,0,0,,MB NO.10679,SB-SL-2942,,,1713,2026-07-18T13:00:00,False,,HARIS SUFWAN ABID,278,278,0,Cash,,,,
1947,,,HAJI AMANAT SB KHARANA,FBMCL-00274,Booking Delivery,0,0,0,,MB NO.10682,SB-SL-2943,,,1714,2026-07-18T13:11:00,False,,HAFIZ SHOAIB,0,0,0,Cash,,,,
1948,,,MUHAMMAD ARSHAD SB DHINDA POTAN WALAY,FBMCL-00256,Cash,31600,31600,0,,MB NO.10683,SB-SL-2944,,,,2026-07-18T13:12:00,False,,JAHANGIR PARSUWAL,1000,1000,0,Cash,2,,FBM  CASH,
1949,,,HAJI IQBAL SB JPS,FBMCL-00047,Credit Customer,1325,0,0,,MB NO.10684,SB-SL-2945,,,1715,2026-07-18T13:13:00,False,,OUTSIDER,0,0,0,Cash,,,,
1950,,,FAKHAR SHAH SB AJNALA,FBMCL-00171,Credit Customer,39500,0,0,,MB NO.10685,SB-SL-2946,,,1716,2026-07-18T13:15:00,False,,ZAIN ALI,1250,1250,0,Cash,,,,
1951,,,MASTER ZAHOOR SB JPS,FBMCL-00145,Credit Customer,15200,0,0,,MB NO.10686,SB-SL-2947,,,1717,2026-07-18T13:32:00,False,,ZAHID LOADER,300,300,0,Cash,,,,
1952,,,JAMEEL SB JAGWAN,FBMCL-00158,Cash,40250,40250,0,,MB NO.10687,SB-SL-2948,,,,2026-07-18T13:40:00,False,,JAHANGIR PARSUWAL,1500,1500,0,Bank,4,AL FALAH,FAZAL BUILDING MATERIAL JPS,37737.0
1953,,,MUHAMMAD ARSHAD SB DHINDA POTAN WALAY,FBMCL-00256,Cash,31600,31600,0,,MB NO.10692,SB-SL-2949,,,,2026-07-18T13:47:00,False,,ZAIN ALI,1000,1000,0,Cash,2,,FBM  CASH,
1954,,,SAFDAR ALI SB AJNALA (ASLAM CONT),FBMCL-00186,Booking Delivery,0,0,0,,MB NO.10694,SB-SL-2950,,,1718,2026-07-18T13:49:00,False,,ZAIN ALI,1000,1000,0,Cash,,,,
1955,,,SAFDAR ALI SB AJNALA (ASLAM CONT),FBMCL-00186,Credit Customer,71885.4,0,0,,MB NO.10177,SB-SL-2951,,,1719,2026-07-05T13:51:00,False,,JAHANGIR PARSUWAL,1000,1000,0,,,,,
1956,,,SHEHBAZ SB RANGPUR,FBMCL-00228,Booking Delivery,0,0,0,,MB NO.10695,SB-SL-2952,,,1720,2026-07-18T14:36:00,False,,JAHANGIR PARSUWAL,0,0,0,Cash,,,,
1957,,,RAOOF SB GHURAL,FBMCL-00197,Mixed Transaction,6258.19999999999,0,0,,MB NO.10640,SB-SL-2953,,,1721,2026-07-17T14:37:00,False,,HARIS SUFWAN ABID,3000,3000,0,Cash,,,,
1958,,,RAOOF SB GHURAL,FBMCL-00197,Booking Delivery,0,0,0,,MB NO.10697,SB-SL-2954,,,1722,2026-07-18T15:00:00,False,,HAFIZ SHOAIB,8000,8000,0,Cash,,,,
1959,,,CH IMRAN SB JPS,FBMCL-00215,Mixed Transaction,27242,0,0,,MB NO.10700,SB-SL-2955,,,1723,2026-07-17T15:02:00,False,,HAFIZ SHOAIB,3124.8,3124.8,4.547473508864641e-13,Cash,,,,
1960,,,ZEESHAN ATTARI SB JPS,FBMCL-00178,Booking Delivery,0,0,0,,MB NO.10702,SB-SL-2956,,,1724,2026-07-18T16:05:00,False,,OUTSIDER,0,0,0,Cash,,,,
1961,,,MUHAMMAD ARSHAD SB GHURAL (SUBEDAR QADAR DAD SB),FBMCL-00175,Booking Delivery,0,0,0.2,DISCOUNT,MB NO.10707,SB-SL-2957,,,1725,2026-07-18T17:39:00,False,,HAFIZ SHOAIB,0,0,0,Cash,,,,
1962,,,RAJA MUDASIR SB JPS,FBMCL-00241,Credit Customer,770,0,0,,MB NO.10708,SB-SL-2958,,,1726,2026-07-18T17:41:00,False,,OUTSIDER,0,0,0,Cash,,,,
1963,,,SHAMRAIZ SB HANDA STOP,FBMCL-00272,Booking Delivery,0,0,0,,MB NO.10710,SB-SL-2959,,,1727,2026-07-18T11:19:00,False,,HAJI AHMED,0,0,0,Cash,,,,
1964,,,MAJEED BUTT SB JPS,FBMCL-00012,Booking Delivery,0,0,0,,MB NO.10711,SB-SL-2960,,,1728,2026-07-18T11:33:00,False,,OUTSIDER,0,0,0,Cash,,,,
1965,,,CH IMRAN SB JPS,FBMCL-00215,Mixed Transaction,38038.5,0,0,,MB NO.10701,SB-SL-2961,,,1729,2026-07-18T11:34:00,False,,HARIS SUFWAN ABID,1607.5,1607.5,0,Cash,,,,
1966,,,RAJA AMEER HAMZA SB JPS,FBMCL-00103,Mixed Transaction,6600,0,0,,MB NO.10712,SB-SL-2962,,,1730,2026-07-17T13:02:00,False,,HAFIZ SHOAIB,6600,6600,0,Cash,,,,
1967,,,RAJA MUDASIR SB JPS,FBMCL-00241,Booking Delivery,0,0,0,,MB NO.10713,SB-SL-2963,,,1731,2026-07-18T13:04:00,False,,OUTSIDER,0,0,0,Cash,,,,
1968,,,FAISAL SB AJNALA,FBMCL-00088,Booking Delivery,0,0,0,,MB NO.10719,SB-SL-2964,,,1732,2026-07-19T13:14:00,False,,ZAIN ALI,800,800,0,Cash,,,,
1969,,,RAJA MUDASIR SB JPS,FBMCL-00241,Booking Delivery,0,0,0,,MB NO.10720,SB-SL-2965,,,1733,2026-07-19T13:15:00,False,,OUTSIDER,0,0,0,Cash,,,,
1970,,,MAJID HUSSAIN SB AJNALA,FBMCL-00050,Booking Delivery,0,0,0,,MB NO.10722,SB-SL-2966,,,1734,2026-07-19T13:17:00,False,,HARIS SUFWAN ABID,800,800,0,Cash,,,,
1971,,,MUHAMMAD ARSHAD SB DHINDA POTAN WALAY,FBMCL-00256,Credit Customer,31600,0,0,,MB NO.10696,SB-SL-2967,,,1735,2026-07-18T13:18:00,False,,HAJI AHMED,1000,1000,0,Cash,,,,
1972,,,MUHAMMAD ARSHAD SB DHINDA POTAN WALAY,FBMCL-00256,Cash,31600,31600,0,,MB NO.10745,SB-SL-2968,,,,2026-07-19T13:24:00,False,,HAFIZ SHOAIB,1000,1000,0,Cash,2,,FBM  CASH,
1973,,,MIRZA REHMAN SB JPS,FBMCL-00191,Credit Customer,7950,0,0,,MB NO.10726,SB-SL-2969,,,1736,2026-07-19T13:28:00,False,,HAFIZ SHOAIB,0,0,0,Cash,,,,
1974,,,QAISER SB JPS,FBMCL-00263,Credit Customer,3000,0,0,,MB NO.10729,SB-SL-2970,,,1737,2026-07-19T13:31:00,False,,OUTSIDER,0,0,0,Cash,,,,
1975,,,MUHAMMAD ABID SB KOANKH,FBMCL-00154,Mixed Transaction,1800,0,0,,MB NO.10731,SB-SL-2971,,,1738,2026-07-19T13:34:00,False,,HAFIZ SHOAIB,3300,3300,0,Cash,,,,
1976,,,ZEESHAN ATTARI SB JPS,FBMCL-00178,Booking Delivery,0,0,0,,MB NO.10732,SB-SL-2972,,,1739,2026-07-19T13:38:00,False,,JAHANGIR PARSUWAL,300,300,0,Cash,,,,
1977,,,QAISER SB JPS,FBMCL-00263,Credit Customer,5753.599999999999,0,0.6,DISCOUNT,MB NO.10729.2,SB-SL-2973,,,1740,2026-07-19T13:45:00,False,,OUTSIDER,0,0,0,Cash,,,,
1978,,,FAZAL ILAHI SB JALPUWAL,FBMCL-00051,Booking Delivery,0,0,0,,MB NO.10733,SB-SL-2974,,,1741,2026-07-19T14:20:00,False,,JAHANGIR PARSUWAL,0,0,0,Cash,,,,
1979,,,SAGHEER BAIG SB KOANKH,FBMCL-00216,Mixed Transaction,5631.7,0,0,,MB NO.10738,SB-SL-2975,,,1742,2026-07-19T14:24:00,False,,HAFIZ SHOAIB,1237.5,1237.5,0,Cash,,,,
1980,,,YASIR YAQOOB SB DILAWARPUR,FBMCL-00163,Mixed Transaction,1400,0,0,,MB NO.10741,SB-SL-2976,,,1743,2026-07-19T14:31:00,False,,HAFIZ SHOAIB,1400,1400,0,Cash,,,,
1981,,,YASIR JAVED SB  JPS,FBMCL-00270,Booking Delivery,0,0,0,,MB NO.10742,SB-SL-2977,,,1744,2026-07-19T14:32:00,False,,OUTSIDER,0,0,0,Cash,,,,
1982,,,KHALID SB HANDA DERHA,FBMCL-00253,Mixed Transaction,21200,0,0,,MB NO.10740,SB-SL-2978,,,1745,2026-07-19T15:41:00,False,,JAHANGIR PARSUWAL,6000,6000,0,Cash,,,,
1983,,,SIKANDAR SB JAGUWAN,FBMCL-00225,Mixed Transaction,3507.599999999939,0,0,,MB NO.10751,SB-SL-2979,,,1746,2026-07-19T16:09:00,False,,HAJI AHMED,0,0,0,Cash,,,,
1984,,,SAJID SB GHURAL ( BOBY DRIVER ),FBMCL-00271,Booking Delivery,0,0,0,,MB NO.10756,SB-SL-2980,,,1747,2026-07-19T16:14:00,False,,HAFIZ SHOAIB,1250,1250,0,Cash,,,,
1985,,,SAJID SB GHURAL ( BOBY DRIVER ),FBMCL-00271,Booking Delivery,0,0,0,,MB NO.10868,SB-SL-2981,,,1748,2026-07-25T16:25:00,False,,HAFIZ SHOAIB,1250,1250,0,,,,,
1986,,,SHEHBAZ SB RANGPUR,FBMCL-00228,Credit Customer,1000,0,0,,MB NO.10695/2,SB-SL-2982,,,1749,2026-07-19T16:33:39.172329,False,,JAHANGIR PARSUWAL,1000,1000,0,Cash,,,,
1987,,,SHERAZ SB MALIK PUR,FBMCL-00162,Booking Delivery,0,0,0,,MB NO.10757,SB-SL-2983,,,1750,2026-07-19T16:35:00,False,,OUTSIDER,0,0,0,Cash,,,,
1988,,,RAJA MUDASIR SB JPS,FBMCL-00241,Booking Delivery,0,0,0,,MB NO.10759,SB-SL-2984,,,1751,2026-07-19T16:44:00,False,,OUTSIDER,0,0,0,Cash,,,,
1989,,,RAJA MUDASIR SB JPS,FBMCL-00241,Booking Delivery,0,0,2250,DISCOUNT,MB NO.10759/2,SB-SL-2985,,,1752,2026-07-19T18:00:32.355964,False,,OUTSIDER,0,0,0,Cash,,,,
1990,,,DR AMIN SB JPS,FBMCL-00192,Booking Delivery,0,0,0,,MB NO.10772,SB-SL-2986,,,1753,2026-07-20T09:12:00,False,,HAFIZ SHOAIB,300,300,0,Cash,,,,
1991,,,MIRZA AMJAD JAVED SB AJNALA SITE,FBMCL-00028,Credit Customer,40000,0,0,,MB NO.10767,SB-SL-2987,,,1754,2026-07-19T09:13:00,False,,ZAIN ALI,1250,1250,0,Cash,,,,
1992,,,ARIF SB JPS(HAJI ASHFAQ S),FBMCL-00087,Booking Delivery,0,0,0,,MB NO.10768,SB-SL-2988,,,1755,2026-07-20T09:39:00,False,,OUTSIDER,0,0,0,Cash,,,,
1993,,,IRFAN SB DEDHAR SHARIF,FBMCL-00205,Credit Customer,67291.6,0,0.6,DISCOUNT,MB NO.10703,SB-SL-2989,,,1756,2026-07-20T09:50:13.535061,False,,HARIS SUFWAN ABID,1200,1200,0,Cash,,,,
1994,,,QAISER SB JPS,FBMCL-00263,Credit Customer,3000,0,0,,MB NO.10777,SB-SL-2990,,,1757,2026-07-20T10:05:00,False,,OUTSIDER,0,0,0,Cash,,,,
1995,,,SIKANDAR SB JAGUWAN,FBMCL-00225,Booking Delivery,0,0,0,,MB NO.10778,SB-SL-2991,,,1758,2026-07-20T10:07:00,False,,HAFIZ SHOAIB,0,0,0,Cash,,,,
1996,,,FAISAL SB AJNALA,FBMCL-00088,Booking Delivery,0,0,0,,MB NO.8843,SB-SL-2992,,,1759,2026-06-03T10:26:00,False,,HAFIZ SHOAIB,800,800,0,Cash,,,,
1997,,,RAJA MUDASIR SB JPS,FBMCL-00241,Booking Delivery,0,0,0,,MB NO.10781,SB-SL-2993,,,1760,2026-07-20T10:47:00,False,,OUTSIDER,0,0,0,Cash,,,,
1998,,,MUHAMMAD ABID SB KOANKH,FBMCL-00154,Credit Customer,537.6999999999999,0,0.7,DISCOUNT,MB NO.10782,SB-SL-2994,,,1761,2026-07-20T10:51:00,False,,OUTSIDER,0,0,0,Cash,,,,
1999,,,HAJI AMANAT SB KHARANA,FBMCL-00274,Booking Delivery,0,0,0,,MB NO.10786,SB-SL-2995,,,1762,2026-07-20T11:44:04.811610,False,,HAJI AHMED,0,0,0,Cash,,,,
2000,,,GHULAM MURTZA SB KOANKH,FBMCL-00262,Credit Customer,23550,0,0,,MB NO.10789,SB-SL-2996,,,1763,2026-07-20T13:01:00,False,,HAFIZ SHOAIB,750,750,0,Cash,,,,
2001,,,ZEESHAN ATTARI SB JPS,FBMCL-00178,Mixed Transaction,6310.2,0,0,,MB NO.10791,SB-SL-2997,,,1764,2026-07-20T13:05:00,False,,MAUZAM +ALTAF,600,600,0,Cash,,,,
2002,,,TANVEER SB DHINDA,FBMCL-00277,Booking Delivery,0,0,0,,MB NO.10794,SB-SL-2998,,,1765,2026-07-20T13:38:00,False,,HARIS SUFWAN ABID,0,0,0,Cash,,,,
2003,,,MIRZA REHMAN SB JPS,FBMCL-00191,Mixed Transaction,10570,0,0,,MB NO.10797,SB-SL-2999,,,1766,2026-07-20T14:12:00,False,,MAUZAM +ALTAF,0,0,0,Cash,,,,
2004,,,MIRZA REHMAN SB JPS,FBMCL-00191,Credit Customer,3475,0,0,,MB NO.10798,SB-SL-3000,,,1767,2026-07-20T14:21:00,False,,HAJI AHMED,0,0,0,Cash,,,,
2005,,,MASTER JAMSHAID SB AJNALA,FBMCL-00276,Booking Delivery,0,0,0,,MB NO.10799,SB-SL-3001,,,1768,2026-07-20T14:38:00,False,,20 WHEELER,0,0,0,Cash,,,,
2006,,,QAISER SB JPS,FBMCL-00263,Credit Customer,1500,0,0,,MB NO.10777/2,SB-SL-3002,,,1769,2026-07-20T14:45:00,False,,OUTSIDER,0,0,0,Cash,,,,
2007,,,CH IMRAN SB JPS,FBMCL-00215,Booking Delivery,0,0,0,,MB NO.10801,SB-SL-3003,,,1770,2026-07-20T14:58:00,False,,HAFIZ SHOAIB,5400,5400,0,Cash,,,,
2008,,,CH MUHAMMAD AKRAM RIHANIA SB JPS,FBMCL-00167,Booking Delivery,0,0,0,,MB NO.10803,SB-SL-3004,,,1771,2026-07-20T15:21:00,False,,MAUZAM +ALTAF,0,0,0,Cash,,,,
2009,,,CH IMRAN SB JPS,FBMCL-00215,Booking Delivery,0,0,0,,MB NO.10806,SB-SL-3005,,,1772,2026-07-20T15:47:00,False,,JAHANGIR PARSUWAL,300,300,0,Cash,,,,
2010,,,MIRZA REHMAN SB JPS,FBMCL-00191,Credit Customer,141611,0,0,,MB NO.10049,SB-SL-3006,,,1773,2026-07-02T16:32:00,False,,HARIS SUFWAN ABID,0,0,0,Cash,,,,
2011,,,SAGHEER BAIG SB KOANKH,FBMCL-00216,Credit Customer,2460,0,0,,MB NO.10812,SB-SL-3007,,,1774,2026-07-20T17:34:00,False,,HAFIZ SHOAIB,500,500,0,Cash,,,,
2012,,,ARIF BAIG SB KOANKH (ASIM BAIG),FBMCL-00124,Credit Customer,2180,0,0,,MB NO.10813,SB-SL-3008,,,1775,2026-07-20T17:39:00,False,,HAFIZ SHOAIB,500,500,0,Cash,,,,
2013,,,MASJID PANJTAN PAK JPS(QARI ANSAR SB),FBMCL-00026,Booking Delivery,0,0,0,,MB NO.10814,SB-SL-3009,,,1776,2026-07-20T17:44:00,False,,MAUZAM +ALTAF,500,500,0,Cash,,,,
2014,,,SUBEDAR MUHAMMAD ARSHAD SB KHANPUR KHOKHAR,FBMCL-00066,Mixed Transaction,25245,0,0,,MB NO.10816,SB-SL-3010,,,1777,2026-07-20T09:14:00,False,,HARIS SUFWAN ABID,0,0,0,Cash,,,,
2015,,,SUBEDAR MUHAMMAD ARSHAD SB KHANPUR KHOKHAR,FBMCL-00066,Booking Delivery,0,0,0,,MB NO.10816/2,SB-SL-3011,,,1778,2026-07-20T09:21:00,False,,HARIS SUFWAN ABID,4000,4000,0,Cash,,,,
2016,,,EHSAN SB LOADER PARSUWAL,FBMCL-00278,Booking Delivery,0,0,0,,MB NO.10817,SB-SL-3012,,,1779,2026-07-20T09:24:00,False,,OUTSIDER,0,0,0,Cash,,,,
2017,,,FAISAL SB AJNALA,FBMCL-00088,Booking Delivery,0,0,0,,MB NO.10820,SB-SL-3013,,,1780,2026-07-22T09:26:00,False,,HAJI AHMED,500,500,0,Cash,,,,
2018,,,ALI SHAN SB RANGRA,FBMCL-00243,Booking Delivery,0,0,0,,MB NO.10826,SB-SL-3014,,,1781,2026-07-23T09:31:00,False,,JAHANGIR PARSUWAL,0,0,0,Cash,,,,
2019,,,WAJID SB AJNALA,FBMCL-00203,Booking Delivery,0,0,0,,MB NO.10827,SB-SL-3015,,,1782,2026-07-23T09:35:00,False,,HARIS SUFWAN ABID,500,500,0,Cash,,,,
2020,,,JAWAD SB AJNALA JPS,FBMCL-00013,Credit Customer,2750,0,0,,MB NO.10819,SB-SL-3016,,,1783,2026-07-21T10:21:00,False,,OUTSIDER,0,0,0,Cash,,,,
2021,,,JAWAD SB AJNALA JPS,FBMCL-00013,Credit Customer,1550,0,0,,MB NO.10819/2,SB-SL-3017,,,1784,2026-07-23T10:23:00,False,,OUTSIDER,0,0,0,Cash,,,,
2022,,,EHSAN SB LOADER PARSUWAL,FBMCL-00278,Mixed Transaction,4814.4,0,0,,MB NO.10764,SB-SL-3018,,,1785,2026-07-19T10:29:00,False,,OUTSIDER,0,0,0,Cash,,,,
2023,,,HAFIZ ABDUL JABBAR SB RANGPUR,FBMCL-00202,Booking Delivery,0,0,0,,MB NO.1234567890,SB-SL-3019,,,1786,2026-07-16T10:53:00,False,,OUTSIDER,0,0,0,Cash,,,,
2024,,,HAFIZ ABDUL JABBAR SB RANGPUR,FBMCL-00202,Credit Customer,3000,0,0,,MB NO.10644/2,SB-SL-3020,,,1787,2026-07-17T10:56:00,False,,HAJI AHMED,3000,0,0,Cash,,,,
2025,,,HAFIZ ABDUL JABBAR SB RANGPUR,FBMCL-00202,Booking Delivery,0,0,0,,MB NO.8222/21,SB-SL-3021,,,1788,2026-02-06T10:58:00,False,,HAFIZ SHOAIB,87.02307692303181,87.02,0,Cash,,,,
2026,,,SHABEEB SB KANIYAN,FBMCL-00209,Mixed Transaction,24183.20000000003,0,0,,MB NO.9299,SB-SL-3022,,,1789,2026-06-14T11:02:00,False,,HAFIZ SHOAIB,0,0,0,Cash,,,,
2027,,,SHABEEB SB KANIYAN,FBMCL-00209,Credit Customer,1500,0,0,,MB NO.9302/2,SB-SL-3023,,,1790,2026-06-14T11:16:00,False,,HAFIZ SHOAIB,1500,1500,0,Cash,,,,
2028,,,HAJI WARIS SB JPS,FBMCL-00071,Credit Customer,50148,0,0,,MB NO.10828,SB-SL-3024,,,1791,2026-07-23T11:26:00,False,,ZAHID LOADER,0,0,0,Cash,,,,
2029,,,SULEIMAN SB AJNALA,FBMCL-00064,Mixed Transaction,7296,0,0,,MB NO.9307,SB-SL-3025,,,1792,2026-06-14T11:28:00,False,,HAFIZ SHOAIB,0,0,0,,,,,
2030,,,SAGHEER BAIG SB KOANKH,FBMCL-00216,Booking Delivery,0,0,2.6,,MB NO.10831,SB-SL-3026,,,1793,2026-07-23T11:44:00,False,,OUTSIDER,0,0,0,Cash,,,,
2031,,,MUHAMMAD ABID SB KOANKH,FBMCL-00154,Booking Delivery,0,0,0,,MB NO.10832,SB-SL-3027,,,1794,2026-07-23T11:48:00,False,,OUTSIDER,0,0,0,Cash,,,,
2032,,,RAZA ULLAH SB MALAK PUR,FBMCL-00029,Booking Delivery,0,0,0,,MB NO.9312,SB-SL-3028,,,1795,2026-06-14T12:03:00,False,,HAJI AHMED,0,0,0,Cash,,,,
2033,,,QARI EJAZ SB HOME KOANKH,FBMCL-00129,Credit Customer,43700,0,0,,MB NO.9316,SB-SL-3029,,,1796,2026-06-14T12:06:00,False,,HAFIZ SHOAIB,2000,2000,0,Cash,,,,
2034,,,ATIF BAIG SB KOANKH,FBMCL-00224,Booking Delivery,0,0,0,,MB NO.9319,SB-SL-3030,,,1797,2026-06-15T12:12:00,False,,OUTSIDER,0,0,0,Cash,,,,
2035,,,TAHIR SB AJNALA,FBMCL-00038,Booking Delivery,0,0,0,,MB NO.9373,SB-SL-3031,,,1798,2026-06-16T12:14:00,False,,ALI HAMZA,0,0,0,Cash,,,,
2036,,,ATIF BAIG SB KOANKH,FBMCL-00224,Booking Delivery,0,0,0,,MB NO.9374,SB-SL-3032,,,1799,2026-06-16T12:20:00,False,,OUTSIDER,0,0,0,Cash,,,,
2037,,,ATIF BAIG SB KOANKH,FBMCL-00224,Booking Delivery,0,0,0,,MB NO.9363,SB-SL-3033,,,1800,2026-06-16T12:21:00,False,,OUTSIDER,0,0,0,Cash,,,,
2038,,,MIRZA YOUNUS SB JPS,FBMCL-00208,Mixed Transaction,19877.2,0,0,,MB NO.9385,SB-SL-3034,,,1801,2026-06-16T12:23:00,False,,JAHANGIR PARSUWAL,2050,2050,0,Cash,,,,
2039,,,ASIM SB KOANKH,FBMCL-00259,Mixed Transaction,52.59999999999981,0,0,,MB NO.9390,SB-SL-3035,,,1802,2026-06-16T12:47:00,False,,OUTSIDER,0,0,0,Cash,,,,
2040,,,MUHAMMAD SHABEER SB CONT TIBBA AJNALA,FBMCL-00169,Mixed Transaction,7800,0,0,,MB NO.10823,SB-SL-3036,,,1803,2026-07-23T13:36:00,False,,HAFIZ SHOAIB,1250,1250,0,Cash,,,,
2041,,,ABDULLAH SB KOANKH,FBMCL-00063,Credit Customer,1500,0,0,,MB NO.9475/2,SB-SL-3037,,,1804,2026-06-18T14:47:00,False,,OUTSIDER,0,0,0,,,,,
2042,,,SHABEEB SB KANIYAN,FBMCL-00209,Booking Delivery,0,0,0,,MB NO.10837,SB-SL-3038,,,1805,2026-07-23T14:49:00,False,,ZAIN ALI,6960,6960,0,Cash,,,,
2043,,,HDC SYED TASSAWAR SHAH SB MALIKPUR SITE,FBMCL-00200,Mixed Transaction,10900,0,0,,MB NO.3515,SB-SL-3039,,,1806,2025-11-11T16:04:00,False,,HAJI AHMED,1200,1200,0,,,,,
2044,,,MASTER ZAHOOR SB JPS,FBMCL-00145,Credit Customer,37250,0,0,,MB NO.10800,SB-SL-3040,,,1807,2026-07-20T16:18:00,False,,OUTSIDER,0,0,0,Cash,,,,
2045,,,HDC SYED TASSAWAR SHAH SB MALIKPUR SITE,FBMCL-00200,Booking Delivery,0,0,0,,MB NO.3554,SB-SL-3041,,,1808,2025-11-11T16:26:00,False,,HAJI AHMED,240,240,0,Cash,,,,
2046,,,HDC SYED TASSAWAR SHAH SB MALIKPUR SITE,FBMCL-00200,Booking Delivery,0,0,0,,MB NO.3589,SB-SL-3042,,,1809,2025-11-13T16:28:00,False,,HAJI AHMED,400,400,0,Cash,,,,
2047,,,ZEESHAN ATTARI SB JPS,FBMCL-00178,Credit Customer,800,0,0,,MB NO.10841,SB-SL-3043,,,1810,2026-07-23T16:34:00,False,,OUTSIDER,0,0,0,Cash,,,,
2048,,,MASJID PANJTAN PAK JPS(QARI ANSAR SB),FBMCL-00026,Booking Delivery,0,0,0,,MB NO.10845,SB-SL-3044,,,1811,2026-07-23T16:51:00,False,,HAFIZ SHOAIB,500,500,0,,,,,
2049,,,HDC SYED TASSAWAR SHAH SB MALIKPUR SITE,FBMCL-00200,Credit Customer,50000,0,0,,MB NO.3645,SB-SL-3045,,,1812,2025-11-15T17:06:00,False,,OUTSIDER,0,0,0,Cash,,,,
2050,,,HDC SYED TASSAWAR SHAH SB MALIKPUR SITE,FBMCL-00200,Mixed Transaction,11792,0,0,,MB NO.3705,SB-SL-3046,,,1813,2025-11-06T17:09:00,False,,HAJI AHMED,200,200,0,Cash,,,,
2051,,,HDC SYED TASSAWAR SHAH SB MALIKPUR SITE,FBMCL-00200,Booking Delivery,0,0,0,,MB NO.4645,SB-SL-3047,,,1814,2025-12-27T17:13:00,False,,HAJI AHMED,400,400,0,Cash,,,,
2052,,,HDC SYED TASSAWAR SHAH SB MALIKPUR SITE,FBMCL-00200,Booking Delivery,0,0,0,,MB NO.4678,SB-SL-3048,,,1815,2025-12-28T17:18:00,False,,HAJI AHMED,400,400,0,Cash,,,,
2053,,,HDC SYED TASSAWAR SHAH SB MALIKPUR SITE,FBMCL-00200,Booking Delivery,0,0,0,,MB NO.4723,SB-SL-3049,,,1816,2025-12-30T17:21:00,False,,HAFIZ SHOAIB,400,400,0,Cash,,,,
2055,,,HDC SYED TASSAWAR SHAH SB MALIKPUR SITE,FBMCL-00200,Booking Delivery,0,0,0,,MB NO.4844,SB-SL-3051,,,1818,2026-01-05T17:37:00,False,,HAJI AHMED,800,800,0,Cash,,,,
2056,,,HDC SYED TASSAWAR SHAH SB MALIKPUR SITE,FBMCL-00200,Booking Delivery,0,0,0,,MB NO.4868,SB-SL-3052,,,1819,2026-01-05T17:38:00,False,,HAJI AHMED,280,280,0,Cash,,,,
2057,,,HDC SYED TASSAWAR SHAH SB MALIKPUR SITE,FBMCL-00200,Booking Delivery,0,0,0,,MB NO.4928,SB-SL-3053,,,1820,2025-10-15T17:41:00,False,,HAJI AHMED,400,400,0,Cash,,,,
2060,,,HAFIZ ZEESHAN SB GHURAIRA,FBMCL-00266,Booking Delivery,0,0,0,,MB NO.10855,SB-SL-3056,,,1823,2026-07-24T14:00:00,False,,OUTSIDER,0,0,0,Cash,,,,
2061,,,CH IMRAN SB JPS,FBMCL-00215,Booking Delivery,0,0,0,,MB NO.10857,SB-SL-3057,,,1824,2026-07-25T09:02:00,False,,HAJI AHMED,600,600,0,Cash,,,,
2062,,,CH MUHAMMAD AKRAM RIHANIA SB JPS,FBMCL-00167,Booking Delivery,0,0,0,,MB NO.10859,SB-SL-3058,,,1825,2026-07-25T09:14:00,False,,ZAIN ALI,0,0,0,Cash,,,,
2063,,,FAROOQ SB GHURAIRA,FBMCL-00279,Credit Customer,22800,0,0,,MB NO.10858,SB-SL-3059,,,1826,2026-07-25T09:16:00,False,,HARIS SUFWAN ABID,0,0,0,Cash,,,,
2064,,,RAJA PARWEZ SB RANGPUR,FBMCL-00111,Credit Customer,12000,0,0,,MB NO.10861,SB-SL-3060,,,1827,2026-07-25T10:00:00,False,,HAFIZ SHOAIB,0,0,0,Cash,,,,
2065,,,NAZAKAT MOBILE SHOP JPS,FBMCL-00018,Credit Customer,280,0,0,,MB NO.10862/2,SB-SL-3061,,,1828,2026-07-04T10:21:00,False,,OUTSIDER,0,0,0,Cash,,,,
2066,,,NAZAKAT MOBILE SHOP JPS,FBMCL-00018,Credit Customer,285,0,0,,MB NO.10834,SB-SL-3062,,,1829,2026-07-23T10:24:00,False,,OUTSIDER,0,0,0,Cash,,,,
2067,,,YOUNIS GHAFFARI SB JPS,FBMCL-00247,Credit Customer,1400,0,0,,MB NO.9196,SB-SL-3063,,,1830,2026-06-11T10:36:00,False,,OUTSIDER,0,0,0,Cash,,,,
2068,,,YOUNIS GHAFFARI SB JPS,FBMCL-00247,Credit Customer,3580,0,0,,MB NO.9232,SB-SL-3064,,,1831,2026-06-13T10:37:00,False,,OUTSIDER,0,0,0,Cash,,,,
2069,,,YOUNIS GHAFFARI SB JPS,FBMCL-00247,Credit Customer,2180,0,0,,MB NO.9232/2,SB-SL-3065,,,1832,2026-06-14T10:43:00,False,,MAUZAM +ALTAF,0,0,0,Cash,,,,
2070,,,SALEEM CONT JPS,FBMCL-00031,Credit Customer,8650,0,0,,MB NO.9318,SB-SL-3066,,,1833,2026-06-14T11:34:00,False,,OUTSIDER,0,0,0,Cash,,,,
2071,,,SALEEM CONT JPS,FBMCL-00031,Credit Customer,700,0,0,,MB NO.9348,SB-SL-3067,,,1834,2026-06-15T11:49:00,False,,OUTSIDER,0,0,0,Cash,,,,
2072,,,SALEEM CONT JPS,FBMCL-00031,Credit Customer,1625,0,0,,MB NO.9653,SB-SL-3068,,,1835,2026-06-22T11:55:00,False,,OUTSIDER,0,0,0,Cash,,,,
2073,,,SALEEM CONT JPS,FBMCL-00031,Credit Customer,1375,0,0,,MB NO.9766,SB-SL-3069,,,1836,2026-06-25T11:58:00,False,,OUTSIDER,0,0,0,Cash,,,,
2074,,,SHERAZ SB MALIK PUR,FBMCL-00162,Booking Delivery,0,0,0,,MB NO.10856,SB-SL-3070,,,1837,2026-07-25T12:24:00,False,,OUTSIDER,0,0,0,Cash,,,,
2075,,,IBRAR ASHRAF SB MALIKPUR,FBMCL-00182,Booking Delivery,0,0,0,,MB NO.7744/2,SB-SL-3071,,,1838,2026-04-26T13:21:00,False,,HARIS SUFWAN ABID,1440,1360,0,,,,,
2076,,,AHMED SUBHANI SB AJNALA,FBMCL-00033,Booking Delivery,0,0,0,,MB NO.6457,SB-SL-3072,,,1839,2026-02-03T13:24:00,False,,HAJI AHMED,560,560,0,Cash,,,,
2077,,,JAWAD SB AJNALA JPS,FBMCL-00013,Credit Customer,1550,0,0,,MB NO.10867,SB-SL-3073,,,1840,2026-07-25T17:23:00,False,,OUTSIDER,0,0,0,Cash,,,,
2078,,,UMER HAYAT SB AJNALA,FBMCL-00275,Booking Delivery,0,0,0,,MB NO.10869,SB-SL-3074,,,1841,2026-07-26T09:05:00,False,,JAHANGIR PARSUWAL,1000,1000,0,Cash,,,,
2079,,,SAGHEER BAIG SB KOANKH,FBMCL-00216,Booking Delivery,0,0,0,,MB NO.10870,SB-SL-3075,,,1842,2026-07-26T09:06:00,False,,HAFIZ SHOAIB,1250,1250,0,Cash,,,,
2080,,,MUHAMMAD ABID SB KOANKH,FBMCL-00154,Booking Delivery,0,0,0,,MB NO.10871,SB-SL-3076,,,1843,2026-07-26T09:06:00,False,,HAFIZ SHOAIB,1500,1200,0,Cash,,,,
2081,,,FAISAL SB AJNALA,FBMCL-00088,Booking Delivery,0,0,0,,MB NO.10872,SB-SL-3077,,,1844,2026-07-26T09:08:00,False,,ZAIN ALI,2500,1000,0,Cash,,,,
2082,,,MUHAMMAD RAZAQ SB JPS,FBMCL-00147,Credit Customer,31000,0,0,,MB NO.10874,SB-SL-3078,,,1845,2026-07-26T09:14:00,False,,HAJI AHMED,600,600,0,Cash,,,,
2083,,,FAROOQ KALAS SB PARSUWAL,FBMCL-00138,Booking Delivery,0,0,0,,MB NO.10878,SB-SL-3079,,,1846,2026-07-26T10:34:00,False,,HAFIZ SHOAIB,800,800,0,Cash,,,,
2084,,,ARIF BAIG SB KOANKH (ASIM BAIG),FBMCL-00124,Credit Customer,560,0,0,,MB NO.10881,SB-SL-3080,,,1847,2026-07-26T11:11:00,False,,OUTSIDER,0,0,0,Cash,,,,
2085,,,HAJI IQBAL SB JPS,FBMCL-00047,Credit Customer,2150,0,0,,MB NO.10749,SB-SL-3081,,,1848,2026-07-19T12:09:00,False,,OUTSIDER,0,0,0,Cash,,,,
2086,,,HAJI IQBAL SB JPS,FBMCL-00047,Mixed Transaction,37835.2,0,2.2,DISCOUNT,MB NO.10880,SB-SL-3082,,,1849,2026-07-26T12:19:00,False,,HAJI AHMED,1006.5,1006.5,0,Cash,,,,
2087,,,HAJI IQBAL SB JPS,FBMCL-00047,Mixed Transaction,8600,0,0,,MB NO.10886,SB-SL-3083,,,1850,2026-07-26T12:41:28.996780,False,,JAHANGIR PARSUWAL,960.125,960.13,0.004999999999995453,Cash,,,,
2088,,,HAJI IQBAL SB JPS,FBMCL-00047,Booking Delivery,0,0,0,,MB NO.10887,SB-SL-3084,,,1851,2026-07-26T12:44:00,False,,JAHANGIR PARSUWAL,0,0,0,Cash,,,,
2089,,,HDC SYED TASSAWAR SHAH SB MALIKPUR SITE,FBMCL-00200,Mixed Transaction,4800,0,0,,MB NO.5128,SB-SL-3085,,,1852,2026-01-14T12:56:00,False,,HAJI AHMED,800,800,0,,,,,
2090,,,HDC SYED TASSAWAR SHAH SB MALIKPUR SITE,FBMCL-00200,Booking Delivery,0,0,0,,MB NO.5299,SB-SL-3086,,,1853,2026-01-21T13:34:00,False,,HAJI AHMED,400,400,0,Cash,,,,
2091,,,HDC SYED TASSAWAR SHAH SB MALIKPUR SITE,FBMCL-00200,Booking Delivery,0,0,0,,MB NO.5437,SB-SL-3087,,,1854,2026-01-26T13:35:00,False,,HAJI AHMED,400,400,0,Cash,,,,
2092,,,HDC SYED TASSAWAR SHAH SB MALIKPUR SITE,FBMCL-00200,Mixed Transaction,2158,0,0,,MB NO.5510,SB-SL-3088,,,1855,2026-01-28T13:40:00,False,,MAUZAM +ALTAF,0,0,0,Cash,,,,
2093,,,HDC SYED TASSAWAR SHAH SB MALIKPUR SITE,FBMCL-00200,Booking Delivery,0,0,0,,MB NO.5594,SB-SL-3089,,,1856,2026-01-31T13:45:00,False,,HAJI AHMED,400,400,0,Cash,,,,
2094,,,HDC SYED TASSAWAR SHAH SB MALIKPUR SITE,FBMCL-00200,Booking Delivery,0,0,0,,MB NO.5710,SB-SL-3090,,,1857,2026-02-04T13:47:00,False,,HAJI AHMED,160,160,0,Cash,,,,
2095,,,MIRZA NAZAR BAIG SB KOANKH,FBMCL-00212,Booking Delivery,0,0,0,,MB NO.10890,SB-SL-3091,,,1858,2026-07-26T13:57:00,False,,HAJI AHMED,1000,1000,0,Cash,,,,
2096,,,RAJA MUDASIR SB JPS,FBMCL-00241,Booking Delivery,0,0,0,,MB NO.10894,SB-SL-3092,,,1859,2026-07-26T15:21:00,False,,OUTSIDER,0,0,0,Cash,,,,
2097,,,Orphan13,ORPH-00013,Cash,15000,15000,0,,MB NO.10895,SB-SL-3093,,,,2026-07-26T15:26:00,False,"[MIGRATION] Orphan record. Original client: ""ADNAN LOADER GHURAIRA"".",OUTSIDER,0,0,0,Cash,2,,FBM  CASH,
2098,,,MUHAMMAD AKRAM SB SANTAL SURKHIYAN,FBMCL-00150,Mixed Transaction,32818.1,0,1.1,DISCOUNT,MB NO.10888,SB-SL-3094,,,1860,2026-07-26T15:37:00,False,,ZAIN ALI,0,0,0,Cash,,,,
2099,,,HDC SYED TASSAWAR SHAH SB MALIKPUR SITE,FBMCL-00200,Booking Delivery,0,0,0,,MB NO.5875,SB-SL-3095,,,1861,2026-02-10T15:42:00,False,,HAJI AHMED,200,200,0,Cash,,,,
2100,,,HDC SYED TASSAWAR SHAH SB MALIKPUR SITE,FBMCL-00200,Credit Customer,10000,0,0,,MB NO.6115,SB-SL-3096,,,1862,2026-02-17T16:03:00,False,,HAJI AHMED,1000,1000,0,Cash,,,,
2101,,,HDC SYED TASSAWAR SHAH SB MALIKPUR SITE,FBMCL-00200,Mixed Transaction,55339.5,0,0.5,DISCOUNT,MB NO.6139,SB-SL-3097,,,1863,2026-02-18T16:06:00,False,,HAJI AHMED,1511.2,1511.2,0,Cash,,,,
2102,,,HDC SYED TASSAWAR SHAH SB MALIKPUR SITE,FBMCL-00200,Booking Delivery,0,0,0,,MB NO.6184,SB-SL-3098,,,1864,2026-02-19T16:23:00,False,,HAJI AHMED,1478.4,1478.4,0,Cash,,,,
2103,,,HDC SYED TASSAWAR SHAH SB MALIKPUR SITE,FBMCL-00200,Credit Customer,10000,0,0,,MB NO.6240,SB-SL-3099,,,1865,2026-02-22T16:26:00,False,,HAJI AHMED,1000,1000,0,Cash,,,,
2104,,,HDC SYED TASSAWAR SHAH SB MALIKPUR SITE,FBMCL-00200,Booking Delivery,0,0,0,,MB NO.6255,SB-SL-3100,,,1866,2026-02-22T16:31:00,False,,HAJI AHMED,6600,6600,0,Cash,,,,
2105,,,HDC SYED TASSAWAR SHAH SB MALIKPUR SITE,FBMCL-00200,Credit Customer,10000,0,0,,MB NO.6270,SB-SL-3101,,,1867,2026-02-23T16:35:00,False,,JAHANGIR PARSUWAL,1000,1000,0,Cash,,,,
2106,,,HDC SYED TASSAWAR SHAH SB MALIKPUR SITE,FBMCL-00200,Credit Customer,20000,0,0,,MB NO.6329,SB-SL-3102,,,1868,2026-07-26T16:41:02.565495,False,,HAJI AHMED,2000,2000,0,Cash,,,,
2107,,,HDC SYED TASSAWAR SHAH SB MALIKPUR SITE,FBMCL-00200,Credit Customer,20000,0,0,,MB NO.6356,SB-SL-3103,,,1869,2026-02-26T16:41:00,False,,HAJI AHMED,2000,2000,0,Cash,,,,
2108,,,HDC SYED TASSAWAR SHAH SB MALIKPUR SITE,FBMCL-00200,Mixed Transaction,3344.499999998003,0,0,,MB NO.6821,SB-SL-3104,,,1870,2026-03-14T16:45:00,False,,HAJI AHMED,1000,1000,0,Cash,,,,
2109,,,HDC SYED TASSAWAR SHAH SB MALIKPUR SITE,FBMCL-00200,Booking Delivery,0,0,0,,MB NO.6896,SB-SL-3105,,,1871,2026-03-13T16:52:00,False,,HAFIZ SHOAIB,400,400,0,Cash,,,,
2110,,,MIRZA NAZAR BAIG SB KOANKH,FBMCL-00212,Booking Delivery,0,0,0,,MB NO.10898,SB-SL-3106,,,1872,2026-07-26T17:08:00,False,,HAJI AHMED,1000,1000,0,Cash,,,,
2111,,,HDC SYED TASSAWAR SHAH SB MALIKPUR SITE,FBMCL-00200,Booking Delivery,0,0,0,,MB NO.6952/2,SB-SL-3107,,,1873,2026-04-24T17:13:00,False,,SHARJEEL SAFWAN ABID,800,800,0,,,,,
2112,,,HDC SYED TASSAWAR SHAH SB MALIKPUR SITE,FBMCL-00200,Mixed Transaction,1014,0,0,,MB NO.7134,SB-SL-3108,,,1874,2026-04-01T17:13:00,False,,OUTSIDER,0,0,0,Cash,,,,
2113,,,MIRZA NAZAR BAIG SB KOANKH,FBMCL-00212,Booking Delivery,0,0,0,,MB NO.10900,SB-SL-3109,,,1875,2026-07-26T17:16:00,False,,HAFIZ SHOAIB,2496,2496,0,Cash,,,,
2114,,,HDC SYED TASSAWAR SHAH SB MALIKPUR SITE,FBMCL-00200,Booking Delivery,0,0,0,,MB NO.7302,SB-SL-3110,,,1876,2026-04-08T17:18:00,False,,HAJI AHMED,322.8,322.8,0,Cash,,,,
2115,,,HDC SYED TASSAWAR SHAH SB MALIKPUR SITE,FBMCL-00200,Booking Delivery,0,0,0,,MB NO.7329,SB-SL-3111,,,1877,2026-04-09T17:21:00,False,,HAJI AHMED,0,0,0,Cash,,,,
2116,,,HDC SYED TASSAWAR SHAH SB MALIKPUR SITE,FBMCL-00200,Booking Delivery,0,0,0,,MB NO.7343,SB-SL-3112,,,1878,2026-04-09T17:24:00,False,,HAJI AHMED,3320,3320,0,Cash,,,,
2117,,,HDC SYED TASSAWAR SHAH SB MALIKPUR SITE,FBMCL-00200,Mixed Transaction,416,0,0,,MB NO.7410,SB-SL-3113,,,1879,2026-04-12T17:31:00,False,,HAJI AHMED,400,400,0,Cash,,,,
2118,,,JAWAD SB AJNALA JPS,FBMCL-00013,Credit Customer,1550,0,0,,MB NO.10891,SB-SL-3114,,,1880,2026-07-26T09:52:00,False,,OUTSIDER,0,0,0,Cash,,,,
2119,,,SHAMRAIZ SB HANDA STOP,FBMCL-00272,Booking Delivery,0,0,0,,MB NO.10897,SB-SL-3115,,,1881,2026-07-27T10:37:00,False,,HARIS SUFWAN ABID,0,0,0,Cash,,,,
2120,,,HAJI IQBAL SB JPS,FBMCL-00047,Booking Delivery,0,0,0,,MB NO.10901,SB-SL-3116,,,1882,2026-07-26T10:43:00,False,,OUTSIDER,0,0,0,Cash,,,,
2121,,,MEHAR SHAFIQ HARDWARE STORE JPS,FBMCL-00281,Credit Customer,9700,0,0,,MB NO.10902,SB-SL-3117,,,1883,2026-07-26T11:10:00,False,,HAJI AHMED,400,400,0,Cash,,,,
2122,,,MUHAMMAD ARIF BAIG SB KOANKH (KAMRAN NUMBERDAR),FBMCL-00177,Booking Delivery,0,0,0,,MB NO.10903,SB-SL-3118,,,1884,2026-07-26T11:13:00,False,,HAFIZ SHOAIB,1000,1000,0,Cash,,,,
2123,,,HAJI IQBAL SB JPS,FBMCL-00047,Booking Delivery,0,0,0,,MB NO.10906,SB-SL-3119,,,1885,2026-07-27T13:37:00,False,,JAHANGIR PARSUWAL,755.375,755.38,0.004999999999995453,Cash,,,,
2124,,,JAWAD SB AJNALA JPS,FBMCL-00013,Credit Customer,3100,0,0,,MB NO.10919,SB-SL-3120,,,1886,2026-07-27T13:50:00,False,,OUTSIDER,0,0,0,Cash,,,,
2125,,,HAJI IQBAL SB JPS,FBMCL-00047,Booking Delivery,0,0,0,,MB NO.10924,SB-SL-3121,,,1887,2026-07-27T14:23:00,False,,HARIS SUFWAN ABID,604.125,604.13,0.004999999999995453,Cash,,,,
2126,,,MIRZA NAZAR BAIG SB KOANKH,FBMCL-00212,Credit Customer,3500,0,0,,MB NO.10928,SB-SL-3122,,,1888,2026-07-27T14:31:00,False,,NAZIM,1000,1000,0,Cash,,,,
2127,,,MUHAMMAD BASHEER SB CONT KOANKH,FBMCL-00067,Booking Delivery,0,0,0,,MB NO.7971/2,SB-SL-3123,,,1889,2026-04-05T15:13:00,False,,HAJI AHMED,2250,2250,0,Cash,,,,
2128,,,MIRZA NAZAR BAIG SB KOANKH,FBMCL-00212,Credit Customer,34900,0,0,,MB NO.10935,SB-SL-3124,,,1890,2026-07-27T15:19:00,False,,NAZIM,2000,2000,0,Cash,,,,
2129,,,RAJA MUDASIR SB JPS,FBMCL-00241,Booking Delivery,0,0,0,,MB NO.10936,SB-SL-3125,,,1891,2026-07-27T15:24:00,False,,OUTSIDER,0,0,0,Cash,,,,
2130,,,SUBEDAR MUHAMMAD ARSHAD SB KHANPUR KHOKHAR,FBMCL-00066,Booking Delivery,0,0,0,,MB NO.10937,SB-SL-3126,,,1892,2026-07-27T15:27:00,False,,HAFIZ SHOAIB,9600,0,0,Cash,,,,
2131,,,MAZHAR SB RUPOWAL DERA,FBMCL-00009,Credit Customer,39250,0,0,,MB NO.10938,SB-SL-3127,,,1893,2026-07-27T15:30:00,False,,HARIS SUFWAN ABID,1250,1250,0,Cash,,,,
2132,,,FAZAL ILAHI SB JALPUWAL,FBMCL-00051,Mixed Transaction,15700,0,0,,MB NO.10939,SB-SL-3128,,,1894,2026-07-27T15:35:00,False,,HAJI AHMED,2000,2000,0,Cash,,,,
2133,,,MUHAMMAD ARSHAD SB GHURAL (SUBEDAR QADAR DAD SB),FBMCL-00175,Mixed Transaction,99237.59999999996,0,0.6,DISCOUNT,MB NO.10941,SB-SL-3129,,,1895,2026-07-27T15:40:00,False,,JAHANGIR PARSUWAL,0,0,0,Cash,,,,
2134,,,HAJI IQBAL SB JPS,FBMCL-00047,Booking Delivery,0,0,0,,MB NO.10942,SB-SL-3130,,,1896,2026-07-27T15:41:00,False,,NAZIM,0,0,0,Cash,,,,
2135,,,SHAMRAIZ SB JAGUWAN,FBMCL-00244,Booking Delivery,0,0,0,,MB NO.10945,SB-SL-3131,,,1897,2026-07-27T16:21:00,False,,HAFIZ SHOAIB,2200,2200,0,Cash,,,,
2136,,,MUHAMMAD BASHEER SB CONT KOANKH,FBMCL-00067,Booking Delivery,0,0,0,,MB NO.10947,SB-SL-3132,,,1898,2026-07-27T16:40:00,False,,HAJI AHMED,750,750,0,Cash,,,,
2137,,,SUBEDAR MUHAMMAD ARSHAD SB KHANPUR KHOKHAR,FBMCL-00066,Credit Customer,4000,0,0,,MB NO.10937/2,SB-SL-3133,,,1899,2026-07-27T16:44:00,False,,HAFIZ SHOAIB,0,0,0,Cash,,,,
2138,,,MUHAMMAD AKRAM SB SANTAL SURKHIYAN,FBMCL-00150,Credit Customer,8000,0,0,,MB NO.10888/2,SB-SL-3134,,,1900,2026-07-26T16:46:00,False,,JAHANGIR PARSUWAL,8000,8000,0,Cash,,,,
2139,,,HAJI YOUSUF BUTT JPS,FBMCL-00100,Booking Delivery,0,0,0,,MB NO.10952,SB-SL-3135,,,1901,2026-07-28T08:53:00,False,,HARIS SUFWAN ABID,600,600,0,Cash,,,,
2140,,,HAJI AMANAT SB KHARANA,FBMCL-00274,Booking Delivery,0,0,0,,MB NO.10953,SB-SL-3136,,,1902,2026-07-28T08:59:00,False,,HAJI AHMED,0,0,0,Cash,,,,
2141,,,HAJI IQBAL SB JPS,FBMCL-00047,Booking Delivery,0,0,0,,MB NO.10957/2,SB-SL-3137,,,1903,2026-07-27T16:30:00,False,,JAHANGIR PARSUWAL,0,0,0,Cash,,,,
2142,,,JAWAD SB AJNALA JPS,FBMCL-00013,Credit Customer,6200,0,0,,MB NO.10960,SB-SL-3138,,,1904,2026-07-28T16:36:00,False,,OUTSIDER,0,0,0,Cash,,,,
2143,,,MUHAMMAD ARSHAD SB GHURAL (SUBEDAR QADAR DAD SB),FBMCL-00175,Booking Delivery,0,0,0,,MB NO.10965,SB-SL-3139,,,1905,2026-07-28T16:52:00,False,,HAFIZ SHOAIB,0,0,0,Cash,,,,
2144,,,HDC MEHAR MEHDI SB JPS,FBMCL-00260,Mixed Transaction,456,0,0,,MB NO.10966,SB-SL-3140,,,1906,2026-07-28T16:53:00,False,,HAFIZ SHOAIB,0,0,0,Cash,,,,
2145,,,SHEHBAZ SB RANGPUR,FBMCL-00228,Booking Delivery,0,0,0,,MB NO.10970,SB-SL-3141,,,1907,2026-07-28T16:56:00,False,,NAZIM,0,0,0,Cash,,,,
2146,,,SHABEEB SB KANIYAN,FBMCL-00209,Booking Delivery,0,0,0,,MB NO.10974,SB-SL-3142,,,1908,2026-07-28T17:00:00,False,,HAJI AHMED,1500,1500,0,Cash,,,,
2147,,,IRFAN SB DEDHAR SHARIF,FBMCL-00205,Booking Delivery,0,0,0,,MB NO.10978,SB-SL-3143,,,1909,2026-07-28T17:07:00,False,,HARIS SUFWAN ABID,1500,1500,0,,,,,
2148,,,HAJI YOUSUF BUTT JPS,FBMCL-00100,Booking Delivery,0,0,0,,MB NO.10979/2,SB-SL-3144,,,1910,2026-07-28T17:16:00,False,,HAJI AHMED,0,0,0,Cash,,,,
2149,,,MUHAMMAD ARSHAD SB GHURAL (SUBEDAR QADAR DAD SB),FBMCL-00175,Booking Delivery,0,0,0,,MB NO.10980,SB-SL-3145,,,1911,2026-07-28T17:17:00,False,,HAFIZ SHOAIB,0,0,0,Cash,,,,
2150,,,SAGHEER BAIG SB KOANKH,FBMCL-00216,Booking Delivery,0,0,0,,MB NO.10982,SB-SL-3146,,,1912,2026-07-28T09:11:00,False,,HAFIZ SHOAIB,1250,1250,0,Cash,,,,
2151,,,HAJI IQBAL SB JPS,FBMCL-00047,Booking Delivery,0,0,0,,MB NO.10983,SB-SL-3147,,,1913,2026-07-28T09:14:00,False,,HAFIZ SHOAIB,7280,6240,0,Cash,,,,
2152,,,MASJID PANJTAN PAK JPS(QARI ANSAR SB),FBMCL-00026,Booking Delivery,0,0,0,,MB NO.10984,SB-SL-3148,,,1914,2026-07-29T09:19:00,False,,NAZIM,500,500,0,Cash,,,,
2153,,,HDC MEHAR MEHDI SB JPS,FBMCL-00260,Credit Customer,3828,0,0,,MB NO.10966/2,SB-SL-3149,,,1915,2026-07-29T10:44:00,False,,OUTSIDER,0,0,0,Cash,,,,
2154,,,HDC SYED TASSAWAR SHAH SB MALIKPUR SITE,FBMCL-00200,Booking Delivery,0,0,0,,MB NO.7842,SB-SL-3150,,,1916,2026-04-30T10:46:00,False,,HAJI AHMED,200,200,0,Cash,,,,
2155,,,SAGHEER BAIG SB KOANKH,FBMCL-00216,Booking Delivery,0,0,0,,MB NO.10990,SB-SL-3151,,,1917,2026-07-29T11:10:00,False,,OUTSIDER,0,0,0,Cash,,,,
2156,,,HDC SYED TASSAWAR SHAH SB MALIKPUR SITE,FBMCL-00200,Booking Delivery,0,0,0,,MB NO.8273,SB-SL-3152,,,1918,2026-05-14T11:20:00,False,,HAJI AHMED,400,400,0,Cash,,,,
2157,,,HDC SYED TASSAWAR SHAH SB MALIKPUR SITE,FBMCL-00200,Mixed Transaction,12894,0,0,,MB NO.8260,SB-SL-3153,,,1919,2026-05-14T11:45:00,False,,HAJI AHMED,2778.8,2778.8,0,,,,,
2158,,,HDC SYED TASSAWAR SHAH SB MALIKPUR SITE,FBMCL-00200,Mixed Transaction,11970,0,0,,MB NO.8295,SB-SL-3154,,,1920,2026-05-15T11:46:00,False,,HAJI AHMED,0,0,0,Cash,,,,
2159,,,HDC SYED TASSAWAR SHAH SB MALIKPUR SITE,FBMCL-00200,Booking Delivery,0,0,0,,MB NO.8329/2,SB-SL-3155,,,1921,2026-05-16T12:11:00,False,,ZAHID LOADER,4800,4800,0,,,,,
2160,,,HDC SYED TASSAWAR SHAH SB MALIKPUR SITE,FBMCL-00200,Booking Delivery,0,0,0,,MB NO.9287,SB-SL-3156,,,1922,2026-06-14T12:17:00,False,BILAL SB LY KR GY,OUTSIDER,0,0,0,Cash,,,,
2161,,,HDC SYED TASSAWAR SHAH SB MALIKPUR SITE,FBMCL-00200,Booking Delivery,0,0,0,,MB NO.9414,SB-SL-3157,,,1923,2026-06-17T12:24:00,False,,ALI HAMZA,0,0,0,Cash,,,,
2162,,,HDC SYED TASSAWAR SHAH SB MALIKPUR SITE,FBMCL-00200,Booking Delivery,0,0,0,,MB NO.9721,SB-SL-3158,,,1924,2026-06-24T12:27:00,False,,HARIS SUFWAN ABID,400,400,0,,,,,
2163,,,HDC SYED TASSAWAR SHAH SB MALIKPUR SITE,FBMCL-00200,Credit Customer,2000,0,0,,MB NO.9884,SB-SL-3159,,,1925,2026-06-29T12:28:00,False,,NAZIM,0,0,0,Cash,,,,
2164,,,HDC SYED TASSAWAR SHAH SB MALIKPUR SITE,FBMCL-00200,Booking Delivery,0,0,0,,MB NO.9918,SB-SL-3160,,,1926,2026-06-30T12:33:00,False,,HAJI AHMED,400,400,0,Cash,,,,
2165,,,HDC SYED TASSAWAR SHAH SB MALIKPUR SITE,FBMCL-00200,Credit Customer,2197.6,0,0,,MB NO.9998,SB-SL-3161,,,1927,2026-07-01T12:42:00,False,,OUTSIDER,0,0,0,Cash,,,,
2166,,,HDC SYED TASSAWAR SHAH SB MALIKPUR SITE,FBMCL-00200,Booking Delivery,0,0,0,,MB NO.10011,SB-SL-3162,,,1928,2026-07-01T12:47:00,False,,HAJI AHMED,760,760,0,Cash,,,,
2167,,,HDC SYED TASSAWAR SHAH SB MALIKPUR SITE,FBMCL-00200,Booking Delivery,0,0,0,,MB NO.10088,SB-SL-3163,,,1929,2026-07-04T12:49:00,False,,HAJI AHMED,400,400,0,Cash,,,,
2168,,,HDC SYED TASSAWAR SHAH SB MALIKPUR SITE,FBMCL-00200,Booking Delivery,0,0,0,,MB NO.10123,SB-SL-3164,,,1930,2026-07-04T13:06:00,False,,HAJI AHMED,400,400,0,Cash,,,,
2169,,,HDC SYED TASSAWAR SHAH SB MALIKPUR SITE,FBMCL-00200,Booking Delivery,0,0,0,,MB NO.10163,SB-SL-3165,,,1931,2026-07-05T13:08:00,False,,HAJI AHMED,800,800,0,Cash,,,,
2170,,,HDC SYED TASSAWAR SHAH SB MALIKPUR SITE,FBMCL-00200,Booking Delivery,0,0,0,,MB NO.10272,SB-SL-3166,,,1932,2026-07-07T13:12:00,False,,NAZIM,0,0,0,,,,,
2171,,,HDC SYED TASSAWAR SHAH SB MALIKPUR SITE,FBMCL-00200,Booking Delivery,0,0,0,,MB NO.10779,SB-SL-3167,,,1933,2026-07-20T13:15:00,False,,JAHANGIR PARSUWAL,240,240,0,,,,,
2172,,,IRFAN SB DEDHAR SHARIF,FBMCL-00205,Credit Customer,45664,0,0,,MB NO.10994,SB-SL-3168,,,1934,2026-07-29T13:36:00,False,,HARIS SUFWAN ABID,1500,1500,0,Cash,,,,
2173,,,HDC SYED TASSAWAR SHAH SB MALIKPUR SITE,FBMCL-00200,Credit Customer,24580.4,0,0,,MB NO.10946,SB-SL-3169,,,1935,2026-07-29T13:54:00,False,,HAJI AHMED,0,0,0,Cash,,,,
2174,,,HAJI WARIS SB JPS,FBMCL-00071,Cash,38375,38350,25,DISCOUNT,MB NO.10989,SB-SL-3170,,,,2026-07-29T14:51:00,False,,HAFIZ SHOAIB,750,750,0,Cash,2,,FBM  CASH,
2175,,,MUHAMMAD RAZAQ SB JPS,FBMCL-00147,Credit Customer,4560,0,0,,MB NO.10993,SB-SL-3171,,,1936,2026-07-29T15:01:00,False,,OUTSIDER,0,0,0,Cash,,,,
2176,,,NABEEL ILLAHI KOANKH,FBMCL-00098,Mixed Transaction,61490,0,0,,MB NO.8332,SB-SL-3172,,,1937,2026-05-16T15:17:00,False,,OUTSIDER,0,0,0,Cash,,,,
2177,,,NABEEL ILLAHI KOANKH,FBMCL-00098,Credit Customer,5720,0,0,,MB NO.8346,SB-SL-3173,,,1938,2026-05-16T15:19:00,False,,OUTSIDER,0,0,0,Cash,,,,
2178,,,NABEEL ILLAHI KOANKH,FBMCL-00098,Credit Customer,8580,0,0,,MB NO.8390,SB-SL-3174,,,1939,2026-05-18T15:23:00,False,,OUTSIDER,0,0,0,Cash,,,,
2179,,,HDC MEHAR MEHDI SB JPS,FBMCL-00260,Booking Delivery,0,0,0,,MB NO.11001,SB-SL-3175,,,1940,2026-07-29T17:24:00,False,,OUTSIDER,0,0,0,Cash,,,,
2180,,,HAJI YOUSUF BUTT JPS,FBMCL-00100,Booking Delivery,0,0,0,,MB NO.11004,SB-SL-3176,,,1941,2026-07-30T10:32:00,False,,HARIS SUFWAN ABID,0,0,0,Cash,,,,
2181,,,ADNAN SB DOIYAN,FBMCL-00080,Credit Customer,38750,0,0,,MB NO.11017,SB-SL-3177,,,1942,2026-07-30T11:24:00,False,,HAJI AHMED,1500,1500,0,Cash,,,,
2182,,,Orphan22,ORPH-00022,Cash,110502.4,110000,502.4,,MB NO.11005,SB-SL-3178,,,,2026-07-30T11:42:00,False,"[MIGRATION] Orphan record. Original client: ""ASAD SB DOIYAN (MASJID)"".",NAZIM,0,0,0,Cash,2,,FBM  CASH,
2183,,,SAGHEER BAIG SB KOANKH,FBMCL-00216,Mixed Transaction,106379.9,0,0.9,DISCOUNT,MB NO.11007,SB-SL-3179,,,1943,2026-07-30T11:47:00,False,,HAFIZ SHOAIB,0,0,0,Cash,,,,
2184,,,SAJID SB GHURAL ( BOBY DRIVER ),FBMCL-00271,Booking Delivery,0,0,0,,MB NO.11008,SB-SL-3180,,,1944,2026-07-30T11:50:00,False,,ZAIN ALI,1250,1250,0,Cash,,,,
2185,,,YASIR YAQOOB SB DILAWARPUR,FBMCL-00163,Booking Delivery,0,0,0,,MB NO.11009,SB-SL-3181,,,1945,2026-07-30T13:09:00,False,,HAJI AHMED,0,0,0,Cash,,,,
2186,,,SHAMRAIZ SB HANDA STOP,FBMCL-00272,Mixed Transaction,11137.5,0,0.5,DISCOUNT,MB NO.11015,SB-SL-3182,,,1946,2026-07-30T13:30:00,False,,HARIS SUFWAN ABID,0,0,0,Cash,,,,
2187,,,CH IMRAN SB JPS,FBMCL-00215,Booking Delivery,0,0,0,,MB NO.11016,SB-SL-3183,,,1947,2026-07-30T13:33:00,False,,ZAIN ALI,600,600,0,Cash,,,,
2188,,,KHALIL AHMED SB DHINDA KALAAN,FBMCL-00242,Booking Delivery,0,0,0,,MB NO.11018,SB-SL-3184,,,1948,2026-07-30T13:35:00,False,,JAHANGIR PARSUWAL,1000,1000,0,Cash,,,,
2189,,,UMER HAYAT SB AJNALA,FBMCL-00275,Booking Delivery,0,0,0,,MB NO.11022,SB-SL-3185,,,1949,2026-07-30T13:43:00,False,,HARIS SUFWAN ABID,1000,1000,0,Cash,,,,
2190,,,HAJI AMANAT SB KHARANA,FBMCL-00274,Booking Delivery,0,0,0,,MB NO.11023,SB-SL-3186,,,1950,2026-07-30T13:44:00,False,,ZAIN ALI,0,0,0,Cash,,,,
2191,,,MUHAMMAD YOUSUF SB GHURAIRA,FBMCL-00285,Booking Delivery,0,0,0,,MB NO.11024,SB-SL-3187,,,1951,2026-07-30T13:50:00,False,,HAJI AHMED,200,200,0,Cash,,,,
2192,,,YASIR YAQOOB SB DILAWARPUR,FBMCL-00163,Credit Customer,4500,0,0,,MB NO.11009/2,SB-SL-3188,,,1952,2026-07-30T14:14:00,False,,HAJI AHMED,4500,4500,0,Cash,,,,
2193,,,SAGHEER BAIG SB KOANKH,FBMCL-00216,Booking Delivery,0,0,0,,MB NO.11007/2,SB-SL-3189,,,1953,2026-07-30T14:24:37.553409,False,,HAFIZ SHOAIB,2262.5,2262,0,Cash,,,,
2194,,,GHULAM MURTZA SB KOANKH,FBMCL-00262,Credit Customer,14388.6,0,0,,MB NO.11027,SB-SL-3190,,,1954,2026-07-30T14:57:00,False,,HAJI AHMED,600,600,0,Cash,,,,
2195,,,DR AMIN SB JPS,FBMCL-00192,Credit Customer,7350,0,0,,MB NO.11026,SB-SL-3191,,,1955,2026-07-30T15:31:00,False,,OUTSIDER,0,0,0,Cash,,,,
2196,,,MASTER ZAHOOR SB JPS,FBMCL-00145,Booking Delivery,0,0,0.47,DISCOUNT,MB NO.11029,SB-SL-3192,,,1956,2026-07-30T15:41:00,False,,OUTSIDER,0,0,0,Cash,,,,
2197,,,HAJI AMANAT SB KHARANA,FBMCL-00274,Booking Delivery,0,0,0,,MB NO.11031,SB-SL-3193,,,1957,2026-07-30T15:47:00,False,,HAJI AHMED,0,0,0,Cash,,,,
2198,,,SAFDAR ALI SB AJNALA (ASLAM CONT),FBMCL-00186,Mixed Transaction,2552.5,0,0,,MB NO.11036,SB-SL-3194,,,1958,2026-07-30T12:57:00,False,,ZAIN ALI,0,0,0,Cash,,,,
2199,,,HAJI AMANAT SB KHARANA,FBMCL-00274,Booking Delivery,0,0,0,,MB NO.11039,SB-SL-3195,,,1959,2026-07-31T13:36:00,False,,JAHANGIR PARSUWAL,0,0,0,Cash,,,,
2200,,,HAFIZ ABDUL JABBAR SB RANGPUR,FBMCL-00202,Credit Customer,10430.4,0,0,,MB NO.11042,SB-SL-3196,,,1960,2026-07-31T14:21:00,False,,OUTSIDER,0,0,0,Cash,,,,
2201,,,HAJI YOUSUF BUTT JPS,FBMCL-00100,Booking Delivery,0,0,0,,MB NO.11043,SB-SL-3197,,,1961,2026-07-31T14:29:00,False,,NAZIM,0,0,0,Cash,,,,
2202,,,HAJI YOUSUF BUTT JPS,FBMCL-00100,Booking Delivery,0,0,0,,MB NO.11044,SB-SL-3198,,,1962,2026-08-01T14:31:00,False,,HAJI AHMED,0,0,0,Cash,,,,
2203,,,MUHAMMAD RAZAQ SB JPS,FBMCL-00147,Credit Customer,18240,0,0,,MB NO.11046,SB-SL-3199,,,1963,2026-08-01T14:33:00,False,,JAHANGIR PARSUWAL,600,600,0,Cash,,,,
2204,,,HAJI AMANAT SB KHARANA,FBMCL-00274,Booking Delivery,0,0,0,,MB NO.110047,SB-SL-3200,,,1964,2026-08-01T14:39:00,False,,HAJI AHMED,0,0,0,Cash,,,,
2205,,,MASJID PANJTAN PAK JPS(QARI ANSAR SB),FBMCL-00026,Booking Delivery,0,0,0,,MB NO.11049,SB-SL-3201,,,1965,2026-08-01T14:45:00,False,,NAZIM,500,500,0,Cash,,,,
2206,,,SHEHBAZ SB RANGPUR,FBMCL-00228,Booking Delivery,0,0,0,,MB NO.11052,SB-SL-3202,,,1966,2026-08-01T15:01:00,False,,NAZIM,0,0,0,Cash,,,,
2207,,,MUHAMMAD AKRAM SB SANTAL SURKHIYAN,FBMCL-00150,Booking Delivery,0,0,0,,MB NO.11054,SB-SL-3203,,,1967,2026-08-01T15:08:00,False,,ZAIN ALI,0,0,0,Cash,,,,
2208,,,TARIQ BUTT SB JPS,FBMCL-00108,Credit Customer,12320,0,0,,MB NO.11056,SB-SL-3204,,,1968,2026-08-01T15:11:00,False,,OUTSIDER,0,0,0,Cash,,,,
2209,,,MIRZA REHMAN SB JPS,FBMCL-00191,Credit Customer,31000,0,0,,MB NO.11057,SB-SL-3205,,,1969,2026-08-01T15:14:00,False,,OUTSIDER,0,0,0,Cash,,,,
2210,,,TALHA SB JPS,FBMCL-00008,Mixed Transaction,22723.79999999997,0,0,,MB NO.11059,SB-SL-3206,,,1970,2026-08-01T15:17:00,False,,NAZIM,0,0,0,Cash,,,,
2211,,,TALHA SB JPS,FBMCL-00008,Cash,3010,3000,10,DISCOUNT,MB NO.11060,SB-SL-3207,,,,2026-08-01T15:19:00,False,,NAZIM,0,0,0,Cash,2,,FBM  CASH,
2212,,,MUSHTAQ SB JPS,FBMCL-00261,Booking Delivery,0,0,0,,MB NO.11061,SB-SL-3208,,,1971,2026-08-01T15:21:00,False,,OUTSIDER,0,0,0,Cash,,,,
2213,,,CH MUHAMMAD AKRAM RIHANIA SB JPS,FBMCL-00167,Booking Delivery,0,0,0,,MB NO.11062,SB-SL-3209,,,1972,2026-08-01T15:23:00,False,,JAHANGIR PARSUWAL,0,0,0,Cash,,,,
2214,,,HAJI YOUSUF BUTT JPS,FBMCL-00100,Mixed Transaction,7256.4,0,0.4,DISCOUNT,MB NO.11063,SB-SL-3210,,,1973,2026-08-01T15:24:00,False,,HAFIZ SHOAIB,0,0,0,Cash,,,,
2215,,,MALIK SHEHBAZ SB DHINDA,FBMCL-00255,Cash,15100,15100,0,,MB NO.11067,SB-SL-3211,,,,2026-08-01T15:29:00,False,,JAHANGIR PARSUWAL,0,0,0,Cash,2,,FBM  CASH,
2216,,,SAGHEER BAIG SB KOANKH,FBMCL-00216,Booking Delivery,0,0,0,,MB NO.11075,SB-SL-3212,,,1974,2026-08-01T15:45:00,False,,HAFIZ SHOAIB,0,0,0,Cash,,,,
2217,,,ASIF SB LOADER JPS,FBMCL-00287,Booking Delivery,0,0,0,,MB NO.11082,SB-SL-3213,,,1975,2026-08-01T15:56:00,False,,OUTSIDER,0,0,0,Cash,,,,
2218,,,HDC MEHAR MEHDI SB JPS,FBMCL-00260,Booking Delivery,0,0,0,,MB NO.11025,SB-SL-3214,,,1976,2026-07-30T16:59:00,False,,OUTSIDER,0,0,0,Cash,,,,
2219,,,HDC MEHAR MEHDI SB JPS,FBMCL-00260,Booking Delivery,0,0,0,,MB NO.11084,SB-SL-3215,,,1977,2026-08-01T17:02:00,False,,OUTSIDER,0,0,0,Cash,,,,
2220,,,GHULAM MURTZA SB KOANKH,FBMCL-00262,Booking Delivery,0,0,0,,MB NO.11091,SB-SL-3216,,,1978,2026-08-01T15:05:00,False,,HAFIZ SHOAIB,0,0,0,Cash,,,,
2221,,,MUJEEB KHAN SB KOANKH,FBMCL-00286,Booking Delivery,0,0,0,,MB NO.11092,SB-SL-3217,,,1979,2026-08-01T15:15:00,False,,HAFIZ SHOAIB,0,0,0,Cash,,,,
2222,,,EHSAN SB LOADER PARSUWAL,FBMCL-00278,Booking Delivery,0,0,0,,MB NO.11093,SB-SL-3218,,,1980,2026-08-01T15:17:00,False,,OUTSIDER,0,0,0,Cash,,,,
2223,,,MUSHTAQ SB JPS,FBMCL-00261,Credit Customer,23836,21000,94,DISCOUNT,MB NO.11097,SB-SL-3219,,,1981,2026-08-01T15:18:00,False,,OUTSIDER,0,0,0,Cash,2,,FBM  CASH,
2224,,,FAISAL SB AJNALA,FBMCL-00088,Booking Delivery,0,0,0,,MB NO.11100,SB-SL-3220,,,1982,2026-08-02T15:37:00,False,,HARIS SUFWAN ABID,0,0,0,Cash,,,,
2225,,,TANVEER SB DHINDA,FBMCL-00277,Booking Delivery,0,0,0,,MB NO.11102,SB-SL-3221,,,1983,2026-08-02T16:35:00,False,,HAFIZ SHOAIB,0,0,0,Cash,,,,
2226,,,MUHAMMAD ARIF BAIG SB KOANKH (KAMRAN NUMBERDAR),FBMCL-00177,Booking Delivery,0,0,0,,MB NO.11103,SB-SL-3222,,,1984,2026-08-02T16:38:00,False,,HAFIZ SHOAIB,0,0,0,Cash,,,,
2227,,,HAJI YOUSUF BUTT JPS,FBMCL-00100,Mixed Transaction,2750,0,0,,MB NO.11107,SB-SL-3223,,,1985,2026-08-02T16:40:00,False,,SHARJEEL SAFWAN ABID,600,0,0,,,,,
2229,,,ZEESHAN ATTARI SB JPS,FBMCL-00178,Mixed Transaction,121257,0,0,,MB NO.11113,SB-SL-3225,,,1986,2026-08-02T16:50:00,False,,NAZIM,1800,1800,0,Cash,,,,
2230,,,KHAYAM SB MALIKPUR,FBMCL-00273,Booking Delivery,0,0,0,,MB NO.11116,SB-SL-3226,,,1987,2026-08-02T16:52:00,False,,ZAIN ALI,0,0,0,Cash,,,,
2231,,,MIRZA YOUNUS SB JPS,FBMCL-00208,Credit Customer,12370,0,0,,MB NO.11117,SB-SL-3227,,,1988,2026-08-02T16:55:00,False,,SHARJEEL SAFWAN ABID,300,0,0,Cash,,,,
2232,,,TALHA SB JPS,FBMCL-00008,Booking Delivery,0,0,0,,MB NO.11125,SB-SL-3228,,,1989,2026-08-02T17:44:00,False,,ZAIN ALI,0,0,0,Cash,,,,
2233,,,SAGHEER BAIG SB KOANKH,FBMCL-00216,Mixed Transaction,600,0,0,,MB NO.11126,SB-SL-3229,,,1990,2026-08-03T10:24:00,False,,OUTSIDER,0,0,0,Cash,,,,
2234,,,HAFIZ ZEESHAN SB GHURAIRA,FBMCL-00266,Booking Delivery,0,0,0,,MB NO.11127,SB-SL-3230,,,1991,2026-08-02T09:00:00,False,,OUTSIDER,0,0,0,Cash,,,,
2235,,,SULEIMAN SB AJNALA,FBMCL-00064,Credit Customer,13413.6,0,0,,MB NO.11129,SB-SL-3231,,,1992,2026-08-02T10:26:00,False,,ZAHID LOADER,0,0,0,Cash,,,,
2236,,,WAJID SB AJNALA,FBMCL-00203,Booking Delivery,0,0,0,,MB NO.11130/3,SB-SL-3232,,,1993,2026-07-27T10:32:00,False,,HAJI AHMED,500,0,0,Cash,,,,
2237,,,MIRZA REHMAN SB JPS,FBMCL-00191,Credit Customer,31000,0,0,,MB NO.11134,SB-SL-3233,,,1994,2026-08-03T10:35:00,False,,MAUZAM +ALTAF,0,0,0,Cash,,,,
2238,,,GHULAM MURTZA SB KOANKH,FBMCL-00262,Booking Delivery,0,0,0,,MB NO.11135,SB-SL-3234,,,1995,2026-08-03T10:36:00,False,,OUTSIDER,0,0,0,Cash,,,,
2239,,,CH IMRAN SB JPS,FBMCL-00215,Credit Customer,155300.4,0,0,,MB NO.11136,SB-SL-3235,,,1996,2026-08-03T10:38:00,False,,JAHANGIR PARSUWAL,600,600,0,Cash,,,,
2240,,,MAJID HUSSAIN SB AJNALA,FBMCL-00050,Booking Delivery,0,0,0,,MB NO.11137,SB-SL-3236,,,1997,2026-08-03T10:39:00,False,,ZAIN ALI,0,0,0,Cash,,,,
2241,,,MUHAMMAD YOUSUF SB GHURAIRA,FBMCL-00285,Mixed Transaction,2550,0,0,,MB NO.11138,SB-SL-3237,,,1998,2026-08-03T10:41:00,False,,SHARJEEL SAFWAN ABID,0,0,0,Cash,,,,
2242,,,MIRZA REHMAN SB JPS,FBMCL-00191,Booking Delivery,0,0,0,,MB NO.10309,SB-SL-3238,,,1999,2026-07-08T10:44:00,False,,HAFIZ SHOAIB,0,0,0,Cash,,,,
2243,,,MIRZA REHMAN SB JPS,FBMCL-00191,Booking Delivery,0,0,0,,MB NO.10175,SB-SL-3239,,,2000,2026-07-05T11:06:00,False,,HAFIZ SHOAIB,0,0,0,Cash,,,,
2244,,,MIRZA REHMAN SB JPS,FBMCL-00191,Booking Delivery,0,0,0,,MB NO.9478,SB-SL-3240,,,2001,2026-06-18T11:11:00,False,,ALI HAMZA,0,0,0,Cash,,,,
2245,,,HAJI IQBAL SB JPS,FBMCL-00047,Booking Delivery,0,0,0,,MB NO.11141,SB-SL-3241,,,2002,2026-08-03T11:34:00,False,,HAFIZ SHOAIB,0,0,0,Cash,,,,
2246,,,HAJI YOUSUF BUTT JPS,FBMCL-00100,Booking Delivery,0,0,0,,MB NO.11142,SB-SL-3242,,,2003,2026-08-03T11:36:00,False,,HAFIZ SHOAIB,0,0,0,Cash,,,,
2247,,,ALI SHAN SB RANGRA,FBMCL-00243,Booking Delivery,0,0,0,,MB NO.11144,SB-SL-3243,,,2004,2026-08-03T11:37:00,False,,SHARJEEL SAFWAN ABID,0,0,0,Cash,,,,
2248,,,SHABEEB SB KANIYAN,FBMCL-00209,Booking Delivery,0,0,0,,MB NO.11146,SB-SL-3244,,,2005,2026-08-03T12:33:00,False,,ZAHID LOADER,0,0,0,Cash,,,,
2249,,,FAZAL ILAHI SB JALPUWAL,FBMCL-00051,Credit Customer,31400,0,0,,MB NO.11147,SB-SL-3245,,,2006,2026-08-03T12:34:00,False,,HAFIZ SHOAIB,1000,0,0,Cash,,,,
2250,,,CH IMRAN SB JPS,FBMCL-00215,Credit Customer,3014,0,0,,MB NO.11145,SB-SL-3246,,,2007,2026-08-03T13:11:00,False,,JAHANGIR PARSUWAL,0,0,0,Cash,,,,
2251,,,DR AMIN SB JPS,FBMCL-00192,Credit Customer,860,0,0,,MB NO.11150,SB-SL-3247,,,2008,2026-08-03T17:11:00,False,,OUTSIDER,0,0,0,Cash,,,,
2252,,,CH IMRAN SB JPS,FBMCL-00215,Booking Delivery,0,0,0,,MB NO.11152,SB-SL-3248,,,2009,2026-08-03T17:13:00,False,,HAFIZ SHOAIB,0,0,0,Cash,,,,
2253,,,MASTER ZAHOOR SB JPS,FBMCL-00145,Booking Delivery,0,0,0,,MB NO.11154,SB-SL-3249,,,2010,2026-08-03T17:14:00,False,,OUTSIDER,0,0,0,Cash,,,,
2254,,,HAJI YOUSUF BUTT JPS,FBMCL-00100,Booking Delivery,0,0,0,,MB NO.11159,SB-SL-3250,,,2011,2026-08-03T17:16:00,False,,ZAHID LOADER,0,0,0,Cash,,,,
2255,,,RAJA MUDASIR SB JPS,FBMCL-00241,Mixed Transaction,430,0,0,,MB NO.11169,SB-SL-3251,,,2012,2026-08-04T10:41:00,False,,HAFIZ SHOAIB,2122,2122,0,Cash,,,,
2256,,,KHAYAM SB MALIKPUR,FBMCL-00273,Booking Delivery,0,0,0,,MB NO.11172,SB-SL-3252,,,2013,2026-08-04T10:47:00,False,,ZAIN ALI,0,0,0,Cash,,,,
2257,,,HAJI YOUSUF BUTT JPS,FBMCL-00100,Booking Delivery,0,0,0,,MB NO.11173,SB-SL-3253,,,2014,2026-08-04T10:48:00,False,,HAFIZ SHOAIB,0,0,0,Cash,,,,
2258,,,MIRZA NAZAR BAIG SB KOANKH,FBMCL-00212,Credit Customer,31400,0,0,,MB NO.11175,SB-SL-3254,,,2015,2026-08-04T10:50:00,False,,JAHANGIR PARSUWAL,1000,1000,0,Cash,,,,
2259,,,ALI SHAN SB HANDA,FBMCL-00289,Booking Delivery,0,0,0,,MB NO.11160,SB-SL-3255,,,2016,2026-08-03T11:58:00,False,,JAHANGIR PARSUWAL,1200,1200,0,Cash,,,,
2260,,,MASTER ZAHOOR SB JPS,FBMCL-00145,Booking Delivery,0,0,0,,MB NO.11158,SB-SL-3256,,,2017,2026-08-04T12:01:00,False,,OUTSIDER,0,0,0,Cash,,,,
2261,,,BILAL SB KOANKH (QARI EJAZ SB),FBMCL-00010,Booking Delivery,0,0,0,,MB NO.11181,SB-SL-3257,,,2018,2026-08-04T15:16:00,False,,JAHANGIR PARSUWAL,0,0,0,Cash,,,,
2262,,,EHSAN SB LOADER PARSUWAL,FBMCL-00278,Booking Delivery,0,0,0,,MB NO.11182,SB-SL-3258,,,2019,2026-08-04T15:18:00,False,,OUTSIDER,0,0,0,Cash,,,,
2263,,,HAJI IQBAL SB JPS,FBMCL-00047,Mixed Transaction,3200,0,0,,MB NO.11183-1,SB-SL-3259,,,2020,2026-08-04T15:52:00,False,,JAHANGIR PARSUWAL,0,0,0,,,,,
2264,,,MUHAMMAD AKRAM SB SANTAL SURKHIYAN,FBMCL-00150,Credit Customer,1500,0,0,,MB NO.11188/2,SB-SL-3260,,,2021,2026-08-04T16:45:00,False,,ZAHID LOADER,1500,1500,0,Cash,,,,
2265,,,MUHAMMAD AKRAM SB SANTAL SURKHIYAN,FBMCL-00150,Booking Delivery,0,0,0,,MB NO.11191,SB-SL-3261,,,2022,2026-08-04T16:59:00,False,,HAFIZ SHOAIB,0,0,0,Cash,,,,
2266,,,MUHAMMAD RAZAQ SB JPS,FBMCL-00147,Credit Customer,7700,0,0,,MB NO.11194,SB-SL-3262,,,2023,2026-08-05T11:51:00,False,,OUTSIDER,0,0,0,Cash,,,,
2267,,,MASTER ZAHOOR SB JPS,FBMCL-00145,Booking Delivery,0,0,0,,MB NO.11195,SB-SL-3263,,,2024,2026-08-05T11:52:00,False,,OUTSIDER,0,0,0,Cash,,,,
2268,,,IRFAN SB DEDHAR SHARIF,FBMCL-00205,Booking Delivery,0,0,0,,MB NO.11196,SB-SL-3264,,,2025,2026-08-05T11:53:00,False,,JAHANGIR PARSUWAL,0,0,0,,,,,
2269,,,CH MUHAMMAD AKRAM RIHANIA SB JPS,FBMCL-00167,Booking Delivery,0,0,0,,MB NO.11197,SB-SL-3265,,,2026,2026-08-05T11:54:00,False,,ZAIN ALI,0,0,0,Cash,,,,
2270,,,HDC SYED TASSAWAR SHAH SB MALIKPUR SITE,FBMCL-00200,Booking Delivery,0,0,0,,MB NO.11199,SB-SL-3266,,,2027,2026-08-05T11:59:00,False,,OUTSIDER,0,0,0,Cash,,,,
2271,,,HDC MEHAR MEHDI SB JPS,FBMCL-00260,Booking Delivery,0,0,0,,MB NO.11200,SB-SL-3267,,,2028,2026-08-05T12:00:00,False,,OUTSIDER,0,0,0,Cash,,,,
2272,,,SHEHBAZ SB RANGPUR,FBMCL-00228,Booking Delivery,0,0,0,,MB NO.11201,SB-SL-3268,,,2029,2026-08-05T13:08:00,False,,MAUZAM +ALTAF,0,0,0,Cash,,,,
2273,,,HDC MEHAR MEHDI SB JPS,FBMCL-00260,Mixed Transaction,350,0,0,,MB NO.11201/2,SB-SL-3269,,,2030,2026-08-05T13:09:00,False,,OUTSIDER,0,0,0,Cash,,,,
2274,,,KHALIL AHMED SB DHINDA KALAAN,FBMCL-00242,Mixed Transaction,10510,0,0,,MB NO.11202,SB-SL-3270,,,2031,2026-08-05T13:17:00,False,,JAHANGIR PARSUWAL,1000,0,0,Cash,,,,
2275,,,HAJI IQBAL SB JPS,FBMCL-00047,Mixed Transaction,4297.6,0,0,,MB NO.11210,SB-SL-3271,,,2032,2026-08-05T13:43:00,False,,MAUZAM +ALTAF,0,0,0,Cash,,,,
2276,,,ASIF SB LOADER JPS,FBMCL-00287,Mixed Transaction,2511,0,0,,MB NO.11203,SB-SL-3272,,,2033,2026-08-05T14:37:00,False,,OUTSIDER,0,0,0,Cash,,,,
2277,,,ALI SHAN SB HANDA,FBMCL-00289,Mixed Transaction,1500,0,0,,MB NO.11205,SB-SL-3273,,,2034,2026-08-05T14:58:00,False,,JAHANGIR PARSUWAL,0,0,0,Cash,,,,
2278,,,MIRZA NAGHMAN SB TIBBA,FBMCL-00157,Credit Customer,85148.2,0,0,,MB NO.11215,SB-SL-3274,,,2035,2026-08-05T15:12:00,False,,OUTSIDER,0,0,0,Cash,,,,
2279,,,HAJI YOUSUF BUTT JPS,FBMCL-00100,Mixed Transaction,1720,1500,220,DISCOUNT,MB NO.11217,SB-SL-3275,,,2036,2026-08-05T16:19:00,False,,HARIS SUFWAN ABID,0,0,0,Cash,2,,FBM  CASH,
2280,,,MASJID PANJTAN PAK JPS(QARI ANSAR SB),FBMCL-00026,Booking Delivery,0,0,0,,MB NO.11220,SB-SL-3276,,,2037,2026-08-05T16:22:00,False,,ZAIN ALI,0,0,0,Cash,,,,
2281,,,AKAS AMJAD RANG PUR,00446,Credit Customer,39000,0,0,,MB NO.11218,SB-SL-3277,,,2038,2026-08-05T16:32:00,False,,MAUZAM +ALTAF,1250,0,0,Cash,,,,
2282,,,RAJA MUDASIR SB JPS,FBMCL-00241,Booking Delivery,0,0,0,,MB NO.11221,SB-SL-3278,,,2039,2026-08-05T16:45:00,False,,HARIS SUFWAN ABID,0,0,0,Cash,,,,
2283,,,RAJA MUDASIR SB JPS,FBMCL-00241,Booking Delivery,0,0,0,,MB NO.11223,SB-SL-3279,,,2040,2026-08-05T17:42:00,False,,OUTSIDER,0,0,0,Cash,,,,
2284,,,SAGHEER BAIG SB KOANKH,FBMCL-00216,Booking Delivery,0,0,0,,MB NO.11075/2,SB-SL-3280,,,2041,2026-08-01T17:58:00,False,,HAJI AHMED,5000,5000,0,Cash,,,,
2285,,,RAJA PARWEZ SB RANGPUR,FBMCL-00111,Credit Customer,15000,0,0,,MB NO.11226,SB-SL-3281,,,2042,2026-08-05T10:56:00,False,,ZAIN ALI,0,0,0,Cash,,,,
2286,,,RAJA MUDASIR SB JPS,FBMCL-00241,Credit Customer,1842.5,0,197,DISCOUNT,MB NO.11228,SB-SL-3282,,,2043,2026-08-05T13:05:00,False,,OUTSIDER,0,0,0,Cash,,,,
2287,,,MUHAMMAD QASIM SB MALIKPUR,FBMCL-00134,Mixed Transaction,14105.9,0,0,,MB NO.11233,SB-SL-3283,,,2044,2026-08-06T13:13:00,False,,OUTSIDER,0,0,0,Cash,,,,
2288,,,MIRZA REHMAN SB JPS,FBMCL-00191,Credit Customer,31000,0,0,,MB NO.11235,SB-SL-3284,,,2045,2026-08-06T13:20:00,False,,HARIS SUFWAN ABID,0,0,0,Cash,,,,
2289,,,YASIR YAQOOB SB DILAWARPUR,FBMCL-00163,Booking Delivery,0,0,0,,MB NO.11241,SB-SL-3285,,,2046,2026-08-06T14:22:00,False,,JAHANGIR PARSUWAL,0,0,0,Cash,,,,
2290,,,HDC SYED TASSAWAR SHAH SB MALIKPUR SITE,FBMCL-00200,Booking Delivery,0,0,0,,MB NO.11242,SB-SL-3286,,,2047,2026-08-06T14:24:00,False,,OUTSIDER,0,0,0,Cash,,,,
2291,,,MUHAMMAD QASIM SB MALIKPUR,FBMCL-00134,Mixed Transaction,1400,0,0,,MB NO.11243,SB-SL-3287,,,2048,2026-08-06T14:26:00,False,,OUTSIDER,0,0,0,Cash,,,,
2292,,,MUSHTAQ SB JPS,FBMCL-00261,Booking Delivery,0,0,0,,MB NO.11245,SB-SL-3288,,,2049,2026-08-06T15:03:00,False,,OUTSIDER,0,0,0,Cash,,,,
2293,,,HAJI YOUSUF BUTT JPS,FBMCL-00100,Booking Delivery,0,0,0,,MB NO.11248,SB-SL-3289,,,2050,2026-08-06T15:05:00,False,,HARIS SUFWAN ABID,0,0,0,Cash,,,,
2294,,,DR AMIN SB JPS,FBMCL-00192,Credit Customer,4900.4,0,0,,MB NO.11253,SB-SL-3290,,,2051,2026-08-06T15:10:00,False,,OUTSIDER,0,0,0,Cash,,,,
2295,,,ADNAN SB DOIYAN,FBMCL-00080,Mixed Transaction,39875,0,0,,MB NO.11255,SB-SL-3291,,,2052,2026-08-06T15:12:00,False,,HAFIZ SHOAIB,1500,1500,0,Cash,,,,
2296,,,SAJID SB GHURAL ( BOBY DRIVER ),FBMCL-00271,Booking Delivery,0,0,0,,MB NO.11256,SB-SL-3292,,,2053,2026-08-06T15:14:00,False,,JAHANGIR PARSUWAL,0,0,0,Cash,,,,
2297,,,MUHAMMAD AKRAM SB SANTAL SURKHIYAN,FBMCL-00150,Booking Delivery,0,0,0,,MB NO.11258,SB-SL-3293,,,2054,2026-08-05T15:15:00,False,,ZAIN ALI,9375,0,0,Cash,,,,
2298,,,MUHAMMAD QASIM SB MALIKPUR,FBMCL-00134,Booking Delivery,0,0,0,,MB NO.11260,SB-SL-3294,,,2055,2026-08-06T15:20:00,False,,NAZIM,0,0,0,Cash,,,,
2299,,,MALIK SHEHBAZ SB DHINDA,FBMCL-00255,Credit Customer,15500,0,0,,MB NO.11261,SB-SL-3295,,,2056,2026-08-06T15:22:00,False,,MAUZAM +ALTAF,600,0,0,Cash,,,,
2300,,,MUHAMMAD RAZAQ SB JPS,FBMCL-00147,Credit Customer,6040,13700,40,DISCOUNT,MB NO.11229,SB-SL-3296,,,2057,2026-08-06T16:24:00,False,,OUTSIDER,0,0,0,Cash,2,,FBM  CASH,
2301,,,MUHAMMAD AKRAM SB SANTAL SURKHIYAN,FBMCL-00150,Booking Delivery,0,0,0,,MB NO.11266,SB-SL-3297,,,2058,2026-08-06T16:40:00,False,,JAHANGIR PARSUWAL,10125,10125,0,Cash,,,,
2302,,,HAJI YOUSUF BUTT JPS,FBMCL-00100,Booking Delivery,0,0,0,,MB NO.11269,SB-SL-3298,,,2059,2026-08-06T17:08:00,False,,MAUZAM +ALTAF,0,0,0,Cash,,,,
2303,,,ZEESHAN ATTARI SB JPS,FBMCL-00178,Booking Delivery,0,0,0,,MB NO.11270,SB-SL-3299,,,2060,2026-08-04T17:09:00,False,,JAHANGIR PARSUWAL,4500,4500,0,Cash,,,,
2304,,,ZEESHAN ATTARI SB JPS,FBMCL-00178,Mixed Transaction,19032,0,0,,MB NO.10014-1,SB-SL-3300,,,2061,2026-07-02T18:22:00,False,,ALI HAMZA,0,0,0,Cash,,,,
2305,,,ZEESHAN ATTARI SB JPS,FBMCL-00178,Booking Delivery,0,0,0,,MB NO.10014-22,SB-SL-3301,,,2062,2026-08-06T18:50:00,False,,ALI HAMZA,0,0,0,,,,,
2306,,,SHEHZAD KHAN SB DHINDA,FBMCL-00290,Booking Delivery,0,0,0,,MB NO.11289,SB-SL-3302,,,2063,2026-08-07T11:05:00,False,,MAUZAM +ALTAF,0,0,0,Cash,,,,
2307,,,MUHAMMAD AKRAM SB SANTAL SURKHIYAN,FBMCL-00150,Credit Customer,75750,0,0,,MB NO.11276,SB-SL-3303,,,2064,2026-08-06T12:50:00,False,,OUTSIDER,3750,0,0,Cash,,,,
2308,,,DR EHSAN SB DHINDA,FBMCL-00105,Mixed Transaction,46188.5,0,0,,MB NO.11277,SB-SL-3304,,,2065,2026-08-07T12:53:00,False,,SHARJEEL SAFWAN ABID,0,0,0,Cash,,,,
2309,,,GHULAM MURTZA SB KOANKH,FBMCL-00262,Mixed Transaction,93407.5,0,0,,MB NO.11278,SB-SL-3305,,,2066,2026-08-07T12:56:00,False,,HAFIZ SHOAIB,0,0,0,Cash,,,,
2310,,,DR AMIN SB JPS,FBMCL-00192,Mixed Transaction,634.3999999999986,0,0,,MB NO.11279,SB-SL-3306,,,2067,2026-08-07T12:59:00,False,,OUTSIDER,0,0,0,Cash,,,,
2311,,,SHEHBAZ SB RANGPUR,FBMCL-00228,Mixed Transaction,6600,0,0,,MB NO.11281,SB-SL-3307,,,2068,2026-08-07T13:10:00,False,,OUTSIDER,0,0,0,,,,,
2312,,,DR EHSAN SB DHINDA,FBMCL-00105,Booking Delivery,0,0,0,,MB NO.11283,SB-SL-3308,,,2069,2026-08-07T13:12:00,False,,SHARJEEL SAFWAN ABID,0,0,0,Cash,,,,
2313,,,RAOOF SB GHURAL,FBMCL-00197,Booking Delivery,0,0,0,,MB NO.11284,SB-SL-3309,,,2070,2026-08-07T14:22:00,False,,ZAHID LOADER,0,0,0,Cash,,,,
2314,,,HAJI YOUSUF BUTT JPS,FBMCL-00100,Booking Delivery,0,0,0,,MB NO.11285,SB-SL-3310,,,2071,2026-08-07T14:23:00,False,,MAUZAM +ALTAF,0,0,0,Cash,,,,
2316,,,MIRZA AMJAD JAVED SB AJNALA SITE,FBMCL-00028,Booking Delivery,0,0,0,,MB NO.11292,SB-SL-3312,,,2073,2026-08-07T14:29:00,False,,HAFIZ SHOAIB,0,0,0,Cash,,,,
2317,,,GHULAM MURTZA SB KOANKH,FBMCL-00262,Booking Delivery,0,0,0,,MB NO.11293,SB-SL-3313,,,2074,2026-08-07T14:30:00,False,,HAFIZ SHOAIB,0,0,0,Cash,,,,
2318,,,SHEHZAD KHAN SB DHINDA,FBMCL-00290,Booking Delivery,0,0,0,,MB NO.11294,SB-SL-3314,,,2075,2026-08-07T14:33:00,False,,MAUZAM +ALTAF,0,0,0,Cash,,,,
2319,,,DR AMIN SB JPS,FBMCL-00192,Booking Delivery,0,0,0,,MB NO.11297,SB-SL-3315,,,2076,2026-08-07T14:36:00,False,,OUTSIDER,750,750,0,,,,,
2320,,,DR AMIN SB JPS,FBMCL-00192,Credit Customer,31000,0,0,,MB NO.11298,SB-SL-3316,,,2077,2026-08-07T14:43:00,False,,MAUZAM +ALTAF,600,600,0,Cash,,,,
2321,,,SHEHZAD KHAN SB DHINDA,FBMCL-00290,Booking Delivery,0,0,0,,MB NO.11301,SB-SL-3317,,,2078,2026-08-07T10:31:00,False,,MAUZAM +ALTAF,0,0,0,Cash,,,,
2322,,,HAJI YOUSUF BUTT JPS,FBMCL-00100,Credit Customer,15600,0,0,,MB NO.11303,SB-SL-3318,,,2079,2026-08-08T12:24:00,False,,HARIS SUFWAN ABID,600,600,0,,,,,
2323,,,ADNAN SB DOIYAN,FBMCL-00080,Credit Customer,38750,0,0,,MB NO.11305,SB-SL-3319,,,2080,2026-08-08T12:27:00,False,,HAJI AHMED,1500,0,0,Cash,,,,
2324,,,HAJI YOUSUF BUTT JPS,FBMCL-00100,Cash,31200,31200,0,,MB NO.11307,SB-SL-3320,,,,2026-08-08T12:32:00,False,,OUTSIDER,0,0,0,Cash,2,,FBM  CASH,
2325,,,MUHAMMAD YOUSUF SB GHURAIRA,FBMCL-00285,Mixed Transaction,4093,0,0,,MB NO.11308,SB-SL-3321,,,2081,2026-08-08T12:59:00,False,,OUTSIDER,0,0,0,,,,,
2326,,,HAJI IQBAL SB JPS,FBMCL-00047,Booking Delivery,0,0,0,,MB NO.11313,SB-SL-3322,,,2082,2026-08-08T13:02:00,False,,HAJI AHMED,520,520,0,Cash,,,,
2327,,,HDC MEHAR MEHDI SB JPS,FBMCL-00260,Mixed Transaction,2888.4,0,0,,MB NO.11314,SB-SL-3323,,,2083,2026-08-08T13:03:00,False,,OUTSIDER,0,0,0,,,,,
2328,,,DR EHSAN SB DHINDA,FBMCL-00105,Booking Delivery,0,0,0,,MB NO.11317,SB-SL-3324,,,2084,2026-08-06T13:05:00,False,,OUTSIDER,0,0,0,Cash,,,,
2329,,,UMER HAYAT SB AJNALA,FBMCL-00275,Booking Delivery,0,0,0,,MB NO.11318,SB-SL-3325,,,2085,2026-08-08T13:06:00,False,,HARIS SUFWAN ABID,1000,1000,0,Cash,,,,
2330,,,KHALIL AHMED SB DHINDA KALAAN,FBMCL-00242,Cash,31400,31400,0,,MB NO.11319,SB-SL-3326,,,,2026-08-08T13:08:00,False,,HAJI AHMED,1000,1000,0,Cash,2,,FBM  CASH,
2331,,,TUFAIL ABBAS SB RANGPUR,FBMCL-00132,Mixed Transaction,4590,4550,40,DISCOUNT,MB NO.11320,SB-SL-3327,,,2086,2026-08-08T14:35:00,False,,OUTSIDER,0,0,0,Cash,2,,FBM  CASH,
2332,,,ZEESHAN ATTARI SB JPS,FBMCL-00178,Credit Customer,112612.7,0,0,,MB NO.11328,SB-SL-3328,,,2087,2026-08-08T14:44:00,False,,MAUZAM +ALTAF,800,800,0,Cash,,,,
2333,,,MUHAMMAD QASIM SB MALIKPUR,FBMCL-00134,Booking Delivery,0,0,0,,MB NO.11329,SB-SL-3329,,,2088,2026-08-08T14:48:00,False,,HAJI AHMED,0,0,0,Cash,,,,
2334,,,HDC MEHAR MEHDI SB JPS,FBMCL-00260,Credit Customer,3087.6,0,0,,MB NO.11332,SB-SL-3330,,,2089,2026-08-08T14:51:00,False,,NAZIM,0,0,0,Cash,,,,
2335,,,RAFAQAT HUSSAIN SB MALIK (MASJID),FBMCL-00188,Mixed Transaction,15456.99999999996,0,0,,MB NO.11333,SB-SL-3331,,,2090,2026-08-08T16:40:00,False,,ZAIN ALI,3000,3000,0,Cash,,,,
2336,,,HAJI YOUSUF BUTT JPS,FBMCL-00100,Cash,15300,15300,0,,MB NO.11334,SB-SL-3332,,,,2026-08-08T16:47:00,False,,MAUZAM +ALTAF,300,300,0,Cash,2,,FBM  CASH,
2337,,,RAOOF SB GHURAL,FBMCL-00197,Mixed Transaction,7961.799999999995,0,0,,MB NO.11234,SB-SL-3333,,,2091,2026-08-06T16:51:00,False,,HAJI AHMED,0,0,0,Cash,,,,
2338,,,MIRZA AMJAD JAVED SB AJNALA SITE,FBMCL-00028,Mixed Transaction,11250,0,0,,MB NO.11337,SB-SL-3334,,,2092,2026-08-08T17:33:00,False,,HAJI AHMED,11250,11250,0,Cash,,,,
2339,,,MIRZA AMJAD JAVED SB AJNALA SITE,FBMCL-00028,Credit Customer,40500,0,0,,MB NO.11339,SB-SL-3335,,,2093,2026-08-08T17:37:00,False,,HAJI AHMED,1250,1250,0,Cash,,,,
2340,,,MAZHAR SB RUPOWAL DERA,FBMCL-00009,Credit Customer,40000,0,0,,MB NO.11340,SB-SL-3336,,,2094,2026-08-08T08:44:00,False,,ZAIN ALI,1250,1250,0,Cash,,,,
2341,,,RAJA AMEER HAMZA SB JPS,FBMCL-00103,Cash,152384.8,152000,384.8,DISCOUNT,MB NO.11343,SB-SL-3337,,,,2026-08-08T11:22:00,False,,HARIS SUFWAN ABID,1300,1300,0,Cash,2,,FBM  CASH,
2342,,,MIRZA AMJAD JAVED SB AJNALA SITE,FBMCL-00028,Credit Customer,40500,0,0,,MB NO.11345,SB-SL-3338,,,2095,2026-08-09T11:38:00,False,,HAFIZ SHOAIB,1250,1250,0,Cash,,,,
2343,,,MIRZA REHMAN SB JPS,FBMCL-00191,Credit Customer,31000,0,0,,MB NO.11346,SB-SL-3339,,,2096,2026-08-09T11:56:00,False,,HAJI AHMED,0,0,0,Cash,,,,
2344,,,MUHAMMAD ABID SB KOANKH,FBMCL-00154,Mixed Transaction,1290,0,0,,MB NO.11347,SB-SL-3340,,,2097,2026-08-09T11:59:00,False,,HAFIZ SHOAIB,0,0,0,Cash,,,,
2345,,,ALI AKBAR SB DHINDA,FBMCL-00211,Booking Delivery,0,0,0,,MB NO.11348,SB-SL-3341,,,2098,2026-08-09T12:43:00,False,,HARIS SUFWAN ABID,1000,1000,0,Cash,,,,
2346,,,CH MUHAMMAD AKRAM RIHANIA SB JPS,FBMCL-00167,Booking Delivery,0,0,0,,MB NO.11349,SB-SL-3342,,,2099,2026-08-09T12:46:00,False,,HAJI AHMED,0,0,0,Cash,,,,
2347,,,MALIK SHEHBAZ SB DHINDA,FBMCL-00255,Credit Customer,5681.599999999999,0,0,,MB NO.11351,SB-SL-3343,,,2100,2026-08-09T12:49:00,False,,OUTSIDER,0,0,0,Cash,,,,
2348,,,MUHAMMMAD AWAIS SB PARSUWAL,FBMCL-00164,Booking Delivery,0,0,0,,MB NO.11352,SB-SL-3344,,,2101,2026-08-09T12:52:00,False,,OUTSIDER,0,0,0,Cash,,,,
2349,,,EHSAN SB LOADER PARSUWAL,FBMCL-00278,Booking Delivery,0,0,0,,MB NO.11353,SB-SL-3345,,,2102,2026-08-09T12:53:00,False,,OUTSIDER,0,0,0,Cash,,,,
2350,,,TANVEER SB DHINDA,FBMCL-00277,Booking Delivery,0,0,0,,MB NO.11354,SB-SL-3346,,,2103,2026-08-09T13:09:00,False,,OUTSIDER,0,0,0,Cash,,,,
2351,,,JAWAD SB AJNALA JPS,FBMCL-00013,Credit Customer,1520,0,0,,MB NO.11355,SB-SL-3347,,,2104,2026-08-09T13:10:00,False,,OUTSIDER,0,0,0,Cash,,,,
2352,,,SHEHZAD KHAN SB DHINDA,FBMCL-00290,Booking Delivery,0,0,0,,MB NO.11357,SB-SL-3348,,,2105,2026-08-09T13:12:00,False,,HAJI AHMED,0,0,0,Cash,,,,
2353,,,ALI SHAN SB RANGRA,FBMCL-00243,Booking Delivery,0,0,0,,MB NO.11358,SB-SL-3349,,,2106,2026-08-09T13:14:00,False,,ZAIN ALI,0,0,0,Cash,,,,
2354,,,MUHAMMAD YOUSUF SB GHURAIRA,FBMCL-00285,Booking Delivery,0,0,0,,MB NO.11360,SB-SL-3350,,,2107,2026-08-09T13:16:00,False,,HAJI AHMED,1200,1200,0,Cash,,,,
2355,,,GHULAM MURTZA SB KOANKH,FBMCL-00262,Mixed Transaction,500,0,0,,MB NO.11362/2,SB-SL-3351,,,2108,2026-08-09T14:14:00,False,,HAFIZ SHOAIB,15700,9850,0,Cash,,,,
2356,,,KHAYAM SB MALIKPUR,FBMCL-00273,Booking Delivery,0,0,0,,MB NO.11366,SB-SL-3352,,,2109,2026-08-09T15:13:00,False,,HARIS SUFWAN ABID,0,0,0,Cash,,,,
2357,,,KHAYAM SB MALIKPUR,FBMCL-00273,Credit Customer,860,0,0,,MB NO.11116/2,SB-SL-3353,,,2110,2026-08-02T15:18:00,False,,ZAIN ALI,0,0,0,Cash,,,,
2358,,,CH IMRAN SB JPS,FBMCL-00215,Booking Delivery,0,0,0,,MB NO.11361,SB-SL-3354,,,2111,2026-08-09T15:40:00,False,,HAFIZ SHOAIB,600,600,0,Cash,,,,
2359,,,SHAMRAIZ SB HANDA STOP,FBMCL-00272,Booking Delivery,0,0,0,,MB NO.11368,SB-SL-3355,,,2112,2026-08-09T15:42:00,False,,ZAHID LOADER,0,0,0,Cash,,,,
2360,,,MUHAMMAD ARIF BAIG SB KOANKH (KAMRAN NUMBERDAR),FBMCL-00177,Booking Delivery,0,0,0,,MB NO.11369,SB-SL-3356,,,2113,2026-08-09T16:02:00,False,,HAFIZ SHOAIB,2000,1000,0,Cash,,,,
2361,,,MUHAMMAD ARIF BAIG SB KOANKH (KAMRAN NUMBERDAR),FBMCL-00177,Credit Customer,56458,0,0,,MB NO.11103/2,SB-SL-3357,,,2114,2026-08-09T16:09:26.461969,False,,HAFIZ SHOAIB,1000,0,0,Cash,,,,
2362,,,HAJI IQBAL SB JPS,FBMCL-00047,Mixed Transaction,400,0,0,,MB NO.11371,SB-SL-3358,,,2115,2026-08-09T16:20:00,False,,OUTSIDER,0,0,0,Cash,,,,
2363,,,MIRZA NAZAR BAIG SB KOANKH,FBMCL-00212,Credit Customer,31200,0,0,,MB NO.11370,SB-SL-3359,,,2116,2026-08-09T16:24:00,False,,ZAIN ALI,1000,1000,0,Cash,,,,
2364,,,FAZAL ILAHI SB JALPUWAL,FBMCL-00051,Credit Customer,31400,0,0,,MB NO.11372,SB-SL-3360,,,2117,2026-08-09T16:26:00,False,,HARIS SUFWAN ABID,1000,1000,0,Cash,,,,
2365,,,MIRZA AMJAD JAVED SB AJNALA SITE,FBMCL-00028,Credit Customer,40500,0,0,,MB NO.11367,SB-SL-3361,,,2118,2026-08-09T16:29:00,False,,HAJI AHMED,1250,1250,0,Cash,,,,
2366,,,HDC MEHAR MEHDI SB JPS,FBMCL-00260,Booking Delivery,0,0,0,,MB NO.11373,SB-SL-3362,,,2119,2026-08-09T16:39:00,False,,OUTSIDER,0,0,0,Cash,,,,
2367,,,HDC MEHAR MEHDI SB JPS,FBMCL-00260,Booking Delivery,0,0,0,,MB NO.11314/2,SB-SL-3363,,,2120,2026-08-08T16:53:00,False,,OUTSIDER,0,0,0,Cash,,,,
2368,,,MUHAMMMAD AWAIS SB PARSUWAL,FBMCL-00164,Booking Delivery,0,0,0,,MB NO.8058/2,SB-SL-3364,,,2121,2026-05-07T17:00:00,False,,OUTSIDER,0,0,0,Cash,,,,
2369,,,HDC SYED TASSAWAR SHAH SB MALIKPUR SITE,FBMCL-00200,Mixed Transaction,980,0,0,,MB NO.11375,SB-SL-3365,,,2122,2026-08-10T11:11:00,False,,HAJI AHMED,501.2,501.2,0,,,,,
2370,,,GHULAM MURTZA SB KOANKH,FBMCL-00262,Credit Customer,1500,0,0,,MB NO.11377/2,SB-SL-3366,,,2123,2026-08-09T11:14:00,False,30 PIONEER RETURN RENT,ZAHID LOADER,1500,0,0,Cash,,,,
2371,,,EJAZ SB DUKANDAR JALPUWAL,FBMCL-00161,Credit Customer,29800,10000,0,,MB NO.11378,SB-SL-3367,,,2124,2026-08-09T11:24:00,False,,OUTSIDER,0,0,0,Cash,2,,FBM  CASH,
2372,,,SHEHZAD KHAN SB DHINDA,FBMCL-00290,Booking Delivery,0,0,0,,MB NO.11379,SB-SL-3368,,,2125,2026-08-09T11:41:00,False,,HAFIZ SHOAIB,0,0,0,Cash,,,,
2373,,,RAOOF SB GHURAL,FBMCL-00197,Booking Delivery,0,0,0,,MB NO.11380,SB-SL-3369,,,2126,2026-08-10T11:42:00,False,,HARIS SUFWAN ABID,2600,1000,0,Cash,,,,
2374,,,MIRZA YOUNUS SB JPS,FBMCL-00208,Booking Delivery,0,0,0,,MB NO.11381,SB-SL-3370,,,2127,2026-08-10T12:03:00,False,,ZAIN ALI,350,350,0,Cash,,,,
2375,,,SHEHZAD KHAN SB DHINDA,FBMCL-00290,Booking Delivery,0,0,0,,MB NO.11382,SB-SL-3371,,,2128,2026-08-10T12:15:00,False,,OUTSIDER,0,0,0,Cash,,,,
2376,,,EHSAN SB LOADER PARSUWAL,FBMCL-00278,Booking Delivery,0,0,0,,MB NO.11385,SB-SL-3372,,,2129,2026-08-10T12:17:00,False,,OUTSIDER,0,0,0,Cash,,,,
2377,,,DR EHSAN SB DHINDA,FBMCL-00105,Credit Customer,18480,0,0,,MB NO.11401,SB-SL-3373,,,2130,2026-08-10T12:23:00,False,,ZAIN ALI,0,0,0,Cash,,,,
2378,,,RAFAQAT HUSSAIN SB MALIK (MASJID),FBMCL-00188,Cash,1300,1300,0,,MB NO.11402,SB-SL-3374,,,,2026-08-10T12:24:00,False,,OUTSIDER,0,0,0,Cash,2,,FBM  CASH,
2379,,,SHEHBAZ SB RANGPUR,FBMCL-00228,Credit Customer,2200,0,0,,MB NO.11403,SB-SL-3375,,,2131,2026-08-10T12:27:00,False,,NAZIM,0,0,0,,,,,
2380,,,HAJI AMANAT SB KHARANA,FBMCL-00274,Booking Delivery,0,0,0,,MB NO.11404,SB-SL-3376,,,2132,2026-08-10T12:30:00,False,,ZAIN ALI,0,0,0,,,,,
2381,,,ZEESHAN ATTARI SB JPS,FBMCL-00178,Booking Delivery,0,0,0,,MB NO.11407,SB-SL-3377,,,2133,2026-08-11T12:31:00,False,,JAHANGIR PARSUWAL,600,600,0,Cash,,,,
2382,,,RAJA AMEER HAMZA SB JPS,FBMCL-00103,Credit Customer,15300,0,0,,MB NO.11408,SB-SL-3378,,,2134,2026-08-11T12:32:00,False,,HARIS SUFWAN ABID,300,300,0,,,,,
2383,,,MASJID PANJTAN PAK JPS(QARI ANSAR SB),FBMCL-00026,Booking Delivery,0,0,0,,MB NO.11409,SB-SL-3379,,,2135,2026-08-11T12:38:00,False,,HARIS SUFWAN ABID,1000,1000,0,Cash,,,,
2384,,,MUHAMMAD ARSHAD SB GHURAL (SUBEDAR QADAR DAD SB),FBMCL-00175,Mixed Transaction,1500,0,0,,MB NO.11412,SB-SL-3380,,,2136,2026-08-11T12:39:00,False,,JAHANGIR PARSUWAL,1500,1500,0,Cash,,,,
2385,,,JAWAD SB AJNALA JPS,FBMCL-00013,Credit Customer,3040,0,0,,MB NO.11415,SB-SL-3381,,,2137,2026-08-11T12:42:00,False,,OUTSIDER,0,0,0,Cash,,,,
2386,,,RAJA AMEER HAMZA SB JPS,FBMCL-00103,Credit Customer,12750,0,0,,MB NO.11422,SB-SL-3382,,,2138,2026-08-11T12:48:00,False,,JAHANGIR PARSUWAL,1000,1000,0,,,,,
2387,,,SHAHZAIB FAROOQ SB ALAM GARH,FBMCL-00268,Credit Customer,39750,0,0,,MB NO.11423,SB-SL-3383,,,2139,2026-08-11T12:49:00,False,,HAFIZ SHOAIB,0,0,0,Cash,,,,
2388,,,MIRZA NAZAR BAIG SB KOANKH,FBMCL-00212,Credit Customer,3500,0,0,,MB NO.11424,SB-SL-3384,,,2140,2026-08-11T12:50:00,False,,HARIS SUFWAN ABID,1000,1000,0,Cash,,,,
2389,,,SHAMRAIZ SB JAGUWAN,FBMCL-00244,Credit Customer,5423.4,0,0,,MB NO.11425,SB-SL-3385,,,2141,2026-08-11T12:52:00,False,,OUTSIDER,0,0,0,Cash,,,,
2390,,,RAJA PARWEZ SB RANGPUR,FBMCL-00111,Cash,29700,29700,0,,MB NO.11386,SB-SL-3386,,,,2026-08-10T13:07:00,False,,ZAIN ALI,0,0,0,Cash,2,,FBM  CASH,
2391,,,SHEHZAD KHAN SB DHINDA,FBMCL-00290,Booking Delivery,0,0,0,,MB NO.11390,SB-SL-3387,,,2142,2026-08-10T13:08:00,False,,OUTSIDER,0,0,0,Cash,,,,
2392,,,CH MUHAMMAD AKRAM RIHANIA SB JPS,FBMCL-00167,Booking Delivery,0,0,0,,MB NO.11391,SB-SL-3388,,,2143,2026-08-10T13:11:00,False,,HARIS SUFWAN ABID,0,0,0,,,,,
2393,,,SHEHZAD KHAN SB DHINDA,FBMCL-00290,Booking Delivery,0,0,0,,MB NO.11392,SB-SL-3389,,,2144,2026-08-10T13:13:00,False,,HAFIZ SHOAIB,0,0,0,Cash,,,,
2394,,,HAFIZ NASIR SB GHURAL,FBMCL-00213,Credit Customer,12702.3,0,0,,MB NO.11395,SB-SL-3390,,,2145,2026-08-11T13:14:00,False,,ZAIN ALI,2000,0,0,Cash,,,,
2396,,,KHALIL AHMED SB DHINDA KALAAN,FBMCL-00242,Credit Customer,12470.5,9000,0,,MB NO.11393,SB-SL-3392,,,2147,2026-08-10T12:18:00,False,,OUTSIDER,0,0,0,Cash,2,,FBM  CASH,
2397,,,SHEHBAZ SB RANGPUR,FBMCL-00228,Booking Delivery,0,0,0,,MB NO.11428,SB-SL-3393,,,2148,2026-08-11T14:42:00,False,,OUTSIDER,0,0,0,Cash,,,,
2398,,,HAFIZ NASIR SB GHURAL,FBMCL-00213,Credit Customer,10400,0,0,,MB NO.11429,SB-SL-3394,,,2149,2026-08-11T14:43:00,False,,OUTSIDER,0,0,0,Cash,,,,
2399,,,RAFAQAT HUSSAIN SB MALIK (MASJID),FBMCL-00188,Credit Customer,72146.59999999999,0,0,,MB NO.11397,SB-SL-3395,,,2150,2026-08-11T14:44:00,False,,OUTSIDER,800,800,0,Cash,,,,
2400,,,MUHAMMAD ARIF BAIG SB KOANKH (KAMRAN NUMBERDAR),FBMCL-00177,Credit Customer,7304,0,0,,MB NO.11432,SB-SL-3396,,,2151,2026-08-11T14:45:00,False,,HAFIZ SHOAIB,0,0,0,Cash,,,,
2401,,,MUHAMMAD ARSHAD SB DHINDA POTAN WALAY,FBMCL-00256,Cash,31000,31000,0,,MB NO.11433,SB-SL-3397,,,,2026-08-11T14:50:00,False,,OUTSIDER,0,0,0,Cash,2,,FBM  CASH,
2402,,,MUJEEB KHAN SB KOANKH,FBMCL-00286,Booking Delivery,0,0,0,,MB NO.11437,SB-SL-3398,,,2152,2026-08-11T14:52:00,False,,HAFIZ SHOAIB,0,0,0,Cash,,,,
2403,,,IRFAN SB DEDHAR SHARIF,FBMCL-00205,Booking Delivery,0,0,0,,MB NO.11398,SB-SL-3399,,,2153,2026-08-10T14:55:00,False,,HAFIZ SHOAIB,3000,1500,0,,,,,
2404,,,HAJI IQBAL SB JPS,FBMCL-00047,Booking Delivery,0,0,0,,MB NO.11434,SB-SL-3400,,,2154,2026-08-11T14:55:00,False,,HARIS SUFWAN ABID,0,0,0,Cash,,,,
2405,,,MIRZA REHMAN SB JPS,FBMCL-00191,Credit Customer,30400,0,0,,MB NO.11399,SB-SL-3401,,,2155,2026-08-11T14:57:00,False,,OUTSIDER,0,0,0,Cash,,,,
2406,,,RAFAQAT HUSSAIN SB MALIK (MASJID),FBMCL-00188,Credit Customer,31000,0,0,,MB NO.11435,SB-SL-3402,,,2156,2026-08-11T14:56:00,False,,HARIS SUFWAN ABID,800,800,0,Cash,,,,
2407,,,HDC MEHAR MEHDI SB JPS,FBMCL-00260,Booking Delivery,0,0,0,,MB NO.11444,SB-SL-3403,,,2157,2026-08-10T16:06:00,False,,NAZIM,0,0,0,,,,,
2408,,,RAJA MUDASIR SB JPS,FBMCL-00241,Booking Delivery,0,0,0,,MB NO.11443,SB-SL-3404,,,2158,2026-08-10T16:09:00,False,,OUTSIDER,0,0,0,Cash,,,,
2409,,,JAWAD SB AJNALA JPS,FBMCL-00013,Credit Customer,1520,0,0,,MB NO.11442,SB-SL-3405,,,2159,2026-08-10T16:11:00,False,,OUTSIDER,0,0,0,Cash,,,,
2410,,,BILAL SB KOANKH (QARI EJAZ SB),FBMCL-00010,Booking Delivery,0,0,0,,MB NO.11447,SB-SL-3406,,,2160,2026-08-11T16:36:00,False,,HAFIZ SHOAIB,0,0,0,Cash,,,,
2414,,,MUHAMMAD ABID SB KOANKH,FBMCL-00154,Booking Delivery,0,0,0,,MB NO.11450,SB-SL-3410,,,2164,2026-08-11T11:12:00,False,,OUTSIDER,0,0,0,Cash,,,,
2415,,,MUHAMMAD ABID SB KOANKH,FBMCL-00154,Booking Delivery,0,0,0,,MB NO.11452,SB-SL-3411,,,2165,2026-08-11T11:13:00,False,,OUTSIDER,0,0,0,Cash,,,,
2416,,,SAGHEER BAIG SB KOANKH,FBMCL-00216,Mixed Transaction,11400,0,0,,MB NO.11454,SB-SL-3412,,,2166,2026-08-11T11:19:00,False,,HAFIZ SHOAIB,2250,2250,0,,,,,
2417,,,FAISAL SB AJNALA,FBMCL-00088,Booking Delivery,0,0,0,,MB NO.11457,SB-SL-3413,,,2167,2026-08-12T11:22:00,False,,SHARJEEL SAFWAN ABID,1000,1000,0,Cash,,,,
2418,,,MIRZA REHMAN SB JPS,FBMCL-00191,Credit Customer,30400,0,0,,MB NO.11458,SB-SL-3414,,,2168,2026-08-12T11:30:00,False,,HAJI AHMED,0,0,0,Cash,,,,
2419,,,TANVEER SB DHINDA,FBMCL-00277,Booking Delivery,0,0,0,,MB NO.11464,SB-SL-3415,,,2169,2026-08-12T11:34:00,False,,ZAHID LOADER,0,0,0,Cash,,,,
2420,,,ADNAN SB DOIYAN,FBMCL-00080,Credit Customer,39250,0,0,,MB NO.11465,SB-SL-3416,,,2170,2026-08-12T11:35:00,False,,HAJI AHMED,1500,0,0,Cash,,,,
2421,,,AKAS AMJAD RANG PUR,00446,Mixed Transaction,1250,0,0,,MB NO.11468,SB-SL-3417,,,2171,2026-08-12T14:51:00,False,,HAJI AHMED,1250,1250,0,,,,,
2422,,,HDC SYED TASSAWAR SHAH SB MALIKPUR SITE,FBMCL-00200,Credit Customer,3050,0,0,,MB NO.11472,SB-SL-3418,,,2172,2026-08-12T15:41:00,False,,ZAHID LOADER,800,0,0,Cash,,,,
2423,,,ALI AKBAR SB DHINDA,FBMCL-00211,Booking Delivery,0,0,0,,MB NO.11476,SB-SL-3419,,,2173,2026-08-12T15:43:00,False,,ZAHID LOADER,1000,0,0,Cash,,,,
2424,,,JAWAD SB AJNALA JPS,FBMCL-00013,Credit Customer,3040,0,0,,MB NO.11477,SB-SL-3420,,,2174,2026-08-12T15:45:00,False,,OUTSIDER,0,0,0,Cash,,,,
2425,,,JAWAD SB AJNALA JPS,FBMCL-00013,Credit Customer,4540,0,0,,MB NO.11483,SB-SL-3421,,,2175,2026-08-12T15:46:00,False,,HAJI AHMED,300,0,0,Cash,,,,
2426,,,IMRAN SB MALAK PUR,FBMCL-00076,Credit Customer,3100,0,0,,MB NO.11431,SB-SL-3422,,,2176,2026-08-11T16:23:00,False,,OUTSIDER,0,0,0,Cash,,,,
2427,,,MUHAMMAD ABID SB KOANKH,FBMCL-00154,Booking Delivery,0,0,0,,MB NO.11488,SB-SL-3423,,,2177,2026-08-12T12:34:00,False,,HAFIZ SHOAIB,13500,0,0,,,,,
2428,,,JAWAD SB AJNALA JPS,FBMCL-00013,Credit Customer,1500,0,0,,MB NO.11490,SB-SL-3424,,,2178,2026-08-12T12:44:00,False,,ZAHID LOADER,300,0,0,Cash,,,,
2429,,,SAGHEER BAIG SB KOANKH,FBMCL-00216,Mixed Transaction,750,0,0,,MB NO.11492,SB-SL-3425,,,2179,2026-08-13T12:46:00,False,,JAHANGIR PARSUWAL,2000,1250,0,,,,,
2430,,,KHALIL AHMED SB DHINDA KALAAN,FBMCL-00242,Credit Customer,25300,24300,0,,MB NO.11495,SB-SL-3426,,,2180,2026-08-13T12:47:00,False,,HAFIZ SHOAIB,1000,0,0,Cash,2,,FBM  CASH,
2431,,,MUHMMAD SHAREEF SB DHINDA,FBMCL-00282,Credit Customer,15800,0,0,,MB NO.11496,SB-SL-3427,,,2181,2026-08-13T12:53:00,False,,ZAIN ALI,600,0,0,Cash,,,,
2432,,,MIRZA YOUNUS SB JPS,FBMCL-00208,Booking Delivery,0,0,0,,MB NO.11497,SB-SL-3428,,,2182,2026-08-13T12:56:00,False,,HAFIZ SHOAIB,0,0,0,Cash,,,,
2433,,,YASIR YAQOOB SB DILAWARPUR,FBMCL-00163,Booking Delivery,0,0,0,,MB NO.11502,SB-SL-3429,,,2183,2026-08-13T13:12:00,False,,HAFIZ SHOAIB,1500,0,0,Cash,,,,
2434,,,SHABEEB SB KANIYAN,FBMCL-00209,Booking Delivery,0,0,0,,MB NO.11504,SB-SL-3430,,,2184,2026-08-13T13:13:00,False,,OUTSIDER,1500,0,0,Cash,,,,
2435,,,CH SHOUKT AJNALA,FBMCL-00294,Cash,39250,39000,250,DISCOUNT,MB NO.11506,SB-SL-3431,,,,2026-08-13T14:13:00,False,,HAJI AHMED,1250,0,0,Cash,2,,FBM  CASH,
2436,,,SHEHZAD KHAN SB DHINDA,FBMCL-00290,Mixed Transaction,14433.3,14400,0.3,DISCOUNT,MB NO.11512,SB-SL-3432,,,2185,2026-08-13T14:15:00,False,,ZAHID LOADER,0,0,0,Cash,2,,FBM  CASH,
2437,,,QAISER SB JPS,FBMCL-00263,Credit Customer,1520,0,0,,MB NO.11513,SB-SL-3433,,,2186,2026-08-13T14:18:00,False,,OUTSIDER,0,0,0,Cash,,,,
2438,,,HAJI AMANAT SB KHARANA,FBMCL-00274,Booking Delivery,0,0,0,,MB NO.11514,SB-SL-3434,,,2187,2026-08-13T14:20:00,False,,HAFIZ SHOAIB,0,0,0,Cash,,,,
2439,,,ISHTAIQ BOUCH,FBMCL-00293,Booking Delivery,0,0,0,,MB NO.11516,SB-SL-3435,,,2188,2026-08-13T14:23:00,False,,ALI HAMZA,6000,0,0,Cash,,,,
2440,,,ALI SHAN SB HANDA,FBMCL-00289,Mixed Transaction,1000,0,0,,MB NO.11520,SB-SL-3436,,,2189,2026-08-13T14:29:48.758993,False,,OUTSIDER,1200,0,0,Cash,,,,
2441,,,SHEHZAD KHAN SB DHINDA,FBMCL-00290,Booking Delivery,0,0,0,,MB NO.11521,SB-SL-3437,,,2190,2026-08-13T14:31:00,False,,ALI HAMZA,0,0,0,Cash,,,,
2443,,,SARWAR SB MASON,FBMCL-00229,Mixed Transaction,328.9999999999947,0,0,,MB NO.10182,SB-SL-3439,,,2191,2026-07-05T14:54:00,False,,JAHANGIR PARSUWAL,0,0,0,Cash,,,,
2444,,,HDC MEHAR MEHDI SB JPS,FBMCL-00260,Booking Delivery,0,0,0,,MB NO.11499,SB-SL-3440,,,2192,2026-08-12T17:02:00,False,,OUTSIDER,0,0,0,Cash,,,,
2445,,,MUHMMAD SHAREEF SB DHINDA,FBMCL-00282,Credit Customer,12760,0,0,,MB NO.11523,SB-SL-3441,,,2193,2026-08-13T08:45:00,False,,ZAIN ALI,600,0,0,Cash,,,,
2446,,,RAJA PARWEZ SB RANGPUR,FBMCL-00111,Cash,29700,29700,0,,MB NO.11526,SB-SL-3442,,,,2026-08-13T08:51:00,False,,HAFIZ SHOAIB,0,0,0,Cash,2,,FBM  CASH,
2447,,,HDC MEHAR MEHDI SB JPS,FBMCL-00260,Booking Delivery,0,0,0,,MB NO.11528,SB-SL-3443,,,2194,2026-08-14T09:10:00,False,,OUTSIDER,60,0,0,Cash,,,,
2448,,,MUHMMAD SHAREEF SB DHINDA,FBMCL-00282,Cash,8570,8570,0,,MB NO.11529,SB-SL-3444,,,,2026-07-09T09:12:00,False,,JAHANGIR PARSUWAL,1250,0,0,Cash,2,,FBM  CASH,
2449,,,JHANGIR SB MALIKPUR,FBMCL-00299,Booking Delivery,0,0,0,,MB NO.11456,SB-SL-3445,,,2195,2026-08-12T11:19:00,False,,HAJI AHMED,2000,0,0,Cash,,,,
2450,,,SUFYAN BAIG SB HAJIA KOANKH,FBMCL-00300,Booking Delivery,0,0,0,,MB NO.11389,SB-SL-3446,,,2196,2026-08-10T11:44:00,False,,HAFIZ SHOAIB,500,0,0,Cash,,,,
2451,,,SUFYAN BAIG SB HAJIA KOANKH,FBMCL-00300,Booking Delivery,0,0,0,,MB NO.11430,SB-SL-3447,,,2197,2026-08-11T11:48:00,False,,HAFIZ SHOAIB,1000,0,0,Cash,,,,
2453,,,RAJA PARWEZ SB RANGPUR,FBMCL-00111,Credit Customer,17820,0,0,,MB NO.11536,SB-SL-3449,,,2199,2026-08-15T08:53:00,False,,HAFIZ SHOAIB,0,0,0,Cash,,,,
2454,,,TANVEER SB DHINDA,FBMCL-00277,Booking Delivery,0,0,0,,MB NO.11535,SB-SL-3450,,,2200,2026-08-15T09:05:00,False,,OUTSIDER,0,0,0,Cash,,,,
2455,,,CH IMRAN SB JPS,FBMCL-00215,Booking Delivery,0,0,0,,MB NO.11537,SB-SL-3451,,,2201,2026-08-15T09:11:00,False,,ALI HAMZA,600,0,0,Cash,,,,
2456,,,MUHAMMAD BASHEER SB CONT KOANKH,FBMCL-00067,Credit Customer,23250,0,0,,MB NO.11538,SB-SL-3452,,,2202,2026-08-15T09:17:00,False,,ZAIN ALI,750,0,0,Cash,,,,
2457,,,CH MUHAMMAD AKRAM RIHANIA SB JPS,FBMCL-00167,Booking Delivery,0,0,0,,MB NO.11539,SB-SL-3453,,,2203,2026-08-15T09:19:00,False,,JAHANGIR PARSUWAL,0,0,0,Cash,,,,
2458,,,MASTER ZAHOOR SB JPS,FBMCL-00145,Booking Delivery,0,0,0,,MB NO.11541,SB-SL-3454,,,2204,2026-08-15T09:38:00,False,,OUTSIDER,0,0,0,Cash,,,,
2459,,,QAISER SB JPS,FBMCL-00263,Mixed Transaction,6740.800000000001,0,0,,MB NO.11542,SB-SL-3455,,,2205,2026-08-15T09:59:00,False,,HAJI AHMED,1500,0,0,Cash,,,,
2460,,,SHEHBAZ SB RANGPUR,FBMCL-00228,Booking Delivery,0,0,0,,MB NO.11546,SB-SL-3456,,,2206,2026-08-15T10:09:00,False,,OUTSIDER,0,0,0,,,,,
2461,,,MIRZA REHMAN SB JPS,FBMCL-00191,Credit Customer,30400,0,0,,MB NO.11547,SB-SL-3457,,,2207,2026-08-15T10:10:00,False,,JAHANGIR PARSUWAL,0,0,0,Cash,,,,
2462,,,MASTER ZAHOOR SB JPS,FBMCL-00145,Booking Delivery,0,0,0,,MB NO.11549,SB-SL-3458,,,2208,2026-08-15T10:13:00,False,,OUTSIDER,0,0,0,Cash,,,,
2463,,,MALIK IQBAL SB MALIKPUR,FBMCL-00296,Mixed Transaction,1010.799999999999,0,0,,MB NO.11548,SB-SL-3459,,,2209,2026-08-15T10:41:00,False,,HAFIZ SHOAIB,0,0,0,,,,,
2464,,,MUHAMMAD YOUSUF SB GHURAIRA,FBMCL-00285,Booking Delivery,0,0,0,,MB NO.11551,SB-SL-3460,,,2210,2026-08-15T10:53:00,False,,HAJI AHMED,1200,0,0,Cash,,,,
2465,,,SHAMRAIZ SB JAGUWAN,FBMCL-00244,Booking Delivery,0,0,0,,MB NO.11120/2,SB-SL-3461,,,2211,2026-08-15T11:41:00,False,,OUTSIDER,0,0,0,Cash,,,,
2466,,,SHAMRAIZ SB JAGUWAN,FBMCL-00244,Credit Customer,30900,0,0,,MB NO.11533,SB-SL-3462,,,2212,2026-08-15T11:42:00,False,,HAJI AHMED,1100,0,0,Cash,,,,
2467,,,MUHAMMAD ARSHAD SB DHINDA POTAN WALAY,FBMCL-00256,Booking Delivery,0,0,0,,MB NO.11555,SB-SL-3463,,,2213,2026-08-15T12:16:00,False,,JAHANGIR PARSUWAL,1000,0,0,Cash,,,,
2469,,,MASTER ZAHOOR SB JPS,FBMCL-00145,Booking Delivery,0,0,0,,MB NO.11558,SB-SL-3465,,,2215,2026-08-15T12:35:00,False,,OUTSIDER,0,0,0,Cash,,,,
2470,,,HAFIZ ABDUL JABBAR SB RANGPUR,FBMCL-00202,Credit Customer,1520,0,0,,MB NO.11166/2,SB-SL-3466,,,2216,2026-08-15T12:43:00,False,,OUTSIDER,0,0,0,Cash,,,,
2471,,,MALIK IQBAL SB MALIKPUR,FBMCL-00296,Booking Delivery,0,0,0,,MB NO.11559,SB-SL-3467,,,2217,2026-08-15T14:53:00,False,,HAFIZ SHOAIB,800,0,0,Cash,,,,
2472,,,KHAYAM SB MALIKPUR,FBMCL-00273,Booking Delivery,0,0,0,,MB NO.11561,SB-SL-3468,,,2218,2026-08-15T14:57:00,False,,OUTSIDER,0,0,0,Cash,,,,
2473,,,MIRZA AMJAD JAVED SB AJNALA SITE,FBMCL-00028,Credit Customer,40000,0,0,,MB NO.1567,SB-SL-3469,,,2219,2026-08-15T15:17:00,False,,ALI HAMZA,1250,0,0,Cash,,,,
2474,,,MUHAMMAD ARSHAD SB GHURAL (SUBEDAR QADAR DAD SB),FBMCL-00175,Booking Delivery,0,0,0,,MB NO.11568,SB-SL-3470,,,2220,2026-08-15T15:19:00,False,,HAFIZ SHOAIB,0,0,0,Cash,,,,
2475,,,FAZAL ILAHI SB JALPUWAL,FBMCL-00051,Credit Customer,31000,0,0,,MB NO.11563,SB-SL-3471,,,2221,2026-08-15T16:19:00,False,,HAJI AHMED,1000,0,0,Cash,,,,
2476,,,HAJI IQBAL SB JPS,FBMCL-00047,Mixed Transaction,3481.6,0,0,,MB NO.11540,SB-SL-3472,,,2222,2026-08-15T09:17:00,False,,OUTSIDER,0,0,0,Cash,,,,
2477,,,HAJI IQBAL SB JPS,FBMCL-00047,Booking Delivery,0,0,0,,MB NO.11583,SB-SL-3473,,,2223,2026-08-16T09:31:00,False,,JAHANGIR PARSUWAL,520,520,0,Cash,,,,
2478,,,HAJI IQBAL SB JPS,FBMCL-00047,Booking Delivery,0,0,0,,MB NO.11434/2,SB-SL-3474,,,2224,2026-08-11T10:05:00,False,,HAJI AHMED,1040,1040,0,Cash,,,,
2479,,,MASTER ZAHOOR SB JPS,FBMCL-00145,Booking Delivery,0,0,0,,MB NO.11573,SB-SL-3475,,,2225,2026-08-15T10:08:00,False,,OUTSIDER,0,0,0,Cash,,,,
2480,,,RAJA MUDASIR SB JPS,FBMCL-00241,Booking Delivery,0,0,0,,MB NO.11574,SB-SL-3476,,,2226,2026-08-15T10:15:00,False,,OUTSIDER,0,0,0,Cash,,,,
2481,,,QAISER SB JPS,FBMCL-00263,Mixed Transaction,43432,0,0,,MB NO.11576,SB-SL-3477,,,2227,2026-08-16T10:18:00,False,,HAFIZ SHOAIB,400,400,0,,,,,
2482,,,QAISER SB JPS,FBMCL-00263,Credit Customer,2313,0,0,,MB NO.11565/2,SB-SL-3478,,,2228,2026-08-15T17:39:00,False,,OUTSIDER,0,0,0,Cash,,,,
2483,,,RAOOF SB GHURAL,FBMCL-00197,Mixed Transaction,1250,0,0,,MB NO.11580,SB-SL-3479,,,2229,2026-08-16T10:46:00,False,,HAJI AHMED,1000,0,0,Cash,,,,
2484,,,NASAR IQBAL BUTT SB JPS,FBMCL-00235,Booking Delivery,0,0,0,,MB NO.9990,SB-SL-3480,,,2230,2026-07-01T11:31:00,False,,OUTSIDER,0,0,0,Cash,,,,
2485,,,NASAR IQBAL BUTT SB JPS,FBMCL-00235,Mixed Transaction,610,0,0,,MB NO.11582,SB-SL-3481,,,2231,2026-08-16T11:37:00,False,,ALI SHAN MANI,400,400,0,Cash,,,,
2486,,,RAJA MUDASIR SB JPS,FBMCL-00241,Booking Delivery,0,0,0,,MB NO.11510,SB-SL-3482,,,2232,2026-08-13T11:38:00,False,,OUTSIDER,0,0,0,Cash,,,,
2487,,,YOUSUF BUTT SB KOANKH,FBMCL-00096,Booking Delivery,0,0,0,,MB NO.11586/2,SB-SL-3483,,,2233,2026-08-16T12:53:00,False,,NAZIM,0,0,0,Cash,,,,
2488,,,GHULAM MURTZA SB KOANKH,FBMCL-00262,Credit Customer,15800,0,0,,MB NO.11596,SB-SL-3484,,,2234,2026-08-16T13:46:00,False,,HAFIZ SHOAIB,600,600,0,Cash,,,,
2489,,,BILAL SB KOANKH (QARI EJAZ SB),FBMCL-00010,Mixed Transaction,9936,0,0,,MB NO.11597,SB-SL-3485,,,2235,2026-08-16T13:48:00,False,,ALI SHAN MANI,0,0,0,Cash,,,,
2490,,,TANVEER SB DHINDA,FBMCL-00277,Booking Delivery,0,0,0,,MB NO.11600,SB-SL-3486,,,2236,2026-08-16T13:55:00,False,,OUTSIDER,0,0,0,Cash,,,,
2491,,,ASIF SB LOADER JPS,FBMCL-00287,Booking Delivery,0,0,0,,MB NO.11604,SB-SL-3487,,,2237,2026-08-16T14:53:00,False,,OUTSIDER,0,0,0,Cash,,,,
2492,,,FAUJI EJAZ AHMED SB JPS,FBMCL-00301,Booking Delivery,0,0,0,,MB NO.11608,SB-SL-3488,,,2238,2026-08-16T16:11:00,False,,HAFIZ SHOAIB,2835,2835,0,,,,,
2493,,,ALI SHAN SB RANGRA,FBMCL-00243,Booking Delivery,0,0,0,,MB NO.11619,SB-SL-3489,,,2239,2026-08-17T08:58:00,False,,JAHANGIR PARSUWAL,0,0,0,Cash,,,,
2494,,,EHSAN SB CHAUHAN,FBMCL-00035,Booking Delivery,0,0,0,,MB NO.11617,SB-SL-3490,,,2240,2026-08-17T09:00:00,False,,HAFIZ SHOAIB,0,0,0,Cash,,,,
2495,,,CH IMRAN SB JPS,FBMCL-00215,Credit Customer,574,0,0,,MB NO.11618,SB-SL-3491,,,2241,2026-08-17T09:25:00,False,,NAZIM,0,0,0,Cash,,,,
2496,,,EHSAN SB CHAUHAN,FBMCL-00035,Booking Delivery,0,0,0,,MB NO.11623,SB-SL-3492,,,2242,2026-08-17T09:33:00,False,,HAFIZ SHOAIB,0,0,0,Cash,,,,
2497,,,IRFAN SB DEDHAR SHARIF,FBMCL-00205,Mixed Transaction,7729.5,0,0,,MB NO.11621,SB-SL-3493,,,2243,2026-08-17T09:34:00,False,,HAJI AHMED,0,0,0,Cash,,,,
2498,,,MUHMMAD SHAREEF SB DHINDA,FBMCL-00282,Credit Customer,9920,0,0,,MB NO.11622,SB-SL-3494,,,2244,2026-08-16T22:21:00,False,,ALI SHAN MANI,600,0,0,Cash,,,,
2499,,,MALIK MUHAMMAD ASHRAF SB JPS,FBMCL-00160,Booking Delivery,0,0,0,,MB NO.11625,SB-SL-3495,,,2245,2026-08-16T22:24:00,False,,OUTSIDER,0,0,0,Cash,,,,
2500,,,YOUSUF BUTT SB KOANKH,FBMCL-00096,Booking Delivery,0,0,0,,MB NO.11626,SB-SL-3496,,,2246,2026-08-16T22:40:00,False,,OUTSIDER,0,0,0,Cash,,,,
2501,,,UMER HAYAT SB AJNALA,FBMCL-00275,Booking Delivery,0,0,0,,MB NO.11609,SB-SL-3497,,,2247,2026-08-17T22:44:00,False,,HAJI AHMED,1000,0,0,,,,,
2502,,,TAHIR SB AJNALA,FBMCL-00038,Booking Delivery,0,0,0,,MB NO.11631,SB-SL-3498,,,2248,2026-08-17T11:03:00,False,,HAFIZ SHOAIB,0,0,0,,,,,
2503,,,MIRZA YOUNUS SB JPS,FBMCL-00208,Booking Delivery,0,0,0,,MB NO.11633,SB-SL-3499,,,2249,2026-08-17T11:14:00,False,,OUTSIDER,350,0,0,Cash,,,,
2505,,,SHEHZAD KHAN SB DHINDA,FBMCL-00290,Booking Delivery,0,0,0,,MB NO.11634,SB-SL-3501,,,2251,2026-08-17T11:54:00,False,,JAHANGIR PARSUWAL,0,0,0,Cash,,,,
2506,,,SUFYAN BAIG SB HAJIA KOANKH,FBMCL-00300,Booking Delivery,0,0,0,,MB NO.11637,SB-SL-3502,,,2252,2026-08-17T11:56:00,False,,HAFIZ SHOAIB,1000,0,0,Cash,,,,
2507,sale-mszsci4v-1m6aqn2xt7,,RAJA MUDASIR SB JPS,FBMCL-00241,Booking Delivery,0,0,0,,MB NO.11584,SB-SL-3503,,,,2026-08-16T12:31:00,False,,HAJI AHMED,4350,4350,0,Cash,,,,
2508,sale-mszso2c4-921hossjij,,RAJA MUDASIR SB JPS,FBMCL-00241,Booking Delivery,0,0,0,,MB NO.11169,SB-SL-3504,,,,2026-08-04T12:49:00,False,,ZAIN ALI,2122,0,0,Cash,,,,
2509,sale-mszstlyp-8u5zevd15n,,RAJA MUDASIR SB JPS,FBMCL-00241,Mixed Transaction,430,0,0,,MB NO.11169/2,SB-SL-3505,,,2253,2026-08-04T12:57:00,False,,HAFIZ SHOAIB,0,0,0,Cash,,,,
2510,sale-mszt5n8m-ie3lqdlvlo,,RAJA MUDASIR SB JPS,FBMCL-00241,Booking Delivery,0,0,0,,MB NO.11599/2,SB-SL-3506,,,,2026-08-16T13:06:00,False,,OUTSIDER,0,0,0,Cash,,,,
2511,sale-mszt9xyi-oap8z8jfwk,,RAJA MUDASIR SB JPS,FBMCL-00241,Mixed Transaction,6200,0,0,,,SB-SL-3507,,,2254,2026-08-17T13:09:00,False,,ALI SHAN MANI,600,0,0,Cash,,,,
2512,sale-msztf8v5-e11sawpfha,,MUHAMMAD AKRAM SB SANTAL SURKHIYAN,FBMCL-00150,Credit Customer,31300,0,0,,MB NO.11640,SB-SL-3508,,,2255,2026-08-17T13:14:00,False,,HAJI AHMED,1500,1500,0,Cash,,,,
2513,sale-mszthkl3-88zz4nvj0c,,FAZAL ILAHI SB JALPUWAL,FBMCL-00051,Credit Customer,30800,0,0,,MB NO.11641,SB-SL-3509,,,2256,2026-08-17T13:15:00,False,,JAHANGIR PARSUWAL,1000,1000,0,Cash,,,,
2514,sale-msztqkgq-za51aqw2nr,,SHEHZAD KHAN SB DHINDA,FBMCL-00290,Booking Delivery,0,0,0,DISCOUNT,MB NO.11642,SB-SL-3510,,,,2026-08-17T13:22:00,False,,ALI SHAN MANI,0,0,0,Cash,,,,
2515,sale-msztv61z-yen4z0bpyw,,RAJA MUDASIR SB JPS,FBMCL-00241,Credit Customer,4600,0,0,,MB NO.11643,SB-SL-3511,,,2257,2026-08-17T13:26:00,False,,HAJI AHMED,1000,1000,0,Cash,,,,
2516,sale-mszukw0n-47pw4r2p55,,JHANGIR SB MALIKPUR,FBMCL-00299,Mixed Transaction,366,0,0,,MB NO.11388,SB-SL-3512,,,2258,2026-08-10T13:28:00,False,,HARIS SUFWAN ABID,1200,1200,0,Cash,,,,
2518,1cbeb749-8328-4e86-9ddf-1a8c78a2a6fc,,FAUJI EJAZ AHMED SB JPS,FBMCL-00301,Booking Delivery,0,0,0,,MB NO.11652,SB-SL-3514,,,,2026-08-17T15:00:00,False,,HAFIZ SHOAIB,2700,0,0,Cash,,,,
2519,28d06e8c-0171-43bf-96f3-6fc75a487c95,,MUHAMMAD ARSHAD SB DHINDA POTAN WALAY,FBMCL-00256,Booking Delivery,0,0,0,,MB NO.11654,SB-SL-3515,,,,2026-08-18T15:06:00,False,,SHARJEEL SAFWAN ABID,1000,0,0,Cash,,,,
2520,5f216087-f660-47f6-8314-cf105218d041,,MUHAMMAD ARSHAD SB GHURAL (SUBEDAR QADAR DAD SB),FBMCL-00175,Mixed Transaction,3500,0,0,,MB NO.11655,SB-SL-3516,,,2259,2026-08-18T15:08:00,False,,HAJI AHMED,1500,0,0,Cash,,,,
2521,9089fcf3-3501-4a57-bd6c-068f5edc9d5e,,QAISER SB JPS,FBMCL-00263,Booking Delivery,0,0,0,,MB NO.11656,SB-SL-3517,,,,2026-08-19T15:12:00,False,,OUTSIDER,0,0,0,Cash,,,,
2522,537edf4f-6d10-4f20-bbf4-7930737982ec,,MIRZA YOUNUS SB JPS,FBMCL-00208,Booking Delivery,0,0,0,,MB NO.11659,SB-SL-3518,,,,2026-08-18T15:48:00,False,,SHARJEEL SAFWAN ABID,350,0,0,Cash,,,,
2523,612073b2-fcc5-41d0-b5ec-cc9068b57f71,,MUHAMMAD ARIF BAIG SB KOANKH (KAMRAN NUMBERDAR),FBMCL-00177,Booking Delivery,0,0,0,,MB NO.11660,SB-SL-3519,,,,2026-08-18T15:00:00,False,,HAJI AHMED,1000,1000,0,Cash,,,,
2524,d5f3a376-17e1-40b0-8552-40b9ef5640e7,,SAFDAR ALI SB AJNALA (ASLAM CONT),FBMCL-00186,Booking Delivery,0,0,0,,MB NO.11662,SB-SL-3520,,,,2026-08-03T15:53:00,False,,HARIS SUFWAN ABID,0,0,0,Cash,,,,
2525,5aeeb89b-2554-4668-a2e5-15936e22c425,,SAFDAR ALI SB AJNALA (ASLAM CONT),FBMCL-00186,Booking Delivery,0,0,0,,MB NO.11662/2,SB-SL-3521,,,,2026-08-03T15:57:00,False,,HARIS SUFWAN ABID,8000,0,0,Cash,,,,
2526,08d72a4c-52d2-4711-be4e-90b9553cac04,,SAFDAR ALI SB AJNALA (ASLAM CONT),FBMCL-00186,Mixed Transaction,9166.400000000001,0,0,,MB NO.11663,SB-SL-3522,,,2260,2026-08-17T15:58:00,False,,HAJI AHMED,0,0,0,Cash,,,,
2527,65c9dbf3-bb68-44d2-ae97-43ea576dce41,,RAJA AMEER HAMZA SB JPS,FBMCL-00103,Credit Customer,400,0,0,,MB NO.11665,SB-SL-3523,,,2261,2026-08-18T15:59:00,False,,NAZIM,0,0,0,Cash,,,,
2528,a3da23ea-63f1-4b8a-8484-d4447bef2091,,SHABEEB SB KANIYAN,FBMCL-00209,Credit Customer,14000,0,0,,MB NO.11666,SB-SL-3524,,,2262,2026-08-18T16:00:00,False,,HAJI AHMED,2500,0,0,Cash,,,,
2531,eea40ca4-843d-4bba-99ba-275ddd72fc41,,RAJA MUDASIR SB JPS,FBMCL-00241,Booking Delivery,0,0,0,,MB NO.11670,SB-SL-3527,,,,2026-08-18T16:04:00,False,,OUTSIDER,0,0,0,Cash,,,,
2533,6bb44d92-2c29-4e35-be83-cfd72ce9691d,,SHAMRAIZ SB JAGUWAN,FBMCL-00244,Credit Customer,39635,0,0,,MB NO.11673,SB-SL-3529,,,2263,2026-08-18T16:11:00,False,,OUTSIDER,0,0,0,Cash,,,,
2534,e93fa14a-0265-45fb-aaf4-e8dac5b2b33c,,RAJA AMEER HAMZA SB JPS,FBMCL-00103,Credit Customer,15400,0,0,,MB NO.11674,SB-SL-3530,,,2264,2026-08-18T16:15:00,False,,HAFIZ SHOAIB,300,0,0,Cash,,,,
2535,79f38380-5cbc-4aff-a2c3-608a4d517683,,ASIF SB LOADER JPS,FBMCL-00287,Cash,12080,12000,80,,MB NO.11675,SB-SL-3531,,,,2026-08-18T16:16:00,False,,OUTSIDER,0,0,0,Cash,2,,FBM  CASH,
2536,1f9fa165-06a9-4937-ae88-2b6e2fba415b,,KHAYAM SB MALIKPUR,FBMCL-00273,Mixed Transaction,70959.20000000006,0,0,,MB NO.11676,SB-SL-3532,,,2265,2026-08-18T16:18:00,False,,HAFIZ SHOAIB,0,0,0,Cash,,,,
2537,dc32c2b2-dd84-4a6b-8d1e-884f81394255,,MIRZA REHMAN SB JPS,FBMCL-00191,Credit Customer,15300,0,0,,MB NO.11679,SB-SL-3533,,,2266,2026-08-18T16:22:00,False,,SHARJEEL SAFWAN ABID,0,0,0,Cash,,,,
2539,e7c2af62-754d-4878-8ade-e0523baa9cd4,,MASJID PANJTAN PAK JPS(QARI ANSAR SB),FBMCL-00026,Booking Delivery,0,0,0,,MB NO.11682,SB-SL-3535,,,,2026-08-18T16:27:00,False,,JAHANGIR PARSUWAL,500,0,0,Cash,,,,
2540,a89240b0-3973-4466-962a-51e12ce71a0c,,MUJEEB KHAN SB KOANKH,FBMCL-00286,Booking Delivery,0,0,0,,MB NO.11683,SB-SL-3536,,,,2026-08-18T16:29:00,False,,HAFIZ SHOAIB,0,0,0,Cash,,,,
2542,sale-mt10kcg4-e58k8y01gk,,SAJID SB GHURAL ( BOBY DRIVER ),FBMCL-00271,Booking Delivery,0,0,0,,MB NO.11701,SB-SL-3538,,,,2026-08-19T09:21:00,False,,ZAIN ALI,2500,1250,0,Cash,,,,
2543,sale-mt114z5r-od64j5mi2b,,HAJI IQBAL SB JPS,FBMCL-00047,Booking Delivery,0,0,0,,MB NO.11706,SB-SL-3539,,,,2026-08-19T09:37:00,False,,OUTSIDER,520,0,0,Cash,,,,
2544,sale-mt12gva7-n457u0u29s,,HDC MEHAR MEHDI SB JPS,FBMCL-00260,Credit Customer,2808,0,0,,MB NO.11528/2,SB-SL-3540,,,2269,2026-08-13T09:39:00,False,,OUTSIDER,0,0,0,Cash,,,,
2545,e85593ee-76c4-4cc1-a343-2f5fe7d3901a,,ALI SHAN SB HANDA,FBMCL-00289,Booking Delivery,0,0,0,,MB NO.11692,SB-SL-3541,,,,2026-08-19T11:04:00,False,,OUTSIDER,1200,0,0,Cash,,,,
2546,18fe3bf1-7b24-4660-9fcf-e9dfe7495156,,Orphan13,ORPH-00013,Cash,30100,30000,100,,MB NO.11694,SB-SL-3542,,,,2026-08-19T11:05:00,False,"[MIGRATION] Orphan record. Original client: ""ADNAN LOADER GHURAIRA"".",OUTSIDER,0,0,0,Cash,2,,FBM  CASH,
2547,e6662356-ee8c-4906-89f2-f7b8e8f53e06,,HAJI YOUSUF BUTT JPS,FBMCL-00100,Cash,15000,15000,0,,MB NO.11695,SB-SL-3543,,,,2026-08-19T11:08:00,False,,ALI SHAN MANI,0,0,0,Cash,2,,FBM  CASH,
2548,685f1130-cbe5-4607-827b-3503b17ac30b,,IRFAN SB DEDHAR SHARIF,FBMCL-00205,Mixed Transaction,40003.69999999999,0,0,,MB NO.11697,SB-SL-3544,,,2270,2026-08-19T11:11:00,False,,ALI SHAN MANI,4700,0,0,Cash,,,,
2549,sale-mt15st7l-5wqyg1i8t1,,TANVEER SB DHINDA,FBMCL-00277,Mixed Transaction,2000,0,0,,MB NO.11486,SB-SL-3545,,,2271,2026-08-12T11:46:00,False,,HARIS SUFWAN ABID,0,0,0,Cash,,,,
2550,355bd1f4-46cb-4554-8cdc-ed962a2fb05e,,CH IMRAN SB JPS,FBMCL-00215,Booking Delivery,0,0,0,,MB NO.11717,SB-SL-3546,,,,2026-08-20T11:55:00,False,,ALI SHAN MANI,1440,0,0,Cash,,,,
2551,sale-mt16g3yj-1x9txr3igh,,MALIK JAVED SB KHAN PUR KHOKHAR,FBMCL-00025,Credit Customer,31800,0,0,,MB NO.11109,SB-SL-3547,,,2272,2026-08-02T12:06:00,False,,HAFIZ SHOAIB,1200,1200,0,Cash,,,,
2552,8fca3f69-b6e4-4c12-b81a-bdac36e7e141,,QAISER SB JPS,FBMCL-00263,Booking Delivery,0,0,0,,MB NO.11650,SB-SL-3548,,,,2026-08-17T15:55:00,False,,ALI SHAN MANI,0,0,0,Cash,,,,
2553,d2d36111-a46b-4daf-a027-23611281c9c8,,QAISER SB JPS,FBMCL-00263,Booking Delivery,0,0,0,,MB NO.11722,SB-SL-3549,,,,2026-08-20T15:56:00,False,,OUTSIDER,0,0,0,Cash,,,,
2554,sale-mt1gv2qd-cho2mhyuzy,,AKAS AMJAD RANG PUR,00446,Mixed Transaction,5000,0,0,,MB NO.11681,SB-SL-3550,,,2273,2026-08-18T16:57:00,False,,HAFIZ SHOAIB,5000,5000,0,,,,,
2555,3d923915-075a-4438-b39c-183ae2073e01,,NAEEM SB KOANKH,FBMCL-00308,Booking Delivery,0,0,0,,MB NO.11728/2,SB-SL-3551,,,,2026-08-20T11:48:00,False,,OUTSIDER,0,0,0,Cash,,,,
2556,523bffda-df13-4d9f-ad17-fee39aad9990,,NAEEM SB KOANKH,FBMCL-00308,Booking Delivery,0,0,0,,MB NO.11731,SB-SL-3552,,,,2026-08-21T11:51:00,False,,OUTSIDER,0,0,0,Cash,,,,
2557,482d9237-2907-4e9f-b214-13a9283f91ba,,NAEEM SB KOANKH,FBMCL-00308,Cash,3000,3000,0,,MB NO.11730,SB-SL-3553,,,,2026-08-21T11:52:00,False,,OUTSIDER,0,0,0,Cash,2,,FBM  CASH,
2558,77a853ad-48cb-43f2-a6ba-0424715c9edc,,SHEHZAD KHAN SB DHINDA,FBMCL-00290,Mixed Transaction,20588.4,0,0,,MB NO.11732,SB-SL-3554,,,2274,2026-08-21T11:54:00,False,,SHARJEEL SAFWAN ABID,0,0,0,Cash,,,,
2559,cb32af45-f419-4e56-9699-58681f82ea8a,,KHAYAM SB MALIKPUR,FBMCL-00273,Booking Delivery,0,0,0,,MB NO.11738,SB-SL-3555,,,,2026-08-21T14:30:00,False,,HAFIZ SHOAIB,0,0,0,Cash,,,,
2560,58eb47fd-eb7c-4d59-9f58-d72c1b514ed3,,FAUJI EJAZ AHMED SB JPS,FBMCL-00301,Booking Delivery,0,0,0,,MB NO.11612,SB-SL-3556,,,,2026-08-16T11:44:00,False,,JAHANGIR PARSUWAL,1800,1800,0,,,,,
2561,b017ca51-f724-477e-a497-ade61f832bd6,,FAUJI EJAZ AHMED SB JPS,FBMCL-00301,Booking Delivery,0,0,0,,MB NO.11672,SB-SL-3557,,,,2026-08-18T11:51:00,False,,ZAIN ALI,756,756,0,,,,,
2562,36e1f8e5-4dc0-47d1-a7df-41494dce7931,,FAUJI EJAZ AHMED SB JPS,FBMCL-00301,Booking Delivery,0,0,0,,MB NO.11739,SB-SL-3558,,,,2026-08-22T12:15:00,False,,ZAIN ALI,0,0,0,Cash,,,,
2563,06e90ede-7505-47d4-be42-fd9e50da1e19,,IRFAN SB DEDHAR SHARIF,FBMCL-00205,Mixed Transaction,24375,0,0,,MB NO.11742,SB-SL-3559,,,2275,2026-08-21T12:26:00,False,,ZAHID LOADER,6000,0,0,Cash,,,,
2564,d08878bc-c672-4cf8-909b-e754950a7272,,MUSHTAQ SB JPS,FBMCL-00261,Booking Delivery,0,0,0,,MB NO.11629,SB-SL-3560,,,,2026-08-17T12:50:00,False,,OUTSIDER,0,0,0,Cash,,,,
2565,a1df9660-2b0b-415e-93f5-6ee0109d78b5,,MUSHTAQ SB JPS,FBMCL-00261,Booking Delivery,0,0,0,,MB NO.11743,SB-SL-3561,,,,2026-08-21T13:02:00,False,,OUTSIDER,0,0,0,Cash,,,,
2566,a5610654-abe9-4679-b8a0-29ae48c2a9ed,,MUHAMMAD QASIM SB MALIKPUR,FBMCL-00134,Booking Delivery,0,0,0,,MB NO.11747,SB-SL-3562,,,,2026-08-22T12:56:00,False,,ZAIN ALI,0,0,0,Cash,,,,
2567,14808a75-3f6a-4ece-bcc2-ac9f3c25cf9d,,SAFDAR ALI SB AJNALA (ASLAM CONT),FBMCL-00186,Booking Delivery,0,0,0,,MB NO.11748,SB-SL-3563,,,,2026-08-22T13:05:00,False,,HAJI AHMED,100,0,0,Cash,,,,
2568,3d9750c7-573b-42b0-80e7-870af69393d8,,SHABEEB SB KANIYAN,FBMCL-00209,Booking Delivery,0,0,0,,MB NO.11749,SB-SL-3564,,,,2026-08-22T13:06:00,False,,HAFIZ SHOAIB,3000,0,0,Cash,,,,
2569,473132bb-59c7-4eaa-b469-678ece430d26,,SHAMRAIZ SB JAGUWAN,FBMCL-00244,Cash,30900,30900,0,,MB NO.11751,SB-SL-3565,,,,2026-08-22T13:09:00,False,,HAJI AHMED,1100,0,0,Cash,2,,FBM  CASH,
2570,365bf93c-1cc8-40c5-acd1-35f9f615f9b1,,MEHBOOB ALAM SB KOANKH,FBMCL-00046,Booking Delivery,0,0,0,,MB NO.11752,SB-SL-3566,,,,2026-08-22T13:10:00,False,,SHARJEEL SAFWAN ABID,1250,0,0,Cash,,,,
2571,873a1649-2b02-4348-b49f-25924a47dab8,,FAROOQ KALAS SB PARSUWAL,FBMCL-00138,Mixed Transaction,6425.8,0,0,,MB NO.11754,SB-SL-3567,,,2276,2026-08-22T13:13:00,False,,ZAIN ALI,1000,0,0,Cash,,,,
2572,1e4ab9ca-8f1c-401a-93fe-0b7b819c5382,,ZEESHAN ALI SB AJNALA,FBMCL-00304,Booking Delivery,0,0,0,,MB NO.11755,SB-SL-3568,,,,2026-08-22T13:16:00,False,,ZAIN ALI,1250,0,0,Cash,,,,
2574,49681482-003f-4d4c-8b2b-e35af70434fb,,MAZHAR SB RUPOWAL DERA,FBMCL-00009,Credit Customer,39500,0,0,,MB NO.11758,SB-SL-3570,,,2278,2026-08-22T13:19:00,False,,ALI SHAN MANI,1250,0,0,Cash,,,,
2575,c5ddb024-3e76-49f3-b897-512875cc591b,,FAUJI EJAZ AHMED SB JPS,FBMCL-00301,Credit Customer,14400,0,0,,MB NO.111739/2,SB-SL-3571,,,2279,2026-08-20T13:48:00,False,,ALI SHAN MANI,14400,0,0,Cash,,,,
2576,e4a7f5b0-08eb-4fc3-b10b-01fb8d49bf29,,SAGHEER BAIG SB KOANKH,FBMCL-00216,Booking Delivery,0,0,0,DISCOUNT,MB NO.11765,SB-SL-3572,,,,2026-08-22T14:09:00,False,,HAFIZ SHOAIB,1250,0,0,Cash,,,,
2577,f298991b-69a4-468a-b715-2cc8020b0878,,HDC SYED TASSAWAR SHAH SB MALIKPUR SITE,FBMCL-00200,Booking Delivery,0,0,0,,MB NO.11766,SB-SL-3573,,,,2026-08-22T14:11:00,False,,HAJI AHMED,480,480,0,Cash,,,,
2578,5b575437-79a5-487a-b85e-945bd67f84ba,,SHAMRAIZ SB JAGUWAN,FBMCL-00244,Booking Delivery,0,0,0,,MB NO.11768,SB-SL-3574,,,,2026-08-22T14:13:00,False,,20 WHEELER,0,0,0,Cash,,,,
2579,fb82331b-88d5-42c2-8f40-dd085844ce4e,,QAISER SB JPS,FBMCL-00263,Booking Delivery,0,0,0,,MB NO.11770,SB-SL-3575,,,,2026-08-22T14:28:00,False,,OUTSIDER,0,0,0,Cash,,,,
2580,194e7c3a-add3-492a-b8a6-a5c2f901176f,,SHEHBAZ SB RANGPUR,FBMCL-00228,Credit Customer,2200,0,0,,MB NO.11772,SB-SL-3576,,,2280,2026-08-22T14:36:00,False,,OUTSIDER,0,0,0,Cash,,,,
2581,efc9488d-2a50-4f72-940b-720b816a2ca2,,AMJAD SB PEROSHAH,FBMCL-00309,Booking Delivery,0,0,0,,MB NO.11774,SB-SL-3577,,,,2026-08-22T14:38:00,False,,HAJI AHMED,0,0,0,Cash,,,,
2582,37c475ab-748d-43ba-a2e4-747bb52a2853,,MUHMMAD SHAREEF SB DHINDA,FBMCL-00282,Credit Customer,600,0,0,,MB NO.11776,SB-SL-3578,,,2281,2026-08-22T14:49:00,False,,ZAHID LOADER,600,600,0,Cash,,,,
2583,f87024ea-81e0-4fd9-8bfc-c630731c98a9,,SUFYAN BAIG SB HAJIA KOANKH,FBMCL-00300,Booking Delivery,0,0,0,,MB NO.11777,SB-SL-3579,,,,2026-08-22T14:52:00,False,,HAFIZ SHOAIB,1000,0,0,Cash,,,,
2584,93fb542a-e765-4b0c-8063-c287ebb8e183,,YOUSUF BUTT SB KOANKH,FBMCL-00096,Booking Delivery,0,0,0,,MB NO.11778,SB-SL-3580,,,,2026-08-23T14:53:00,False,,OUTSIDER,0,0,0,Cash,,,,
2585,9473eeec-aebb-422d-8d7d-d58ad868e82f,,YOUSUF BUTT SB KOANKH,FBMCL-00096,Booking Delivery,0,0,0,,MB NO.11718,SB-SL-3581,,,,2026-08-19T14:54:00,False,,OUTSIDER,0,0,0,Cash,,,,
2586,4f31bdb5-0ee6-46b1-aea3-1aa11c7d7a68,,MUHAMMAD YOUSUF SB GHURAIRA,FBMCL-00285,Booking Delivery,0,0,0,,MB NO.11779,SB-SL-3582,,,,2026-08-23T15:04:00,False,,SHARJEEL SAFWAN ABID,2400,1200,0,Cash,,,,
2587,0dd5efc4-ca8d-4ad5-aeb9-6dd2d31f9a4a,,HAJI AMANAT SB KHARANA,FBMCL-00274,Booking Delivery,0,0,0,,MB NO.11780,SB-SL-3583,,,,2026-08-23T15:07:00,False,,HAJI AHMED,0,0,0,Cash,,,,
2588,1ff53a68-f657-44b3-a631-9c409bc68ad6,,CH MUHAMMAD AKRAM RIHANIA SB JPS,FBMCL-00167,Booking Delivery,0,0,0,,MB NO.11781,SB-SL-3584,,,,2026-08-23T15:29:00,False,,SHARJEEL SAFWAN ABID,0,0,0,Cash,,,,
2589,8c4d9e46-64e5-4003-94b5-7f7c23439eb6,,MIRZA REHMAN SB JPS,FBMCL-00191,Credit Customer,30600,0,0,,MB NO.11784,SB-SL-3585,,,2282,2026-08-23T15:34:00,False,,ZAIN ALI,0,0,0,Cash,,,,
2590,ea277653-319b-47ef-b04c-2c653790fbc2,,MUHAMMAD ARSHAD SB DHINDA POTAN WALAY,FBMCL-00256,Credit Customer,31600,0,0,,MB NO.11785,SB-SL-3586,,,2283,2026-08-23T15:39:00,False,,HAFIZ SHOAIB,1000,1000,0,Cash,,,,
2591,fa093797-fba2-47f1-a7d5-abd8bed90c49,,ZEESHAN ATTARI SB JPS,FBMCL-00178,Booking Delivery,0,0,0,,MB NO.11786,SB-SL-3587,,,,2026-08-23T15:41:00,False,,HAFIZ SHOAIB,870,600,0,Cash,,,,
2592,bd83df72-c3d3-43b9-bb08-0134caa6cdf4,,ZEESHAN ATTARI SB JPS,FBMCL-00178,Booking Delivery,0,0,0,,MB NO.11669,SB-SL-3588,,,,2026-08-18T15:45:00,False,,JAHANGIR PARSUWAL,600,600,0,Cash,,,,
2593,f843712b-a5f3-4ba0-8df5-bf762b664849,,SHEHZAD KHAN SB DHINDA,FBMCL-00290,Booking Delivery,0,0,0,,MB NO.11787,SB-SL-3589,,,,2026-08-23T15:46:00,False,,ZAIN ALI,0,0,0,Cash,,,,
2594,a1bb6a54-f12a-4967-877a-fa6b92180b0a,,SHEHZAD KHAN SB DHINDA,FBMCL-00290,Mixed Transaction,163461.4,0,0,,MB NO.11684,SB-SL-3590,,,2284,2026-08-18T15:50:00,False,,ALI SHAN MANI,0,0,0,Cash,,,,
2595,aaebd140-6c1a-4196-a712-e0ce42c0cbce,,MALIK ARSHAD SB JPS,FBMCL-00302,Mixed Transaction,12414.6,0,0,,MB NO.11791,SB-SL-3591,,,2285,2026-08-23T16:03:00,False,,ZAHID LOADER,2000.7,2000,0,Cash,,,,
2596,ca91651a-8f78-44f4-ae60-21ec45dd8588,,SAFDAR ALI SB AJNALA (ASLAM CONT),FBMCL-00186,Mixed Transaction,73344,0,0,,MB NO.11793,SB-SL-3592,,,2286,2026-08-23T16:25:00,False,,SHARJEEL SAFWAN ABID,3000,1000,0,Cash,,,,
2597,3d160c37-dae1-4dc9-a60a-4984c35bde22,,SHEHZAD KHAN SB DHINDA,FBMCL-00290,Booking Delivery,0,0,0,DISCOUNT,MB NO.11795,SB-SL-3593,,,,2026-08-23T16:29:00,False,,ZAIN ALI,0,0,0,Cash,,,,
2598,946706f5-d1dd-4d17-a5ef-e267821ddd52,,MUHAMMAD AKRAM SB SANTAL SURKHIYAN,FBMCL-00150,Mixed Transaction,125933.4000000003,0,1.9,DISCOUNT,MB NO.11796,SB-SL-3594,,,2287,2026-08-23T16:35:00,False,,HAJI AHMED,1500,1500,0,Cash,,,,
2599,74d8bdd6-f902-421c-ac1d-878c58452b2b,,SHEHBAZ SB RANGPUR,FBMCL-00228,Mixed Transaction,1000,0,0,,MB NO.11799,SB-SL-3595,,,2288,2026-08-23T16:38:00,False,,ALI SHAN MANI,1000,0,0,Cash,,,,
2600,0cd96d7a-2734-454d-943e-46c5bb530a29,,NAZAKAT MOBILE SHOP JPS,FBMCL-00018,Credit Customer,3000,0,0,,MB NO.11800,SB-SL-3596,,,2289,2026-08-23T16:40:00,False,,OUTSIDER,0,0,0,Cash,,,,
2601,25170f11-25ce-405e-bfb6-34e9ffdd5cc0,,ALI SHAN SB HANDA,FBMCL-00289,Booking Delivery,0,0,0,,MB NO.11802,SB-SL-3597,,,,2026-08-23T17:07:00,False,,OUTSIDER,2400,2400,0,Cash,,,,
2602,1e35d8bc-9abd-46d2-a82f-135d61658220,,MALIK ARSHAD SB JPS,FBMCL-00302,Credit Customer,790,0,0,,MB NO.11804,SB-SL-3598,,,2290,2026-08-23T17:09:00,False,,OUTSIDER,0,0,0,Cash,,,,
2603,939611ec-45ad-437a-bcdd-59418746bc91,,TANVEER SB DHINDA,FBMCL-00277,Credit Customer,7450,0,0,,MB NO.11805,SB-SL-3599,,,2291,2026-08-23T17:09:00,False,,HAFIZ SHOAIB,700,700,0,Cash,,,,
2604,708460fc-9ed6-407d-bf4d-52af255a4093,,ALI SHAN SB HANDA,FBMCL-00289,Booking Delivery,0,0,0,,MB NO.11520/2,SB-SL-3600,,,,2026-08-13T17:12:00,False,,ALI SHAN MANI,304.75,304.75,0,Cash,,,,
2605,50b43bf0-1647-4ace-8f53-ca229481a198,,RASHEED AHMED SB JPS,FBMCL-00288,Booking Delivery,0,0,0,,MB NO.11667,SB-SL-3601,,,,2026-08-18T13:13:00,False,,SHARJEEL SAFWAN ABID,600,600,0,Cash,,,,
2606,afe94cf4-f099-4726-89f3-d5a68b324d69,,RASHEED AHMED SB JPS,FBMCL-00288,Booking Delivery,0,0,0,,MB NO.11811,SB-SL-3602,,,,2026-08-24T13:16:00,False,,HAJI AHMED,600,600,0,Cash,,,,
2607,df77a2ad-e4d2-4a9e-b341-9f5f627efca6,,SHEHZAD KHAN SB DHINDA,FBMCL-00290,Mixed Transaction,2660,0,0,,MB NO.11812,SB-SL-3603,,,2292,2026-08-24T13:23:00,False,,SHARJEEL SAFWAN ABID,0,0,0,Cash,,,,
2608,da70ed14-02e9-4b85-9228-d701c3f1f08b,,YOUSUF BUTT SB KOANKH,FBMCL-00096,Booking Delivery,0,0,0,,MB NO.11818,SB-SL-3604,,,,2026-08-24T13:29:00,False,,OUTSIDER,0,0,0,Cash,,,,
2609,4e27ca8f-5b8e-4d24-9335-037703e94ff5,,RAOOF SB GHURAL,FBMCL-00197,Booking Delivery,0,0,0,,MB NO.11819,SB-SL-3605,,,,2026-08-24T13:30:00,False,,HAJI AHMED,1000,1000,0,Cash,,,,
2610,3ae8dbc3-21a8-4ad5-bd1d-80628406b059,,RAJA AMEER HAMZA SB JPS,FBMCL-00103,Credit Customer,32900,0,0,,MB NO.11820,SB-SL-3606,,,2293,2026-08-24T13:34:00,False,,SHARJEEL SAFWAN ABID,800,800,0,Cash,,,,
2611,e438e051-4242-44ff-8ddc-9154cae64344,,MUHAMMAD ARSHAD SB GHURAL (SUBEDAR QADAR DAD SB),FBMCL-00175,Booking Delivery,0,0,0,,MB NO.11821,SB-SL-3607,,,,2026-08-24T13:36:00,False,,ZAHID LOADER,0,0,0,Cash,,,,
2612,e96cdf37-9b8c-4d13-9794-e86e934bef45,,JAWAD SB AJNALA JPS,FBMCL-00013,Credit Customer,750,0,0,,MB NO.11822,SB-SL-3608,,,2294,2026-08-24T13:43:00,False,,OUTSIDER,0,0,0,Cash,,,,
2613,d03d0fe7-57e5-4633-9865-b0492dc5caa4,,MALIK IQBAL SB MALIKPUR,FBMCL-00296,Mixed Transaction,5905.2,0,0,,MB NO.11823,SB-SL-3609,,,2295,2026-08-24T13:45:00,False,,OUTSIDER,800,800,0,Cash,,,,
2614,a46771b8-7e62-402e-8f02-48b8b22f5c49,,HDC MEHAR MEHDI SB JPS,FBMCL-00260,Mixed Transaction,3477.3,0,0,,MB NO.11825,SB-SL-3611,,,2296,2026-08-24T14:09:00,False,,OUTSIDER,0,0,0,Cash,,,,
2615,6795945e-1aa5-4930-93d7-d2db9fbd074d,,YOUSUF BUTT SB KOANKH,FBMCL-00096,Booking Delivery,0,0,0,,MB NO.11826/2,SB-SL-3612,,,,2026-08-24T14:22:00,False,,OUTSIDER,0,0,0,Cash,,,,
2616,9dcaba3d-1585-4753-badd-df3790c9729a,,HAJI IQBAL SB JPS,FBMCL-00047,Booking Delivery,0,0,0,,MB NO.11827,SB-SL-3613,,,,2026-08-24T14:23:00,False,,HAJI AHMED,260,260,0,Cash,,,,
2617,85eeaebd-40aa-43c0-8cd8-89f27d8e97a8,,MALIK ARSHAD SB JPS,FBMCL-00302,Credit Customer,592.5,0,0.5,DISCOUNT,MB NO.11828,SB-SL-3614,,,2297,2026-08-24T14:32:00,False,,OUTSIDER,0,0,0,Cash,,,,
2618,58167938-d353-4394-ae10-058f96354af8,,MALIK ARSHAD SB JPS,FBMCL-00302,Credit Customer,1400,0,0,,MB NO.11830,SB-SL-3615,,,2298,2026-08-24T15:23:00,False,,OUTSIDER,0,0,0,Cash,,,,
2619,c7658156-796b-4f64-86d1-77336a554e5c,,KHAWAR SB CONT DHINDA,FBMCL-00284,Booking Delivery,0,0,0,,MB NO.11833,SB-SL-3616,,,,2026-08-24T15:27:00,False,IRFAN 0302-6219711,OUTSIDER,0,0,0,Cash,,,,
2620,31434cc7-62a4-4343-9612-b37514092d6e,,AMJAD SB PEROSHAH,FBMCL-00309,Booking Delivery,0,0,0,,MB NO.11835,SB-SL-3617,,,,2026-08-24T16:13:00,False,,10 WHEELER,0,0,0,Cash,,,,
2621,1b1e9030-3b0c-4b27-bedf-0f240c6fd86e,,AKAS AMJAD RANG PUR,00446,Mixed Transaction,31300,0,0,,MB NO.11836,SB-SL-3618,,,2299,2026-08-24T16:54:00,False,,SHARJEEL SAFWAN ABID,8500,8500,0,Cash,,,,
2622,f7fd9430-c58b-40e4-b967-46fc09a8536b,,MALIK IQBAL SB MALIKPUR,FBMCL-00296,Mixed Transaction,10438.4,0,0,,MB NO.11842,SB-SL-3619,,,2300,2026-08-25T11:03:00,False,,OUTSIDER,0,0,0,Cash,,,,
2623,f83f1019-7fcd-4cc6-a355-8148023d85cd,,IMRAN SB CHACHUWAL,FBMCL-00214,Booking Delivery,0,0,0,,MB NO.11843,SB-SL-3620,,,,2026-08-25T11:04:00,False,,SHARJEEL SAFWAN ABID,0,0,0,Cash,,,,
2624,52e6a059-e24c-412a-97c3-fcd84b675ad1,,CH IMRAN SB JPS,FBMCL-00215,Booking Delivery,0,0,0,,MB NO.11844,SB-SL-3621,,,,2026-08-25T11:06:00,False,,HAJI AHMED,300,0,0,Cash,,,,
2625,12f75185-6d42-42a0-81c6-5b54dd8d8f2c,,YOUSUF BUTT SB KOANKH,FBMCL-00096,Booking Delivery,0,0,0,,MB NO.11850,SB-SL-3622,,,,2026-08-25T11:08:00,False,,NAZIM,0,0,0,Cash,,,,
2626,833459d6-1224-4f7d-8ddd-086434b5dcce,,SHEHZAD KHAN SB DHINDA,FBMCL-00290,Mixed Transaction,11055.2,13700,49,,MB NO.11840,SB-SL-3623,,,2301,2026-08-25T11:09:00,False,,HAJI AHMED,0,0,0,Cash,2,,FBM  CASH,
2627,02a7dc43-4eb4-4d0e-a5dd-f2a756e3565f,,ZEESHAN ATTARI SB JPS,FBMCL-00178,Mixed Transaction,169262.0999999998,0,0,,MB NO.11099/2,SB-SL-3624,,,2302,2026-08-01T10:07:00,False,,ZAIN ALI,3409.35,0,0,Cash,,,,
2628,7bbd7885-f7d9-455b-a8bf-67dcbad6344e,,ZEESHAN ATTARI SB JPS,FBMCL-00178,Credit Customer,29183.7,0,0,,MB NO.11273,SB-SL-3625,,,2303,2026-08-06T12:09:00,False,,HAJI AHMED,0,0,0,Cash,,,,
2629,49d3c38a-49ae-4574-ac78-ed1c8e20520c,,ZEESHAN ATTARI SB JPS,FBMCL-00178,Credit Customer,600,0,0,,MB NO.11170,SB-SL-3626,,,2304,2026-08-04T12:27:00,False,,OUTSIDER,0,0,0,Cash,,,,
2630,6c6d1d60-9966-4b65-8ef5-bf2ce8f40a05,,ZEESHAN ATTARI SB JPS,FBMCL-00178,Credit Customer,58745.6,0,4.3,DISCOUNT,,SB-SL-3627,,,2305,2026-08-25T12:31:00,False,,OUTSIDER,0,0,0,Cash,,,,
2631,d10d50bf-f454-4599-abbe-eed79314999b,,SHEHBAZ SB RANGPUR,FBMCL-00228,Booking Delivery,0,0,0,,MB NO.11845,SB-SL-3628,,,,2026-08-25T12:50:00,False,,ZAHID LOADER,0,0,0,Cash,,,,
2632,2f9c0d10-e19c-4f82-bf9e-0d93640fcb55,,TALHA SB JPS,FBMCL-00008,Credit Customer,12400,0,0,,MB NO.11854,SB-SL-3629,,,2306,2026-08-25T12:52:00,False,,SHARJEEL SAFWAN ABID,600,0,0,Cash,,,,
2633,004ecd31-3183-43ee-a2ec-243ae0672c58,,TANVEER SB DHINDA,FBMCL-00277,Cash,2199.5,2199.5,0,,MB NO.11855,SB-SL-3630,,,,2026-08-25T12:55:00,False,,OUTSIDER,0,0,0,Cash,12,,COMPANY CASH,
2634,132444f8-3caf-487e-9a19-b64d21e6e67e,,FAISAL SB AJNALA,FBMCL-00088,Booking Delivery,0,0,0,,MB NO.11858,SB-SL-3631,,,,2026-08-25T12:57:00,False,,HAJI AHMED,1000,0,0,Cash,,,,
2635,5af206c3-fd42-4b3d-841a-a21f8ca29b64,,MUHAMMAD ARSHAD SB DHINDA POTAN WALAY,FBMCL-00256,Credit Customer,31600,0,0,,MB NO.11862,SB-SL-3632,,,2307,2026-08-25T11:40:00,False,,HAJI AHMED,1000,0,0,Cash,,,,
2636,47c7acb4-6605-4a5c-84f8-979c174fe072,,MIRZA YOUNUS SB JPS,FBMCL-00208,Booking Delivery,0,0,0,,MB NO.11863,SB-SL-3633,,,,2026-08-25T11:42:00,False,,HAJI AHMED,350,0,0,Cash,,,,
2637,db1e37e7-de6b-40ce-8ebd-4b3ef5a5bcb8,,HDC MEHAR MEHDI SB JPS,FBMCL-00260,Booking Delivery,0,0,0,,MB NO.11864,SB-SL-3634,,,,2026-08-25T11:44:00,False,,OUTSIDER,0,0,0,Cash,,,,
2638,eba4a059-d299-41bd-9528-5290b2c159f0,,KHALIL AHMED SB DHINDA KALAAN,FBMCL-00242,Booking Delivery,0,0,0,,MB NO.11868,SB-SL-3635,,,,2026-08-25T11:46:00,False,,SHARJEEL SAFWAN ABID,1000,0,0,Cash,,,,
2639,e9776a8f-dedc-4669-9d33-903791139f24,,UMER HAYAT SB AJNALA,FBMCL-00275,Booking Delivery,0,0,0,,MB NO.11869,SB-SL-3636,,,,2026-08-25T11:52:00,False,,ALI SHAN MANI,1000,0,0,Cash,,,,
2640,0ae3e02f-c06d-4d33-a49a-69f68fa24e26,,FAZAL ILAHI SB JALPUWAL,FBMCL-00051,Credit Customer,968.4,0,0,,MB NO.11870/2,SB-SL-3637,,,2308,2026-08-25T11:55:00,False,,OUTSIDER,0,0,0,Cash,,,,
2641,b95d8431-e413-40b8-9fa1-9e3cc02310dc,,MAJID HUSSAIN SB AJNALA,FBMCL-00050,Booking Delivery,0,0,0,,MB NO.11871,SB-SL-3638,,,,2026-08-25T11:57:00,False,,OUTSIDER,0,0,0,Cash,,,,
2642,142ba330-6398-4e7e-bca9-363e99fc9df1,,MIRZA REHMAN SB JPS,FBMCL-00191,Credit Customer,15300,0,0,,MB NO.11872,SB-SL-3639,,,2309,2026-08-25T11:58:00,False,,ZAHID LOADER,0,0,0,Cash,,,,
2643,a57c4341-2fa0-4338-a421-3a045fa869cd,,MALIK ARSHAD SB JPS,FBMCL-00302,Booking Delivery,0,0,0,,MB NO.11874,SB-SL-3640,,,,2026-08-25T12:00:00,False,,ALI SHAN MANI,3300,0,0,Cash,,,,
2644,57f23849-d9e7-4eb3-a6d9-2bf27b4c660f,,CH IMRAN SB JPS,FBMCL-00215,Credit Customer,3200,0,0,,MB NO.11875,SB-SL-3641,,,2310,2026-08-25T12:02:00,False,,NAZIM,0,0,0,Cash,,,,
2645,3894013d-00aa-4acd-9a28-d66595adcb6b,,SHEHZAD KHAN SB DHINDA,FBMCL-00290,Booking Delivery,0,0,0,,MB NO.11877,SB-SL-3642,,,,2026-08-25T12:05:00,False,,ZAHID LOADER,0,0,0,Cash,,,,
2646,92584855-d248-4734-8122-9d91625f1160,,ADNAN SB DOIYAN,FBMCL-00080,Credit Customer,38250,0,0,,MB NO.11879,SB-SL-3643,,,2311,2026-08-27T12:11:00,False,,ZAHID LOADER,1500,0,0,Cash,,,,
2647,b3ef2f53-f7d9-4402-b778-511da8763a81,,SUFYAN BAIG SB HAJIA KOANKH,FBMCL-00300,Booking Delivery,0,0,0,,MB NO.11884,SB-SL-3644,,,,2026-08-27T12:17:00,False,,HAJI AHMED,1250,0,0,Cash,,,,
2648,483af081-2577-4d83-9f69-6115ac9b1050,,FAROOQ KALAS SB PARSUWAL,FBMCL-00138,Booking Delivery,0,0,0,,MB NO.11886,SB-SL-3645,,,,2026-08-27T12:18:00,False,,ZAIN ALI,1250,0,0,Cash,,,,
2649,c663a5f7-6463-48a7-82e4-2b7749aadc6e,,MIRZA NAZAR BAIG SB KOANKH,FBMCL-00212,Booking Delivery,0,0,0,,MB NO.11890,SB-SL-3646,,,,2026-08-27T12:21:00,False,,SHARJEEL SAFWAN ABID,801,0,0,Cash,,,,
2650,c5baa798-db5e-4785-a39e-1af011b250e0,,SHAHZAIB FAROOQ SB ALAM GARH,FBMCL-00268,Credit Customer,31200,0,0,,MB NO.11892,SB-SL-3647,,,2312,2026-08-27T12:23:00,False,,HAJI AHMED,0,0,0,Cash,,,,
2651,0e18e689-4bad-4c99-a884-07632b5756cc,,MALIK MUHAMMAD ASHRAF SB JPS,FBMCL-00160,Booking Delivery,0,0,0,,MB NO.11893,SB-SL-3648,,,,2026-08-27T12:24:00,False,,OUTSIDER,0,0,0,Cash,,,,
2652,346e3099-ebde-460c-bc36-caaa87e1c94b,,HAJI IQBAL SB JPS,FBMCL-00047,Booking Delivery,0,0,0,,MB NO.11897,SB-SL-3649,,,,2026-08-27T12:28:00,False,,ZAIN ALI,260,0,0,Cash,,,,
2653,47dd3b8d-3b4c-49c5-977c-6af4d19478be,,YOUSUF BUTT SB KOANKH,FBMCL-00096,Booking Delivery,0,0,0,,MB NO.11899,SB-SL-3650,,,,2026-08-27T12:34:00,False,,OUTSIDER,0,0,0,Cash,,,,
2654,ccd084e4-2c35-4411-951e-0a0a461ce900,,MUHAMMAD ARIF BAIG SB KOANKH (KAMRAN NUMBERDAR),FBMCL-00177,Mixed Transaction,21359,0,0,,MB NO.11908,SB-SL-3651,,,2313,2026-08-27T10:38:00,False,,ZAIN ALI,4972,0,0,Cash,,,,
2655,0e9be3b9-9575-4ccb-a51c-4b432c631ac7,,SHEHZAD KHAN SB DHINDA,FBMCL-00290,Mixed Transaction,760,0,0,,MB NO.11909,SB-SL-3652,,,2314,2026-08-28T10:44:00,False,,ALI SHAN MANI,0,0,0,Cash,,,,
2656,02980b3b-dead-4ef1-8eb4-293877b5e9fa,,SAJID SB GHURAL ( BOBY DRIVER ),FBMCL-00271,Booking Delivery,0,0,0,,MB NO.11900,SB-SL-3653,,,,2026-08-27T10:50:00,False,,SHARJEEL SAFWAN ABID,1250,0,0,Cash,,,,
2657,25783758-f5ab-47b4-baf3-af34d35b5f09,,SAJID SB GHURAL ( BOBY DRIVER ),FBMCL-00271,Booking Delivery,0,0,0,,MB NO.11910,SB-SL-3654,,,,2026-08-28T11:12:00,False,,HAJI AHMED,1250,0,0,Cash,,,,
2658,88899c5a-59ec-457f-abb0-d52eae5a5409,,SAJID SB GHURAL ( BOBY DRIVER ),FBMCL-00271,Booking Delivery,0,0,0,,MB NO.11915,SB-SL-3655,,,,2026-08-28T11:14:00,False,,HAJI AHMED,1250,0,0,Cash,,,,
