id,sale_id,product_name,qty,price_at_time,grn_item_id,cost_rate_at_sale
1,1,12MM STEEL,201.6,0,,
2,1,KOHAT,20,0,,
5,2,12MM STEEL,2200,0,,
6,2,12MM STEEL,3.2,225,,
7,2,20MM STEEL,104,0,,
8,2,20MM STEEL,4.3,232,,
9,2,6MM STEEL,27.8,0,,
10,2,WIRE,6,0,,
11,2,CONCRETE SPACER,3,600,,
12,3,12MM STEEL,2400.5,212,,
13,4,KOHAT,10,0,,
14,4,RENT-CEMENT,10,0,,
15,5,KOHAT,10,0,,
16,5,RENT-CEMENT,10,0,,
17,6,12MM STEEL,608.4,0,,
18,6,6MM STEEL,160.7,0,,
19,6,WIRE,7,0,,
20,6,RENT-STEEL,769.1,0,,
21,7,DG,160,0,,
22,8,DG,300,0,,
23,9,DG,20,0,,
24,9,RENT-CEMENT,20,0,,
25,10,10MM STEEL,20.9,265,,
26,11,KOHAT,20,0,,
27,12,CHAUGATH,118.9,0,,
28,12,12MM STEEL,10.2,0,,
29,12,CHAUGATH-LABOUR,1,2500,,
30,12,RENT-STEEL,10.2,0,,
31,12,RENT-GENERAL,1,1200,,
32,13,12MM STEEL,50.2,0,,
33,14,KOHAT,20,0,,
34,14,RENT-CEMENT,20,0,,
36,16,PIONEER,20,0,,
37,16,RENT-CEMENT,20,0,,
38,17,12MM STEEL,40.3,249,,
41,18,KOHAT,25,0,,
42,19,KOHAT,10,0,,
43,19,RENT-CEMENT,10,0,,
44,20,DG,10,0,,
45,20,RENT-CEMENT,10,0,,
46,21,DG,10,1460,,
47,21,RENT-CEMENT,10,50,,
48,22,DG,20,0,,
49,23,DG,10,0,,
50,23,DG,5,1460,,
51,24,KOHAT,2,1440,,
52,25,DG,150,0,,
53,25,RENT-CEMENT,150,0,,
60,27,KOHAT,100,0,,
61,26,KOHAT,20,0,,
62,15,12MM STEEL,600,0,,
63,15,RENT-CEMENT,1200,1,,
64,28,KOHAT,20,0,,
65,28,RENT-CEMENT,20,0,,
66,29,KOHAT,20,0,,
67,29,RENT-CEMENT,20,0,,
68,30,KOHAT,15,0,,
69,31,DG,20,0,,
70,31,RENT-CEMENT,20,0,,
72,33,KOHAT,20,1445,,
73,33,RENT-CEMENT,20,30,,
74,32,KOHAT,1,1450,,
75,34,KOHAT,20,1440,,
76,34,RENT-CEMENT,20,30,,
77,35,DG,20,0,,
78,35,RENT-CEMENT,20,0,,
79,36,CHAUGATH,103.6,264,,
81,38,KOHAT,30,0,,
82,39,KOHAT,10,0,,
83,40,12MM STEEL,1600,0,,
84,40,12MM STEEL,3.099999999999909,225,,
85,40,RENT-STEEL,1600,0,,
86,40,6MM STEEL,20,0,,
87,40,6MM STEEL,0.3999999999999986,232,,
88,41,DG,20,1460,,
89,41,TILE 1ST GAGGO MANDI,60,28,,
90,41,RENT-GENERAL,1000,1,,
91,42,PIONEER,10,0,,
92,37,KOHAT,25,0,,
93,43,PIONEER,2,1440,,
94,44,DG,20,0,,
95,44,RENT-CEMENT,20,0,,
96,45,10MM STEEL,10.6,252,,
97,46,KOHAT,15,0,,
98,47,KOHAT,4,0,,
99,47,KOHAT,6,1440,,
100,47,RENT-CEMENT,10,50,,
101,48,DG,20,0,,
102,48,RENT-CEMENT,20,0,,
103,48,12MM STEEL,61.1,242,,
104,49,12MM STEEL,2400,0,,
105,49,12MM STEEL,1.599999999999909,252,,
106,49,20MM STEEL,75.1,0,,
107,49,6MM,40,0,,
108,49,6MM,0.7999999999999972,262,,
109,49,WIRE,10,0,,
110,49,WIRE,0.09999999999999964,390,,
111,49,CONCRETE SPACER,2,0,,
114,51,DG,25,0,,
115,51,RENT-CEMENT,25,0,,
116,52,KOHAT,10,0,,
117,52,RENT-CEMENT,10,0,,
118,53,KOHAT,5,1440,,
119,53,RENT-CEMENT,5,30,,
120,54,KOHAT,3,1426.666666666,,
121,55,PIONEER,1,1440,,
122,56,PIONEER,6,1440,,
123,57,DG,40,0,,
124,57,RENT-CEMENT,40,0,,
125,58,KOHAT,5,1440,,
126,59,PIONEER,20,1440,,
127,59,RENT-CEMENT,800,1,,
128,60,KOHAT,20,0,,
129,61,PIONEER,20,1420,,
130,61,RENT-CEMENT,20,40,,
131,62,KOHAT,20,0,,
132,63,KOHAT,10,1445,,
133,63,RENT-CEMENT,10,30,,
134,64,6MM STEEL,16.8,0,,
135,65,DG,20,0,,
136,65,RENT-CEMENT,20,0,,
137,66,KOHAT,2,0,,
138,67,RENT-GENERAL,1,1500,,
139,67,CHAUGATH-LABOUR,1,1000,,
140,68,KOHAT,75,0,,
141,68,RENT-CEMENT,75,0,,
147,71,KOHAT,25,0,,
148,72,DG,20,0,,
149,72,RENT-CEMENT,20,0,,
150,73,TILE 1ST GAGGO MANDI,30,25,,
151,74,DG,20,0,,
152,74,RENT-CEMENT,20,0,,
154,76,KOHAT,20,0,,
155,76,RENT-CEMENT,20,0,,
158,78,KOHAT,10,1445,,
159,78,RENT-CEMENT,10,30,,
160,79,KOHAT,6,0,,
161,77,KOHAT,65,0,,
162,77,RENT-CEMENT,65,0,,
163,75,DG,20,0,,
164,75,DG,20,40,,
167,81,KOHAT,20,0,,
169,83,KOHAT,1,1430,,
170,84,KOHAT,10,0,,
171,85,KOHAT,2,0,,
172,86,DG,12,1480,,
173,86,RENT-CEMENT,12,66.6666666666,,
174,87,KOHAT,10,1445,,
175,87,RENT-CEMENT,10,30,,
176,88,WIRE,1.5,0,,
179,89,KOHAT,20,1445,,
180,89,RENT-CEMENT,20,30,,
181,82,PIONEER,20,0,,
182,82,PIONEER,20,50,,
183,90,DG,10,0,,
184,91,KOHAT,20,0,,
185,91,RENT-CEMENT,20,0,,
186,92,DG,10,0,,
187,92,RENT-CEMENT,10,0,,
188,93,DG,1,1450,,
189,94,KOHAT,20,1440,,
190,94,RENT-CEMENT,20,90,,
191,95,PIONEER,19,1420,,
192,95,RENT-CEMENT,19,52.6315789474,,
193,96,DG,10,1425,,
194,96,RENT-CEMENT,10,50,,
195,97,DG,20,0,,
196,98,DG,20,0,,
197,99,KOHAT,20,0,,
198,99,RENT-CEMENT,20,0,,
199,100,KOHAT,20,0,,
200,100,RENT-CEMENT,20,0,,
201,101,12MM STEEL,800.5,248,,
202,101,6MM STEEL,79.8,262,,
203,101,WIRE,5,390,,
204,101,RENT-GENERAL,1,1000,,
207,103,KOHAT,2,1440,,
208,104,RINGS 7X7,3.6,290,,
209,105,DG,15,0,,
210,105,RENT-CEMENT,15,0,,
211,106,DG,20,0,,
212,106,RENT-CEMENT,20,40,,
213,69,RINGS 7X7,104.4,290,,
214,69,WIRE,5,390,,
215,69,DG,15,0,,
216,69,RENT-GENERAL,1,800,,
218,108,RENT-CEMENT,142,0,,
219,109,PIONEER,6,1420,,
220,107,DG,20,0,,
221,107,DG,20,40,,
222,110,12MM STEEL,285.6,236,,
223,110,6MM STEEL,44.3,320,,
224,110,WIRE,1,390,,
225,110,RENT-STEEL,1,700,,
226,111,KOHAT,2,1445,,
227,112,DG,15,0,,
228,113,DG,60,0,,
229,114,KOHAT,1,1430,,
230,115,KOHAT,1,1440,,
231,116,DG,20,0,,
233,118,DG,2,0,,
234,119,KOHAT,10,0,,
235,120,KOHAT,20,0,,
236,120,RENT-CEMENT,20,0,,
237,121,DG,20,0,,
239,123,KOHAT,20,0,,
240,123,RENT-CEMENT,20,0,,
241,117,PIONEER,20,0,,
242,117,PIONEER,20,50,,
243,124,BRICKS,204,20,,
244,125,KOHAT,20,0,,
245,125,RENT-CEMENT,20,0,,
246,126,12MM STEEL,307.5,0,,
247,126,DG,15,0,,
248,127,DG,20,0,,
249,127,RENT-CEMENT,20,0,,
250,128,KOHAT,25,0,,
251,128,12MM STEEL,113.2,0,,
252,129,KOHAT,25,0,,
253,130,DG,1,0,,
256,133,KOHAT,10,0,,
257,134,PIONEER,4,1440,,
258,134,RENT-CEMENT,4,75,,
259,122,12MM STEEL,122.3,248,,
260,135,RING 4X4,30,0,,
261,136,KOHAT,20,0,,
262,136,RENT-CEMENT,20,0,,
263,137,12MM STEEL,296.4,0,,
264,137,RINGS 7X7,40,0,,
265,137,RINGS 7X7,0.2000000000000028,275,,
266,137,WIRE,2,0,,
267,138,RINGS 7X7,20.1,275,,
268,138,WIRE,1,390,,
269,131,DG,20,0,,
271,139,DG,20,0,,
272,139,RENT-CEMENT,20,0,,
273,140,TILE 1ST GAGGO MANDI,1000,23,,
274,140,GOLA GOL,500,35,,
275,140,RENT-CEMENT,3,1000,,
276,132,DG,20,0,,
277,132,DG,20,40,,
278,141,PIONEER,40,1420,,
279,141,RENT-CEMENT,40,50,,
280,142,RING 6X6,20.2,275,,
281,143,CHAUGATH,134.8,0,,
282,144,KOHAT,4,0,,
284,146,DG,15,0,,
285,146,RENT-CEMENT,15,0,,
286,145,KOHAT,6,0,,
289,148,DG,25,0,,
290,149,PIONEER,1,1440,,
291,150,DG,10,0,,
292,150,RENT-CEMENT,10,0,,
293,151,DG,20,0,,
294,151,RENT-CEMENT,20,0,,
295,152,DG,20,1420,,
296,152,RENT-CEMENT,20,40,,
297,153,DG,20,0,,
298,154,DG,20,0,,
299,155,PIONEER,40,0,,
300,155,RENT-CEMENT,40,0,,
301,156,PIONEER,20,0,,
302,156,RENT-CEMENT,20,0,,
303,157,DG,100,0,,
304,158,CHIPS ZERO,10,250,,
305,158,RENT-GENERAL,1,500,,
306,159,DG,20,0,,
307,159,RENT-CEMENT,20,0,,
308,160,KOHAT,10,1420,,
309,160,RENT-CEMENT,10,30,,
310,161,KOHAT,20,0,,
311,161,RENT-CEMENT,20,0,,
312,162,PIONEER,100,1400,,
313,162,12MM STEEL,1601,248,,
314,162,6MM STEEL,60.8,262,,
315,162,WIRE,7,390,,
316,163,DG,2,1450,,
317,164,12MM STEEL,200.3,0,,
318,164,RENT-STEEL,1,300,,
319,165,PIONEER,30,0,,
320,165,RENT-CEMENT,30,0,,
321,166,RENT-CEMENT,1,600,,
322,167,DG,25,0,,
323,167,RENT-CEMENT,25,0,,
324,168,KOHAT,2,1450,,
325,169,12MM STEEL,101.5,248,,
326,169,WIRE,1,390,,
327,170,DG,4,1450,,
330,172,KOHAT,10,1420,,
331,172,RENT-CEMENT,10,30,,
332,173,RING 6X6,5.3,290,,
333,174,12MM STEEL,642,253,,
335,176,PIONEER,25,1440,,
336,176,RENT-CEMENT,25,50,,
339,177,DG,25,0,,
340,178,DG,20,0,,
341,179,CHAUGATH,89.7,270,,
342,180,PIONEER,7,1450,,
343,180,12MM STEEL,51.3,255,,
344,180,RENT-GENERAL,1,600,,
345,180,WIRE,0.2,390,,
346,181,PIONEER,60,1400,,
347,181,RENT-CEMENT,60,60,,
348,182,DG,10,1450,,
349,182,RENT-CEMENT,10,50,,
350,183,KOHAT,25,0,,
351,184,DG,2,1450,,
352,185,DG,20,0,,
353,185,6MM STEEL,19.7,266,,
354,185,RENT-CEMENT,1,800,,
355,186,CHAUGATH,300,0,,
356,186,CHAUGATH-LABOUR,300,0,,
357,186,RENT-GENERAL,300,0,,
358,187,CHAUGATH,90.5,265,,
359,187,CHAUGATH-LABOUR,2,800,,
360,187,RENT-GENERAL,1,1000,,
361,188,DG,20,0,,
362,188,12MM STEEL,202.9,0,,
363,188,6MM STEEL,19.5,0,,
364,188,WIRE,3,0,,
365,189,KOHAT,20,0,,
366,189,RENT-CEMENT,20,0,,
367,190,KOHAT,20,0,,
368,190,RENT-CEMENT,20,0,,
369,191,PIONEER,8,1450,,
370,191,RENT-CEMENT,1,1000,,
371,192,12MM STEEL,20.3,255,,
372,193,CONCRETE SPACER,3,600,,
373,194,KOHAT,4,0,,
374,195,KOHAT,10,1450,,
375,195,12MM STEEL,30.4,255,,
376,195,BAJRI MOTI,20,120,,
377,196,KOHAT,15,0,,
378,197,12MM STEEL,10.2,255,,
379,171,RING 6X6,2.8,290,,
380,171,WIRE,0.3,390,,
381,198,WIRE,7,390,,
382,199,KOHAT,5,0,,
383,200,WHITE CEMENT,1,2100,,
384,201,KOHAT,3,0,,
385,202,DG,2,1450,,
386,203,KOHAT,25,0,,
387,204,KOHAT,20,0,,
388,204,RENT-CEMENT,20,0,,
389,205,DG,25,0,,
390,206,KOHAT,1,0,,
391,207,12MM STEEL,10.2,295,,
392,208,KOHAT,1,1750,,
393,209,PIONEER,2,1750,,
394,210,DG,20,0,,
395,210,RENT-CEMENT,20,0,,
397,212,KOHAT,20,0,,
398,213,KOHAT,10,0,,
399,214,KOHAT,20,0,,
400,215,DG,20,0,,
401,215,RENT-CEMENT,20,0,,
402,216,DG,20,0,,
403,216,RENT-CEMENT,20,0,,
404,217,WIRE,2,410,,
405,218,PIONEER,5,1450,,
406,211,KOHAT,20,0,,
407,211,RENT-CEMENT,20,35,,
408,219,PIONEER,6,1520,,
409,219,RENT-GENERAL,1,500,,
410,220,PIONEER,20,1540,,
411,220,RENT-CEMENT,20,60,,
412,221,12MM STEEL,17.9,275,,
413,221,CHAUGATH,252.9,288,,
414,222,DG,25,0,,
415,222,RENT-CEMENT,25,0,,
416,222,MARBLE PATTI GREY,385,0,,
417,223,DG,20,0,,
418,224,KOHAT,6,0,,
419,225,KOHAT,10,0,,
420,225,KOHAT,1,1520,,
421,225,RENT-CEMENT,10,0,,
422,226,DG,25,0,,
423,227,KOHAT,20,0,,
424,227,RENT-CEMENT,20,0,,
425,228,BAJRI MOTI,25,180,,
426,228,RENT-GENERAL,1,1000,,
427,229,KOHAT,1,1520,,
428,230,KOHAT,60,0,,
429,230,RENT-CEMENT,60,0,,
430,231,12MM STEEL,981.2,0,,
431,231,WIRE,3,420,,
432,232,12MM STEEL,164.6,285,,
433,232,RING 4X4,15.9,320,,
435,234,DG,20,0,,
436,234,RENT-CEMENT,20,0,,
437,235,KOHAT,10,0,,
438,236,CHAUGATH,26,286,,
439,237,FT-DG,20,0,,
440,237,6MM STEEL,40,287,,
441,237,RENT-CEMENT,20,0,,
442,238,KOHAT,20,1520,,
443,239,FAUJI,5,1530,,
444,240,KOHAT,25,0,,
448,242,DG,20,0,,
449,242,RENT-CEMENT,20,0,,
450,243,KOHAT,20,0,,
451,243,RENT-CEMENT,20,0,,
452,244,KOHAT,2,0,,
453,245,FAUJI,20,1550,,
454,245,RENT-CEMENT,20,62.5,,
455,246,KOHAT,1,1520,,
456,247,DG,15,0,,
457,247,RENT-CEMENT,15,0,,
458,248,PIONEER,25,1560,,
459,248,RENT-CEMENT,25,54,,
460,249,PIONEER,20,1530,,
461,249,RENT-CEMENT,20,50,,
462,250,RING 4X4,7.1,320,,
463,251,KOHAT,20,0,,
464,251,RENT-CEMENT,20,0,,
465,252,DG,20,0,,
466,253,KOHAT,6,1550,,
467,241,12MM STEEL,1773.4,0,,
468,241,RENT-STEEL,1600,0,,
469,241,20MM STEEL,101.6,294,,
470,254,FT-DG,40,0,,
471,255,DG,20,1530,,
472,255,RENT-CEMENT,20,40,,
473,256,KOHAT,20,1550,,
474,256,RENT-CEMENT,20,35,,
475,257,DG,2,0,,
476,258,12MM STEEL,3600,0,,
477,258,12MM STEEL,0.8000000000001819,244,,
478,258,6MM STEEL,119.5,0,,
479,258,WIRE,10,0,,
480,258,WIRE,0.09999999999999964,380,,
481,258,CONCRETE SPACER,6,0,,
482,258,RENT-GENERAL,4,1500,,
483,259,CHAUGATH,230,0,,
484,259,CHAUGATH,6.199999999999989,288,,
485,259,RENT-GENERAL,2,500,,
486,259,CHAUGATH-LABOUR,8,0,,
487,260,FAUJI,20,0,,
488,70,PIONEER,25,1450,,
489,70,RENT-CEMENT,1,1000,,
490,261,PIONEER,5,1460,,
491,261,BAJRI PAAN,10,125,,
492,261,6MM STEEL,79.3,264,,
493,261,10MM STEEL,76.9,264,,
494,261,RENT-GENERAL,1,1000,,
495,262,CHIPS ZERO,12,250,,
496,262,TILE 2ND JHANG,200,27,,
497,262,RENT-GENERAL,1,1000,,
498,263,PIONEER,4,0,,
499,233,PIONEER,2,0,,
500,264,FAUJI,20,1570,,
501,264,CHIPS ZERO,12,250,,
502,264,RENT-CEMENT,20,62.5,,
503,265,DG,2,0,,
504,266,PIONEER,40,1550,,
505,266,RENT-CEMENT,40,60,,
506,267,DG,10,0,,
507,267,RENT-CEMENT,10,0,,
508,268,12MM STEEL,30,282,,
509,268,20MM STEEL,76.3,295,,
510,268,KOHAT,5,0,,
511,269,WIRE,7,420,,
512,270,TILE 2ND JHANG,40,27,,
513,271,FAUJI,1,1550,,
514,272,FAUJI,1,1520,,
515,273,CHAUGATH,125,0,,
516,273,CHAUGATH,8.599999999999994,266,,
517,273,CHAUGATH-LABOUR,5,0,,
518,273,12MM STEEL,10.1,0,,
519,274,KOHAT,20,0,,
520,274,RENT-CEMENT,20,0,,
521,275,FAUJI,150,0,,
522,276,KOHAT,5,0,,
528,278,DG,20,0,,
529,279,DG,20,0,,
530,280,PIONEER,5,1520,,
531,281,PIONEER,2,0,,
532,282,DG,2,0,,
533,283,DG,10,0,,
534,283,RENT-CEMENT,10,0,,
535,284,FAUJI,20,0,,
536,284,RENT-CEMENT,20,0,,
537,285,DG,25,0,,
538,285,MARBLE PATTI GREY,115,0,,
539,285,RENT-CEMENT,25,0,,
540,286,TILE 2ND JHANG,500,25,,
544,288,CHAUGATH,30.5,288,,
545,288,CHAUGATH-LABOUR,1,500,,
546,288,RENT-GENERAL,1,300,,
547,288,WIRE,5,420,,
548,289,PIONEER,25,1540,,
549,289,RENT-CEMENT,1,1350,,
550,290,FAUJI,20,0,,
551,290,RENT-CEMENT,20,60,,
552,175,DG,20,0,,
553,175,DG,20,60,,
554,291,FAUJI,25,0,,
555,292,KOHAT,25,0,,
556,293,KOHAT,25,0,,
557,294,KOHAT,25,0,,
558,294,RENT-CEMENT,25,0,,
559,295,KOHAT,20,0,,
560,295,RENT-CEMENT,20,0,,
561,296,WIRE,1,420,,
564,298,FAUJI,25,0,,
567,300,KOHAT,2,0,,
568,301,KOHAT,1,0,,
569,302,BAJRI MOTI,25,220,,
570,302,PIONEER,1,3,,
571,303,DG,2,1530,,
572,304,PIONEER,1,1500,,
573,305,KOHAT,17,0,,
574,306,FT-KOHAT,20,1520,,
575,306,RENT-CEMENT,20,50,,
576,307,DG,20,1520,,
577,308,WIRE,1,420,,
581,311,TILE 1ST GAGGO MANDI,350,29,,
582,311,RENT-GENERAL,1,700,,
583,277,12MM STEEL,1672.6,0,,
584,277,20MM STEEL,153.7,0,,
585,277,6MM STEEL,29.8,0,,
586,277,RENT-STEEL,1788,0,,
587,312,DG,300,0,,
590,310,KOHAT,130,0,,
591,310,PIONEER,10,0,,
592,310,RENT-CEMENT,140,0,,
593,313,KOHAT,14,0,,
594,313,RENT-CEMENT,14,0,,
595,314,FAUJI,20,1520,,
596,315,FAUJI,25,1570,,
597,315,RENT-GENERAL,1,1250,,
598,316,DG,25,0,,
599,317,PIONEER,2,0,,
602,319,12MM STEEL,978.5999999999999,0,,
603,319,12MM STEEL,453.6,275,,
604,319,6MM STEEL,21,0,,
605,319,WIRE,4.2,420,,
606,320,PIONEER,20,0,,
607,320,RENT-CEMENT,20,0,,
608,321,FAUJI,10,1520,,
609,321,RENT-CEMENT,10,60,,
610,322,DG,2,0,,
611,323,PIONEER,2,0,,
612,324,PIONEER,20,1510,,
613,324,RENT-CEMENT,20,50,,
614,325,PIONEER,10,0,,
615,326,DG,2,0,,
616,327,DG,8,0,,
617,328,FT-DG,20,1520,,
618,329,BRICKS,200,20,,
619,329,12MM STEEL,10,265,,
620,329,RENT-GENERAL,1,600,,
621,330,PIONEER,25,0,,
622,331,PIONEER,25,1540,,
623,331,RENT-CEMENT,25,54,,
624,332,PIONEER,2,0,,
625,333,DG,20,0,,
635,336,DG,4,0,,
636,337,WIRE,1,420,,
637,338,PIONEER,15,1540,,
638,338,RENT-GENERAL,1,800,,
639,339,DG,10,0,,
640,340,DG,1,0,,
641,334,12MM STEEL,1183.8,0,,
642,334,12MM STEEL,426.7,275,,
643,334,6MM STEEL,44.4,0,,
644,334,6MM STEEL,16.9,285,,
645,334,WIRE,1.4,0,,
646,334,WIRE,0.1000000000000001,420,,
647,334,20MM STEEL,203,285,,
648,341,PIONEER,128,0,,
649,342,FAUJI,7,0,,
650,342,BAJRI MOTI,20,180,,
651,342,12MM STEEL,60.5,275,,
652,342,WIRE,0.3,420,,
653,342,GOLA GOL,70,45,,
654,342,CHIPS 9 NUMBER,4,250,,
655,342,RENT-GENERAL,2,900,,
657,343,PIONEER,15,0,,
658,344,PIONEER,10,0,,
659,345,PIONEER,20,0,,
660,346,PIONEER,25,1540,,
661,346,RENT-CEMENT,25,54,,
662,347,12MM STEEL,2193.9,0,,
663,347,WIRE,10,420,,
664,347,RENT-STEEL,2200,0,,
665,348,FAUJI,10,1520,,
666,348,RENT-CEMENT,10,35,,
667,349,DG,10,1510,,
668,349,RENT-CEMENT,10,60,,
669,350,CHIPS ZERO,1,250,,
671,352,DG,10,0,,
672,353,12MM STEEL,1995.1,0,,
673,354,20MM STEEL,151.8,0,,
674,355,PIONEER,10,1500,,
675,355,RENT-CEMENT,10,60,,
676,356,PIONEER,10,1500,,
677,356,RENT-CEMENT,10,35,,
678,357,DG,10,1510,,
679,357,RENT-CEMENT,10,50,,
683,359,DG,20,0,,
684,359,RENT-CEMENT,20,0,,
685,360,PIONEER,20,0,,
686,360,RENT-CEMENT,20,0,,
687,318,12MM STEEL,282.4,0,,
688,318,RING 6X6,36.3,275,,
689,318,WIRE,2,420,,
690,361,RING 6X6,20,275,,
691,362,FAUJI,25,0,,
692,335,FT-KOHAT,20,0,,
693,335,RENT-CEMENT,20,0,,
694,335,20MM STEEL,25.1,273,,
695,363,OPEN CEMENT,10,50,,
696,364,OPEN CEMENT,20,40,,
697,365,DG,1,1500,,
698,366,CHAUGATH,76.2,288,,
702,367,PIONEER,20,1470,,
703,368,WIRE,5,420,,
707,370,PIONEER,6,1520,,
708,370,RENT-GENERAL,1,500,,
709,371,FAUJI,2,0,,
715,373,DG,25,1510,,
716,373,RENT-CEMENT,25,52,,
717,374,WIRE,4,420,,
718,375,PIONEER,10,1520,,
719,375,RENT-GENERAL,1,1800,,
720,376,FAUJI,6,0,,
721,377,FT-DG,25,0,,
722,377,RENT-CEMENT,25,0,,
723,378,FT-DG,20,1490,,
724,378,RENT-CEMENT,20,50,,
726,380,PIONEER,10,0,,
728,382,PIONEER,2,1500,,
729,381,6MM STEEL,170.8,254,,
730,383,FAUJI,10,0,,
731,383,RENT-CEMENT,10,0,,
732,384,FAUJI,8,0,,
734,386,STEEL NO 9,10.2,310,,
735,385,BAJRI MOTI,50,110,,
736,385,RENT-GENERAL,2,700,,
737,387,FAUJI,200,0,,
738,387,RENT-CEMENT,200,0,,
739,388,12MM STEEL,150.3,248,,
740,388,RENT-GENERAL,1,1000,,
741,389,PIONEER,9,0,,
742,389,RENT-CEMENT,9,0,,
743,390,CONCRETE SPACER,2,700,,
744,391,OPEN CEMENT,3,50,,
745,391,OPEN CEMENT,20,40,,
746,392,KOHAT,3,1500,,
747,392,KOHAT,3,1470,,
748,392,KOHAT,1,1500,,
749,392,PIONEER,1,1470,,
750,393,KOHAT,20,0,,
751,393,RENT-CEMENT,20,0,,
752,394,RENT-GENERAL,1,300,,
753,395,KOHAT,20,0,,
754,395,RENT-CEMENT,20,0,,
755,396,PIONEER,25,1510,,
756,396,RENT-CEMENT,25,54,,
757,397,KOHAT,25,0,,
758,398,RENT-STEEL,1,300,,
759,399,6MM STEEL,79.6,255,,
760,399,WIRE,2,390,,
761,400,PIONEER,2,1500,,
762,401,DG,20,0,,
763,401,RENT-CEMENT,20,0,,
764,402,WIRE,1,420,,
767,404,KOHAT,2,1470,,
768,405,WIRE,8,390,,
769,406,CONCRETE SPACER,6,700,,
770,407,KOHAT,13,0,,
771,407,KOHAT,157,1470,,
772,408,KOHAT,2,1470,,
773,409,KOHAT,1,1470,,
774,410,KOHAT,5,1470,,
775,411,RING 6X6,7.2,360,,
776,412,DG,20,1490,,
777,413,DG,20,0,,
778,414,PIONEER,15,1490,,
779,414,RENT-CEMENT,1,800,,
780,415,DG,20,0,,
781,415,RENT-CEMENT,20,0,,
782,416,DG,10,0,,
783,417,DG,20,0,,
784,417,12MM STEEL,179.8,0,,
785,417,RINGS 7X7,34,320,,
786,417,WIRE,1.2,390,,
787,418,DG,5,0,,
788,418,RENT-CEMENT,5,0,,
789,418,WIRE,0.5,420,,
794,421,BAJRI MOTI,25,108,,
795,422,KOHAT,1,1480,,
796,420,RENT-CEMENT,10,35,,
797,423,DG,20,0,,
798,423,RENT-CEMENT,20,60,,
799,424,KOHAT,10,1460,,
800,424,CHIPS ZERO,7,270,,
801,424,RENT-GENERAL,1,500,,
803,426,TILE 1ST GAGGO MANDI,350,31,,
804,426,RENT-GENERAL,1,700,,
805,427,DG,10,0,,
806,427,RENT-CEMENT,10,0,,
807,427,CHIPS ZERO,8,250,,
808,427,RENT-GENERAL,1,500,,
809,428,FAUJI,24,0,,
810,429,KOHAT,10,0,,
811,430,WIRE,2,390,,
812,431,PIONEER,2,1470,,
813,431,DG,2,1490,,
814,432,6MM STEEL,1.1,272.7272727272,,
817,434,PIONEER,1,1500,,
818,433,PIONEER,40,1520,,
819,433,RENT-CEMENT,40,60,,
820,435,PIONEER,2,1520,,
821,419,KOHAT,175,0,,
822,419,KOHAT,35,1460,,
823,419,RENT-CEMENT,5,1400,,
824,436,KOHAT,10,1480,,
825,436,12MM STEEL,71.1,249,,
826,436,CHIPS ZERO,10,250,,
827,436,RENT-GENERAL,1,700,,
828,425,TILE 1ST GAGGO MANDI,2700,25,,
829,437,DG,20,0,,
831,439,DG,25,0,,
832,440,DG,20,1480,,
833,441,KOHAT,15,0,,
834,441,RENT-CEMENT,15,0,,
835,441,TILE 2ND JHANG,200,24,,
836,441,RENT-GENERAL,1,950,,
838,443,PIONEER,15,1490,,
839,443,RENT-CEMENT,15,53.3333333333,,
844,444,FAUJI,22,0,,
845,444,WIRE,5,390,,
846,445,DG,20,0,,
847,445,RINGS 7X7,7.8,310,,
848,445,12MM STEEL,120.4,245,,
849,445,RENT-GENERAL,1,800,,
850,446,PIONEER,297,0,,
851,358,DG,20,0,,
852,358,12MM STEEL,152,262,,
853,358,RENT-CEMENT,20,40,,
854,447,PIONEER,25,0,,
855,447,RENT-CEMENT,25,0,,
856,448,KOHAT,10,1460,,
857,449,PIONEER,25,0,,
858,449,RENT-CEMENT,25,0,,
859,450,DG,15,0,,
860,450,DG,5,1500,,
861,450,RENT-CEMENT,15,0,,
862,450,RENT-CEMENT,5,35,,
863,451,PIONEER,25,1490,,
864,451,RENT-CEMENT,25,54,,
865,452,DG,8,0,,
866,452,RENT-CEMENT,8,0,,
867,453,DG,5,0,,
868,453,RENT-CEMENT,5,0,,
869,454,DG,25,0,,
870,454,RENT-CEMENT,25,0,,
871,455,DG,25,0,,
872,456,PIONEER,10,1470,,
873,456,RENT-CEMENT,10,60,,
874,457,PIONEER,20,1450,,
875,457,RENT-CEMENT,20,50,,
876,458,KOHAT,1,1500,,
877,459,DG,2,0,,
878,460,KOHAT,20,0,,
879,460,RENT-CEMENT,20,0,,
880,461,KOHAT,20,0,,
881,461,RENT-CEMENT,20,0,,
882,462,FAUJI,22,0,,
883,463,KOHAT,2,0,,
884,464,KOHAT,10,0,,
885,465,KOHAT,3,0,,
886,287,12MM STEEL,2591,0,,
887,287,6MM STEEL,39.6,275,,
888,287,20MM STEEL,102.1,275,,
889,466,DG,13,1490,,
890,466,FAUJI,12,1490,,
891,466,RENT-CEMENT,1,1300,,
892,467,FAUJI,20,1500,,
893,467,RENT-CEMENT,20,62.5,,
894,468,FAUJI,20,1460,,
895,469,FAUJI,21,0,,
896,470,FAUJI,10,0,,
897,471,FAUJI,6,0,,
898,442,DG,40,0,,
899,442,DG,40,25,,
900,438,DG,40,0,,
901,438,DG,40,25,,
902,472,FAUJI,2,0,,
903,473,FAUJI,1,1500,,
904,474,WIRE,4,0,,
905,475,KOHAT,7,0,,
906,476,KOHAT,20,1460,,
907,476,RENT-CEMENT,20,62.5,,
908,477,PIONEER,2,1480,,
909,478,FT-DG,20,1480,,
910,479,DG,300,0,,
911,480,12MM STEEL,1601,242,,
912,480,20MM STEEL,50.8,249,,
913,480,WIRE,6.1,410,,
914,481,12MM STEEL,602.6,242,,
915,481,6MM STEEL,29.7,249,,
916,481,WIRE,2,410,,
917,482,FAUJI,6,0,,
918,483,12MM STEEL,2925.5,0,,
919,484,FAUJI,4,0,,
920,485,KOHAT,10,1480,,
921,485,RENT-CEMENT,10,120,,
926,487,FAUJI,2,0,,
933,489,RENT-CEMENT,1,1350,,
934,490,KOHAT,10,1460,,
935,490,RENT-CEMENT,10,35,,
936,491,DG,40,0,,
937,492,12MM STEEL,13.8,248,,
938,492,PIONEER,1,1470,,
939,492,BAJRI MOTI,7,120,,
940,492,RENT-GENERAL,1,800,,
941,486,12MM STEEL,101.7,245,,
942,486,RINGS 7X7,2.7,310,,
943,486,WIRE,1,410,,
944,486,RENT-GENERAL,1,400,,
947,494,KOHAT,2,0,,
948,495,PIONEER,5,1470,,
949,496,DG,2,0,,
950,497,KOHAT,40,0,,
951,497,RENT-CEMENT,40,0,,
952,498,WIRE,3,390,,
953,499,DG,20,0,,
954,500,DG,20,0,,
955,500,RENT-CEMENT,20,0,,
956,501,BAJRI MOTI,20,110,,
957,501,KOHAT,5,1460,,
958,501,RENT-GENERAL,1,700,,
959,502,DG,20,0,,
960,503,CHAUGATH,75,278,,
961,504,12MM STEEL,10.1,265,,
962,505,DG,25,1470,,
963,505,RENT-CEMENT,25,60,,
964,506,BAJRI MOTI,20,135,,
965,507,DG,20,0,,
966,507,RENT-CEMENT,20,0,,
967,508,DG,2,1500,,
972,510,DG,25,1470,,
973,510,RENT-CEMENT,25,60,,
974,511,12MM STEEL,133.6,240,,
975,511,RINGS 7X7,20,340,,
976,511,WIRE,3,420,,
977,511,RENT-GENERAL,1,250,,
978,512,DG,10,0,,
979,513,BAJRI MOTI,25,110,,
980,513,RENT-GENERAL,1,700,,
981,514,PIONEER,20,0,,
982,514,RENT-CEMENT,20,0,,
983,403,12MM STEEL,1017.7,0,,
984,403,20MM STEEL,375.6,0,,
985,372,20MM STEEL,888.2,0,,
986,372,6MM STEEL,80,0,,
987,372,WIRE,10.2,390,,
988,372,20MM STEEL,5.69999,0,,
989,372,6MM STEEL,119.5,0,,
990,309,FT-DG,8,0,,
991,515,FT-DG,2,0,,
994,516,PIONEER,25,1430,,
995,516,RENT-CEMENT,25,24,,
996,517,PIONEER,138,0,,
997,517,RENT-CEMENT,140,0,,
998,518,BAJRI MOTI,25,110,,
999,518,KOHAT,5,1460,,
1000,518,12MM STEEL,5,265,,
1001,518,RENT-GENERAL,1,850,,
1002,519,DG,10,0,,
1005,521,DG,25,0,,
1006,521,RENT-CEMENT,25,0,,
1007,522,DG,2,1480,,
1008,523,KOHAT,80,0,,
1009,523,RENT-CEMENT,80,0,,
1010,524,CHAUGATH,132.3,275,,
1011,525,RINGS 7X7,17.8,310,,
1012,493,12MM STEEL,1426,0,,
1013,493,RENT STEEL,1680,0,,
1014,526,PIONEER,20,0,,
1015,526,RENT-CEMENT,20,0,,
1016,526,12MM STEEL,40.2,0,,
1017,527,CHAUGATH,450,0,,
1018,527,CHAUGATH-LABOUR,15,0,,
1019,527,RENT-GENERAL,450,0,,
1020,527,12MM STEEL,29,0,,
1021,528,FT-DG,1,0,,
1022,529,RENT-STEEL,520,0,,
1023,529,12MM STEEL,3.299999999999955,250,,
1024,529,6MM STEEL,40.2,262,,
1025,529,WIRE,5,410,,
1026,529,12MM STEEL,520,0,,
1027,530,DG,257,0,,
1028,530,FAUJI,3,0,,
1029,531,PIONEER,25,1430,,
1030,531,RENT-CEMENT,25,24,,
1033,533,FAUJI,24,0,,
1034,533,WIRE,4.2,390,,
1035,534,12MM STEEL,61.8,0,,
1039,536,6MM STEEL,20.9,250,,
1041,538,FT-KOHAT,50,0,,
1042,539,KOHAT,25,0,,
1043,540,FT-DG,20,0,,
1044,541,FAUJI,25,0,,
1045,297,FAUJI,25,0,,
1046,297,RENT-CEMENT,25,0,,
1048,542,KOHAT,3,0,,
1049,542,FAUJI,7,1550,,
1050,543,PIONEER,25,0,,
1051,543,RENT-CEMENT,25,0,,
1054,545,KOHAT,10,1460,,
1055,545,RENT-CEMENT,10,35,,
1059,547,FAUJI,65,0,,
1060,546,RING 4X4,5.2,325,,
1061,546,WIRE,1,430,,
1062,546,RENT-GENERAL,3,1000,,
1063,548,KOHAT,4,1460,,
1064,549,PIONEER,15,1460,,
1065,549,RENT-GENERAL,1,500,,
1066,550,CONCRETE SPACER,1,700,,
1067,551,RING 6X6,1.5,310,,
1068,552,KOHAT,2,1460,,
1069,553,PIONEER,25,1430,,
1070,553,RENT-CEMENT,25,24,,
1071,554,FAUJI,2,0,,
1072,555,DG,25,1485,,
1073,555,RENT-CEMENT,25,60,,
1074,556,KOHAT,20,0,,
1075,556,RENT-CEMENT,20,0,,
1076,557,WIRE,4,420,,
1077,558,12MM STEEL,257.2,0,,
1078,558,6MM STEEL,58.3,0,,
1079,558,WIRE,4,0,,
1080,559,DG,2,1480,,
1083,561,DG,24,0,,
1086,563,DG,8,0,,
1087,564,PIONEER,20,0,,
1088,565,DG,100,0,,
1089,566,WIRE,4.1,390,,
1090,567,DG,70,0,,
1091,567,RENT-CEMENT,70,0,,
1092,568,12MM STEEL,81.6,0,,
1093,569,WIRE,5,420,,
1094,570,TILE 1ST GAGGO MANDI,300,27,,
1095,570,RENT-GENERAL,1,600,,
1096,571,PIONEER,20,0,,
1097,571,RENT-CEMENT,20,0,,
1098,572,PIONEER,1,1460,,
1099,573,PIONEER,14,1430,,
1102,575,12MM STEEL,441.3,0,,
1103,575,DG,45,0,,
1104,575,6MM STEEL,80.2,0,,
1105,575,WIRE,3,0,,
1106,574,PIONEER,25,1460,,
1107,574,RENT-CEMENT,25,54,,
1108,576,DG,15,0,,
1109,577,PIONEER,25,1430,,
1110,577,RENT-CEMENT,25,24,,
1111,578,KOHAT,20,0,,
1112,578,RENT-CEMENT,20,0,,
1113,509,12MM STEEL,406.2,244,,
1114,509,6MM STEEL,119.2,253,,
1115,509,WIRE,5,400,,
1116,509,RENT-GENERAL,1,1000,,
1117,537,FAUJI,20,0,,
1119,579,10MM STEEL,202.1,263,,
1120,579,KOHAT,10,0,,
1121,579,RENT-CEMENT,10,0,,
1122,579,RENT STEEL,1,500,,
1123,544,PIONEER,25,0,,
1124,544,RENT-CEMENT,25,0,,
1125,580,PIONEER,25,1440,,
1126,580,RENT-CEMENT,25,50,,
1127,581,DG,10,0,,
1128,582,PIONEER,20,0,,
1129,583,DG,14,0,,
1130,583,RENT-CEMENT,14,0,,
1131,584,PIONEER,6,1460,,
1132,584,RENT-GENERAL,1,600,,
1133,585,DG,20,0,,
1134,586,WIRE,5,420,,
1135,587,KOHAT,20,0,,
1136,587,RENT-CEMENT,20,0,,
1146,592,DG,2,1480,,
1147,591,PIONEER,20,1430,,
1148,591,RENT-CEMENT,20,30,,
1149,591,WIRE,2,420,,
1150,590,DG,20,0,,
1151,590,RENT-CEMENT,20,0,,
1152,589,TILE 1ST GAGGO MANDI,170,31,,
1153,589,RENT-GENERAL,1,700,,
1154,588,PIONEER,6,1450,,
1155,588,RENT-CEMENT,6,50,,
1156,593,12MM STEEL,204.8,0,,
1157,593,WIRE,2,0,,
1158,593,PIONEER,15,0,,
1160,595,DG,20,0,,
1161,595,12MM STEEL,111,0,,
1162,596,12MM STEEL,514.7,0,,
1163,596,WIRE,5,0,,
1164,596,RING 4X9,14.2,0,,
1165,596,RENT STEEL,1,0,,
1166,597,PIONEER,20,0,,
1167,597,RENT-CEMENT,20,0,,
1168,598,BAJR,1,10000,,
1169,598,SAND,1,2000,,
1170,599,DG,5,0,,
1171,599,RENT-CEMENT,5,0,,
1173,601,DG,20,0,,
1174,602,12MM STEEL,30.9,0,,
1175,602,6MM STEEL,24.2,0,,
1176,602,WIRE,2,0,,
1177,603,12MM STEEL,387.1,0,,
1178,603,RINGS 7X7,17.1,260,,
1179,603,WIRE,3.5,0,,
1180,603,RORAY,1,2000,,
1181,603,RENT-GENERAL,1,800,,
1182,603,RENT-STEEL,387,0,,
1183,603,DG,75,0,,
1184,603,KOHAT,3,0,,
1185,603,RENT-CEMENT,75,0,,
1186,604,DG,2,0,,
1187,605,KOHAT,150,0,,
1188,605,LABOUR,1,2000,,
1189,606,DG,20,0,,
1190,594,DG,1,1470,,
1191,607,WIRE,10,420,,
1192,608,PIONEER,15,1430,,
1193,608,RENT-CEMENT,15,40,,
1194,609,PIONEER,20,0,,
1195,609,RENT-CEMENT,20,50,,
1196,610,KOHAT,20,0,,
1197,610,RENT-CEMENT,20,0,,
1198,611,PIONEER,25,1470,,
1199,611,RENT-CEMENT,25,50,,
1200,612,BAJRI PAAN,9,150,,
1201,612,PIONEER,9,1460,,
1202,612,RENT-GENERAL,1,800,,
1203,613,DG,20,0,,
1204,614,WIRE,1.5,390,,
1205,615,PIONEER,25,1490,,
1206,615,RENT-CEMENT,25,54,,
1207,616,PIONEER,20,0,,
1208,616,RENT-CEMENT,20,30,,
1210,618,12MM STEEL,20.2,255,,
1211,619,KOHAT,10,0,,
1212,620,DG,200,0,,
1213,621,KOHAT,25,0,,
1214,617,BAJRI MOTI,50,180,,
1215,617,RENT-GENERAL,2,1250,,
1216,622,FT-KOHAT,4,0,,
1217,623,DG,2,0,,
1222,625,DG,10,0,,
1223,625,RENT-CEMENT,13,0,,
1226,627,SAND,3,0,,
1227,628,DG,6,0,,
1228,628,RENT-CEMENT,6,0,,
1229,629,DG,20,0,,
1230,629,RENT-CEMENT,20,50,,
1231,630,PIONEER,20,1450,,
1232,626,DG,10,0,,
1233,626,RENT-CEMENT,10,0,,
1234,631,BAJRI MOTI,20,180,,
1235,631,DG,3,1490,,
1236,631,RENT-GENERAL,1,1200,,
1237,632,PIONEER,10,0,,
1238,633,DG,25,0,,
1239,633,RENT-CEMENT,25,0,,
1240,634,BAJRI PAAN,5,150,,
1241,635,KOHAT,20,0,,
1242,635,RENT-CEMENT,20,0,,
1245,636,RING 4X9,11.3,320,,
1248,638,PIONEER,20,0,,
1249,639,DG,20,0,,
1255,560,KOHAT,20,0,,
1256,560,12MM STEEL,50.5,0,,
1258,640,12MM STEEL,113,0,,
1259,640,KOHAT,20,0,,
1260,640,RING SIMOSA,30,320,,
1261,640,WIRE,2.2,420,,
1262,640,RENT-CEMENT,20,0,,
1263,641,FT-KOHAT,15,0,,
1264,641,RENT-CEMENT,15,0,,
1265,641,10MM STEEL,108.5,263,,
1266,642,KOHAT,10,1460,,
1267,642,RENT-CEMENT,10,35,,
1268,643,PIONEER,15,1450,,
1269,643,RENT-CEMENT,15,50,,
1270,644,RENT-STEEL,400,0,,
1271,644,12MM STEEL,359.8,0,,
1272,644,PIONEER,40,0,,
1273,644,RENT-CEMENT,40,0,,
1274,645,CHAUGATH,4.6,270,,
1275,646,DG,2,0,,
1276,647,FT-KOHAT,4,0,,
1277,648,PIONEER,15,1450,,
1278,648,RENT-CEMENT,15,50,,
1279,649,KOHAT,20,0,,
1280,649,RENT-CEMENT,20,0,,
1281,650,KOHAT,240,0,,
1282,650,RENT-CEMENT,240,0,,
1283,651,PIONEER,20,1450,,
1284,651,WIRE,5,420,,
1285,651,RENT-CEMENT,20,50,,
1286,652,CHAUGATH,60.4,275,,
1287,653,PIONEER,80,0,,
1288,653,RENT-CEMENT,80,0,,
1289,654,PIONEER,20,1450,,
1290,654,RENT-CEMENT,20,50,,
1291,655,CHAUGATH,25.9,275,,
1292,656,KOHAT,20,0,,
1293,656,RENT-CEMENT,20,0,,
1294,656,WIRE,5,420,,
1295,657,BAJRI MOTI,25,0,,
1296,657,KOHAT,20,0,,
1297,657,RENT-CEMENT,20,0,,
1298,657,RENT-GENERAL,1,0,,
1299,657,12MM STEEL,60.6,0,,
1300,657,12MM STEEL,1.4,245,,
1301,488,12MM STEEL,70,0,,
1302,488,20MM STEEL,525.8,229,,
1303,488,6MM STEEL,39.2,240,,
1304,488,10MM STEEL,82.5,240,,
1305,488,CONCRETE SPACER,4,600,,
1306,488,RENT STEEL,4,1800,,
1307,658,PIONEER,20,1450,,
1308,658,RENT-CEMENT,20,50,,
1309,659,PIONEER,20,1450,,
1310,659,RENT-CEMENT,20,50,,
1311,660,DG,10,0,,
1312,660,RENT-CEMENT,10,0,,
1313,661,12MM STEEL,395.7,0,,
1314,661,RING 6X6,92.2,260,,
1315,661,WIRE,2.1,0,,
1316,661,RENT-STEEL,395,0,,
1317,662,DG,20,0,,
1318,662,RENT-CEMENT,20,0,,
1319,663,DG,37,0,,
1320,663,KOHAT,3,0,,
1321,663,RENT-CEMENT,40,0,,
1322,664,KOHAT,2,0,,
1323,665,DG,5,0,,
1324,665,KOHAT,5,0,,
1325,665,RENT-CEMENT,10,0,,
1326,666,KOHAT,5,0,,
1327,666,RENT-CEMENT,5,0,,
1328,667,KOHAT,1,0,,
1329,667,DG,4,0,,
1330,667,RENT-CEMENT,5,0,,
1331,668,DG,5,0,,
1332,668,RENT-CEMENT,5,0,,
1333,669,KOHAT,2,0,,
1334,670,KOHAT,1,0,,
1335,670,DG,4,0,,
1336,670,RENT-GENERAL,1,300,,
1337,670,RENT-CEMENT,5,0,,
1338,671,PIONEER,25,1450,,
1339,671,RENT-CEMENT,25,50,,
1343,673,PIONEER,5,0,,
1344,673,DG,10,0,,
1345,673,RENT-CEMENT,15,0,,
1346,520,PIONEER,20,0,,
1347,520,CHAUGATH,20.9,275,,
1349,351,PIONEER,10,0,,
1351,674,PIONEER,20,1490,,
1352,674,RENT-CEMENT,20,60,,
1353,675,PIONEER,3,1450,,
1354,676,DG,8,1480,,
1355,676,PIONEER,12,1450,,
1356,676,RENT-CEMENT,20,50,,
1357,677,FT-FAUJI,4,0,,
1358,678,KOHAT,20,0,,
1359,678,RENT-CEMENT,20,0,,
1360,679,WIRE,6,0,,
1363,681,12MM STEEL,30.4,245,,
1364,681,RING SIMOSA,2.4,320,,
1365,682,KOHAT,20,0,,
1366,682,RENT-CEMENT,20,0,,
1367,683,PIONEER,20,0,,
1368,680,DG,25,1490,,
1369,680,RENT-CEMENT,25,60,,
1370,684,PIONEER,20,1460,,
1371,684,RENT-CEMENT,20,50,,
1372,685,DG,25,0,,
1373,685,RENT-CEMENT,25,0,,
1375,687,KOHAT,5,0,,
1376,687,RENT-CEMENT,5,0,,
1377,688,DG,10,0,,
1378,688,RENT-CEMENT,10,0,,
1379,689,DG,1,0,,
1380,689,RENT-CEMENT,1,0,,
1381,690,DG,4,0,,
1382,690,KOHAT,1,0,,
1383,690,RENT-CEMENT,5,0,,
1384,691,10MM STEEL,55.2,220,,
1385,692,12MM STEEL,82.4,240,,
1386,692,WIRE,0.5,400,,
1387,692,RING 6X6,4.5,310,,
1388,686,TILE 1ST GAGGO MANDI,500,24,,
1389,686,RENT-GENERAL,1,1250,,
1390,693,12MM STEEL,1194.8,0,,
1391,693,20MM STEEL,25,0,,
1392,693,20MM STEEL,0.6000000000000014,240,,
1393,693,6MM STEEL,19.7,0,,
1394,693,LABOUR,1,1000,,
1395,694,DG,15,0,,
1396,694,CHIPS ZERO,10,0,,
1397,695,KOHAT,20,0,,
1398,695,RENT-CEMENT,20,0,,
1399,696,DG,11,0,,
1400,697,CHAUGATH,53.4,275,,
1401,697,20MM STEEL,50.1,240,,
1402,697,CHAUGATH,32.4,275,,
1403,698,12MM STEEL,82.4,240,,
1404,698,WIRE,0.5,400,,
1405,698,RING 6X6,4.5,310,,
1406,699,12MM STEEL,113.4,240,,
1407,699,6MM STEEL,19.4,252,,
1408,699,WIRE,2,400,,
1409,699,RENT-GENERAL,1,600,,
1410,700,FAUJI,5,0,,
1411,701,FAUJI,50,0,,
1412,702,BAJRI MOTI,15,130,,
1413,702,DG,10,1480,,
1414,702,RENT-GENERAL,1,700,,
1415,703,DG,20,0,,
1416,703,RING 6X6,30,0,,
1417,703,RINGS 7X7,0.1000000000000014,310,,
1418,704,PIONEER,20,0,,
1419,705,FAUJI,10,0,,
1420,706,FT-FAUJI,4,0,,
1424,708,KOHAT,10,0,,
1425,707,12MM STEEL,163,0,,
1426,707,PIONEER,15,0,,
1427,707,RENT-CEMENT,20,0,,
1428,709,12MM STEEL,459.3,244,,
1429,709,6MM STEEL,79.5,252,,
1430,709,WIRE,5,420,,
1431,709,RENT-STEEL,1,1000,,
1432,710,KOHAT,10,1460,,
1433,710,RENT-CEMENT,10,35,,
1434,711,KOHAT,20,0,,
1435,711,RENT-CEMENT,20,0,,
1436,712,PIONEER,20,0,,
1437,713,KOHAT,20,0,,
1438,713,RENT-CEMENT,20,0,,
1439,714,DG,18,0,,
1440,714,FAUJI,2,0,,
1441,714,RENT-CEMENT,20,0,,
1442,715,KOHAT,104,0,,
1443,716,KOHAT,14,0,,
1444,716,RENT-CEMENT,1,300,,
1445,717,KOHAT,5,1460,,
1446,717,RENT-CEMENT,5,60,,
1447,718,PIONEER,10,1460,,
1448,718,RENT-CEMENT,10,60,,
1449,719,PIONEER,25,1460,,
1450,719,RENT-CEMENT,25,54,,
1451,720,12MM STEEL,10.2,0,,
1452,721,FT-KOHAT,20,0,,
1453,721,RENT-CEMENT,20,0,,
1454,722,FAUJI,110,0,,
1455,722,FAUJI,40,0,,
1456,723,FAUJI,2,0,,
1457,724,RINGS 7X7,29.9,310,,
1458,725,PIONEER,2,1450,,
1459,726,FT-KOHAT,2,0,,
1460,727,FAUJI,1,0,,
1461,728,KOHAT,20,0,,
1462,728,RENT-CEMENT,20,0,,
1463,729,WIRE,3,420,,
1464,730,FAUJI,4,0,,
1465,731,WIRE,5,0,,
1467,733,PIONEER,20,0,,
1468,733,RENT-CEMENT,20,0,,
1469,734,PIONEER,20,0,,
1470,735,KOHAT,20,0,,
1471,735,RENT-CEMENT,20,0,,
1472,735,WIRE,2,420,,
1473,736,DG,3,0,,
1474,737,FAUJI,22,0,,
1475,737,20MM STEEL,102.7,252,,
1476,738,DG,20,0,,
1477,738,ISM 12MM STEEL,81.4,0,,
1478,738,6MM STEEL,40,0,,
1479,739,FT-KOHAT,10,0,,
1480,739,KOHAT,10,1440,,
1481,740,RING 6X6,13.6,310,,
1482,741,KOHAT,20,0,,
1483,741,RENT-CEMENT,20,0,,
1484,742,FAUJI,100,0,,
1487,744,FT-KOHAT,4,0,,
1488,745,KOHAT,2,0,,
1489,746,DG,1,0,,
1490,746,KOHAT,1,0,,
1491,746,FAUJI,48,0,,
1492,747,FAUJI,10,1450,,
1493,747,CHIPS ZERO,6,240,,
1494,747,RENT-CEMENT,10,70,,
1495,748,CHAUGATH,176.4,272,,
1496,749,DG,1,0,,
1497,749,WIRE,0.5,390,,
1499,751,KOHAT,20,0,,
1500,751,RENT-CEMENT,20,0,,
1501,752,WIRE,3,0,,
1502,753,DG,2,0,,
1503,754,CHAUGATH,59.7,275,,
1504,754,ISM 12MM STEEL,2.7,235,,
1505,754,RENT-GENERAL,1,1200,,
1506,755,KOHAT,20,0,,
1507,755,RENT-CEMENT,20,0,,
1508,756,KOHAT,4,0,,
1509,757,DG,20,0,,
1510,757,RENT-CEMENT,20,0,,
1511,758,PIONEER,2,1450,,
1512,535,CHAUGATH,92.5,275,,
1513,535,CHAUGATH-LABOUR,4,500,,
1514,535,RENT-GENERAL,2,600,,
1515,535,12MM STEEL,7.4,0,,
1520,760,WIRE,6,420,,
1521,761,DG,130,0,,
1522,761,RENT-CEMENT,130,50,,
1523,761,RENT STEEL,1,700,,
1524,762,DG,20,0,,
1525,763,FT-DG,20,0,,
1526,763,RENT-CEMENT,20,0,,
1527,764,DG,20,0,,
1528,764,RENT-CEMENT,20,62.5,,
1529,765,PIONEER,20,0,,
1530,766,FAUJI,24,0,,
1531,767,PIONEER,20,0,,
1535,770,ISM 12MM STEEL,30.7,235,,
1536,771,FT-KOHAT,4,0,,
1537,772,FT-DG,20,0,,
1538,772,RENT-CEMENT,20,0,,
1539,768,PIONEER,20,0,,
1540,768,RENT-CEMENT,20,0,,
1541,768,LABOUR,1,200,,
1542,773,KOHAT,20,0,,
1543,773,RENT-CEMENT,20,0,,
1544,774,FAUJI,20,0,,
1545,774,RENT-CEMENT,20,0,,
1547,776,12MM STEEL,1600,0,,
1548,776,12MM STEEL,2,245,,
1552,778,WIRE,10,380,,
1553,778,RING 6X6,4.9,270,,
1554,779,PIONEER,20,1470,,
1555,779,RENT-CEMENT,20,60,,
1556,775,PIONEER,18,1440,,
1557,780,12MM STEEL,2599.7,0,,
1558,780,RENT-STEEL,2600,0,,
1559,781,PIONEER,2,1440,,
1560,637,DG,20,1490,,
1561,637,RENT-CEMENT,20,35,,
1562,782,PIONEER,20,1430,,
1563,782,RENT-CEMENT,20,50,,
1564,783,PIONEER,25,1470,,
1565,783,RENT-CEMENT,25,54,,
1566,784,KOHAT,1,0,,
1567,785,12MM STEEL,185.2,0,,
1568,785,RENT-STEEL,185.2,0,,
1569,785,6MM STEEL,39.8,247,,
1570,785,WIRE,1,420,,
1571,777,12MM STEEL,603.9,0,,
1572,777,6MM STEEL,83.6,247,,
1573,777,WIRE,4,420,,
1575,786,FT-KOHAT,2,0,,
1576,787,CHAUGATH,155.2,275,,
1577,787,CHAUGATH-LABOUR,5,600,,
1578,769,DG,25,0,,
1579,769,RENT-CEMENT,5,40,,
1580,788,DG,10,0,,
1581,789,BRICKS,1000,20,,
1582,790,PIONEER,25,0,,
1583,790,RENT-CEMENT,25,0,,
1584,790,12MM STEEL,50.7,0,,
1587,792,FT-DG,20,0,,
1588,792,RENT-CEMENT,20,0,,
1589,793,PIONEER,20,0,,
1590,793,RENT-CEMENT,20,50,,
1591,750,PIONEER,20,0,,
1592,750,PIONEER,20,50,,
1593,732,PIONEER,20,0,,
1594,732,PIONEER,20,50,,
1595,794,DG,20,0,,
1596,795,DG,25,0,,
1597,795,RENT-CEMENT,25,0,,
1598,796,ISM 12MM STEEL,800,0,,
1599,796,ISM 12MM STEEL,0.7999999999999545,235,,
1600,796,RENT STEEL,1,2000,,
1601,797,PIONEER,20,0,,
1602,797,RENT-CEMENT,20,0,,
1603,798,ISM 12MM STEEL,441.1,0,,
1604,798,6MM STEEL,78.1,0,,
1605,798,WIRE,5,0,,
1606,799,ISM 12MM STEEL,7.5,0,,
1607,799,ISM 12MM STEEL,83.3,0,,
1608,800,KOHAT,10,0,,
1609,759,12MM STEEL,1146,0,,
1610,759,6MM STEEL,25.1,247,,
1611,759,RENT STEEL,2,1250,,
1612,801,FT-KOHAT,2,0,,
1613,791,DG,20,1460,,
1614,791,RENT-CEMENT,20,65,,
1615,802,12MM STEEL,1046.6,0,,
1616,802,20MM STEEL,80.5,245,,
1617,803,WIRE,5.1,420,,
1618,803,6MM STEEL,26.8,245,,
1619,803,CONCRETE SPACER,1,700,,
1620,804,FAUJI,25,0,,
1622,806,PIONEER,10,1440,,
1623,806,RENT-CEMENT,10,35,,
1624,807,DG,10,1450,,
1625,807,RENT-CEMENT,10,35,,
1630,810,FAUJI,109,0,,
1631,811,KOHAT,1,0,,
1632,812,FAUJI,24,0,,
1638,814,PIONEER,10,1440,,
1639,814,RENT-CEMENT,10,35,,
1640,815,DG,20,0,,
1641,816,DG,20,0,,
1653,821,FAUJI,20,0,,
1654,821,RENT-CEMENT,20,0,,
1655,822,PIONEER,20,0,,
1656,822,RENT-CEMENT,20,0,,
1657,823,DG,70,0,,
1658,823,PIONEER,20,0,,
1662,825,DG,18,0,,
1663,826,KOHAT,20,0,,
1664,827,KOHAT,40,0,,
1665,828,PIONEER,20,0,,
1668,830,FT-KOHAT,25,0,,
1669,830,6MM STEEL,20.7,242,,
1670,831,DG,20,0,,
1671,831,RENT-CEMENT,20,0,,
1672,832,20MM STEEL,107.7,235,,
1673,832,6MM STEEL,58.9,235,,
1674,832,RENT-GENERAL,1,1200,,
1675,833,TILE 1ST GAGGO MANDI,150,28,,
1676,834,10MM STEEL,290.5,252,,
1680,369,12MM STEEL,1796.5,0,,
1681,369,RENT-STEEL,1796.5,0,,
1682,369,WIRE,10,390,,
1687,836,DG,15,0,,
1688,836,12MM STEEL,211.3,0,,
1693,817,12MM STEEL,2996,0,,
1694,817,12MM STEEL,160.9,0,,
1695,817,WIRE,10,400,,
1696,817,CONCRETE SPACER,7,700,,
1697,817,6MM STEEL,45.5,0,,
1698,838,12MM STEEL,980.7999999999997,0,,
1699,838,12MM STEEL,25.70000000000027,245,,
1700,838,20MM STEEL,52.4,245,,
1701,838,6MM STEEL,65.6,245,,
1702,837,KOHAT,10,0,,
1703,837,RENT-CEMENT,10,0,,
1704,837,6MM STEEL,41.90000000000001,0,,
1705,837,6MM STEEL,17.39999999999999,240,,
1706,839,PIONEER,20,1430,,
1707,839,RENT-CEMENT,20,50,,
1710,841,FT-KOHAT,80,0,,
1711,841,RENT-CEMENT,80,0,,
1720,846,WIRE,2,400,,
1727,849,PIONEER,25,1460,,
1728,849,RENT-CEMENT,25,54,,
1729,848,KOHAT,5,1450,,
1730,848,RENT-CEMENT,5,70,,
1731,847,KOHAT,20,0,,
1732,847,6MM STEEL,190.6,0,,
1733,847,WIRE,5,0,,
1734,847,RENT-CEMENT,20,0,,
1735,845,PIONEER,20,1430,,
1736,845,RENT-CEMENT,20,50,,
1737,844,KOHAT,20,0,,
1738,844,RENT-CEMENT,20,0,,
1739,844,12MM STEEL,121.8,0,,
1740,843,DG,20,0,,
1741,843,RENT-CEMENT,1,1250,,
1742,842,PIONEER,20,0,,
1743,840,FAUJI,10,1450,,
1744,840,RENT-CEMENT,10,35,,
1745,743,DG,20,0,,
1746,743,ISM 12MM STEEL,31,235,,
1747,850,DG,40,0,,
1748,850,WIRE,3,380,,
1749,851,FAUJI,24,0,,
1750,852,WIRE,4,400,,
1751,853,FAUJI,2,1440,,
1752,854,PIONEER,20,1460,,
1753,854,RENT-CEMENT,20,55,,
1754,855,DG,20,0,,
1755,856,KOHAT,20,0,,
1756,856,RENT-CEMENT,20,0,,
1757,857,KOHAT,3,0,,
1758,858,PIONEER,24,1430,,
1759,858,RENT-CEMENT,1,1000,,
1760,859,RENT-CEMENT,1,200,,
1761,860,KOHAT,20,0,,
1762,860,RENT-CEMENT,20,0,,
1763,860,6MM STEEL,20,0,,
1772,835,WIRE,10,400,,
1773,835,20MM STEEL,1316.4,0,,
1774,835,10MM STEEL,237.5,252,,
1775,835,RENT-STEEL,1316.4,0,,
1776,862,FT-KOHAT,2,0,,
1777,861,12MM STEEL,162.3,0,,
1778,861,20MM STEEL,25.8,0,,
1779,861,WIRE,5,400,,
1780,861,RENT-STEEL,188.1,0,,
1784,532,KOHAT,40,0,,
1785,532,RENT-CEMENT,40,0,,
1786,864,12MM STEEL,4200.5,0,,
1787,864,20MM STEEL,131.4,240,,
1788,864,6MM STEEL,81.9,240,,
1789,864,WIRE,15,390,,
1790,865,DG,155,0,,
1791,865,DG,175,1450,,
1792,866,PIONEER,20,1430,,
1793,866,RENT-CEMENT,20,35,,
1794,867,FAUJI,10,0,,
1795,867,ISM 12MM STEEL,365,244,,
1796,867,6MM STEEL,100.7,252,,
1797,867,WIRE,2,420,,
1799,869,KOHAT,20,0,,
1800,869,RENT-CEMENT,20,0,,
1801,870,RENT-GENERAL,1,4740,,
1805,872,DG,60,0,,
1806,873,BAJRI MOTI,50,150,,
1807,873,KOHAT,15,1440,,
1808,873,RENT-GENERAL,3,700,,
1809,874,PIONEER,20,0,,
1810,875,KOHAT,4,0,,
1811,875,ISM 12MM STEEL,61.2,235,,
1812,875,CHIPS ZERO,1,250,,
1813,808,FT-KOHAT,20,0,,
1814,808,RENT-CEMENT,20,0,,
1815,808,ISM 12MM STEEL,139.9,0,,
1816,876,CHAUGATH,80.5,275,,
1817,876,CHAUGATH-LABOUR,3,500,,
1818,877,PIONEER,120,0,,
1819,877,RENT-CEMENT,120,0,,
1820,878,12MM STEEL,113.9,0,,
1825,880,FT-KOHAT,6,0,,
1826,881,FT-KOHAT,4,0,,
1832,885,DG,25,1450,,
1833,886,12MM STEEL,792.8,0,,
1834,886,6MM STEEL,79.3,0,,
1835,886,RENT-STEEL,800,0,,
1836,871,12MM STEEL,1194,0,,
1837,871,6MM STEEL,20.7,0,,
1838,871,WIRE,5,0,,
1839,887,PIONEER,20,1430,,
1840,887,RENT-CEMENT,20,50,,
1842,888,DG,20,0,,
1843,889,DG,25,1450,,
1844,890,PIONEER,20,1415,,
1845,890,RENT-CEMENT,20,30,,
1846,891,PIONEER,3,0,,
1847,892,PIONEER,20,0,,
1848,892,RENT-CEMENT,20,0,,
1851,894,FAUJI,15,1450,,
1852,894,RENT-CEMENT,1,550,,
1853,895,BAJRI MOTI,25,100,,
1854,895,RENT-GENERAL,1,700,,
1855,896,PIONEER,20,0,,
1856,868,12MM STEEL,50.8,0,,
1857,868,RING 4X4,6.1,295,,
1858,897,FT-FAUJI,80,0,,
1859,898,FAUJI,15,1450,,
1860,898,RENT-CEMENT,1,550,,
1861,899,FAUJI,25,1450,,
1862,899,RENT-CEMENT,25,60,,
1863,900,KOHAT,20,0,,
1864,900,RENT-CEMENT,20,0,,
1865,901,KOHAT,20,0,,
1866,901,RENT-CEMENT,20,0,,
1870,902,PIONEER,40,0,,
1871,902,FAUJI,120,0,,
1872,902,RENT-CEMENT,160,0,,
1873,879,CHAUGATH,258.6,0,,
1874,879,12MM STEEL,15.7,0,,
1875,879,CHAUGATH-LABOUR,8,0,,
1876,879,RENT-GENERAL,2,0,,
1877,903,FT-KOHAT,4,0,,
1878,904,KOHAT,2,0,,
1879,905,FT-DG,20,0,,
1880,906,KOHAT,25,0,,
1881,906,RENT-CEMENT,25,0,,
1882,907,BRICKS,400,20,,
1883,907,RENT-GENERAL,1,700,,
1884,908,FT-FAUJI,12,0,,
1885,909,RENT-STEEL,1,500,,
1888,911,KOHAT,20,0,,
1889,911,RENT-CEMENT,20,0,,
1890,912,PIONEER,1,0,,
1891,912,KOHAT,24,0,,
1892,912,RENT-CEMENT,25,0,,
1895,913,DG,20,0,,
1896,913,RENT-CEMENT,20,0,,
1897,914,DG,20,1440,,
1898,914,RENT-CEMENT,20,65,,
1899,915,DG,20,0,,
1900,916,KOHAT,20,1420,,
1901,916,BAJRI MOTI,60,100,,
1902,916,RENT-GENERAL,4,600,,
1903,917,KOHAT,20,0,,
1904,917,RENT-CEMENT,20,0,,
1905,918,KOHAT,20,0,,
1906,918,RENT-CEMENT,20,0,,
1907,919,BAJRI MOTI,25,150,,
1908,919,RENT-GENERAL,1,700,,
1909,920,KOHAT,2,0,,
1910,921,FT-FAUJI,100,0,,
1911,922,KOHAT,140,0,,
1912,922,RENT-CEMENT,140,0,,
1913,923,KOHAT,5,1440,,
1914,923,RENT-CEMENT,1,350,,
1915,924,ISM 12MM STEEL,395.8,236,,
1916,924,WIRE,1,400,,
1917,924,RINGS 7X7,41,290,,
1918,924,RENT-STEEL,1,1500,,
1919,924,SAND,1,300,,
1920,925,RING 6X6,9.1,285,,
1921,925,WIRE,2.1,400,,
1922,925,12MM STEEL,40.1,0,,
1923,926,DG,25,0,,
1924,926,RENT-CEMENT,25,0,,
1925,927,KOHAT,25,0,,
1926,927,RENT-CEMENT,25,0,,
1927,928,KOHAT,20,0,,
1928,929,FAUJI,20,1440,,
1929,929,RENT-CEMENT,20,35,,
1930,930,KOHAT,25,0,,
1931,930,RENT-CEMENT,25,0,,
1932,931,KOHAT,20,0,,
1933,931,RENT-CEMENT,20,0,,
1934,805,FT-KOHAT,20,0,,
1935,805,RENT-CEMENT,20,0,,
1936,932,CHAUGATH,37.2,272,,
1937,932,CHAUGATH,3.1,254,,
1938,933,12MM STEEL,100.6,0,,
1939,933,RING 6X6,11.9,284,,
1940,934,BAJRI MOTI,50,135,,
1941,934,RENT-GENERAL,2,1000,,
1942,935,KOHAT,20,0,,
1943,936,FT-KOHAT,8,0,,
1944,937,BOND,2,750,,
1945,938,DG,14,1450,,
1946,938,RENT-CEMENT,1,750,,
1947,939,12MM STEEL,603.4,0,,
1948,939,RINGS 7X7,199.3,285,,
1949,939,RENT-STEEL,603.4,0,,
1950,940,WIRE,5,395,,
1951,941,ISM 12MM STEEL,30.3,235,,
1952,941,RING 6X6,2.2,285,,
1953,941,KOHAT,6,1420,,
1954,941,RENT-CEMENT,6,50,,
1955,941,WIRE,0.5,400,,
1956,942,FAUJI,33,1440,,
1957,942,RENT-CEMENT,2,1000,,
1958,943,KOHAT,2,0,,
1959,944,FAUJI,20,0,,
1960,945,12MM STEEL,154.2,0,,
1961,946,DG,1,1450,,
1962,947,RING 6X6,22.6,300,,
1963,948,ISM 12MM STEEL,205.5,0,,
1964,948,RENT-STEEL,205.5,0,,
1965,949,KOHAT,20,0,,
1966,949,RENT-CEMENT,20,0,,
1967,950,KOHAT,1,0,,
1970,893,PIONEER,25,0,,
1971,893,RENT-CEMENT,25,0,,
1972,893,WIRE,5,0,,
1973,951,RENT-CEMENT,25,0,,
1974,951,KOHAT,25,0,,
1975,952,KOHAT,25,0,,
1976,952,RENT-CEMENT,25,0,,
1977,952,WIRE,5,400,,
1978,953,KOHAT,66,0,,
1979,953,DG,34,0,,
1980,954,ISM 12MM STEEL,123.1,235,,
1981,954,20MM STEEL,53.4,247,,
1982,954,6MM STEEL,30.3,247,,
1983,954,RENT-STEEL,1,1200,,
1984,955,CHAUGATH,250,0,,
1985,955,CHAUGATH,19.5,270,,
1986,955,CHAUGATH-LABOUR,9,0,,
1987,955,RENT-GENERAL,250,0,,
1988,956,6MM STEEL,20,243,,
1989,957,FT-FAUJI,15,0,,
1990,957,RENT-CEMENT,15,0,,
1991,958,12MM STEEL,2846.4,0,,
1992,958,6MM STEEL,80,245,,
1993,958,20MM STEEL,106.7,245,,
1994,959,PIONEER,100,0,,
1995,959,RENT-CEMENT,100,56,,
1996,960,DG,40,0,,
1997,960,RENT-CEMENT,40,0,,
1998,961,DG,4,0,,
1999,961,DG,6,0,,
2000,962,DG,8,1450,,
2001,962,RENT-CEMENT,1,350,,
2002,963,FT-DG,16,0,,
2003,963,FT-FAUJI,4,0,,
2004,963,RENT-CEMENT,20,0,,
2005,963,6MM STEEL,20.2,247,,
2006,963,WIRE,2,380,,
2007,963,RENT-GENERAL,1,500,,
2008,964,ISM 12MM STEEL,120,0,,
2009,964,ISM 12MM STEEL,1.799999999999997,235,,
2010,964,RING 6X6,9.7,0,,
2011,964,GOLA GOL,35,0,,
2012,964,RENT-GENERAL,1,0,,
2013,965,PIONEER,20,0,,
2014,965,RENT-CEMENT,20,0,,
2015,966,12MM STEEL,1406.7,0,,
2016,966,20MM STEEL,378.9,0,,
2017,966,6MM STEEL,79.7,0,,
2018,966,WIRE,10,0,,
2019,966,RENT-STEEL,1785.6,0,,
2020,967,FAUJI,10,0,,
2021,967,RENT-CEMENT,10,0,,
2022,968,CHAUGATH,58.7,0,,
2023,968,ANGEL,18.9,259,,
2024,968,RENT-GENERAL,1,1300,,
2025,969,WIRE,2,0,,
2026,970,DG,20,0,,
2027,971,FAUJI,20,0,,
2028,971,12MM STEEL,61.3,0,,
2029,972,PIONEER,25,0,,
2030,972,RENT-CEMENT,25,0,,
2034,974,DG,10,0,,
2035,974,RENT-CEMENT,10,0,,
2036,975,DG,15,0,,
2037,975,RENT-CEMENT,15,0,,
2038,976,RENT-CEMENT,36,55.5555555556,,
2039,977,10MM STEEL,396.1,245,,
2040,977,RENT-GENERAL,1,600,,
2041,978,DG,25,0,,
2042,979,WIRE,5,380,,
2043,980,FAUJI,24,0,,
2044,981,KOHAT,1,0,,
2045,982,KOHAT,9,0,,
2046,982,RENT-CEMENT,10,0,,
2047,983,DG,250,0,,
2048,983,RENT-CEMENT,20,75,,
2049,983,BAJRI MOTI,1,21000,,
2050,984,WIRE,5,400,,
2051,985,KOHAT,20,0,,
2052,985,RENT-CEMENT,20,0,,
2053,986,DG,20,0,,
2054,986,CHAUGATH,122.1,273,,
2055,987,ISM 12MM STEEL,30.6,235,,
2056,988,KOHAT,2,0,,
2057,989,PIONEER,20,0,,
2058,989,RENT-CEMENT,20,0,,
2059,990,12MM STEEL,381.6,0,,
2060,990,WIRE,5,0,,
2061,990,RENT-STEEL,381.6,0,,
2062,990,CONCRETE SPACER,3,600,,
2063,991,12MM STEEL,3.300000000000182,0,,
2064,991,12MM STEEL,47.89999999999982,240,,
2065,991,RENT-STEEL,1,300,,
2066,991,RENT-CEMENT,15,0,,
2067,992,KOHAT,80,0,,
2068,992,KOHAT,50,0,,
2069,992,KOHAT,5,1450,,
2070,992,LABOUR,1,2000,,
2071,992,RENT-CEMENT,1,3000,,
2072,993,DG,15,1450,,
2073,993,RENT-CEMENT,1,1000,,
2074,994,KOHAT,10,0,,
2075,994,RENT-CEMENT,10,0,,
2076,995,DG,80,0,,
2077,995,RENT-CEMENT,80,0,,
2078,996,PIONEER,4,0,,
2081,973,WIRE,10,400,,
2082,973,RENT-STEEL,1,4500,,
2083,1001,WIRE,1.1,400,,
2084,1002,KOHAT,25,0,,
2085,1003,KOHAT,20,0,,
2086,1003,RENT-CEMENT,20,0,,
2087,813,PIONEER,20,0,,
2088,813,ISM 12MM STEEL,80,0,,
2089,813,ISM 12MM STEEL,2.299999999999997,235,,
2090,813,WIRE,1,420,,
2091,813,RENT-CEMENT,20,0,,
2092,1004,DG,20,1440,,
2093,1004,RENT-CEMENT,20,50,,
2094,1005,KOHAT,20,0,,
2095,1006,FT-KOHAT,20,0,,
2096,1006,RENT-CEMENT,20,0,,
2098,1008,DG,20,0,,
2099,1008,RENT-CEMENT,20,0,,
2100,1009,DG,20,0,,
2101,1007,10MM STEEL,56.3,245,,
2102,1010,PIONEER,20,0,,
2103,1010,RENT-CEMENT,20,0,,
2104,1011,ISM 12MM STEEL,211.8,235,,
2105,1012,FT-KOHAT,20,1410,,
2106,1013,WIRE,1,380,,
2107,1014,DG,20,0,,
2108,1014,RENT-CEMENT,20,0,,
2113,1016,FT-KOHAT,1,0,,
2114,1017,FAUJI,60,1440,,
2115,1017,RENT-CEMENT,60,30,,
2116,1018,DG,17,0,,
2117,1018,FAUJI,3,0,,
2118,1018,RENT-CEMENT,20,0,,
2119,1019,FAUJI,10,1440,,
2120,1019,RENT-CEMENT,10,30,,
2121,1015,RING 6X6,41.3,255,,
2122,1015,WIRE,1,400,,
2123,1015,ISM 12MM STEEL,162.3,235,,
2124,1020,FAUJI,10,1440,,
2125,1020,RENT-CEMENT,10,35,,
2126,1021,FAUJI,3,1440,,
2127,1021,WIRE,0.25,400,,
2128,1022,FAUJI,25,1440,,
2129,1022,RENT-CEMENT,25,50,,
2130,1023,FAUJI,25,1440,,
2131,1023,RENT-CEMENT,25,50,,
2132,1024,FT-KOHAT,20,0,,
2133,1024,RENT-CEMENT,20,0,,
2134,1025,FT-KOHAT,4,0,,
2139,1027,PIONEER,10,1440,,
2142,1029,CHAUGATH,21.2,270,,
2143,1030,PIONEER,20,0,,
2144,1031,CONCRETE SPACER,9,600,,
2145,1032,CHAUGATH,201.3,0,,
2146,1032,CHAUGATH,6.899999999999977,272,,
2147,1032,RENT-GENERAL,1,1250,,
2148,1033,RINGS 7X7,7.7,255,,
2149,1033,WIRE,0.5,400,,
2150,1034,FAUJI,2,0,,
2151,1035,PIONEER,20,0,,
2152,1035,RENT-CEMENT,20,0,,
2153,1035,WIRE,5,380,,
2154,1036,FAUJI,20,0,,
2155,1037,12MM STEEL,10.3,0,,
2156,1038,FAUJI,25,0,,
2157,1039,RING SIMOSA,29.8,255,,
2158,1040,PIONEER,20,0,,
2159,1040,RENT-CEMENT,20,0,,
2160,1041,FT-FAUJI,8,0,,
2161,1042,12MM STEEL,242,0,,
2162,1042,FAUJI,15,0,,
2163,1042,6MM STEEL,40,0,,
2164,1042,WIRE,2.1,0,,
2165,1043,BAJRI MOTI,25,120,,
2166,1043,FAUJI,5,1450,,
2167,1043,RENT-GENERAL,1,1000,,
2168,1044,RING 6X6,16,280,,
2169,1045,RINGS 7X7,26.2,320,,
2170,1046,FAUJI,10,1450,,
2171,1046,RENT-CEMENT,10,60,,
2172,1047,PIONEER,6,0,,
2173,1048,WIRE,1,390,,
2174,1049,KOHAT,2,1420,,
2175,1050,FT-KOHAT,20,1410,,
2176,1051,ISM 12MM STEEL,446.3,240,,
2177,1051,20MM STEEL,102.3,240,,
2178,1051,6MM STEEL,15.1,252,,
2179,1051,WIRE,2,400,,
2180,1051,RENT-STEEL,1,700,,
2181,1051,10MM STEEL,1,949,,
2182,1052,FAUJI,10,0,,
2185,1054,FAUJI,40,0,,
2186,1054,RENT-CEMENT,40,0,,
2187,1055,PIONEER,4,0,,
2188,1056,WIRE,0.5,400,,
2189,1057,FAUJI,2,1440,,
2190,1058,FAUJI,15,0,,
2191,1058,RENT-CEMENT,15,0,,
2192,1059,6MM,1,1180,,
2193,1053,BAJRI MOTI,25,120,,
2194,1053,RENT-GENERAL,1,700,,
2195,1060,PIONEER,50,1420,,
2196,1060,RENT-CEMENT,50,50,,
2197,1026,CHAUGATH,400,0,,
2198,1026,CHAUGATH,8.100000000000023,270,,
2199,1026,12MM STEEL,20.8,235,,
2200,1026,CHAUGATH-LABOUR,12,0,,
2201,1061,PIONEER,20,0,,
2202,1061,RENT-CEMENT,20,0,,
2203,1062,BAJRI MOTI,50,135,,
2204,1062,RING 6X6,9.4,255,,
2205,1062,RENT-GENERAL,2,1000,,
2206,1062,ISM 12MM STEEL,201.6,0,,
2207,1062,RENT-STEEL,201.6,0,,
2208,1063,PIONEER,25,0,,
2209,1063,RENT-CEMENT,25,0,,
2210,1064,PIONEER,20,0,,
2211,1064,RENT-CEMENT,20,0,,
2212,1064,ISM 12MM STEEL,50.2,0,,
2213,1064,WIRE,0.5,0,,
2214,1064,RING SIMOSA,7,0,,
2215,1064,RING SIMOSA,0.09999999999999964,255,,
2216,1065,FAUJI,20,0,,
2217,1065,RENT-CEMENT,20,0,,
2218,1066,PIONEER,20,1430,,
2219,1066,RENT-CEMENT,20,50,,
2220,1067,PIONEER,10,1420,,
2221,1067,RENT-CEMENT,10,60,,
2222,1068,PIONEER,40,0,,
2226,1070,KOHAT,20,1435,,
2227,1070,RENT-CEMENT,20,50,,
2228,1071,RENT-GENERAL,400,0,,
2229,1071,RENT-GENERAL,1,1000,,
2230,1072,FT-FAUJI,2,0,,
2231,1073,KOHAT,20,0,,
2232,1074,FT-KOHAT,20,0,,
2233,1075,FT-KOHAT,20,0,,
2234,1076,KOHAT,20,0,,
2235,1076,RENT-CEMENT,20,0,,
2236,1077,FT-KOHAT,20,0,,
2237,1078,KOHAT,20,1420,,
2238,1079,WIRE,1.5,0,,
2239,1080,KOHAT,20,0,,
2240,1080,RENT-CEMENT,20,0,,
2241,1081,FT-KOHAT,20,0,,
2242,1082,KOHAT,2,1440,,
2245,1084,KOHAT,10,0,,
2246,1084,RENT-CEMENT,10,0,,
2247,1085,KOHAT,2,1440,,
2248,1086,12MM STEEL,854.3,0,,
2249,1086,6MM STEEL,15.1,0,,
2250,1086,WIRE,2,0,,
2251,1087,CHAUGATH,53.5,270,,
2252,1087,ANGEL,5.3,256,,
2253,1088,KOHAT,20,0,,
2254,1088,RENT-CEMENT,20,0,,
2255,1089,KOHAT,10,1420,,
2256,1089,RENT-CEMENT,10,60,,
2257,1090,KOHAT,20,0,,
2258,1090,RENT-CEMENT,20,0,,
2259,1091,CHAUGATH,440.8,0,,
2260,1091,ANGEL,26.1,259,,
2261,1092,KOHAT,10,0,,
2262,1092,RENT-CEMENT,10,0,,
2263,1093,ISM 12MM STEEL,30.6,240,,
2264,1094,MISC,1,28000,,
2265,1095,KOHAT,2,0,,
2266,1096,KOHAT,20,1430,,
2267,1096,RENT-CEMENT,20,35,,
2268,1097,KOHAT,20,0,,
2269,1097,RENT-CEMENT,20,0,,
2270,1083,12MM STEEL,71,0,,
2271,1083,DG,5,0,,
2272,1098,DG,5,0,,
2273,1098,RING 6X6,4.2,290,,
2274,1099,12MM STEEL,2506.9,0,,
2275,1099,20MM STEEL,51.2,0,,
2276,1099,6MM STEEL,39.5,252,,
2277,1099,WIRE,10,0,,
2278,1099,RENT-STEEL,2558.1,0,,
2279,1099,CONCRETE SPACER,4,700,,
2280,1100,DG,20,0,,
2281,1100,RENT-CEMENT,20,0,,
2282,1101,KOHAT,2,1420,,
2284,1103,WIRE,5,380,,
2285,1104,PIONEER,30,0,,
2286,1104,RENT-CEMENT,30,0,,
2287,1105,ISM 12MM STEEL,755.7,0,,
2288,1106,20MM STEEL,152.0999999999999,0,,
2289,1106,ISM 12MM STEEL,0.5000000000000853,230,,
2290,1107,PIONEER,10,1420,,
2291,1107,RENT-CEMENT,10,35,,
2292,1108,PIONEER,15,0,,
2293,1108,RENT-CEMENT,15,0,,
2294,1109,KOHAT,20,0,,
2295,1109,RENT-CEMENT,20,0,,
2296,1109,ISM 12MM STEEL,81.6,235,,
2297,1110,PIONEER,10,1430,,
2298,1110,RENT-CEMENT,10,60,,
2299,1111,CONCRETE SPACER,5,600,,
2300,1112,6MM STEEL,24.1,250,,
2301,1112,WIRE,2.3,380,,
2302,1112,WIRE,3,380,,
2303,1113,12MM STEEL,1400,0,,
2304,1113,12MM STEEL,9,240,,
2305,1114,12MM STEEL,223.8,234,,
2306,1114,RENT STEEL,1,800,,
2307,1115,CHAUGATH,47.4,275,,
2308,1116,STEEL NO 9,1.6,290,,
2310,1118,KOHAT,20,0,,
2311,1118,RENT-CEMENT,20,0,,
2312,1119,KOHAT,26,0,,
2313,1119,RENT-CEMENT,26,0,,
2314,883,ISM 12MM STEEL,1004.2,0,,
2315,883,RENT-STEEL,1,3000,,
2316,1120,PIONEER,25,1400,,
2317,1121,RING SIMOSA,2.2,255,,
2318,1121,WIRE,0.5,400,,
2319,1122,CHAUGATH,339.3,268,,
2320,1122,ISM 12MM STEEL,17.1,230,,
2321,1122,CHAUGATH-LABOUR,1,5500,,
2322,1122,RENT-GENERAL,1,2000,,
2323,1123,FAUJI,25,1430,,
2324,1123,RENT-CEMENT,25,60,,
2325,1124,ISM 12MM STEEL,305.4,235,,
2326,1124,20MM STEEL,50.2,235,,
2327,1124,6MM STEEL,10.1,252,,
2328,1124,WIRE,4,420,,
2329,1125,DG,25,1430,,
2330,1125,RENT-CEMENT,25,60,,
2331,1126,FT-KOHAT,1,0,,
2332,1127,CHAUGATH,26.1,273,,
2333,1128,FT-FAUJI,2,1450,,
2334,1129,WIRE,1,400,,
2335,1129,PIONEER,10,1400,,
2336,1129,RENT-CEMENT,10,60,,
2337,1130,DG,10,1430,,
2338,1130,STEEL NO 9,29.2,285,,
2339,1130,RENT-CEMENT,20,40,,
2340,1131,RING 4X9,19.4,255,,
2341,1132,KOHAT,20,0,,
2342,1132,ISM 12MM STEEL,164.2,239,,
2343,1133,DG,15,1430,,
2344,1133,RENT-CEMENT,15,53.34,,
2345,1134,PIONEER,10,1400,,
2346,1135,DG,50,0,,
2347,1136,RING SIMOSA,18.4,255,,
2348,1137,GOLA GOL,45,38,,
2349,1137,TILE 1ST JHANG,65,26,,
2350,1137,RENT-GENERAL,1,600,,
2351,1138,DG,10,1430,,
2352,1138,6MM STEEL,119.7,252,,
2353,1138,RENT-CEMENT,10,100,,
2354,1139,PIONEER,9,0,,
2355,1139,ISM 12MM STEEL,99.5,0,,
2356,1139,RING 4X4,11.1,255,,
2357,1139,WIRE,1,380,,
2358,1140,CHAUGATH,91.6,273,,
2359,1140,KOHAT,5,1410,,
2360,1140,RENT-CEMENT,5,200,,
2361,1141,DG,85,0,,
2362,1141,RENT-STEEL,1,300,,
2363,1141,RENT-CEMENT,1,5525,,
2364,1142,FAUJI,20,1450,,
2365,1142,RENT-CEMENT,1,1300,,
2366,1143,PIONEER,20,0,,
2369,1145,WIRE,1,380,,
2371,1147,KOHAT,20,0,,
2372,1148,FAUJI,20,0,,
2373,1149,DG,20,0,,
2374,1149,CHIPS ZERO,12,250,,
2378,1153,PIONEER,2,1400,,
2379,1154,FAUJI,20,1430,,
2380,1154,RENT-CEMENT,1,700,,
2381,1155,DG,16,0,,
2382,1156,FAUJI,20,0,,
2383,1156,RENT-CEMENT,20,0,,
2387,1159,12MM STEEL,1862.5,0,,
2388,1159,12MM STEEL,133.5999999999999,240,,
2389,1159,20MM STEEL,126.8,240,,
2390,1159,RING 4X9,18.9,265,,
2391,1159,WIRE,7,380,,
2392,1159,6MM STEEL,10.5,252,,
2393,1159,RENT-STEEL,2000,0,,
2394,1158,TILE 1ST GAGGO MANDI,500,28,,
2395,1158,RENT-GENERAL,1,700,,
2398,1161,PIONEER,25,1420,,
2399,1161,RENT-CEMENT,25,50,,
2400,1162,12MM STEEL,40.3,0,,
2401,1163,DG,20,0,,
2402,1164,RENT-CEMENT,1,1500,,
2403,1165,BAJRI MOTI,25,100,,
2404,1165,RENT-GENERAL,1,700,,
2405,1166,DG,20,0,,
2406,1166,RENT-CEMENT,20,0,,
2407,1167,FAUJI,20,1430,,
2408,1167,RENT-CEMENT,20,30,,
2409,1168,RENT-CEMENT,25,40,,
2411,1170,CHAUGATH,156.8,272,,
2412,1170,CHAUGATH-LABOUR,6,500,,
2413,1170,RENT-GENERAL,2,850,,
2414,1170,ANGEL,13.3,259,,
2415,1171,FT-FAUJI,170,0,,
2416,1172,FAUJI,20,1420,,
2417,1172,FT-FAUJI,170,20,,
2418,1173,BAJRI PAAN,20,160,,
2419,1173,FAUJI,8,0,,
2420,910,FAUJI,24,0,,
2421,910,WIRE,4,420,,
2422,910,6M,1,44,,
2423,1174,FAUJI,20,1420,,
2425,1176,DG,10,0,,
2426,1176,DG,10,1430,,
2427,1177,DG,1,1430,,
2428,1178,FAUJI,10,1440,,
2429,1179,ISM 12MM STEEL,715.1,0,,
2430,1179,RING 6X6,7.8,0,,
2431,1179,WIRE,3,0,,
2432,1179,RENT-STEEL,1,0,,
2433,1180,12MM STEEL,413.7,0,,
2434,1180,PIONEER,20,0,,
2435,1180,6MM STEEL,20.7,257,,
2436,1181,DG,20,0,,
2437,1181,RENT-CEMENT,20,0,,
2438,1182,PIONEER,20,0,,
2440,1184,RINGS 7X7,11.9,252,,
2441,1184,RING 4X9,18.6,252,,
2442,1184,RING 6X6,11.3,252,,
2443,1184,RING 4X4,8.3,252,,
2444,1185,RING 6X6,40,265,,
2445,1186,ISM 12MM STEEL,1998.3,0,,
2446,1186,20MM STEEL,153.1,0,,
2447,1186,6MM STEEL,80,0,,
2448,1186,WIRE,12,0,,
2449,1186,CONCRETE SPACER,4,700,,
2450,1186,RENT STEEL,2000,0,,
2451,1187,PIONEER,20,0,,
2452,1187,RENT-CEMENT,20,0,,
2453,1188,PIONEER,25,0,,
2454,1188,RENT-CEMENT,25,0,,
2455,1189,WIRE,5,400,,
2456,1190,KOHAT,20,0,,
2457,1190,RENT-CEMENT,20,0,,
2459,1192,PIONEER,160,0,,
2460,1192,RENT-CEMENT,160,0,,
2461,1192,CONCRETE SPACER,4,700,,
2462,1193,FAUJI,53,0,,
2463,1193,RENT-CEMENT,50,0,,
2464,1194,FAUJI,1,0,,
2465,1195,TILE 1ST JHANG,350,29,,
2466,1195,GOLA KALM,160,35,,
2467,1195,ISM 12MM STEEL,20,242,,
2468,1195,RENT-GENERAL,1,1800,,
2474,1198,PIONEER,2,1400,,
2475,1199,KOHAT,100,0,,
2479,1200,FAUJI,25,1440,,
2480,1200,RENT-CEMENT,25,50,,
2481,1201,KOHAT,78,0,,
2482,1197,DG,20,1430,,
2483,1197,ISM 12MM STEEL,240.2,240,,
2484,1197,RENT-GENERAL,1,1500,,
2485,1202,FAUJI,4,0,,
2486,1203,PIONEER,2,1400,,
2487,1204,ISM 12MM STEEL,30.3,245,,
2488,1205,FAUJI,4,1420,,
2489,1205,6MM STEEL,4.5,252,,
2490,1206,PIONEER,25,0,,
2491,1206,RENT-CEMENT,25,0,,
2492,1207,KOHAT,20,0,,
2493,1207,RENT-CEMENT,20,0,,
2494,1117,WIRE,1,0,,
2501,1210,WIRE,2,380,,
2508,1213,PIONEER,20,0,,
2509,1213,RENT-CEMENT,20,0,,
2510,1214,KOHAT,2,0,,
2511,1215,KOHAT,20,0,,
2512,1215,RENT-CEMENT,20,0,,
2513,1216,PIONEER,2,1400,,
2517,1218,DG,25,0,,
2518,1218,RENT-CEMENT,25,0,,
2519,1219,DG,20,0,,
2520,1220,DG,10,0,,
2521,1220,RENT-CEMENT,10,0,,
2522,1221,DG,1,1420,,
2524,1223,12MM STEEL,1196,0,,
2525,1223,20MM STEEL,157.2,0,,
2526,1223,6MM STEEL,79.4,0,,
2527,1223,WIRE,6.5,0,,
2528,1223,WIRE,1.5,350,,
2529,1224,KOHAT,20,0,,
2530,1224,RENT-CEMENT,20,0,,
2531,1225,DG,20,0,,
2532,1226,ISM 12MM STEEL,41.1,240,,
2533,1227,DG,2,0,,
2534,1228,12MM STEEL,1796.5,0,,
2535,1228,20MM STEEL,98.9,0,,
2536,1228,6MM STEEL,60.5,0,,
2537,1228,FAUJI,1,0,,
2538,1229,12MM STEEL,400.5,0,,
2539,1229,WIRE,2,0,,
2540,1229,RINGS 7X7,110.9,255,,
2541,1230,BAJRI MOTI,25,100,,
2542,1230,WIRE,1,390,,
2543,1230,RENT-GENERAL,2,700,,
2544,1230,DG,20,0,,
2545,1230,12MM STEEL,50.9,0,,
2547,1232,WIRE,2,0,,
2548,1233,CHAUGATH,1,273,,
2549,1234,PIONEER,10,0,,
2550,1234,RENT-CEMENT,10,0,,
2551,1235,FAUJI,25,1430,,
2552,1235,RENT-CEMENT,1,1100,,
2553,1236,BAJRI MOTI,25,120,,
2554,1237,BAJRI MOTI,30,100,,
2555,1237,RENT-GENERAL,1,1250,,
2559,1240,CHAUGATH,99.3,270,,
2560,1240,ANGEL,25.5,254,,
2561,1241,KOHAT,2,0,,
2562,1242,DG,150,0,,
2563,1242,12MM STEEL,50.7,0,,
2564,1242,WIRE,1,0,,
2565,1243,KOHAT,10,1410,,
2566,1243,RENT-CEMENT,10,70,,
2569,1245,KOHAT,20,0,,
2570,1245,RENT-CEMENT,20,0,,
2571,1244,PIONEER,20,1390,,
2572,1244,RENT-CEMENT,1,700,,
2573,1246,KOHAT,20,0,,
2574,1246,RENT-CEMENT,20,0,,
2575,1247,PIONEER,20,1390,,
2576,1247,RENT-CEMENT,20,40,,
2577,1248,FT-FAUJI,180,0,,
2578,1248,FT-KOHAT,2,0,,
2579,1249,FAUJI,20,0,,
2580,1250,FT-KOHAT,4,1450,,
2582,1252,CHIPS ZERO,5,250,,
2583,1252,FAUJI,1,1450,,
2588,1255,CONCRETE SPACER,4,600,,
2589,1256,CHAUGATH,226.8,270,,
2590,1257,BAJRI MOTI,25,120,,
2591,1257,FAUJI,9,1450,,
2592,1257,RENT-GENERAL,1,1050,,
2593,1258,BAJRI MOTI,20,140,,
2594,1258,RENT-GENERAL,1,600,,
2595,1259,KOHAT,16,1420,,
2596,1260,KOHAT,10,1420,,
2597,1261,12MM STEEL,122.6,0,,
2598,1261,KOHAT,20,0,,
2599,1262,KOHAT,5,1410,,
2600,1263,FT-KOHAT,20,0,,
2601,1264,RING 4X4,4.3,255,,
2602,1265,12MM STEEL,30.9,0,,
2603,1265,KOHAT,20,0,,
2604,1266,DG,20,1440,,
2605,1266,RENT-CEMENT,20,50,,
2606,1267,DG,20,1440,,
2607,1267,RENT-CEMENT,20,50,,
2608,1268,PIONEER,25,0,,
2609,1268,RENT-CEMENT,25,0,,
2610,1269,KOHAT,20,0,,
2611,1269,RENT-CEMENT,20,0,,
2612,1270,12MM STEEL,633.2,0,,
2613,1270,WIRE,5,0,,
2614,1270,10MM STEEL,635.9,245,,
2615,1270,RENT-GENERAL,1,800,,
2616,1271,DG,20,0,,
2617,1271,RENT-CEMENT,20,62.5,,
2618,1272,DG,20,0,,
2619,1272,WIRE,2,0,,
2620,1273,FAUJI,15,0,,
2621,1273,RENT-CEMENT,15,0,,
2622,1274,FAUJI,2,1440,,
2623,1275,ISM 12MM STEEL,7.1,240,,
2624,1276,KOHAT,10,0,,
2625,1276,RENT-CEMENT,10,0,,
2626,1277,KOHAT,10,0,,
2627,1277,RENT-CEMENT,10,0,,
2628,1278,KOHAT,10,0,,
2629,1278,RENT-CEMENT,10,0,,
2630,1279,12MM STEEL,71.7,0,,
2631,1280,CHAUGATH,258.8,269,,
2632,1281,KOHAT,20,0,,
2633,1282,KOHAT,20,0,,
2634,1283,CHIPS ZERO,20,250,,
2635,1283,RENT-GENERAL,1,600,,
2636,1284,FT-KOHAT,25,0,,
2637,1285,FT-KOHAT,25,0,,
2638,1286,FT-KOHAT,20,0,,
2639,1287,FT-KOHAT,20,0,,
2640,1288,PIONEER,20,0,,
2641,1288,RENT-CEMENT,20,0,,
2643,1290,WIRE,4,0,,
2644,1291,ISM 12MM STEEL,717.5,240,,
2645,1291,6MM STEEL,19.4,252,,
2646,1291,20MM STEEL,50.9,240,,
2647,1291,WIRE,3,400,,
2648,1291,CONCRETE SPACER,1,600,,
2649,1291,RENT-STEEL,1,1500,,
2650,1292,CHIPS ZERO,7,250,,
2651,1292,MISC,4,78,,
2653,1294,KOHAT,25,0,,
2655,1295,CHAUGATH,186.9,270,,
2656,1295,ANGEL,13.6,259,,
2657,1295,CHAUGATH,38.6,270,,
2658,1295,CHAUGATH-LABOUR,6,500,,
2659,1295,CHAUGATH-LABOUR,1,400,,
2660,1295,RENT-GENERAL,1,1000,,
2663,1296,KOHAT,10,1400,,
2664,1296,RENT-CEMENT,10,35,,
2665,1297,KOHAT,25,0,,
2666,1298,WIRE,5,400,,
2667,1299,PIONEER,25,0,,
2668,1299,RENT-CEMENT,25,0,,
2672,1301,FT-KOHAT,4,0,,
2674,1303,ISM 12MM STEEL,30.8,235,,
2675,1304,KOHAT,25,0,,
2676,1304,RENT-CEMENT,25,60,,
2677,1305,CHAUGATH,292.1,270,,
2678,1305,ANGEL,22,259,,
2683,1306,FAUJI,25,0,,
2684,1307,12MM STEEL,394.7,0,,
2685,1308,PIONEER,10,1400,,
2686,1309,OPEN CEMENT,10,50,,
2687,1310,FT-FAUJI,2,1430,,
2688,1311,RING 6X6,21.1,285,,
2689,1312,FAUJI,2,0,,
2690,1312,PIONEER,8,0,,
2691,1313,WIRE,2,0,,
2692,1314,TILE 1ST GAGGO MANDI,300,0,,
2693,1314,ISM 12MM STEEL,10.1,0,,
2697,1316,KOHAT,20,0,,
2698,1316,RENT-CEMENT,20,0,,
2702,1317,KOHAT,20,0,,
2703,1317,RENT-CEMENT,20,0,,
2704,1318,WIRE,3,400,,
2705,1319,FAUJI,50,0,,
2706,1319,ISM 12MM STEEL,1596.5,0,,
2707,1319,20MM STEEL,100,0,,
2708,1319,6MM STEEL,59.7,0,,
2709,1319,WIRE,5,0,,
2710,1320,PIONEER,2,1400,,
2711,1321,DG,15,1410,,
2712,1321,RENT-CEMENT,1,350,,
2714,1323,RENT-CEMENT,25,72,,
2715,1323,DG,25,0,,
2717,1325,FT-KOHAT,15,1400,,
2718,1326,BAJRI MOTI,50,120,,
2719,1326,RENT-GENERAL,2,700,,
2720,1327,FAUJI,60,0,,
2721,1327,RENT-CEMENT,60,0,,
2722,1328,ISM 12MM STEEL,10.1,240,,
2723,1328,RINGS 7X7,4.6,255,,
2724,1329,CHAUGATH,95.1,272,,
2725,1329,ANGEL,8.7,254,,
2726,1330,CHAUGATH,250,0,,
2727,1330,CHAUGATH,10.30000000000001,275,,
2728,1330,CHAUGATH-LABOUR,4,0,,
2729,1330,RENT-GENERAL,250,0,,
2730,1330,ANGEL,22.5,259,,
2731,1331,12MM STEEL,153.3,0,,
2732,1331,RENT-GENERAL,1,300,,
2733,1332,CHAUGATH,50.5,270,,
2734,1333,KOHAT,20,0,,
2735,1334,PIONEER,2,0,,
2736,1334,FT-KOHAT,18,0,,
2737,1335,CHAUGATH,127.2,0,,
2738,1335,ANGEL,11,259,,
2739,1336,FAUJI,5,1420,,
2740,1336,CHIPS 8 NUMBER,10,250,,
2741,1336,RENT-GENERAL,1,600,,
2742,1337,DG,10,1430,,
2743,1337,RENT-CEMENT,1,600,,
2747,1338,FAUJI,4,0,,
2748,1338,DG,1,1419.6,,
2751,1209,ISM 12MM STEEL,1194.3,0,,
2752,1209,DG,20,0,,
2753,1209,WIRE,6,0,,
2754,1209,6MM STEEL,20,0,,
2755,1209,CONCRETE SPACER,3,700,,
2756,1209,RENT-CEMENT,20,0,,
2757,1209,RENT STEEL,1400,0,,
2758,1231,FAUJI,80,0,,
2759,1231,RENT-CEMENT,80,0,,
2765,1340,PIONER,20,1400,,
2766,1340,RENT-CEMENT,20,50,,
2767,1341,PIONEER,2,1400,,
2768,1342,PIONEER,20,0,,
2769,1343,WIRE,3,0,,
2770,1322,DG,20,0,,
2771,1322,RENT-CEMENT,20,75,,
2772,1344,PIONEER,25,0,,
2773,1344,RENT-CEMENT,25,0,,
2776,1346,WIRE,7,0,,
2777,1346,WIRE,3,420,,
2778,1347,PIONEER,2,1400,,
2779,1348,ISM 12MM STEEL,7,240,,
2780,1348,PIONEER,1,1400,,
2781,1349,12MM STEEL,1420.7,0,,
2782,1349,WIRE,8,0,,
2783,1349,CONCRETE SPACER,3,0,,
2784,1350,FAUJI,25,0,,
2785,1350,RENT-CEMENT,25,0,,
2786,1351,PIONEER,25,0,,
2787,1351,RENT-CEMENT,25,0,,
2788,1352,PIONEER,25,0,,
2789,1352,RENT-CEMENT,25,0,,
2790,1353,PIONEER,25,0,,
2791,1353,RENT-CEMENT,25,0,,
2792,1354,BOND,4,680,,
2793,1355,FAUJI,5,1430,,
2794,1355,RENT-CEMENT,1,350,,
2795,1356,PIONEER,20,1390,,
2796,1356,RENT-CEMENT,1,1200,,
2797,1357,BOND,1,500,,
2798,1358,ISM 12MM STEEL,253,0,,
2799,1359,PIONEER,10,1380,,
2800,1359,RENT-CEMENT,1,600,,
2801,1360,KOHAT,15,1400,,
2802,1360,RENT-CEMENT,1,750,,
2803,1361,KOHAT,10,1390,,
2804,1361,RENT-CEMENT,1,300,,
2814,1365,KOHAT,39,0,,
2815,1365,RENT-CEMENT,40,0,,
2816,1366,PIONEER,25,0,,
2817,1367,DG,20,0,,
2818,1367,ISM 12MM STEEL,162.2,0,,
2820,1369,ISM 12MM STEEL,20.1,235,,
2821,1370,PIONEER,20,0,,
2822,1371,PIONEER,25,0,,
2823,1372,PIONEER,20,0,,
2824,1373,PIONEER,10,0,,
2825,1373,BRICKS,500,20,,
2826,1374,FAUJI,45,0,,
2827,1374,RENT-CEMENT,45,0,,
2830,1376,DG,20,0,,
2831,1376,RENT-CEMENT,20,0,,
2832,1377,DG,15,0,,
2833,1377,12MM STEEL,304.3,0,,
2834,1377,6MM STEEL,60.3,240,,
2835,1377,WIRE,3,390,,
2836,1377,RENT-GENERAL,1,2000,,
2837,1378,KOHAT,20,0,,
2838,1378,RENT-CEMENT,20,0,,
2839,1211,WIRE,1,390,,
2840,1379,12MM STEEL,1198.7,0,,
2841,1379,RENT-STEEL,1198.7,0,,
2842,1380,DG,120,0,,
2843,1381,KOHAT,20,1400,,
2844,1381,RENT-CEMENT,20,75,,
2845,1382,FAUJI,10,1420,,
2846,1382,RENT-CEMENT,10,30,,
2848,1384,FT-KOHAT,40,1400,,
2849,1385,FAUJI,10,0,,
2850,1385,RENT-CEMENT,150,0,,
2851,1385,RING 9X9,8.4,255,,
2852,1386,BAJRI MOTI,25,100,,
2853,1386,RENT-GENERAL,1,1250,,
2854,1387,PIONEER,2,1400,,
2855,1388,6MM STEEL,9.3,242,,
2856,1389,FAUJI,20,1420,,
2857,1389,RENT-CEMENT,20,50,,
2858,1390,PIONEER,5,1400,,
2859,1390,CHIPS 9 NUMBER,7,250,,
2860,1391,PIONEER,25,0,,
2861,1391,RENT-CEMENT,25,0,,
2862,1392,PIONEER,2,0,,
2863,1393,FAUJI,20,1420,,
2864,1393,RENT-CEMENT,20,50,,
2865,1394,KOHAT,20,0,,
2866,1394,RENT-CEMENT,20,0,,
2869,1395,FT-KOHAT,2,0,,
2870,1396,FT-KOHAT,2,0,,
2871,1397,FT-KOHAT,2,0,,
2883,1401,FT-KOHAT,3,0,,
2885,1403,DG,10,1410,,
2886,1403,RENT-CEMENT,10,60,,
2888,1405,WIRE,4.4,400,,
2889,1406,KOHAT,2,1400,,
2890,1407,ISM 12MM STEEL,800,0,,
2891,1407,ISM 12MM STEEL,2.100000000000023,239,,
2892,1407,6MM STEEL,10.3,252,,
2893,1407,WIRE,2.5,400,,
2894,1408,KOHAT,6,0,,
2896,1410,KOHAT,20,0,,
2897,1411,KOHAT,92,0,,
2898,1411,FAUJI,8,0,,
2899,1412,LABOUR,1,1500,,
2900,1413,PIONEER,6,0,,
2901,1413,RENT-CEMENT,6,0,,
2902,1414,DG,20,0,,
2903,1414,RENT-CEMENT,20,0,,
2904,1414,RING 6X6,15.7,255,,
2905,1415,DG,15,0,,
2906,1415,DG,10,1430,,
2907,1415,RENT-CEMENT,15,0,,
2908,1415,RENT-CEMENT,10,60,,
2909,1416,PIONEER,25,1400,,
2910,1417,DG,22,0,,
2911,1418,PIONEER,25,0,,
2912,1419,KOHAT,20,0,,
2917,1422,RING 6X6,9.1,255,,
2918,1422,WIRE,1.5,380,,
2919,1423,FT-KOHAT,2,0,,
2924,1400,PIONEER,150,0,,
2925,1400,KOHAT,15,0,,
2926,1400,RENT-CEMENT,165,0,,
2927,1217,ISM 12MM STEEL,2396.1,0,,
2928,1217,RENT-STEEL,2396.1,0,,
2929,1217,6MM STEEL,80.6,0,,
2930,1146,ISM 12MM STEEL,20.3,240,,
2931,1146,DG,12,1430,,
2932,1146,RENT-CEMENT,1,600,,
2933,1420,CHAUGATH,41.4,270,,
2934,1420,ANGEL,3.1,259,,
2935,1420,RENT-GENERAL,1,400,,
2936,1424,ISM 12MM STEEL,1274.9,0,,
2937,1424,6MM STEEL,30,0,,
2938,1424,RENT-STEEL,2,0,,
2941,1426,GOLA GOL,325,30,,
2942,1426,12MM STEEL,61.4,240,,
2943,1426,FAUJI,6,1400,,
2944,1426,RENT-GENERAL,1,1300,,
2945,1427,WIRE,3,400,,
2946,1428,12MM STEEL,322.2,0,,
2947,1428,6MM STEEL,40.6,248,,
2948,1428,20MM STEEL,75.2,248,,
2949,1428,WIRE,10,380,,
2950,1428,RENT-GENERAL,1,1000,,
2951,1429,KOHAT,100,1380,,
2952,1430,RENT-CEMENT,25,50,,
2953,1431,FT-KOHAT,1,0,,
2954,1432,KOHAT,25,0,,
2957,1434,FAUJI,10,0,,
2958,1434,RENT-CEMENT,10,0,,
2959,1434,ISM 12MM STEEL,163.6,235,,
2960,1434,RENT-STEEL,1,500,,
2961,1435,12MM STEEL,257,0,,
2962,1435,RING SIMOSA,13.6,252,,
2963,1435,RINGS 7X7,19.5,252,,
2964,1435,RENT-STEEL,257,0,,
2965,1436,KOHAT,50,0,,
2966,1436,WIRE,2,0,,
2967,1425,FAUJI,25,0,,
2968,1425,CONCRETE SPACER,3,600,,
2969,1437,RENT-CEMENT,25,0,,
2970,1438,FAUJI,85,0,,
2971,1438,FAUJI,5,1420,,
2972,1438,RENT-CEMENT,60,0,,
2973,1438,RENT-CEMENT,5,50,,
2974,1439,KOHAT,20,1400,,
2975,1439,RENT-CEMENT,20,30,,
2976,1440,ISM 12MM STEEL,202.8,0,,
2977,1440,DG,10,0,,
2978,1440,WIRE,1,330,,
2979,1441,PIONEER,25,0,,
2980,1441,WIRE,5,400,,
2981,1442,KOHAT,2,1400,,
2982,1443,12MM STEEL,20.3,0,,
2983,1444,FT-KOHAT,20,1375,,
2984,1445,ISM 12MM STEEL,598.4,0,,
2985,1445,ISM 12MM STEEL,8.5,235,,
2986,1445,WIRE,5,400,,
2987,1445,20MM STEEL,150.2,252,,
2988,1445,RING 4X9,14.5,255,,
2989,1445,CONCRETE SPACER,2,600,,
2990,1446,KOHAT,2,1400,,
2991,1447,KOHAT,2,1400,,
2992,1448,KOHAT,2,1400,,
2993,1449,DG,20,0,,
2994,1449,ISM 12MM STEEL,50.6,0,,
2996,1451,FAUJI,10,0,,
2997,1451,BAJRI PAAN,10,160,,
2998,1452,FAUJI,24,0,,
3001,1454,WIRE,2,420,,
3002,1455,BAJRI MOTI,1,17000,,
3003,1456,ISM 12MM STEEL,1117.3,0,,
3004,1456,ISM 12MM STEEL,2.799999999999955,235,,
3005,1457,KOHAT,8,0,,
3006,1458,KOHAT,2,0,,
3007,1459,KOHAT,20,0,,
3008,1460,12MM STEEL,729.4,0,,
3010,1462,FAUJI,20,0,,
3011,1462,RENT-CEMENT,20,0,,
3012,1463,KOHAT,160,0,,
3013,1463,RENT-CEMENT,160,0,,
3014,1464,KOHAT,10,1380,,
3015,1465,PIONEER,25,0,,
3017,1467,FT-KOHAT,2,0,,
3018,1468,FT-KOHAT,2,0,,
3019,1469,KOHAT,25,1410,,
3020,1469,RENT-CEMENT,25,50,,
3021,1470,CHAUGATH,150,0,,
3022,1470,CHAUGATH,34.90000000000001,270,,
3023,1470,ANGEL,2.9,259,,
3024,1471,KOHAT,4,0,,
3025,1472,KOHAT,10,1380,,
3026,1472,RENT-CEMENT,10,60,,
3027,1473,KOHAT,20,0,,
3028,1473,RENT-CEMENT,20,0,,
3029,1474,BRICKS,300,20,,
3030,1474,GOLA GOL,150,36,,
3031,1474,TILE 1ST GAGGO MANDI,200,26,,
3032,1474,RENT-GENERAL,2,700,,
3035,1476,RINGS 7X7,15.8,252,,
3036,1477,KOHAT,20,1380,,
3037,1477,RENT-CEMENT,20,60,,
3038,1478,KOHAT,15,0,,
3039,1478,RENT-CEMENT,15,0,,
3040,1479,GOLA GOL,500,34,,
3041,1479,CHIPS ZERO,5,250,,
3042,1479,RENT-GENERAL,1,2000,,
3043,1480,KOHAT,15,0,,
3044,1480,KOHAT,10,1400,,
3045,1480,RENT-CEMENT,15,0,,
3046,1480,RENT-CEMENT,10,50,,
3047,1481,KOHAT,10,1375,,
3048,1481,RENT-CEMENT,10,30,,
3049,1482,6MM STEEL,10.4,248,,
3050,1482,WIRE,0.8,380,,
3052,1484,KOHAT,25,0,,
3053,1485,PIONEER,45,1380,,
3054,1485,BAJRI MOTI,25,120,,
3055,1485,12MM STEEL,100.5,235,,
3056,1486,WIRE,0.5,0,,
3057,1487,BAJR,1,11000,,
3058,1487,SAND,1,2500,,
3059,1488,ISM 12MM STEEL,1198.2,0,,
3060,1488,WIRE,4.5,0,,
3062,1490,CHIPS ZERO,7,250,,
3063,1490,KOHAT,2,1400,,
3064,1491,KOHAT,10,0,,
3065,1491,12MM STEEL,61,235,,
3066,1492,KOHAT,2,1400,,
3067,1493,KOHAT,10,1380,,
3068,1494,FT-KOHAT,60,0,,
3069,1494,RENT-CEMENT,60,0,,
3070,1495,DG,20,0,,
3071,1496,KOHAT,2,1400,,
3072,1497,DG,20,0,,
3073,1497,RENT-CEMENT,20,0,,
3074,1498,DG,20,0,,
3075,1498,ISM 12MM STEEL,50.3,0,,
3079,1500,6MM STEEL,24.8,247,,
3081,1502,RING 6X6,6.2,255,,
3082,1503,DG,24,0,,
3083,1504,DG,100,0,,
3084,1505,FT-KOHAT,8,0,,
3085,1506,PIONEER,20,0,,
3086,1506,ISM 12MM STEEL,313.9,0,,
3087,1506,6MM STEEL,40,0,,
3088,1506,WIRE,5,0,,
3089,1506,LABOUR,1,0,,
3090,1507,PIONEER,20,1400,,
3091,1507,RENT-CEMENT,20,50,,
3092,1508,DG,12,1420,,
3093,1508,20MM STEEL,15.7,235,,
3094,1508,12MM STEEL,50.7,235,,
3095,1508,RENT-GENERAL,1,400,,
3096,1509,PIONEER,20,1380,,
3097,1509,RENT-CEMENT,20,75,,
3099,1511,KOHAT,5,1400,,
3100,1511,RENT-CEMENT,1,300,,
3101,1512,DG,20,0,,
3102,1512,RENT-CEMENT,20,0,,
3103,1513,PIONEER,20,0,,
3104,1513,RENT-CEMENT,20,0,,
3109,1315,PIONEER,25,0,,
3110,1315,RENT-CEMENT,25,0,,
3111,1315,WIRE,2,400,,
3112,1514,PIONEER,20,0,,
3113,1514,RENT-CEMENT,20,0,,
3114,1514,6MM STEEL,34.3,242,,
3115,1514,WIRE,2,400,,
3116,1515,ISM 12MM STEEL,403,242,,
3117,1515,RINGS 7X7,31.5,265,,
3118,1515,WIRE,2,400,,
3119,1515,RENT STEEL,1,1000,,
3120,1516,6MM STEEL,30.3,242,,
3121,1516,WIRE,3,400,,
3124,1518,BAJRI MOTI,15,120,,
3125,1519,PIONEER,2,1380,,
3126,1520,DG,7,0,,
3127,1520,12MM STEEL,41,0,,
3128,1521,PIONEER,100,0,,
3129,1522,KOHAT,1,1380,,
3130,1522,DG,1,1400,,
3131,1523,DG,161,0,,
3132,1523,RENT-CEMENT,161,0,,
3133,1524,FT-KOHAT,20,1375,,
3134,1525,FAUJI,15,1450,,
3135,1525,RENT-CEMENT,1,1000,,
3137,1527,KOHAT,20,0,,
3140,1528,KOHAT,20,0,,
3141,1528,ISM 12MM STEEL,60.8,0,,
3142,1528,RENT-CEMENT,20,0,,
3143,1528,RENT-STEEL,60.8,0,,
3144,1529,DG,20,0,,
3145,1529,RENT-CEMENT,20,0,,
3146,1530,CHAUGATH,262.3,0,,
3147,1530,ANGEL,22.3,259,,
3148,1530,12MM STEEL,50.6,234,,
3149,1530,RENT-GENERAL,1,0,,
3150,1531,KOHAT,2,1400,,
3151,1532,ISM 12MM STEEL,10.1,235,,
3152,1533,FT-KOHAT,6,1400,,
3153,1533,CHIPS ZERO,1,250,,
3154,1534,BRICKS,115,20,,
3155,1534,BAJRI MOTI,8,120,,
3156,1535,FAUJI,20,0,,
3157,1536,ISM 12MM STEEL,202.7,0,,
3158,1537,KOHAT,2,1380,,
3159,1538,KOHAT,50,1370,,
3160,1538,ISM 12MM STEEL,234.6,235,,
3161,1538,WIRE,1,400,,
3162,1539,ISM 12MM STEEL,61.4,235,,
3163,1540,FT-KOHAT,2,0,,
3166,1542,12MM STEEL,10.1,235,,
3167,1543,KOHAT,20,0,,
3168,1543,RENT-CEMENT,20,0,,
3169,1289,KOHAT,20,0,,
3170,1289,RENT-CEMENT,20,0,,
3171,1544,ISM 12MM STEEL,102.3,235,,
3172,1544,WIRE,2,380,,
3173,1544,FAUJI,12,1400,,
3174,1545,KOHAT,4,1380,,
3175,1545,RING 9X9,7.9,255,,
3176,1546,KOHAT,10,1380,,
3177,1546,RENT-CEMENT,1,300,,
3178,1547,KOHAT,25,0,,
3179,1548,FAUJI,25,0,,
3180,1549,KOHAT,20,0,,
3181,1549,RENT-CEMENT,20,0,,
3182,1549,RING 6X6,34.9,285,,
3183,1549,6MM STEEL,40.7,245,,
3184,1549,WIRE,2,380,,
3185,1550,GOLA GOL,6,35,,
3186,1551,OPEN CEMENT,10,50,,
3187,1254,ISM 12MM STEEL,40.8,235,,
3188,1254,RENT-GENERAL,1,500,,
3189,1552,DG,10,0,,
3190,1253,CHAUGATH,70.5,274,,
3191,1253,ISM 12MM STEEL,40.4,234,,
3193,1554,ISM 12MM STEEL,3899.1,0,,
3194,1554,ISM 12MM STEEL,0.2000000000002728,234,,
3195,1554,6MM STEEL,199.7,0,,
3196,1554,WIRE,10,0,,
3197,1554,RENT-STEEL,4,0,,
3198,1554,LABOUR,4,0,,
3199,1555,DG,78,0,,
3200,1555,PIONEER,12,0,,
3201,1556,KOHAT,20,0,,
3202,1556,LABOUR,20,10,,
3203,1557,KOHAT,20,1400,,
3204,1557,RENT-CEMENT,20,50,,
3205,1558,KOHAT,20,0,,
3206,1558,RENT-CEMENT,20,0,,
3207,1559,ISM 12MM STEEL,438.4,235,,
3208,1559,KOHAT,5,0,,
3209,1560,DG,4,1420,,
3210,1560,RENT-CEMENT,1,300,,
3211,1561,WIRE,4,0,,
3212,1562,KOHAT,4,1380,,
3213,1562,ISM 12MM STEEL,10.1,237,,
3216,1564,KOHAT,10,0,,
3217,1565,KOHAT,10,1400,,
3218,1565,ISM 12MM STEEL,40.6,235,,
3219,1565,WIRE,1,400,,
3220,1565,RENT-GENERAL,1,300,,
3221,1566,KOHAT,20,0,,
3222,1566,RENT-CEMENT,20,0,,
3223,1567,DG,10,0,,
3224,1567,RENT-CEMENT,10,0,,
3225,1567,CHIPS ZERO,16,250,,
3226,1567,RENT-GENERAL,1,300,,
3227,1568,WIRE,1,330,,
3228,1569,RENT-GENERAL,24,30,,
3229,1570,KOHAT,10,1380,,
3230,1571,KOHAT,20,0,,
3231,1571,RENT-CEMENT,20,0,,
3232,1572,TILE 1ST GAGGO MANDI,500,25,,
3233,1573,KOHAT,20,1370,,
3234,1574,DG,1,1420,,
3235,1575,KOHAT,20,1370,,
3236,1576,FT-KOHAT,15,0,,
3237,1577,KOHAT,10,1380,,
3238,1577,RENT-CEMENT,10,60,,
3239,1578,KOHAT,25,0,,
3240,1579,PIONEER,25,0,,
3241,1580,PIONEER,25,0,,
3242,1581,PIONEER,25,0,,
3243,1582,KOHAT,2,1380,,
3244,1583,RENT-CEMENT,20,0,,
3245,1583,DG,20,0,,
3246,1584,FAUJI,5,0,,
3247,1585,12MM STEEL,10,235,,
3248,1586,KOHAT,20,0,,
3249,1586,RENT-CEMENT,20,0,,
3250,1587,DG,20,0,,
3251,1587,MISC,20,20,,
3252,1588,DG,2,1400,,
3253,1589,DG,10,0,,
3254,1590,FAUJI,20,0,,
3255,1590,LABOUR,20,10,,
3256,1591,DG,25,0,,
3257,1591,RENT-CEMENT,25,72,,
3258,1592,DG,20,0,,
3259,1593,12MM STEEL,40.4,235,,
3260,1593,ANGEL,2.4,262,,
3261,1593,CHAUGATH,31.1,272,,
3262,1593,CHAUGATH-LABOUR,1,500,,
3263,1594,WIRE,10.8,380,,
3264,1595,DG,10,1440,,
3265,1595,RENT-CEMENT,1,1000,,
3266,1433,PIONEER,10,1420,,
3267,1433,RENT-CEMENT,10,100,,
3268,1596,RENT-GENERAL,2,0,,
3269,1596,CHAUGATH-LABOUR,5,0,,
3278,1563,KOHAT,20,0,,
3279,1563,12MM STEEL,203.5,0,,
3280,1597,RENT-CEMENT,20,0,,
3281,1239,KOHAT,20,0,,
3283,1238,PIONEER,20,0,,
3284,1238,12MM STEEL,203.6,0,,
3285,1599,DG,25,0,,
3286,1599,RENT-CEMENT,20,0,,
3287,1600,FAUJI,10,0,,
3288,1600,RENT-CEMENT,10,0,,
3289,1600,CHAUGATH,232.2,269,,
3290,1600,RENT-GENERAL,1,800,,
3291,1601,CHAUGATH,19.7,269,,
3292,1602,KOHAT,5,1420,,
3293,1602,RENT-CEMENT,1,700,,
3294,1603,CHAUGATH,78.9,275,,
3295,1603,ANGEL,7.5,260,,
3296,1603,CHAUGATH-LABOUR,3,500,,
3297,1604,DG,15,0,,
3298,1605,DG,2,1400,,
3299,1606,ISM 12MM STEEL,183.6,0,,
3300,1606,20MM STEEL,124.2,0,,
3301,1607,PIONEER,20,1400,,
3302,1607,WIRE,4,400,,
3303,1607,RENT-CEMENT,20,50,,
3304,1608,FAUJI,2,1400,,
3305,1368,12MM STEEL,10.1,235,,
3306,1609,PIONEER,10,0,,
3307,1609,12MM STEEL,60.7,235,,
3308,1610,PIONEER,20,0,,
3309,1611,PIONEER,25,0,,
3310,1612,RING 6X6,8.3,255,,
3311,1613,DG,10,1400,,
3312,1614,PIONEER,20,1380,,
3313,1614,RENT-CEMENT,20,50,,
3314,1615,CHAUGATH,24.3,269,,
3315,1616,12MM STEEL,764.9,0,,
3316,1616,20MM STEEL,5.099999999999994,0,,
3317,1616,20MM STEEL,71.30000000000001,246,,
3318,1617,12MM STEEL,5.900000000000091,0,,
3319,1617,12MM STEEL,167.5999999999999,235,,
3320,1617,20MM STEEL,48.8,246,,
3321,1618,PIONEER,18,0,,
3322,1619,KOHAT,1,1400,,
3323,1620,ISM 12MM STEEL,112.3,0,,
3324,1620,FAUJI,10,0,,
3325,1620,6MM STEEL,15,247,,
3326,1621,RING 6X6,11.8,252,,
3327,1622,KOHAT,20,0,,
3328,1622,RENT-CEMENT,20,0,,
3329,1623,ISM 12MM STEEL,601.4,235,,
3330,1624,DG,70,0,,
3331,1625,PIONEER,11,0,,
3332,1625,RENT-CEMENT,1,0,,
3333,1626,PIONEER,25,1410,,
3334,1626,RENT-CEMENT,25,50,,
3335,1627,KOHAT,20,0,,
3336,1628,KOHAT,45,0,,
3337,1628,KOHAT,55,1370,,
3338,1629,ISM 12MM STEEL,795.4,0,,
3339,1629,20MM STEEL,50,0,,
3340,1629,20MM STEEL,1.299999999999997,245,,
3341,1629,6MM STEEL,30.3,245,,
3342,1629,WIRE,3,400,,
3343,1630,FAUJI,15,0,,
3344,1631,FT-KOHAT,20,0,,
3345,1632,KOHAT,20,0,,
3346,1632,RENT-CEMENT,20,0,,
3347,1633,PIONEER,15,1380,,
3348,1633,RENT-CEMENT,15,50,,
3349,1634,12MM STEEL,202.1,0,,
3350,1634,FAUJI,10,0,,
3351,1634,RENT-GENERAL,1,1500,,
3352,1635,FAUJI,25,1380,,
3353,1635,RENT-CEMENT,25,60,,
3354,1636,20MM STEEL,148.7,245,,
3355,1636,6MM STEEL,40.3,245,,
3356,1636,WIRE,8,400,,
3357,1251,KOHAT,20,0,,
3358,1251,RENT-CEMENT,20,0,,
3359,1637,KOHAT,15,1370,,
3360,1637,TILE 1ST GAGGO MANDI,100,28,,
3361,1638,WIRE,1.6,390,,
3362,1639,PIONEER,20,0,,
3363,1640,PIONEER,8,1400,,
3364,1640,RENT-CEMENT,1,600,,
3365,1641,PIONEER,10,1400,,
3366,1642,KOHAT,20,1400,,
3367,1642,RENT-CEMENT,20,30,,
3368,1643,PIONEER,5,1400,,
3369,1644,ISM 12MM STEEL,800,0,,
3370,1644,RENT-STEEL,800,0,,
3371,1645,PIONEER,4,1370,,
3372,1645,KOHAT,1,1390,,
3373,1646,KOHAT,100,0,,
3374,1646,FAUJI,260,0,,
3375,1646,FECTO,60,0,,
3376,1647,WIRE,3,400,,
3377,1648,RENT STEEL,633.2,0,,
3378,1649,RENT-STEEL,394.7,0,,
3379,1650,FAUJI,25,1410,,
3380,1651,WIRE,5,0,,
3381,1652,FAUJI,20,1400,,
3382,1652,RENT-CEMENT,20,60,,
3383,1653,FECTO,20,0,,
3384,1654,PIONEER,20,0,,
3385,1655,ISM 12MM STEEL,999.8,0,,
3386,1655,RENT-STEEL,1139.2,0,,
3392,1658,DG,20,0,,
3393,1658,RENT-CEMENT,20,0,,
3394,1659,DG,2,1400,,
3395,1660,WIRE,10,380,,
3396,1661,FECTO,20,0,,
3397,1662,FT-KOHAT,1,0,,
3398,1663,ISM 12MM STEEL,293.2,0,,
3399,1663,6MM STEEL,19.5,0,,
3400,1663,WIRE,2,0,,
3401,1664,FT-KOHAT,4,0,,
3402,1665,DG,15,0,,
3403,1665,RENT-CEMENT,15,0,,
3404,1665,RENT-STEEL,294,0,,
3405,1666,PIONEER,20,0,,
3406,1666,ISM 12MM STEEL,60.3,232,,
3407,1666,6MM STEEL,30,244,,
3408,1667,LABOUR,1,200,,
3409,1668,12MM STEEL,797.6,0,,
3410,1668,CONCRETE SPACER,3,600,,
3411,1669,12MM STEEL,172.4,0,,
3412,1670,FAUJI,2,1400,,
3413,1671,FT-DG,20,0,,
3414,1672,12MM STEEL,100.7,0,,
3415,1672,PIONEER,20,0,,
3416,1673,12MM STEEL,277.6999999999998,0,,
3417,1673,12MM STEEL,191.7000000000002,235,,
3418,1673,20MM STEEL,98,0,,
3419,1673,6MM STEEL,16.39999999999999,0,,
3420,1673,6MM STEEL,64.00000000000001,242,,
3421,1673,WIRE,5,380,,
3422,1674,DG,2,1400,,
3423,1675,DG,15,0,,
3424,1675,RENT-CEMENT,15,0,,
3425,1676,DG,10,0,,
3426,1676,WIRE,0.5,330,,
3428,1678,12MM STEEL,999.8,0,,
3429,1678,RENT STEEL,999.8,0,,
3430,1679,DG,20,0,,
3431,1680,PIONEER,20,0,,
3432,1681,PIONEER,23,0,,
3433,1682,GOLA GOL,300,35,,
3434,1683,FAUJI,2,0,,
3435,1684,BAJRI MOTI,2,16000,,
3436,1685,DG,10,0,,
3440,1688,WIRE,3,380,,
3441,1689,PIONEER,10,0,,
3442,1689,RENT-CEMENT,10,0,,
3443,1689,LABOUR,1,200,,
3444,1690,FAUJI,20,0,,
3445,1690,RENT-CEMENT,20,0,,
3446,1691,DG,10,0,,
3447,1692,FAUJI,2,1400,,
3448,1693,FT-KOHAT,26,0,,
3451,1695,FAUJI,15,0,,
3452,1695,RENT-CEMENT,15,0,,
3453,1696,ISM 12MM STEEL,703.6,0,,
3454,1696,RENT-STEEL,1106,0,,
3455,1697,DG,20,1390,,
3456,1697,ISM 12MM STEEL,50.3,235,,
3457,1698,12MM STEEL,998.9,0,,
3458,1698,RENT STEEL,998.9,0,,
3459,1699,FECTO,140,0,,
3460,1699,RENT-CEMENT,140,0,,
3461,1700,KOHAT,14,0,,
3462,1701,FAUJI,20,0,,
3463,1701,ISM 12MM STEEL,60.6,0,,
3464,1702,DG,20,0,,
3465,1702,RENT-CEMENT,20,0,,
3466,1702,CHIPS ZERO,8,250,,
3467,1702,RENT-GENERAL,1,300,,
3468,1703,FAUJI,20,0,,
3469,1703,RENT-CEMENT,20,0,,
3470,1704,FAUJI,10,1400,,
3471,1704,RENT-CEMENT,10,60,,
3472,1705,FAUJI,16,1390,,
3473,1705,FECTO,4,1390,,
3474,1705,RENT-CEMENT,20,75,,
3476,1694,FT-DG,25,1380,,
3477,1694,RENT-CEMENT,25,60,,
3478,1707,CHAUGATH,176.2,0,,
3479,1707,ANGEL,13.9,0,,
3480,1708,CHAUGATH,51.6,0,,
3481,1708,ANGEL,4.6,0,,
3482,1708,CHAUGATH-LABOUR,9,0,,
3483,1709,RENT-CEMENT,70,57.1428571429,,
3484,1710,CHAUGATH,260.1,272,,
3485,1711,12MM STEEL,2398.4,0,,
3486,1711,6MM STEEL,59.6,246,,
3487,1711,20MM STEEL,198.3,235,,
3488,1711,WIRE,8,400,,
3489,1711,CONCRETE SPACER,3,600,,
3490,1711,RENT-STEEL,3,2200,,
3491,1712,CONCRETE SPACER,3,600,,
3492,1713,12MM STEEL,559.7,0,,
3493,1713,6MM STEEL,30,247,,
3494,1713,WIRE,3,400,,
3495,1713,CONCRETE SPACER,2,600,,
3496,1713,RENT STEEL,1,800,,
3497,1714,RING SIMOSA,51.5,263,,
3498,1715,FAUJI,3,0,,
3499,1716,FAUJI,20,1400,,
3500,1716,RENT-CEMENT,20,40,,
3501,1717,DG,8,1390,,
3502,1717,CHAUGATH,38.6,271,,
3503,1717,RENT-GENERAL,1,600,,
3504,1718,ISM 12MM STEEL,102.2,0,,
3505,1718,WIRE,1,0,,
3506,1719,12MM STEEL,288.1,0,,
3507,1719,RENT-STEEL,288.1,0,,
3508,1720,FAUJI,75,0,,
3509,1720,FAUJI,5,1390,,
3510,1720,RENT-CEMENT,75,0,,
3511,1720,RENT-GENERAL,1,300,,
3512,1686,ISM 12MM STEEL,397.5,0,,
3513,1686,DG,10,0,,
3514,1686,RENT-CEMENT,10,0,,
3516,1722,RINGS 7X7,11.7,265,,
3517,1722,RING 4X4,13.6,265,,
3518,1722,CHAUGATH,72.8,275,,
3519,1722,ANGEL,6,265,,
3520,1722,CHAUGATH-LABOUR,3,500,,
3521,1722,RENT-GENERAL,1,600,,
3522,1723,FAUJI,15,0,,
3523,1723,RENT-CEMENT,15,0,,
3524,1723,CHIPS ZERO,15,230,,
3525,1724,FAUJI,7,1390,,
3526,1724,DG,13,1390,,
3527,1724,RENT-CEMENT,20,50,,
3528,1725,DG,175,0,,
3529,1725,RENT-CEMENT,175,0,,
3530,1726,DG,10,0,,
3531,1726,RENT-CEMENT,10,0,,
3532,1727,DG,10,0,,
3533,1728,CHAUGATH,20,272,,
3534,1728,ISM 12MM STEEL,1.5,235,,
3535,1728,CHAUGATH-LABOUR,1,500,,
3536,1729,WIRE,1,0,,
3537,1730,12MM STEEL,2243.9,0,,
3538,1730,20MM STEEL,152.4,0,,
3539,1730,RENT-STEEL,2400,0,,
3540,1730,WIRE,10,400,,
3542,1732,12MM STEEL,376.4,0,,
3543,1732,STEEL 10MM,155.6,240,,
3544,1732,RENT STEEL,376.4,0,,
3545,1732,RENT STEEL,155.6,0,,
3546,1733,DG,10,0,,
3547,1733,12MM STEEL,69.8,235,,
3548,1734,KOHAT,20,1400,,
3549,1734,RENT-CEMENT,20,50,,
3550,1735,KOHAT,20,1370,,
3551,1735,RENT-CEMENT,20,30,,
3552,1736,SAND,1,2500,,
3555,1738,WIRE,5,400,,
3556,1739,KOHAT,20,0,,
3557,1739,RENT-CEMENT,20,0,,
3560,1741,KOHAT,20,0,,
3561,1741,RENT-CEMENT,20,0,,
3562,1742,KOHAT,20,1380,,
3563,1742,RENT-CEMENT,20,60,,
3564,1743,KOHAT,25,0,,
3566,1745,KOHAT,25,0,,
3567,1745,RENT-CEMENT,50,30,,
3568,1746,FAUJI,8,0,,
3569,1747,PIONEER,15,0,,
3570,1747,RENT-CEMENT,15,0,,
3572,1749,RING 4X4,8.8,255,,
3573,1750,RING 6X6,14.5,265,,
3574,1751,PIONEER,20,1380,,
3575,1751,ISM 12MM STEEL,41.2,236,,
3576,1748,PIONEER,5,1420,,
3577,1748,KOHAT,2,1420,,
3578,1752,PIONEER,1,1420,,
3579,1753,KOHAT,1,1400,,
3580,1754,PIONEER,10,1380,,
3581,1754,RENT-CEMENT,10,60,,
3582,1755,PIONEER,25,0,,
3583,1755,RENT-CEMENT,25,0,,
3584,1501,RING 6X6,29,232,,
3585,1475,KOHAT,20,0,,
3586,1475,RING 6X6,37.8,232,,
3587,1756,ISM 12MM STEEL,198.5,0,,
3588,1757,FAUJI,10,0,,
3589,1758,FT-FAUJI,20,0,,
3591,1760,TILE 2ND JHANG,500,24,,
3592,1760,RENT-GENERAL,1,800,,
3595,1762,PIONEER,1,1420,,
3596,1763,FT-KOHAT,10,0,,
3601,1766,FAUJI,15,0,,
3602,1766,RENT-CEMENT,15,0,,
3603,1767,FAUJI,25,0,,
3604,1768,KOHAT,10,0,,
3605,1769,KOHAT,10,0,,
3606,1769,RENT-CEMENT,10,0,,
3607,1770,PIONEER,25,0,,
3608,1770,BAJRI MOTI,1,1000,,
3613,1772,PIONEER,40,0,,
3614,1772,RENT-CEMENT,40,0,,
3615,1773,WIRE,1,400,,
3616,1773,CONCRETE SPACER,1,600,,
3617,1774,FT-KOHAT,2,0,,
3622,1776,PIONEER,25,0,,
3623,1776,RENT-CEMENT,25,0,,
3624,1777,WIRE,1,0,,
3625,1778,FT-KOHAT,10,0,,
3626,1779,FAUJI,2,1430,,
3627,1780,FAUJI,2,1430,,
3628,1781,FAUJI,10,0,,
3629,1781,WIRE,1,330,,
3630,1782,RING 6X6,9.5,232,,
3631,1783,PIONEER,2,1380,,
3632,1784,PIONEER,20,1430,,
3633,1784,RENT-CEMENT,20,55,,
3634,1785,PIONEER,66,0,,
3635,1785,PIONEER,29,1420,,
3636,1786,ISM 12MM STEEL,30.1,0,,
3637,1787,FAUJI,20,0,,
3638,1787,RENT-CEMENT,20,0,,
3639,1787,ISM 12MM STEEL,111.2,0,,
3640,1787,RENT-STEEL,111.2,0,,
3641,1788,BAJRI MOTI,1,16000,,
3642,1789,FAUJI,10,0,,
3643,1790,BOND,20,550,,
3644,1790,BOND,5,650,,
3645,1790,PIONEER,5,1420,,
3646,1790,RENT-CEMENT,1,600,,
3647,1791,FECTO,25,1460,,
3648,1791,RENT-CEMENT,25,60,,
3650,1793,FAUJI,1,1430,,
3651,1794,PIONEER,40,0,,
3656,1797,PIONER,15,1410,,
3657,1798,PIONEER,25,1420,,
3658,1798,RENT-CEMENT,25,50,,
3659,1799,WIRE,2,430,,
3660,1800,PIONEER,6,1420,,
3661,1801,FAUJI,20,0,,
3662,1802,FECTO,20,0,,
3665,1804,DG,20,0,,
3666,1804,RENT-CEMENT,20,0,,
3667,1803,DG,20,0,,
3668,1803,12MM STEEL,101.1,0,,
3669,1803,RENT-CEMENT,20,0,,
3670,1803,RENT-STEEL,101.1,0,,
3671,1805,PIONEER,25,1460,,
3672,1805,RENT-CEMENT,25,52,,
3673,1806,DG,193,0,,
3674,1806,RENT-CEMENT,193,0,,
3675,1807,ISM 12MM STEEL,1037.8,0,,
3676,1807,ISM 12MM STEEL,166.7,235,,
3677,1807,6MM STEEL,30.6,247,,
3678,1807,WIRE,5,430,,
3679,1808,FAUJI,10,0,,
3680,1809,CHAUGATH,33.7,278,,
3681,1809,CHAUGATH-LABOUR,1,500,,
3682,1810,RING 4X4,5.7,265,,
3683,1810,WIRE,1,430,,
3684,1811,PIONEER,10,1450,,
3685,1811,RENT-CEMENT,10,60,,
3686,1812,PIONEER,25,1460,,
3687,1812,RENT-CEMENT,1,1250,,
3688,1813,KOHAT,2,1380,,
3689,1814,PIONEER,1,1460,,
3690,1815,PIONEER,26,0,,
3691,1815,RENT-CEMENT,26,0,,
3692,1816,PIONEER,20,0,,
3693,1816,RENT-CEMENT,20,0,,
3694,1817,PIONEER,20,0,,
3696,1819,FECTO,20,0,,
3698,1821,PIONEER,25,0,,
3699,1821,RENT-CEMENT,25,60,,
3700,1822,PIONEER,25,1420,,
3701,1822,RENT-CEMENT,1,1250,,
3702,1823,PIONEER,18,1460,,
3703,1823,RENT-CEMENT,1,800,,
3704,1824,DG,20,0,,
3705,1824,RENT-CEMENT,20,0,,
3708,1826,DG,20,0,,
3709,1826,RENT-CEMENT,20,0,,
3710,1825,DG,20,0,,
3711,1825,RENT-CEMENT,20,0,,
3712,1827,WIRE,2,430,,
3713,1828,FECTO,2,1460,,
3714,1829,FAUJI,2,1430,,
3715,1829,FECTO,4,1470,,
3716,1830,FECTO,25,1470,,
3717,1830,RENT-CEMENT,25,50,,
3718,1831,FECTO,10,1460,,
3719,1831,RENT-CEMENT,10,60,,
3720,1832,FECTO,20,0,,
3721,1832,RENT-CEMENT,20,0,,
3722,1833,FT-KOHAT,1,0,,
3723,1834,KOHAT,20,0,,
3724,1834,RENT-CEMENT,20,0,,
3725,1835,DG,20,0,,
3726,1835,TILE 1ST JHANG,30,29,,
3728,1837,FECTO,20,0,,
3729,1838,KOHAT,20,1440,,
3730,1839,FECTO,16,0,,
3731,1840,FECTO,20,0,,
3732,1840,RENT-CEMENT,20,0,,
3733,1841,DG,20,0,,
3734,1841,RENT-CEMENT,20,0,,
3735,1842,12MM STEEL,1605.6,0,,
3736,1842,WIRE,10,400,,
3737,1843,DG,20,0,,
3738,1843,RENT-CEMENT,20,0,,
3739,1844,CHAUGATH,112.6,0,,
3740,1844,12MM STEEL,9.8,0,,
3741,1844,CHAUGATH-LABOUR,4,0,,
3742,1844,CHAUGATH-LABOUR,1,500,,
3743,1844,RENT-GENERAL,2,0,,
3744,1844,RENT-GENERAL,1,500,,
3745,1845,KOHAT,20,0,,
3746,1845,12MM STEEL,51.5,0,,
3747,1845,RENT-CEMENT,20,0,,
3748,1845,RENT STEEL,51.5,0,,
3749,1846,FAUJI,25,0,,
3750,1846,RENT-CEMENT,25,0,,
3751,1847,FECTO,25,0,,
3752,1847,RENT-CEMENT,25,0,,
3753,1848,FECTO,20,1470,,
3754,1848,RENT-CEMENT,20,50,,
3755,1849,KOHAT,25,0,,
3756,1849,RENT-CEMENT,25,0,,
3757,1849,WIRE,5,430,,
3758,1850,FAUJI,2,0,,
3759,1851,RENT-CEMENT,20,0,,
3760,1851,PIONEER,20,0,,
3761,1852,FT-KOHAT,5,0,,
3762,1853,KOHAT,20,0,,
3763,1853,RENT-CEMENT,20,0,,
3764,1853,RING 6X6,79,285,,
3765,1854,RING 6X6,41.1,285,,
3766,1855,KOHAT,20,0,,
3767,1855,RENT-CEMENT,20,0,,
3768,1855,WIRE,2,380,,
3769,1855,RING SIMOSA,28.1,285,,
3770,1856,KOHAT,20,0,,
3771,1856,RENT-CEMENT,20,0,,
3772,1857,12MM STEEL,102,0,,
3773,1857,RENT-STEEL,427.7,0,,
3774,1858,FECTO,20,1430,,
3775,1858,RENT-CEMENT,20,75,,
3776,1859,CHAUGATH,219.6,0,,
3777,1859,ISM 12MM STEEL,15.1,0,,
3778,1859,CHAUGATH-LABOUR,8,0,,
3779,1859,RENT-GENERAL,1,0,,
3780,1860,FECTO,100,0,,
3781,1861,PIONEER,25,1470,,
3782,1861,RENT-CEMENT,25,50,,
3783,1862,PIONEER,20,0,,
3784,1862,RENT-CEMENT,20,0,,
3785,1863,PIONEER,10,0,,
3786,1863,RENT-CEMENT,10,0,,
3787,1864,PIONEER,20,0,,
3788,1864,RENT-CEMENT,20,0,,
3789,1865,KOHAT,20,0,,
3790,1865,RENT-CEMENT,20,0,,
3791,1866,PIONEER,10,0,,
3792,1867,WIRE,10,0,,
3793,1868,TILE 1ST JHANG,30,28,,
3794,1869,PIONEER,2,0,,
3795,1870,PIONEER,20,0,,
3796,1871,PIONEER,20,0,,
3797,1871,RENT-CEMENT,20,0,,
3798,1871,WIRE,3,0,,
3799,1872,PIONEER,25,0,,
3800,1873,RING 6X6,31.9,232,,
3801,1874,DG,25,0,,
3802,1875,CHAUGATH,6.1,270,,
3803,1876,CHAUGATH,37.69999999999999,0,,
3804,1876,CHAUGATH,80.9,270,,
3805,1876,RENT-GENERAL,1,0,,
3806,1877,PIONEER,2,0,,
3807,1878,ISM 12MM STEEL,1088.1,0,,
3808,1878,20MM STEEL,275.8,0,,
3809,1878,20MM STEEL,112.1,252,,
3810,1878,6MM STEEL,160,0,,
3811,1879,FT-KOHAT,26,0,,
3812,1879,RENT-CEMENT,26,0,,
3813,1880,PIONEER,20,0,,
3814,1880,RENT-CEMENT,30,0,,
3815,1880,RENT-STEEL,80,0,,
3816,1880,6MM STEEL,0.7,0,,
3817,1881,PIONEER,1,0,,
3818,1882,PIONEER,20,0,,
3819,1882,RENT-CEMENT,20,0,,
3820,1883,KOHAT,140,0,,
3821,1883,20MM STEEL,50.8,235,,
3822,1883,WIRE,5,400,,
3823,1883,CONCRETE SPACER,2,600,,
3824,1884,PIONEER,2,1400,,
3825,1885,DG,80,0,,
3826,1885,RENT-CEMENT,80,35,,
3827,1886,PIONEER,20,0,,
3828,1886,RENT-CEMENT,20,0,,
3829,1887,FT-KOHAT,2,0,,
3830,1888,FAUJI,5,1420,,
3831,1889,FAUJI,5,1420,,
3832,1890,12MM STEEL,725.2,0,,
3833,1890,6MM STEEL,10,0,,
3834,1890,6MM STEEL,0.5,245,,
3835,1890,WIRE,3,0,,
3836,1510,DG,2,1420,,
3837,1541,KOHAT,25,1380,,
3838,1541,RENT-CEMENT,1,600,,
3839,1891,12MM STEEL,20.1,0,,
3840,1892,PIONEER,20,1480,,
3841,1892,RENT-CEMENT,20,75,,
3842,1893,12MM STEEL,50.3,0,,
3843,1893,RENT-GENERAL,1,300,,
3844,1894,FECTO,2,0,,
3845,1895,ISM 12MM STEEL,1721.4,0,,
3846,1896,FECTO,20,0,,
3847,1896,ISM 12MM STEEL,50.8,0,,
3848,1896,RINGS 7X7,3.6,272,,
3849,1897,ISM 12MM STEEL,1060.4,0,,
3850,1897,RENT-STEEL,4,1500,,
3851,1898,PIONEER,20,0,,
3852,1898,RENT-CEMENT,25,0,,
3853,1898,WIRE,2,430,,
3854,1899,12MM STEEL,150.6,0,,
3855,1899,RENT-STEEL,151.6,0,,
3856,1900,PIONEER,25,1500,,
3857,1900,RENT-CEMENT,25,50,,
3858,1901,FECTO,20,1490,,
3859,1901,RENT-CEMENT,20,50,,
3860,1901,WIRE,1,430,,
3861,1902,PIONEER,20,1490,,
3862,1902,RENT-CEMENT,20,60,,
3863,1903,CHAUGATH,25.1,0,,
3864,1903,ISM 12MM STEEL,6.9,0,,
3865,1903,ISM 12MM STEEL,44.3,248,,
3866,1903,RENT-GENERAL,1,500,,
3867,1903,CHAUGATH-LABOUR,1,0,,
3868,1904,BOND,5,650,,
3869,1904,PIONEER,4,1490,,
3870,1904,RENT-GENERAL,1,300,,
3871,1905,PIONEER,10,0,,
3872,1905,ISM 12MM STEEL,51,0,,
3873,1906,PIONEER,10,0,,
3874,1907,PIONEER,10,1480,,
3875,1907,RENT-CEMENT,10,30,,
3876,1908,PIONEER,1,1490,,
3877,1909,KOHAT,20,0,,
3878,1910,DG,121,0,,
3879,1911,PIONEER,25,0,,
3880,1911,RENT-CEMENT,25,0,,
3883,1912,KOHAT,25,0,,
3884,1912,RENT-CEMENT,25,0,,
3885,1913,FECTO,20,0,,
3886,1913,RENT-CEMENT,20,0,,
3887,1914,BOND,7,650,,
3888,1915,BAJRI MOTI,25,120,,
3889,1915,RENT-GENERAL,1,1200,,
3890,1916,RING 4X4,6.8,263,,
3891,1917,ISM 12MM STEEL,102.5,244,,
3892,1917,WIRE,1.5,430,,
3893,1918,RENT STEEL,1,0,,
3894,1918,RENT STEEL,1,350,,
3895,1919,RING 4X4,11,255,,
3896,1212,6MM STEEL,200,0,,
3897,1212,6MM STEEL,0.9000000000000057,252,,
3898,1212,WIRE,5,0,,
3899,1212,ISM 12MM STEEL,51.3,240,,
3900,1212,RENT-GENERAL,1,300,,
3901,1160,ISM 12MM STEEL,400,0,,
3902,1160,ISM 12MM STEEL,3.199999999999989,240,,
3903,1920,12MM STEEL,122.7,0,,
3904,1920,FECTO,20,0,,
3905,1921,FECTO,20,1490,,
3906,1921,RENT-CEMENT,20,50,,
3907,1922,FECTO,2,0,,
3908,1923,PIONEER,34,0,,
3909,1923,FECTO,6,0,,
3910,1924,FECTO,20,1480,,
3911,1925,WIRE,3,0,,
3912,1925,WIRE,2,430,,
3913,1925,CONCRETE SPACER,3,0,,
3914,1926,FECTO,15,0,,
3915,1926,RENT-CEMENT,15,0,,
3916,1927,FECTO,2,0,,
3917,1928,FECTO,10,0,,
3918,1929,WIRE,0.9,330,,
3919,1930,RENT-CEMENT,130,0,,
3920,1931,CHAUGATH,32.6,270,,
3921,1931,CHAUGATH-LABOUR,1,500,,
3922,1931,RENT-GENERAL,1,300,,
3923,1932,FECTO,10,1500,,
3924,1932,RENT-CEMENT,10,60,,
3925,1933,FECTO,1,0,,
3926,1933,ISM 12MM STEEL,18.7,248,,
3927,1933,MISC,1,100,,
3928,1934,FECTO,1,0,,
3929,1935,KOHAT,20,0,,
3930,1935,BAJRI PAAN,6,250,,
3933,1937,WIRE,5,0,,
3934,1937,WIRE,0.3,430,,
3937,1939,LUCKY SUPREME,10,1530,,
3938,1939,RENT-CEMENT,10,50,,
3939,1940,KOHAT,26,0,,
3940,1940,RENT-CEMENT,26,0,,
3941,1941,KOHAT,20,0,,
3942,1941,RENT-CEMENT,20,0,,
3945,1943,LUCKY SUPREME,25,0,,
3946,1943,RENT-CEMENT,25,56,,
3947,1944,10MM STEEL,12,0,,
3948,1944,FECTO,52,0,,
3949,1945,ISM 12MM STEEL,1200,0,,
3950,1945,ISM 12MM STEEL,4.299999999999727,244,,
3951,1946,FECTO,7,0,,
3952,1946,RENT-CEMENT,5,0,,
3953,1946,ISM 12MM STEEL,102.4,0,,
3954,1946,RENT-STEEL,102.4,0,,
3955,1947,FAUJI,25,0,,
3956,1948,LUCKY SUPREME,20,1530,,
3957,1948,RENT-CEMENT,20,50,,
3958,1949,RING 6X6,5,265,,
3959,1950,PIONEER,25,1530,,
3960,1950,RENT-CEMENT,25,50,,
3961,1951,KOHAT,10,1490,,
3962,1951,RENT-CEMENT,1,300,,
3963,1952,LUCKY SUPREME,25,1550,,
3964,1952,RENT-CEMENT,25,60,,
3965,1953,LUCKY SUPREME,20,1530,,
3966,1953,RENT-CEMENT,20,50,,
3967,1954,KOHAT,20,0,,
3968,1954,RENT-CEMENT,20,0,,
3973,1956,PIONEER,20,0,,
3974,1957,12MM STEEL,1672.9,0,,
3975,1957,12MM STEEL,1.299999999999955,234,,
3976,1957,20MM STEEL,127.5,0,,
3977,1957,6MM STEEL,25,0,,
3978,1957,6MM STEEL,22.9,260,,
3979,1957,RENT-STEEL,3,0,,
3980,1958,KOHAT,170,0,,
3981,1958,RENT-CEMENT,160,0,,
3982,1959,ISM 12MM STEEL,2083.2,0,,
3983,1959,RENT-STEEL,2083.2,0,,
3984,1959,20MM STEEL,102.8,265,,
3985,1960,12MM STEEL,10.4,0,,
3986,1960,6MM STEEL,3.2,0,,
3987,1961,LUCKY SUPREME,200,0,,
3988,1962,RING 6X6,2.8,275,,
3989,1963,PIONEER,25,0,,
3990,1964,KOHAT,3,0,,
3991,1965,ISM 12MM STEEL,599.8,0,,
3992,1965,RING 4X9,33,287,,
3993,1965,WIRE,10.5,430,,
3994,1965,TILE 1ST GAGGO MANDI,200,26,,
3995,1965,6MM STEEL,67.1,275,,
3996,1965,RENT STEEL,805,0,,
3997,1965,RENT-GENERAL,1,400,,
3998,1966,KOHAT,180,0,,
3999,1966,RENT-CEMENT,1,6600,,
4000,1967,KOHAT,1,0,,
4001,1968,FECTO,20,0,,
4002,1968,RENT-CEMENT,20,0,,
4003,1969,FECTO,2,0,,
4004,1970,DG,20,0,,
4005,1970,RENT-CEMENT,20,0,,
4006,1971,PIONEER,20,1530,,
4007,1971,RENT-CEMENT,20,50,,
4008,1972,PIONEER,20,1530,,
4009,1972,RENT-CEMENT,20,50,,
4010,1973,BRICKS,300,16.5,,
4011,1973,TILE 2ND JHANG,150,20,,
4012,1974,PIONEER,2,1500,,
4013,1975,DG,20,0,,
4014,1975,RENT-CEMENT,20,0,,
4015,1975,CHAUGATH,61.5,0,,
4016,1975,CHAUGATH-LABOUR,2,500,,
4017,1975,RENT-GENERAL,1,0,,
4018,1975,RENT-GENERAL,1,800,,
4019,1976,FECTO,10,0,,
4020,1976,RENT-CEMENT,10,0,,
4021,1977,ISM 12MM STEEL,23.2,248,,
4022,1978,PIONEER,20,0,,
4023,1979,ISM 12MM STEEL,139.8,0,,
4024,1979,RING 6X6,19.9,283,,
4025,1979,RENT STEEL,495,0,,
4026,1980,PIONEER,25,0,,
4027,1980,RENT-CEMENT,1,1400,,
4028,1981,FECTO,50,0,,
4029,1982,FECTO,110,0,,
4030,1982,FECTO,10,1520,,
4031,1982,RENT-CEMENT,120,50,,
4032,1983,ISM 12MM STEEL,480.0000000000002,0,,
4033,1983,ISM 12MM STEEL,2.89999999999975,244,,
4034,1983,CHIPS ZERO,10,280,,
4035,1984,PIONEER,25,0,,
4036,1984,RENT-CEMENT,25,0,,
4039,1986,RENT-CEMENT,20,50,,
4040,1987,PIONEER,2,0,,
4041,1988,FECTO,2,0,,
4042,1989,FECTO,1,0,,
4043,1990,PIONEER,10,0,,
4044,1990,RENT-CEMENT,10,0,,
4045,1991,PIONEER,25,1550,,
4046,1991,RENT-CEMENT,25,50,,
4047,1992,PIONEER,16,0,,
4048,1993,ISM 12MM STEEL,244.7,248,,
4049,1993,6MM STEEL,20.4,265,,
4050,1993,RENT-GENERAL,1,1200,,
4051,1994,PIONEER,2,1500,,
4052,1995,PIONEER,60,0,,
4053,1996,DG,20,0,,
4054,1996,RENT-CEMENT,20,0,,
4055,1997,PIONEER,2,0,,
4056,1997,DG,4,0,,
4057,1998,RING 4X4,1.9,283,,
4058,1999,DG,25,0,,
4059,2000,PIONEER,15,1520,,
4060,2000,RENT-CEMENT,1,750,,
4061,2001,DG,20,0,,
4062,2001,RENT-CEMENT,20,0,,
4063,2001,CHAUGATH,20.9,278,,
4064,2001,CHAUGATH-LABOUR,1,500,,
4065,2002,KOHAT,10,0,,
4066,2002,12MM STEEL,391.5,0,,
4067,2003,PIONEER,13,0,,
4068,2003,KOHAT,7,1510,,
4069,2004,BRICKS,150,16.5,,
4070,2004,TILE 2ND JHANG,50,20,,
4071,2005,KOHAT,300,0,,
4072,2006,KOHAT,1,1500,,
4073,2007,FECTO,100,0,,
4074,2007,DG,80,0,,
4075,2007,RENT-CEMENT,180,0,,
4076,2008,DG,1,0,,
4077,2009,DG,10,0,,
4078,2009,RENT-CEMENT,10,0,,
4079,2010,12MM STEEL,602.6,235,,
4080,2011,CHIPS ZERO,7,280,,
4081,2011,RENT-GENERAL,1,500,,
4082,2012,CHIPS ZERO,6,280,,
4083,2012,RENT-GENERAL,1,500,,
4084,2013,KOHAT,25,0,,
4085,2013,RENT-CEMENT,25,0,,
4086,2014,ISM 12MM STEEL,1998.8,0,,
4087,2014,20MM STEEL,71.3,275,,
4088,2014,6MM STEEL,20.5,275,,
4089,2015,RENT STEEL,2000,0,,
4090,2016,KOHAT,10,0,,
4091,2017,DG,10,0,,
4092,2017,RENT-CEMENT,10,0,,
4093,2018,KOHAT,20,0,,
4094,2019,PIONEER,10,0,,
4095,2019,RENT-CEMENT,10,0,,
4096,2020,KOHAT,1,1550,,
4097,2020,BRICKS,60,20,,
4098,2021,KOHAT,1,1550,,
4099,2022,CHAUGATH,256,0,,
4100,2022,12MM STEEL,20.4,236,,
4101,2023,MISC,13,0,,
4102,2024,RENT-CEMENT,3,1000,,
4103,2025,RENT STEEL,41.9,0,,
4104,2026,ISM 12MM STEEL,55.89999999999986,0,,
4105,2026,ISM 12MM STEEL,94.80000000000013,234,,
4106,2026,WIRE,5,400,,
4107,2027,RENT STEEL,1,1500,,
4108,2028,DG,25,1500,,
4109,2028,12MM STEEL,51,248,,
4110,2029,KOHAT,20,0,,
4111,2029,ISM 12MM STEEL,30.4,240,,
4112,2030,WIRE,1,0,,
4113,2031,WIRE,2,0,,
4114,2032,DG,9,0,,
4115,2033,PIONEER,30,1390,,
4116,2033,RENT-CEMENT,2,1000,,
4117,2034,TILE 1ST GAGGO MANDI,500,0,,
4118,2035,FAUJI,25,0,,
4119,2036,TILE 1ST GAGGO MANDI,500,0,,
4120,2037,TILE 1ST GAGGO MANDI,500,0,,
4121,2038,CHAUGATH,64.2,270,,
4122,2038,ANGEL,4.8,259,,
4123,2038,RENT-GENERAL,1,300,,
4124,2038,CHAUGATH-LABOUR,2,500,,
4125,2038,KOHAT,10,0,,
4126,2038,RENT-CEMENT,50,0,,
4127,2039,RING 6X6,30,0,,
4128,2039,RING 6X6,0.1999999999999993,263,,
4129,2039,WIRE,5,0,,
4130,2040,DG,15,0,,
4131,2040,DG,5,1510,,
4132,2040,RENT-CEMENT,1,0,,
4133,2040,RENT-CEMENT,1,250,,
4135,2042,KOHAT,25,0,,
4136,2042,RENT-CEMENT,116,0,,
4141,2044,KOHAT,25,1490,,
4142,2045,PIONEER,2,0,,
4143,2045,DG,4,0,,
4144,2045,RENT-CEMENT,6,0,,
4145,2046,PIONEER,10,0,,
4146,2046,RENT-CEMENT,10,0,,
4147,2047,WIRE,2,400,,
4148,2048,KOHAT,25,0,,
4149,2048,RENT-CEMENT,25,0,,
4150,2049,BACK FILLING,1,50000,,
4151,2050,10MM STEEL,53.6,220,,
4152,2050,DG,5,0,,
4153,2050,RENT-CEMENT,5,0,,
4154,2051,DG,10,0,,
4155,2051,RENT-CEMENT,10,0,,
4156,2052,DG,10,0,,
4157,2052,RENT-CEMENT,10,0,,
4158,2053,DG,10,0,,
4159,2053,RENT-CEMENT,10,0,,
4161,2055,DG,20,0,,
4162,2055,RENT-CEMENT,20,0,,
4163,2056,PIONEER,7,0,,
4164,2056,RENT-CEMENT,7,0,,
4165,2057,DG,10,0,,
4166,2057,RENT-CEMENT,10,0,,
4170,2060,PIONEER,23,0,,
4171,2061,DG,20,0,,
4172,2061,RENT-CEMENT,20,0,,
4173,2062,DG,20,0,,
4174,2063,FECTO,15,1520,,
4175,2064,KOHAT,8,1500,,
4176,2065,OPEN CEMENT,7,40,,
4177,2066,OPEN CEMENT,3,95,,
4178,2067,PIONEER,1,1400,,
4179,2068,PIONEER,2,1400,,
4180,2068,BAJRI MOTI,6,130,,
4181,2069,BAJRI MOTI,6,130,,
4182,2069,PIONEER,1,1400,,
4183,2070,PIONEER,6,1400,,
4184,2070,CHIPS ZERO,1,250,,
4185,2071,OPEN CEMENT,25,28,,
4186,2072,KOHAT,1,1375,,
4187,2072,CHIPS ZERO,1,250,,
4188,2073,PIONEER,1,1375,,
4189,2074,PIONEER,1,0,,
4190,2075,RENT-CEMENT,36,0,,
4191,2076,DG,10,0,,
4192,2076,RENT-CEMENT,14,0,,
4193,1775,ISM 12MM STEEL,958.9,0,,
4194,1775,ISM 12MM STEEL,117.8000000000001,242,,
4195,1775,WIRE,5,0,,
4196,1775,RENT-STEEL,1520,0,,
4197,1028,FAUJI,25,1440,,
4198,1028,RENT-CEMENT,25,60,,
4199,2077,KOHAT,1,1550,,
4200,1985,PIONEER,25,0,,
4201,1985,RENT-CEMENT,25,0,,
4202,2078,KOHAT,20,0,,
4203,2078,RENT-CEMENT,20,0,,
4204,2079,PIONEER,25,0,,
4205,2079,RENT-CEMENT,25,0,,
4206,2080,DG,20,0,,
4207,2080,RENT-CEMENT,20,0,,
4208,2081,DG,20,0,,
4209,2081,RENT-CEMENT,50,0,,
4210,2082,DG,20,1520,,
4211,2082,RENT-CEMENT,20,30,,
4212,2083,DG,20,0,,
4213,2083,RENT-CEMENT,20,0,,
4214,2084,CHIPS ZERO,2,280,,
4215,2043,BRICKS,550,18,,
4216,2043,DG,5,0,,
4217,2043,RENT-CEMENT,5,0,,
4218,2043,RENT-GENERAL,1,1000,,
4219,672,12MM STEEL,98.2,0,,
4220,672,BRICKS,250,18,,
4221,672,RENT-STEEL,98,0,,
4222,2085,WIRE,5,430,,
4223,2086,12MM STEEL,805.2,0,,
4224,2086,6MM STEEL,61.4,272,,
4225,2086,10MM STEEL,77.7,272,,
4226,2086,RENT-STEEL,805.2,0,,
4227,2087,12MM STEEL,391,0,,
4228,2087,20MM STEEL,377.1,0,,
4229,2087,WIRE,20,430,,
4230,2087,RENT-STEEL,768.1,0,,
4231,2088,20MM STEEL,77.7,0,,
4236,2090,DG,10,0,,
4237,2090,RENT-CEMENT,10,0,,
4238,2091,DG,10,0,,
4239,2091,RENT-CEMENT,10,0,,
4240,2092,RING 6X6,8.3,260,,
4241,2092,12MM STEEL,10.4,0,,
4242,2093,KOHAT,10,0,,
4243,2093,RENT-CEMENT,10,0,,
4244,2093,12MM STEEL,24,0,,
4245,2094,6MM STEEL,1.3,0,,
4246,2094,DG,4,0,,
4247,2094,RENT-CEMENT,4,0,,
4248,2089,CHAUGATH,197.1,0,,
4249,2089,CHAUGATH,73.2,0,,
4250,2089,CHAUGATH-LABOUR,8,500,,
4251,2089,RENT-GENERAL,1,800,,
4252,2095,BAJRI MOTI,25,0,,
4253,2095,RENT-GENERAL,1,0,,
4254,2096,DG,3,0,,
4255,2097,KOHAT,10,1500,,
4256,2098,12MM STEEL,2809.2,0,,
4257,2098,20MM STEEL,225.7,0,,
4258,2098,WIRE,10,0,,
4259,2098,10MM STEEL,60.3,271,,
4260,2098,6MM STEEL,60.8,271,,
4261,2099,DG,5,0,,
4262,2099,RENT-CEMENT,5,0,,
4263,2100,BRICKS,500,18,,
4264,2100,RENT-GENERAL,1,1000,,
4265,2101,12MM STEEL,755.6,0,,
4266,2101,6MM STEEL,49,0,,
4267,2101,20MM STEEL,233.5,237,,
4268,2101,WIRE,4,0,,
4269,2101,RENT STEEL,755.6,0,,
4270,2102,12MM STEEL,739.2,0,,
4271,2102,WIRE,3,0,,
4272,2102,RENT-STEEL,739.2,0,,
4273,2103,BRICKS,500,18,,
4274,2103,RENT-GENERAL,1,1000,,
4275,2104,DG,65,0,,
4276,2104,PIONEER,100,0,,
4277,2104,RENT-CEMENT,165,0,,
4278,2105,BRICKS,500,18,,
4279,2105,RENT-GENERAL,1,1000,,
4280,2106,BRICKS,500,18,,
4281,2106,RENT-GENERAL,2,1000,,
4282,2107,BRICKS,500,18,,
4283,2107,RENT-GENERAL,2,1000,,
4284,2108,CHAUGATH,229.7,0,,
4285,2108,CHAUGATH,1.300000000000011,265,,
4286,2108,CHAUGATH-LABOUR,7,285.714285714,,
4287,2108,RENT-GENERAL,1,1000,,
4288,2108,12MM STEEL,12.8,0,,
4289,2109,DG,10,0,,
4290,2109,RENT-CEMENT,10,0,,
4291,2110,FECTO,20,0,,
4292,2110,RENT-GENERAL,1,0,,
4295,2112,12MM STEEL,20.9,0,,
4296,2112,RING 6X6,3.9,260,,
4297,2113,BAJRI MOTI,25,0,,
4298,2113,RENT-GENERAL,1,0,,
4299,2113,RENT-STEEL,598.4,0,,
4300,2114,12MM STEEL,61.4,0,,
4301,2114,RENT-STEEL,161.4,0,,
4302,2115,KOHAT,8,0,,
4303,2116,DG,83,0,,
4304,2116,RENT-CEMENT,83,0,,
4305,2117,RING 6X6,1.6,260,,
4306,2117,12MM STEEL,20.3,0,,
4307,2117,FAUJI,10,0,,
4308,2117,RENT-CEMENT,10,0,,
4309,2118,KOHAT,1,1550,,
4310,2119,PIONEER,25,0,,
4311,2120,12MM STEEL,101.7,0,,
4312,2121,PIONEER,6,1550,,
4313,2121,RENT-CEMENT,1,400,,
4314,2122,PIONEER,20,0,,
4315,2122,RENT-CEMENT,20,0,,
4316,2123,12MM STEEL,604.3,0,,
4317,2123,RENT-STEEL,604.3,0,,
4318,2124,KOHAT,2,1550,,
4319,2125,20MM STEEL,303.9,0,,
4320,2125,RENT STEEL,483.3,0,,
4321,2126,BAJRI MOTI,25,100,,
4322,2126,RENT-GENERAL,1,1000,,
4323,1302,FAUJI,20,0,,
4324,2127,RENT-CEMENT,45,0,,
4325,2128,BAJRI MOTI,25,100,,
4326,2128,PIONEER,20,1520,,
4327,2128,RENT-GENERAL,2,1000,,
4328,2129,DG,4,0,,
4329,2129,WIRE,1,0,,
4330,2130,KOHAT,160,0,,
4331,2130,RENT-CEMENT,160,0,,
4332,2131,PIONEER,25,1520,,
4333,2131,RENT-CEMENT,25,50,,
4334,2132,KOHAT,10,0,,
4335,2132,KOHAT,10,1520,,
4336,2132,RENT-CEMENT,30,0,,
4337,2132,RENT-GENERAL,1,500,,
4338,2133,ISM 12MM STEEL,7.300000000000182,0,,
4339,2133,ISM 12MM STEEL,393.7999999999998,252,,
4340,2134,20MM STEEL,51.2,0,,
4341,2135,PIONEER,40,0,,
4342,2135,RENT-CEMENT,40,0,,
4343,2136,PIONEER,15,0,,
4344,2136,RENT-CEMENT,15,0,,
4345,2137,LABOUR,160,25,,
4346,2138,RENT-STEEL,1,8000,,
4347,2139,KOHAT,20,0,,
4348,2139,RENT-CEMENT,20,0,,
4349,2140,DG,25,0,,
4350,2141,12MM STEEL,50.4,0,,
4351,2142,KOHAT,4,1550,,
4352,2143,PIONEER,50,0,,
4353,2144,ISM 12MM STEEL,100.3,0,,
4354,2144,WIRE,1.2,380,,
4355,2145,KOHAT,20,0,,
4356,2146,KOHAT,25,0,,
4357,2146,RENT-CEMENT,25,0,,
4358,2147,KOHAT,20,0,,
4359,2147,RENT-CEMENT,20,0,,
4360,2148,KOHAT,10,0,,
4361,2149,PIONEER,25,0,,
4362,2150,PIONEER,25,0,,
4363,2150,RENT-CEMENT,25,0,,
4364,2151,KOHAT,240,0,,
4365,2151,RENT-CEMENT,280,0,,
4366,2152,KOHAT,25,0,,
4367,2152,RENT-CEMENT,25,0,,
4368,2153,RING 6X6,16.5,232,,
4369,2154,DG,5,0,,
4370,2154,RENT-CEMENT,5,0,,
4371,2155,WIRE,2,0,,
4372,2156,DG,10,0,,
4373,2156,RENT-CEMENT,10,0,,
4380,2158,20MM STEEL,53.2,225,,
4381,2158,WIRE,1.3,0,,
4385,2160,DG,10,0,,
4386,2161,12MM STEEL,50.4,0,,
4389,2163,CHIPS ZERO,10,200,,
4390,2162,DG,10,0,,
4391,2162,RENT-CEMENT,10,0,,
4392,2164,PIONEER,10,0,,
4393,2164,RENT-CEMENT,10,0,,
4394,2165,CHAUGATH,8.2,268,,
4395,2166,DG,5,0,,
4396,2166,RENT-CEMENT,19,0,,
4397,2167,FAUJI,10,0,,
4398,2167,RENT-CEMENT,10,0,,
4399,2159,DG,120,0,,
4400,2159,RENT-CEMENT,120,0,,
4401,2159,WIRE,1,0,,
4402,2157,12MM STEEL,1389.4,0,,
4403,2157,6MM STEEL,39.8,0,,
4404,2157,20MM STEEL,52,225,,
4405,2157,CONCRETE SPACER,3,398,,
4406,2157,WIRE,3,0,,
4407,2157,RENT-STEEL,1389.4,0,,
4408,2168,FAUJI,10,0,,
4409,2168,RENT-CEMENT,10,0,,
4410,2169,DG,20,0,,
4411,2169,RENT-CEMENT,20,0,,
4412,2170,PIONEER,1,0,,
4413,2171,DG,5,0,,
4414,2171,RENT-CEMENT,6,0,,
4415,2111,DG,20,0,,
4416,2111,RENT-CEMENT,20,0,,
4417,2172,CHAUGATH,148.8,280,,
4418,2172,CHAUGATH-LABOUR,5,500,,
4419,2172,RENT-GENERAL,1,1500,,
4420,2173,CHAUGATH,87.8,268,,
4421,2173,CHAUGATH-LABOUR,3,350,,
4422,2174,DG,25,1505,,
4423,2174,RENT-CEMENT,25,30,,
4424,2175,DG,3,1520,,
4425,2176,KOHAT,19,0,,
4426,2176,KOHAT,43,1430,,
4427,2177,KOHAT,2,1430,,
4428,2178,KOHAT,6,1430,,
4429,2179,DG,10,0,,
4430,2180,KOHAT,15,0,,
4431,2041,CHIPS 8 NUMBER,6,250,,
4432,2181,PIONEER,25,1490,,
4433,2181,RENT-CEMENT,25,60,,
4434,2182,FECTO,40,1490,,
4435,2182,ISM 12MM STEEL,199.6,244,,
4436,2182,TILE 2ND JHANG,100,22,,
4437,2183,ISM 12MM STEEL,905,0,,
4438,2183,ISM 12MM STEEL,294.7,252,,
4439,2183,20MM STEEL,52,0,,
4440,2183,20MM STEEL,101.6,265,,
4441,2183,6MM STEEL,25,0,,
4442,2183,6MM STEEL,13.1,265,,
4443,2183,WIRE,4,430,,
4444,2184,FECTO,25,0,,
4445,2184,RENT-CEMENT,25,0,,
4446,2185,PIONEER,50,0,,
4447,2185,FECTO,25,0,,
4448,2186,ISM 12MM STEEL,1959.4,0,,
4449,2186,6MM STEEL,40.5,275,,
4450,2187,DG,20,0,,
4451,2187,RENT-CEMENT,20,0,,
4452,2188,DG,10,0,,
4453,2188,TILE 2ND JHANG,250,0,,
4454,2188,RENT-GENERAL,1,0,,
4455,2189,KOHAT,20,0,,
4456,2189,RENT-CEMENT,20,0,,
4457,2190,DG,50,0,,
4458,2191,12MM STEEL,99.6,0,,
4459,2191,RENT STEEL,100,0,,
4460,2192,RENT-CEMENT,75,60,,
4461,2193,RENT-STEEL,905,0,,
4462,2194,ISM 12MM STEEL,20.2,243,,
4463,2194,FECTO,5,1480,,
4464,2194,PIONEER,1,1480,,
4465,2194,RENT-GENERAL,1,600,,
4466,2195,CHAUGATH,25,274,,
4467,2195,CHAUGATH-LABOUR,1,500,,
4468,2196,KOHAT,10,0,,
4469,2197,DG,25,0,,
4470,1955,CHAUGATH,237.2,272,,
4471,1955,ISM 12MM STEEL,12.2,235,,
4472,1955,CHAUGATH-LABOUR,7,500,,
4473,1955,RENT-GENERAL,1,1000,,
4474,2198,12MM STEEL,1643,0,,
4475,2198,20MM STEEL,151.6,0,,
4476,2198,6MM STEEL,8.5,275,,
4477,2198,WIRE,0.5,430,,
4478,2199,DG,25,0,,
4479,2200,12MM STEEL,11.6,244,,
4480,2200,KOHAT,5,1520,,
4481,2201,KOHAT,20,0,,
4482,2202,KOHAT,20,0,,
4483,2203,FAUJI,10,1540,,
4484,2203,CHIPS ZERO,8,280,,
4485,2203,RENT-CEMENT,20,30,,
4486,2204,DG,25,0,,
4487,2205,KOHAT,25,0,,
4488,2205,RENT-CEMENT,25,0,,
4489,2206,KOHAT,20,0,,
4490,2207,12MM STEEL,349.5,0,,
4491,2207,WIRE,5,0,,
4492,2207,CONCRETE SPACER,3,0,,
4493,2207,20MM STEEL,152.3,0,,
4494,2208,FAUJI,8,1540,,
4495,2209,PIONEER,20,1550,,
4496,2210,12MM STEEL,517.4000000000001,0,,
4497,2210,12MM STEEL,93.89999999999986,242,,
4498,2211,WIRE,7,430,,
4499,2212,DG,20,0,,
4500,2213,DG,20,0,,
4501,2214,12MM STEEL,23.2,240,,
4502,2214,10MM STEEL,6.7,252,,
4503,2214,KOHAT,10,0,,
4504,2215,KOHAT,10,1510,,
4505,2216,PIONEER,100,0,,
4506,2217,KOHAT,15,0,,
4507,2218,DG,10,0,,
4508,2218,ISM 12MM STEEL,50.9,0,,
4509,2219,DG,14,0,,
4510,2220,FECTO,3,0,,
4511,2221,PIONEER,25,0,,
4512,2222,KOHAT,12,0,,
4515,2224,DG,20,0,,
4516,2225,KOHAT,15,0,,
4517,2225,PIONEER,5,0,,
4518,2226,PIONEER,20,0,,
4524,2229,DG,1,0,,
4525,2229,20MM STEEL,510.5,234,,
4526,2229,RENT-GENERAL,1,1800,,
4527,2230,FAUJI,20,0,,
4528,2230,ISM 12MM STEEL,100.8,0,,
4529,2231,CHAUGATH,41,270,,
4530,2231,CHAUGATH-LABOUR,2,500,,
4531,2231,RENT-GENERAL,1,300,,
4532,2232,KOHAT,195,0,,
4533,2233,CONCRETE SPACER,1,0,,
4534,2233,CONCRETE SPACER,1,600,,
4535,2234,PIONEER,24,0,,
4536,2235,12MM STEEL,50.7,248,,
4537,2235,CHIPS ZERO,3,280,,
4538,2236,RENT-CEMENT,10,0,,
4539,2237,KOHAT,20,1550,,
4540,2238,ISM 12MM STEEL,10,0,,
4541,2239,CHAUGATH,564.6,274,,
4542,2239,RENT-GENERAL,1,600,,
4543,2240,DG,20,0,,
4544,2241,DG,20,0,,
4545,2241,RING 6X6,8,265,,
4546,2241,WIRE,1,430,,
4547,2242,PIONEER,20,0,,
4548,2243,PIONEER,120,0,,
4549,2244,PIONEER,10,0,,
4550,2245,KOHAT,20,0,,
4551,2246,KOHAT,20,0,,
4552,2247,KOHAT,20,0,,
4553,2248,KOHAT,25,0,,
4554,2249,KOHAT,20,1520,,
4555,2249,RENT-CEMENT,20,50,,
4556,2250,CHAUGATH,11,274,,
4557,2251,WIRE,2,430,,
4558,2252,FAUJI,20,0,,
4559,2253,KOHAT,1,0,,
4560,2254,KOHAT,20,0,,
4561,2255,ISM 12MM STEEL,1595.9,0,,
4562,2255,6MM STEEL,29.2,0,,
4563,2255,WIRE,4,0,,
4564,2255,WIRE,1,430,,
4565,2255,RENT-STEEL,1697.6,0,,
4566,2256,ISM 12MM STEEL,99.8,0,,
4567,2257,KOHAT,20,0,,
4568,2258,KOHAT,20,1520,,
4569,2258,RENT-CEMENT,20,50,,
4570,2259,DG,20,0,,
4571,2259,RENT-CEMENT,20,0,,
4572,2260,KOHAT,2,0,,
4573,2261,KOHAT,20,0,,
4574,2262,KOHAT,15,0,,
4576,2264,RENT-STEEL,1,1500,,
4577,2265,FECTO,75,0,,
4578,2263,CHAUGATH,294.6,0,,
4579,2263,CHAUGATH-LABOUR,1,3200,,
4580,2266,FAUJI,5,1540,,
4581,2267,KOHAT,1,0,,
4583,2269,DG,20,0,,
4584,2270,FAUJI,1,0,,
4585,2271,KOHAT,5,0,,
4586,2268,KOHAT,20,0,,
4587,2272,KOHAT,20,0,,
4588,2273,KOHAT,5,0,,
4589,2273,ISM 12MM STEEL,50.7,0,,
4590,2273,WIRE,1,350,,
4591,2274,TILE 2ND JHANG,150,0,,
4592,2274,TILE 2ND JHANG,350,24,,
4593,2274,GOLA GOL,30,37,,
4594,2274,RENT-GENERAL,1,1000,,
4595,2275,12MM STEEL,190.6,0,,
4596,2275,RING 6X6,15.8,272,,
4597,2276,FECTO,15,0,,
4598,2276,RING SIMOSA,9.3,270,,
4599,2277,FECTO,20,0,,
4600,2277,CHIPS ZERO,6,250,,
4601,2278,CHAUGATH,314.2,271,,
4602,2279,KOHAT,10,0,,
4603,2279,WIRE,4,430,,
4604,2280,KOHAT,25,0,,
4605,2281,PIONEER,25,1510,,
4606,2281,RENT-CEMENT,25,50,,
4607,2282,PIONEER,130,0,,
4608,2283,PIONEER,5,0,,
4609,2284,RENT-CEMENT,100,0,,
4610,2285,KOHAT,10,1500,,
4611,2286,CONCRETE SPACER,2,700,,
4612,2286,CONCRETE SPACER,26,8.75,,
4613,2286,WIRE,0.5,430,,
4614,2287,12MM STEEL,763.6,0,,
4615,2287,WIRE,1.9,0,,
4616,2287,WIRE,3.1,430,,
4617,2287,20MM STEEL,49.7,257,,
4618,2288,PIONEER,20,1550,,
4619,2289,PIONEER,25,0,,
4620,2290,PIONEER,1,0,,
4621,2291,6MM STEEL,11.3,0,,
4622,2291,CONCRETE SPACER,2,700,,
4623,2292,DG,20,0,,
4624,2293,PIONEER,15,0,,
4625,2294,RING 6X6,14.8,273,,
4626,2294,WIRE,2,430,,
4627,2295,PIONEER,25,1490,,
4628,2295,TILE 2ND JHANG,50,22.5,,
4629,2295,6MM STEEL,39.3,0,,
4630,2295,RENT-GENERAL,1,1500,,
4631,2296,FECTO,25,0,,
4632,2297,FECTO,50,0,,
4633,2297,RENT-CEMENT,125,0,,
4634,2298,12MM STEEL,277.1,0,,
4635,2299,PIONEER,10,1490,,
4636,2299,RENT-CEMENT,10,60,,
4637,2300,PIONEER,2,1520,,
4638,2300,BAJRI MOTI,25,120,,
4639,2301,FECTO,135,0,,
4640,2301,RENT-CEMENT,135,0,,
4641,2302,FECTO,10,0,,
4642,2303,FECTO,150,0,,
4643,2303,RENT-CEMENT,150,0,,
4649,2304,20MM STEEL,247.9,0,,
4650,2304,10MM STEEL,54.3,240,,
4651,2304,12MM STEEL,797.6,0,,
4652,2304,WIRE,15,400,,
4653,2305,6MM STEEL,80,0,,
4654,2227,KOHAT,10,0,,
4655,2227,WIRE,5,430,,
4656,2227,KOHAT,20,30,,
4657,2306,KOHAT,25,0,,
4658,2307,FECTO,50,1440,,
4659,2307,RENT-CEMENT,50,75,,
4660,2308,ISM 12MM STEEL,709.1,0,,
4661,2308,20MM STEEL,102.8,265,,
4662,2308,6MM STEEL,60.3,265,,
4663,2308,WIRE,6.9,430,,
4664,2309,ISM 12MM STEEL,598.3,0,,
4665,2309,20MM STEEL,201,275,,
4666,2309,10MM STEEL,40.1,275,,
4667,2309,6MM STEEL,79.8,275,,
4668,2309,WIRE,12,430,,
4669,2310,12MM STEEL,240,0,,
4670,2310,12MM STEEL,2.599999999999994,244,,
4672,2312,ISM 12MM STEEL,890.4,0,,
4673,2313,KOHAT,20,0,,
4674,2314,KOHAT,20,0,,
4680,2316,PIONEER,25,0,,
4681,2317,ISM 12MM STEEL,1986.1,0,,
4682,2318,KOHAT,25,0,,
4683,2319,PIONEER,25,0,,
4684,2319,RENT-CEMENT,25,0,,
4685,2320,PIONEER,20,1520,,
4686,2320,RENT-CEMENT,20,30,,
4687,2311,KOHAT,20,0,,
4688,2311,WHITE CEMENT,3,2200,,
4689,2321,KOHAT,25,0,,
4692,2323,PIONEER,25,1490,,
4693,2323,RENT-CEMENT,25,60,,
4694,2324,KOHAT,20,1500,,
4695,2324,WIRE,3,400,,
4696,2322,PIONEER,10,1500,,
4697,2322,RENT-CEMENT,10,60,,
4701,2326,KOHAT,20,0,,
4702,2326,RENT-CEMENT,20,0,,
4705,2328,FECTO,1,0,,
4706,2329,KOHAT,20,0,,
4707,2329,RENT-CEMENT,20,0,,
4708,2330,KOHAT,20,1520,,
4709,2330,RENT-CEMENT,20,50,,
4710,2331,KOHAT,19,0,,
4711,2331,DG,3,1530,,
4712,2332,ISM 12MM STEEL,40.5,234,,
4713,2332,20MM STEEL,308,234,,
4714,2332,10MM STEEL,120.1,237,,
4715,2332,WIRE,5,360,,
4716,2332,RENT-GENERAL,1,800,,
4717,2333,DG,100,0,,
4718,2334,RING 6X6,12.4,249,,
4719,2335,12MM STEEL,1594.4,0,,
4720,2335,12MM STEEL,40.19999999999982,235,,
4721,2335,WIRE,7,430,,
4722,2335,RENT STEEL,2,1500,,
4723,2336,KOHAT,10,1500,,
4724,2336,RENT-CEMENT,10,30,,
4725,2337,ISM 12MM STEEL,320,0,,
4726,2337,ISM 12MM STEEL,32.89999999999998,242,,
4727,2337,KOHAT,12,0,,
4728,2338,PIONEER,168,0,,
4729,2338,KOHAT,32,0,,
4730,2338,RENT-CEMENT,225,50,,
4731,2339,FECTO,25,1570,,
4732,2339,RENT-CEMENT,25,50,,
4733,2340,FECTO,25,1550,,
4734,2340,RENT-CEMENT,25,50,,
4735,2341,12MM STEEL,456.4,238,,
4736,2341,20MM STEEL,74.7,238,,
4737,2341,WIRE,1.5,430,,
4738,2341,RENT-STEEL,2,650,,
4739,2341,12MM STEEL,101,238,,
4740,2342,FECTO,25,1570,,
4741,2342,RENT-CEMENT,25,50,,
4742,2343,PIONEER,20,1550,,
4743,2344,12MM STEEL,1596.5,0,,
4744,2344,6MM STEEL,34.9,0,,
4745,2344,WIRE,1,0,,
4746,2344,WIRE,3,430,,
4747,2345,PIONEER,20,0,,
4748,2345,RENT-CEMENT,20,0,,
4749,2346,FECTO,20,0,,
4750,2347,CHAUGATH,21.2,268,,
4751,2348,KOHAT,5,0,,
4752,2349,KOHAT,20,0,,
4753,2350,KOHAT,2,0,,
4754,2351,KOHAT,1,1520,,
4755,2352,KOHAT,25,0,,
4756,2353,KOHAT,20,0,,
4757,2353,12MM STEEL,102.1,0,,
4758,2353,LABOUR,4,0,,
4759,2354,FECTO,20,0,,
4760,2354,RENT-CEMENT,20,0,,
4761,2355,PIONEER,197,0,,
4762,2355,RENT-CEMENT,200,0,,
4763,2355,RENT STEEL,2600,0,,
4764,2355,RENT STEEL,1,500,,
4765,2356,FECTO,15,0,,
4766,2357,WIRE,2,430,,
4767,2358,FECTO,20,0,,
4768,2358,RENT-CEMENT,20,0,,
4769,2359,FECTO,150,0,,
4770,2360,PIONEER,20,0,,
4771,2360,RENT-CEMENT,40,0,,
4772,2361,CHAUGATH,205.4,270,,
4773,2361,RENT-GENERAL,1,1000,,
4774,2362,CHAUGATH,36.3,0,,
4775,2362,CHAUGATH-LABOUR,1,400,,
4776,2363,KOHAT,20,1510,,
4777,2363,RENT-CEMENT,20,50,,
4778,2364,KOHAT,20,1520,,
4779,2364,RENT-CEMENT,20,50,,
4780,2365,FECTO,25,1570,,
4781,2365,RENT-CEMENT,25,50,,
4782,2366,KOHAT,8,0,,
4783,2366,FECTO,2,0,,
4784,2327,ISM 12MM STEEL,100.7,0,,
4785,2327,RING 6X6,11.6,249,,
4786,2367,KOHAT,5,0,,
4787,2368,FT-KOHAT,26,0,,
4793,2370,RENT-CEMENT,1,1500,,
4794,2371,KOHAT,20,1490,,
4795,2372,KOHAT,25,0,,
4796,2373,KOHAT,20,0,,
4797,2373,RENT-CEMENT,52,0,,
4798,2374,PIONEER,10,0,,
4799,2374,RENT-CEMENT,10,0,,
4800,2369,PIONEER,10,0,,
4801,2369,12MM STEEL,50.6,0,,
4802,2369,RING 6X6,4,245,,
4803,2369,RENT-CEMENT,10,0,,
4804,2369,RENT-STEEL,50.6,0,,
4805,2375,KOHAT,20,0,,
4806,2376,KOHAT,3,0,,
4807,2377,FECTO,12,1540,,
4808,2378,CONCRETE SPACER,2,650,,
4809,2379,WHITE CEMENT,1,2200,,
4810,2380,DG,25,0,,
4811,2381,DG,20,0,,
4812,2381,RENT-CEMENT,20,0,,
4814,2383,FECTO,25,0,,
4815,2383,RENT-CEMENT,50,0,,
4816,2384,FAUJI,25,0,,
4817,2384,RENT-CEMENT,25,60,,
4818,2385,FECTO,2,1520,,
4820,2387,DG,25,1590,,
4821,2388,BAJRI MOTI,25,100,,
4822,2388,RENT-GENERAL,25,40,,
4823,2389,6MM STEEL,20.7,262,,
4825,2391,KOHAT,20,0,,
4826,2390,KOHAT,20,1485,,
4827,2392,FECTO,20,0,,
4828,2393,KOHAT,20,0,,
4829,2394,BAJRI MOTI,20,130,,
4830,2394,ISM 12MM STEEL,10,245,,
4831,2394,6MM STEEL,2.1,263,,
4832,2394,TILE 1ST JHANG,170,30,,
4833,2394,RENT-GENERAL,2,1000,,
4836,2396,12MM STEEL,50.9,245,,
4837,2397,FECTO,20,0,,
4838,2398,BAJRI PAAN,10,140,,
4839,2398,MISC,15,600,,
4840,2399,12MM STEEL,304.9,234,,
4841,2399,RENT-STEEL,1,800,,
4842,2400,CHAUGATH,25.2,270,,
4843,2400,CHAUGATH-LABOUR,1,500,,
4844,2401,PIONEER,20,1550,,
4845,2402,PIONEER,25,0,,
4848,2404,PIONEER,20,0,,
4849,2403,KOHAT,20,0,,
4850,2403,RENT-CEMENT,40,0,,
4851,2405,KOHAT,20,1520,,
4852,2406,DG,20,1510,,
4853,2406,RENT-CEMENT,20,40,,
4854,2407,FECTO,4,0,,
4855,2408,KOHAT,1,0,,
4856,2409,KOHAT,1,1520,,
4857,2410,KOHAT,10,0,,
4871,2414,CONCRETE SPACER,2,0,,
4872,2415,CONCRETE SPACER,2,0,,
4877,2417,DG,20,0,,
4878,2417,RENT-CEMENT,20,0,,
4879,2418,PIONEER,20,1520,,
4880,2419,PIONEER,20,0,,
4881,2420,PIONEER,25,1510,,
4882,2420,RENT-CEMENT,25,60,,
4883,2421,PIONEER,25,0,,
4884,2421,RENT-CEMENT,25,50,,
4885,2422,BAJRI MOTI,25,90,,
4886,2422,RENT-GENERAL,25,32,,
4887,2423,KOHAT,20,0,,
4888,2423,RENT-CEMENT,20,0,,
4889,2424,PIONEER,2,1520,,
4890,2425,PIONEER,2,1520,,
4891,2425,BAJRI PAAN,12,100,,
4892,2425,RENT-GENERAL,1,300,,
4893,2426,FECTO,2,1550,,
4897,2428,BAJRI PAAN,12,100,,
4898,2428,RENT-GENERAL,1,300,,
4899,2427,DG,139,0,,
4900,2427,PIONEER,41,0,,
4901,2427,RENT-CEMENT,180,0,,
4904,2430,DG,15,1520,,
4905,2430,CHIPS ZERO,6,250,,
4906,2430,RENT-GENERAL,1,1000,,
4907,2431,DG,10,1520,,
4908,2431,RENT-CEMENT,1,600,,
4909,2432,DG,10,0,,
4910,2433,PIONEER,25,0,,
4911,2433,RENT-CEMENT,25,0,,
4912,2434,KOHAT,25,0,,
4913,2434,RENT-CEMENT,25,0,,
4914,2435,PIONEER,25,1520,,
4915,2435,RENT-CEMENT,1,1250,,
4916,2436,KOHAT,20,0,,
4917,2436,ISM 12MM STEEL,60.9,237,,
4918,2437,KOHAT,1,1520,,
4919,2438,DG,25,0,,
4920,2439,KOHAT,100,0,,
4921,2439,RENT-CEMENT,100,0,,
4922,2440,KOHAT,20,0,,
4923,2440,RENT-CEMENT,20,0,,
4924,2440,CHIPS ZERO,4,250,,
4925,2441,KOHAT,20,0,,
4931,2443,ISM 12MM STEEL,800.5,0,,
4932,2443,ISM 12MM STEEL,1.399999999999977,235,,
4933,2443,20MM STEEL,49.1,0,,
4934,2443,6MM STEEL,20,0,,
4935,2443,WIRE,3,0,,
4936,2443,CONCRETE SPACER,2,0,,
4937,2444,PIONEER,2,0,,
4938,2445,DG,8,1520,,
4939,2445,RENT-CEMENT,1,600,,
4940,2446,PIONEER,20,1485,,
4941,2447,DG,2,0,,
4942,2447,RENT-CEMENT,2,0,,
4943,2448,BAJRI MOTI,25,120,,
4944,2448,FECTO,3,1440,,
4945,2448,RENT-GENERAL,1,1250,,
4946,2449,DG,50,0,,
4947,2449,RENT-CEMENT,50,0,,
4948,2450,PIONEER,10,0,,
4949,2450,RENT-CEMENT,10,0,,
4950,2451,PIONEER,20,0,,
4951,2451,RENT-CEMENT,20,0,,
4955,2453,KOHAT,12,1485,,
4956,2454,PIONEER,130,0,,
4957,2455,DG,20,0,,
4958,2455,RENT-CEMENT,20,0,,
4959,2456,PIONEER,15,1500,,
4960,2456,RENT-CEMENT,1,750,,
4961,2457,DG,20,0,,
4962,2458,KOHAT,1,0,,
4963,2459,12MM STEEL,897.6,0,,
4964,2459,20MM STEEL,100,0,,
4965,2459,20MM STEEL,3.700000000000003,240,,
4966,2459,6MM STEEL,10.4,257,,
4967,2459,WIRE,4,420,,
4968,2459,RENT-STEEL,1,1500,,
4970,2461,PIONEER,20,1520,,
4971,2462,KOHAT,2,0,,
4972,2460,PIONEER,20,0,,
4973,2463,ISM 12MM STEEL,233.8,0,,
4974,2463,RING 7X7,20.5,0,,
4975,2463,RING 7X9,35,0,,
4976,2463,RING 7X9,3.799999999999997,266,,
4977,2463,WIRE,5,0,,
4978,2464,DG,20,0,,
4979,2464,RENT-CEMENT,20,0,,
4980,2325,12MM STEEL,283,0,,
4981,2325,RING 6X6,12.2,265,,
4982,2325,WIRE,2,430,,
4983,2465,KOHAT,50,0,,
4984,2466,KOHAT,20,1490,,
4985,2466,RENT-CEMENT,1,1100,,
4986,2467,KOHAT,18,0,,
4987,2467,RENT-CEMENT,1,0,,
4988,2467,WHITE CEMENT,2,0,,
4991,2469,KOHAT,2,0,,
4992,2470,KOHAT,1,1520,,
4993,2471,DG,20,0,,
4994,2471,RENT-CEMENT,20,0,,
4995,2472,ISM 12MM STEEL,10.1,0,,
4996,2473,PIONEER,25,1550,,
4997,2473,RENT-CEMENT,1,1250,,
4998,2474,PIONEER,25,0,,
5001,2475,PIONEER,20,1500,,
5002,2475,RENT-CEMENT,20,50,,
5003,2476,12MM STEEL,112.2,0,,
5004,2476,RING 4X4,12.8,272,,
5005,2477,PIONEER,20,0,,
5006,2477,RENT-CEMENT,20,0,,
5007,2478,RENT-CEMENT,40,0,,
5008,2479,KOHAT,17,0,,
5009,2480,DG,2,0,,
5010,2481,12MM STEEL,2.399999999999977,0,,
5011,2481,12MM STEEL,179.3,240,,
5012,2481,RENT STEEL,1,400,,
5013,2482,6MM STEEL,9,257,,
5014,2483,PIONEER,20,0,,
5015,2483,RENT-CEMENT,20,0,,
5016,2483,CHIPS ZERO,5,250,,
5017,2484,PIONEER,40,0,,
5018,2485,ISM 12MM STEEL,160,0,,
5019,2485,ISM 12MM STEEL,2.5,244,,
5020,2485,PIONEER,12,0,,
5021,2485,RENT-GENERAL,1,0,,
5022,2486,DG,2,0,,
5023,2487,PIONEER,2,0,,
5024,2488,PIONEER,10,1520,,
5025,2488,RENT-CEMENT,1,600,,
5026,2489,PIONEER,20,0,,
5027,2489,CHAUGATH,36.8,270,,
5028,2490,PIONEER,70,0,,
5029,2491,KOHAT,10,0,,
5032,2493,KOHAT,20,0,,
5033,2494,DG,40,0,,
5034,2495,RING 6X6,2,287,,
5035,2496,DG,19,0,,
5036,2496,KOHAT,1,0,,
5037,2497,12MM STEEL,974.9,0,,
5038,2497,WIRE,3,430,,
5039,2497,6MM STEEL,24.3,265,,
5040,2498,BRICKS,300,21,,
5041,2498,KOHAT,2,1510,,
5042,2498,RENT-GENERAL,1,600,,
5043,2499,KOHAT,2,0,,
5044,2500,PIONEER,2,0,,
5047,2502,KOHAT,25,0,,
5048,2503,KOHAT,1,0,,
5049,2503,RENT-CEMENT,10,0,,
5051,2501,KOHAT,20,0,,
5052,2501,RENT-CEMENT,20,0,,
5053,2505,KOHAT,20,0,,
5054,2506,PIONEER,20,0,,
5055,2506,RENT-CEMENT,20,0,,
5056,2542,PIONEER,25,0,,
5057,2542,RENT-CEMENT,50,0,,
5058,2543,PIONEER,20,0,,
5059,2543,RENT-CEMENT,20,0,,
5060,2544,CHIPS ZERO,12,234,,0
5061,2545,FECTO,20,0,,
5062,2545,RENT-CEMENT,20,0,,
5063,2546,PIONEER,10,1490,21,1360
5064,2546,FECTO,10,1520,1,1370
5065,2547,DG,10,1500,16,1390
5066,2548,12MM STEEL,25.10000000000002,0,,
5067,2548,12MM STEEL,157.1,247,34,230
5068,2548,RENT STEEL,1000,0,,
5069,2548,RENT STEEL,1,1200,,1.785714285719
5070,2549,12MM STEEL,1611.4,0,,
5071,2549,12MM STEEL,830.7,0,,
5072,2549,WIRE,5,400,,0
5073,2550,DG,10,0,,
5074,2550,RENT-CEMENT,48,0,,
5075,2551,PIONEER,20,1530,21,1360
5076,2551,RENT-CEMENT,1,1200,,0
5077,2552,KOHAT,90,0,,
5078,2553,PIONEER,1,0,,
5079,2554,ISM 12MM STEEL,1913.9,0,,
5080,2554,20MM STEEL,158.6,0,,
5081,2554,6MM STEEL,79.8,0,,
5082,2554,WIRE,8,0,,
5083,2554,RENT-STEEL,4,1250,,0
5084,2555,PIONEER,3,0,,
5085,2556,PIONEER,2,0,,
5086,2557,PIONEER,2,1500,21,1360
5087,2558,DG,20,0,,
5088,2558,6MM STEEL,79.8,258,,0
5089,2559,DG,180,0,,
5090,2507,ISM 12MM STEEL,10.1,0,,
5091,2507,DG,2,0,,
5092,2507,RENT-CEMENT,145,0,,
5093,2508,ISM 12MM STEEL,1595.9,0,,
5094,2508,6MM STEEL,29.7,0,,
5095,2508,RENT STEEL,1697.6,0,,
5096,2509,WIRE,4,0,,
5097,2509,WIRE,1,430,,
5098,2510,DG,1,0,,
5099,2511,DG,1,0,,
5100,2511,KOHAT,5,0,,
5101,2511,TILE 1ST GAGGO MANDI,200,28,,
5102,2511,RENT-CEMENT,1,600,,
5103,2512,KOHAT,20,1490,,
5104,2512,RENT-CEMENT,20,75,,
5105,2513,KOHAT,20,1490,,
5106,2513,RENT-CEMENT,20,50,,
5107,2514,KOHAT,20,0,,
5108,2515,BAJRI MOTI,30,120,,
5109,2515,RENT-CEMENT,1,1000,,
5110,2516,ISM 12MM STEEL,600,0,,
5111,2516,ISM 12MM STEEL,1,244,,
5112,2516,20MM STEEL,25,0,,
5113,2516,6MM STEEL,10,0,,
5114,2516,6MM STEEL,0.5,244,,
5115,2516,RENT-STEEL,1,0,,
5116,2518,ISM 12MM STEEL,802.1,0,,
5117,2518,CONCRETE SPACER,10,0,,
5118,2518,RENT STEEL,3,0,,
5119,2519,KOHAT,20,0,,
5120,2519,RENT-CEMENT,20,0,,
5121,2520,DG,20,0,,
5122,2520,CHIPS ZERO,8,250,,
5123,2520,RENT-GENERAL,20,75,,
5124,2521,KOHAT,2,0,,
5125,2522,KOHAT,9,0,,
5126,2522,RENT-CEMENT,10,0,,
5127,2523,PIONEER,20,0,,
5128,2523,RENT-CEMENT,20,0,,
5129,2524,KOHAT,160,0,,
5130,2525,RENT-CEMENT,160,0,,
5131,2526,KOHAT,20,0,,
5132,2526,CHAUGATH,33.7,272,,
5133,2527,WIRE,1,400,,
5134,2528,TILE 1ST GAGGO MANDI,500,23,,
5135,2528,RENT-GENERAL,1,2500,,
5145,2560,ISM 12MM STEEL,1584.3,0,,
5146,2560,20MM STEEL,514.7,0,,
5147,2560,6MM STEEL,151.2,0,,
5148,2560,WIRE,25,0,,
5149,2560,RENT STEEL,2,0,,
5150,2492,ISM 12MM STEEL,2019.8,0,,
5151,2492,RENT STEEL,3.15,0,,
5152,2561,ISM 12MM STEEL,613.7,0,,
5153,2561,RENT STEEL,0.84,0,,
5154,2562,FECTO,480,0,,
5155,2382,KOHAT,10,1500,8,1360
5156,2382,RENT-CEMENT,1,300,,0
5157,2386,TILE 1ST JHANG,500,23.5,38,21.7
5158,2386,RENT-GENERAL,1,1000,,0
5159,2563,FECTO,65,0,,
5160,2563,KOHAT,15,1550,8,1360
5161,2563,RENT-CEMENT,65,0,,
5162,2563,RENT-CEMENT,15,75,,0
5163,2223,ISM 12MM STEEL,99.6,235,,0
5164,2223,WIRE,1,430,,0
5165,2564,KOHAT,10,0,,
5166,2565,DG,20,0,,
5170,2566,FAUJI,20,0,,
5171,2567,KOHAT,20,0,,
5172,2567,RENT STEEL,40,0,,
5173,2568,KOHAT,25,0,,
5174,2568,RENT-CEMENT,50,0,,
5175,2569,PIONEER,20,1490,21,1360
5176,2569,RENT-CEMENT,1,1100,,0
5177,2570,FAUJI,25,0,,
5178,2570,RENT-CEMENT,25,0,,
5179,2571,FAUJI,20,0,,
5180,2571,RENT-CEMENT,20,0,,
5181,2571,6MM STEEL,20.1,258,,0
5182,2571,WIRE,3.1,400,,0
5183,2572,DG,25,0,,
5184,2572,RENT-CEMENT,25,0,,
5187,2574,FAUJI,25,1530,6,1370
5188,2574,RENT-CEMENT,1,1250,,0
5189,2575,RENT-CEMENT,480,30,,0
5191,2416,TILE 1ST JHANG,400,26,38,21.7
5192,2416,RENT-GENERAL,400,2.5,,0
5193,2416,PIONEER,25,0,,
5194,2416,RENT-CEMENT,25,0,,
5195,2429,RENT-GENERAL,1,750,,0
5196,2429,PIONEER,25,0,,
5197,2429,RENT-CEMENT,25,0,,
5198,2576,PIONEER,25,0,,
5199,2576,RENT-CEMENT,25,0,,
5200,2577,FAUJI,10,0,,
5201,2577,RENT-CEMENT,12,0,,
5202,2578,PIONEER,100,0,,
5203,2579,PIONEER,2,0,,
5204,2580,WHITE CEMENT,1,2200,,0
5205,2581,ISM 12MM STEEL,1192.2,0,,
5206,2582,RENT-GENERAL,1,600,,0
5207,2583,PIONEER,20,0,,
5208,2583,RENT-CEMENT,20,0,,
5209,2584,PIONEER,2,0,,
5210,2585,PIONEER,2,0,,
5211,2586,DG,20,0,,
5212,2586,RENT-CEMENT,40,0,,
5213,2587,DG,25,0,,
5214,2588,DG,20,0,,
5215,2589,PIONEER,20,1530,21,1360
5216,2590,FECTO,20,1530,1,1370
5217,2590,RENT-CEMENT,20,50,,0
5218,2591,DG,20,0,,
5219,2591,RENT-CEMENT,29,0,,
5220,2592,DG,20,0,,
5221,2592,RENT-CEMENT,20,0,,
5222,2593,DG,20,0,,
5223,2594,DG,10,0,,
5224,2594,ISM 12MM STEEL,592,237,,0
5225,2594,6MM STEEL,80.3,258,,0
5226,2594,WIRE,3,380,,0
5227,2594,MISC,1,1300,,0
5228,2595,ISM 12MM STEEL,1272.2,0,,
5229,2595,6MM STEEL,19.9,0,,
5230,2595,WIRE,2,0,,
5231,2595,20MM STEEL,51.3,242,,0
5232,2595,RENT-STEEL,1300,0,,
5233,2596,DG,20,0,,
5234,2596,ISM 12MM STEEL,305.6,240,,0
5235,2596,RENT-CEMENT,60,0,,
5236,2597,DG,20,0,,
5237,2598,12MM STEEL,76.59999999999854,0,,
5238,2598,12MM STEEL,442.3000000000014,235,34,230
5239,2598,FECTO,10,1510,1,1370
5240,2598,6MM STEEL,19.9,271,,0
5241,2598,RENT-GENERAL,1,1500,,0
5242,2599,PIONEER,20,0,,
5243,2599,RENT-CEMENT,1,1000,,0
5244,2600,DG,2,1500,16,1390
5245,2601,FECTO,20,0,,
5246,2601,RENT-CEMENT,40,0,,
5247,2602,WIRE,2,395,,0
5248,2603,TILE 1ST JHANG,250,27,38,21.7
5249,2603,RENT-GENERAL,1,700,,0
5250,2604,ISM 12MM STEEL,121.9,0,,
5251,2604,RENT-STEEL,121.9,0,,
5252,2605,FECTO,20,0,,
5253,2605,RENT-CEMENT,20,0,,
5254,2606,FECTO,20,0,,
5255,2606,RENT-CEMENT,20,0,,
5256,2607,DG,20,0,,
5257,2607,WIRE,7,380,,0
5258,2608,PIONEER,2,0,,
5259,2609,DG,20,0,,
5260,2609,RENT-CEMENT,20,0,,
5261,2610,DG,20,1490,16,1390
5262,2610,TILE 2ND JHANG,100,23,39,17.5
5263,2610,RENT-GENERAL,1,800,,0
5264,2611,FECTO,25,0,,
5265,2612,OPEN CEMENT,15,50,,0
5266,2613,RING 7X9,4.5,0,,
5267,2613,RING 7X7,22.2,266,,0
5268,2613,DG,20,0,,
5269,2613,RENT-CEMENT,20,0,,
5270,2614,ISM 12MM STEEL,121.3,0,,
5271,2614,FECTO,2,0,,
5272,2614,RING 6X6,12.7,249,,0
5273,2614,WIRE,0.9,350,,0
5274,2615,PIONEER,2,0,,
5275,2616,PIONEER,2,0,,
5276,2616,DG,8,0,,
5277,2616,RENT-CEMENT,10,0,,
5278,2617,WIRE,1.5,395,,0
5279,2618,CONCRETE SPACER,2,700,,0
5280,2619,DG,3,0,,
5281,2620,DG,100,0,,
5282,2621,FECTO,155,0,,
5283,2621,PIONEER,15,1520,21,1360
5284,2621,RENT-CEMENT,170,50,,0
5285,2622,ISM 12MM STEEL,6.199999999999989,0,,
5286,2622,ISM 12MM STEEL,44.80000000000001,233,,0
5287,2623,DG,20,0,,
5288,2624,DG,10,0,,
5289,2624,RENT-CEMENT,10,0,,
5290,2625,KOHAT,2,0,,
5291,2626,KOHAT,20,0,,
5292,2626,ISM 12MM STEEL,41.1,232,,0
5293,2626,WIRE,4,380,,0
5294,2627,12MM STEEL,912.4000000000008,0,,
5295,2627,12MM STEEL,569.0999999999992,234,34,230
5296,2627,6MM STEEL,24.8,0,,
5297,2627,6MM STEEL,15,237,,0
5298,2627,10MM STEEL,122.1,237,,0
5299,2627,WIRE,10,360,,0
5300,2627,RENT-STEEL,2272.9,0,,
5301,2628,10MM STEEL,107.5,237,,0
5302,2628,6MM STEEL,12.6,237,,0
5303,2628,WIRE,2,360,,0
5304,2629,CONCRETE SPACER,1,600,,0
5305,2630,CHAUGATH,219.2,268,,0
5306,2631,KOHAT,20,0,,
5307,2632,TILE 1ST GAGGO MANDI,400,24,,0
5308,2632,TILE 2ND JHANG,100,22,39,17.5
5309,2632,RENT-GENERAL,1,600,,0
5310,2633,RING 6X6,8.3,265,,0
5311,2634,DG,20,0,,
5312,2634,RENT-CEMENT,20,0,,
5313,2635,KOHAT,20,1530,8,1360
5314,2635,RENT-CEMENT,1,1000,,0
5315,2636,KOHAT,10,0,,
5316,2636,RENT-CEMENT,10,0,,
5317,2637,FECTO,10,0,,
5318,2638,DG,20,0,,
5319,2638,RENT-CEMENT,20,0,,
5320,2638,WIRE,0.5,0,,
5321,2638,ISM 12MM STEEL,101.6,0,,
5322,2639,KOHAT,20,0,,
5323,2639,RENT-CEMENT,20,0,,
5324,2640,CHAUGATH,3.6,269,,0
5325,2641,WIRE,4,0,,
5326,2642,KOHAT,10,1530,8,1360
5327,2643,FECTO,110,0,,
5328,2643,RENT-CEMENT,110,0,,
5329,2644,WIRE,8,400,,0
5330,2645,KOHAT,20,0,,
5331,2646,KOHAT,25,1470,8,1360
5332,2646,RENT-CEMENT,1,1500,,0
5333,2647,FAUJI,25,0,,
5334,2647,RENT-CEMENT,25,0,,
5335,2648,DG,25,0,,
5336,2648,RENT-CEMENT,25,0,,
5337,2649,DG,15,0,,
5338,2649,RENT-CEMENT,15,0,,
5339,2650,DG,20,1560,16,1390
5340,2651,DG,1,0,,
5341,2652,KOHAT,10,0,,
5342,2652,RENT-CEMENT,10,0,,
5343,2653,PIONEER,2,0,,
5344,2654,ISM 12MM STEEL,1988.8,0,,
5345,2654,WIRE,3,0,,
5346,2654,20MM STEEL,51.4,265,,0
5347,2654,6MM STEEL,29.2,265,,0
5348,2654,RENT-STEEL,1988.8,0,,
5349,2655,KOHAT,20,0,,
5350,2655,WIRE,2,380,,0
5351,2656,FECTO,25,0,,
5352,2656,RENT-CEMENT,25,0,,
5353,2657,FECTO,25,0,,
5354,2657,RENT-CEMENT,25,0,,
5355,2658,PIONEER,25,0,,
5356,2658,RENT-CEMENT,25,0,,
