id,client_code,client_name,invoice_no,is_manual,date,total_amount,balance,status,is_cash,created_at,created_by,is_void,note
1,FBMCL-00002,TAHIR ABBAS SB KOANKH,MB NO.6658,True,2026-03-09,0,0,PAID,False,2026-03-09 09:24,Rehman Ahmed,False,
2,FBMCL-00003,REHMAN ALI SB BHUCH,MB NO.6673,True,2026-03-09,1717.599999999959,1717.599999999959,OPEN,False,2026-03-09 13:11,Rehman Ahmed,False,
3,FBMCL-00048,RANA ZAHEER SB JPS,MB NO.6612,True,2026-03-07,0,0,PAID,False,2026-03-07 16:09,Rehman Ahmed,False,
4,FBMCL-00048,RANA ZAHEER SB JPS,MB NO.6718,True,2026-03-10,0,0,PAID,False,2026-03-10 16:10,Rehman Ahmed,False,
5,FBMCL-00050,MAJID HUSSAIN SB AJNALA,INV-20260311114308,False,2026-03-11,0,0,PAID,False,2026-03-11 11:41,Rehman Ahmed,False,
6,FBMCL-00007,MISTRI MUHAMMAD ANWAR SB PERO SHAH,MB NO.6763,True,2026-03-12,0,0,PAID,False,2026-03-12 09:16,Rehman Ahmed,False,
7,FBMCL-00005,GHULAM ABBAS SB HAZARA MUGHLAN,MB NO.6764,True,2026-03-12,0,0,PAID,False,2026-03-12 09:25,Rehman Ahmed,False,
8,FBMCL-00053,MUHAMMAD ALI SB MULL,MB NO.6768,True,2026-03-12,0,0,PAID,False,2026-03-12 10:20,Rehman Ahmed,False,
9,FBMCL-00063,ABDULLAH SB KOANKH,MB NO.6777,True,2026-03-12,5538.5,5538,OPEN,False,2026-03-12 14:25,Rehman Ahmed,False,
10,FBMCL-00064,SULEIMAN SB AJNALA,MB NO.6778,True,2026-03-12,0,0,PAID,False,2026-03-12 14:31,Rehman Ahmed,False,
11,FBMCL-00002,TAHIR ABBAS SB KOANKH,MB NO.6748,True,2026-03-12,3700,3700,OPEN,False,2026-03-12 14:35,Rehman Ahmed,False,
12,FBMCL-00004,SHAH ZAIB SB RUPOWAL,MB NO.6772,True,2026-03-12,0,0,PAID,False,2026-03-12 14:45,Rehman Ahmed,False,
13,FBMCL-00006,SHEHBAZ BAIG SB KOANKH,MB NO.6741,True,2026-03-11,0,0,PAID,False,2026-03-11 14:47,Rehman Ahmed,False,
14,FBMCL-00001,ABDUL AZEEM SB KHAN PUR KHOKHAR,MB NO.6781,True,2026-03-12,0,0,PAID,False,2026-03-12 15:57,Shujaat Muzaffar,False,
15,FBMCL-00067,MUHAMMAD BASHEER SB CONT KOANKH,MB NO.6550,True,2026-03-12,0,0,PAID,False,2026-03-12 16:17,Rehman Ahmed,False,
16,FBMCL-00067,MUHAMMAD BASHEER SB CONT KOANKH,MB NO.6666,True,2026-03-12,10034.7,33.99999999999818,PARTIAL,False,2026-03-12 16:20,Rehman Ahmed,False,
17,FBMCL-00046,MEHBOOB ALAM SB KOANKH,MB NO.6804,True,2026-03-14,0,0,PAID,False,2026-03-14 09:52,Rehman Ahmed,False,
18,FBMCL-00048,RANA ZAHEER SB JPS,MB NO.6800,True,2026-03-14,0,0,PAID,False,2026-03-14 10:19,Rehman Ahmed,False,
19,FBMCL-00017,ASHRAF SB AJNALA(SALEEM CONT),MB NO.6802,True,2026-03-14,0,0,PAID,False,2026-03-14 10:51,Rehman Ahmed,False,
20,FBMCL-00044,NADEEM SB DHINDA,MB NO.6795,True,2026-03-14,15100,5100,PARTIAL,False,2026-03-14 11:07,Rehman Ahmed,False,
21,FBMCL-00035,EHSAN SB CHAUHAN,MB NO.6807,True,2026-03-14,0,0,PAID,False,2026-03-14 11:15,Rehman Ahmed,False,
22,FBMCL-00064,SULEIMAN SB AJNALA,MB NO.6808,True,2026-03-14,7300,7300,OPEN,False,2026-03-14 11:17,Rehman Ahmed,False,
23,FBMCL-00069,MUHAMMAD ASGHAR GUJJAR SB JPS,MB NO.6813,True,2026-03-14,2880,2880,OPEN,False,2026-03-14 14:35,Shujaat Muzaffar,False,
24,FBMCL-00054,RASHID SB RUPOWAL,MB NO.6796,True,2026-03-14,0,0,PAID,False,2026-03-14 14:57,Rehman Ahmed,False,
25,FBMCL-00010,BILAL SB KOANKH (QARI EJAZ SB),MB NO.6814,True,2026-03-14,0,0,PAID,False,2026-03-14 15:46,Shujaat Muzaffar,False,
26,FBMCL-00010,BILAL SB KOANKH (QARI EJAZ SB),MB NO.6823,True,2026-03-15,0,0,PAID,False,2026-03-15 10:16,Shujaat Muzaffar,False,
27,FBMCL-00048,RANA ZAHEER SB JPS,MB NO.6827,True,2026-03-15,0,0,PAID,False,2026-03-15 12:00,Shujaat Muzaffar,False,
28,FBMCL-00006,SHEHBAZ BAIG SB KOANKH,MB NO.6822,True,2026-03-15,0,0,PAID,False,2026-03-15 13:31,Shujaat Muzaffar,False,
29,FBMCL-00098,NABEEL ILLAHI KOANKH,MB NO.6733,True,2026-03-15,0,0,PAID,False,2026-03-15 13:49,Shujaat Muzaffar,False,
30,FBMCL-00050,MAJID HUSSAIN SB AJNALA,MB NO.6830,True,2026-03-15,0,0,PAID,False,2026-03-15 14:07,Shujaat Muzaffar,False,
31,FBMCL-00018,NAZAKAT MOBILE SHOP JPS,MB NO.6812,True,2026-03-15,1450,1450,OPEN,False,2026-03-15 14:28,Shujaat Muzaffar,False,
32,FBMCL-00021,RANA ZAHID SB JPS,MB NO.6832,True,2026-03-15,29500,29500,OPEN,False,2026-03-15 14:13,Shujaat Muzaffar,False,
33,FBMCL-00103,RAJA AMEER HAMZA SB JPS,MB NO.6831,True,2026-03-15,29400,29400,OPEN,False,2026-03-15 16:43,Shujaat Muzaffar,False,
34,FBMCL-00050,MAJID HUSSAIN SB AJNALA,MB NO.6833,True,2026-03-16,0,0,PAID,False,2026-03-16 08:47,Rehman Ahmed,False,
35,FBMCL-00052,GHULAM SARWAR SB JPS(HAJI JAVED SB),MB NO.6724,True,2026-03-16,0,0,PAID,False,2026-03-16 09:25,Rehman Ahmed,False,
36,FBMCL-00052,GHULAM SARWAR SB JPS(HAJI JAVED SB),MB NO.6834,True,2026-03-16,0,0,PAID,False,2026-03-16 09:27,Rehman Ahmed,False,
37,FBMCL-00083,JAVED NUMBERDAR SB JPS,MB NO.6838,True,2026-03-16,0,0,PAID,False,2026-03-16 10:19,Rehman Ahmed,False,
38,FBMCL-00011,GUL SHER SB CHAK BEHRAM,MB NO.6837,True,2026-03-16,790.2999999999793,789.9999999999793,OPEN,False,2026-03-16 10:23,Rehman Ahmed,False,
39,FBMCL-00104,WAHEED SB RUPOWAL (SEP CLIENT),MB NO.6829,True,2026-03-16,31880,31880,OPEN,False,2026-03-16 09:14,Rehman Ahmed,False,
40,FBMCL-00025,MALIK JAVED SB KHAN PUR KHOKHAR,MB NO.6770,True,2026-03-12,0,0,PAID,False,2026-03-12 11:27,Shujaat Muzaffar,False,
41,FBMCL-00050,MAJID HUSSAIN SB AJNALA,MB NO.6845,True,2026-03-16,0,0,PAID,False,2026-03-16 11:59,Shujaat Muzaffar,False,
42,FBMCL-00063,ABDULLAH SB KOANKH,MB NO.6846,True,2026-03-16,2671.2,2671.2,OPEN,False,2026-03-16 12:04,Shujaat Muzaffar,False,
43,FBMCL-00098,NABEEL ILLAHI KOANKH,MB NO.6844,True,2026-03-16,0,0,PAID,False,2026-03-16 09:56,Rehman Ahmed,False,
44,FBMCL-00096,YOUSUF BUTT SB KOANKH,MB NO.6835,True,2026-03-16,9140,9140,OPEN,False,2026-03-16 09:33,Rehman Ahmed,False,
45,FBMCL-00105,DR EHSAN SB DHINDA,MB NO.6842,True,2026-03-16,14786.2,14786.2,OPEN,False,2026-03-16 12:46,Rehman Ahmed,False,
46,FBMCL-00106,WALEED ULLAH SB DILAWAR PUR,MB NO.6850,True,2026-03-16,651.7999999999762,651.7999999999762,OPEN,False,2026-03-16 15:16,Rehman Ahmed,False,
47,FBMCL-00109,IMRAN SB KHATANA,MB NO.6847,True,2026-03-16,0,0,PAID,False,2026-03-16 16:20,Rehman Ahmed,False,
48,FBMCL-00048,RANA ZAHEER SB JPS,MB NO.6855,True,2026-03-16,0,0,PAID,False,2026-03-16 16:22,Rehman Ahmed,False,
49,FBMCL-00110,NAZIM SB JPS,MB NO.6854,True,2026-03-16,7350,7350,OPEN,False,2026-03-16 16:23,Rehman Ahmed,False,
50,FBMCL-00088,FAISAL SB AJNALA,MB NO.6848,True,2026-03-16,0,0,PAID,False,2026-03-16 17:20,Shujaat Muzaffar,False,
51,FBMCL-00074,QAMAR BAIG SB KOANKH,MB NO.6856,True,2026-03-16,29600,29600,OPEN,False,2026-03-16 17:33,Rehman Ahmed,False,
52,FBMCL-00083,JAVED NUMBERDAR SB JPS,MB NO.6864,True,2026-03-17,0,0,PAID,False,2026-03-17 10:23,Shujaat Muzaffar,False,
53,FBMCL-00112,MASJID ASIF BHAI MADNI MALAK PUR,MB NO.6871,True,2026-03-17,29200,29200,OPEN,False,2026-03-17 10:38,Rehman Ahmed,False,
54,FBMCL-00098,NABEEL ILLAHI KOANKH,INV-20260317104916,False,2026-03-17,0,0,PAID,False,2026-03-17 10:45,Shujaat Muzaffar,False,
55,FBMCL-00021,RANA ZAHID SB JPS,MB NO.6866,True,2026-03-17,14750,14750,OPEN,False,2026-03-17 10:57,Shujaat Muzaffar,False,
56,FBMCL-00002,TAHIR ABBAS SB KOANKH,MB NO.6868,True,2026-03-17,0,0,PAID,False,2026-03-17 11:09,Shujaat Muzaffar,False,
57,FBMCL-00050,MAJID HUSSAIN SB AJNALA,MB NO.6869,True,2026-03-17,0,0,PAID,False,2026-03-17 11:17,Shujaat Muzaffar,False,
58,FBMCL-00070,MUHAMMAD ASGHAR FAUJI SB JPS,MB NO.6870,True,2026-03-17,0,0,PAID,False,2026-03-17 11:18,Shujaat Muzaffar,False,
59,FBMCL-00051,FAZAL ILAHI SB JALPUWAL,MB NO.6737,True,2026-03-17,2500,2500,OPEN,False,2026-03-17 12:13,Shujaat Muzaffar,False,
60,FBMCL-00051,FAZAL ILAHI SB JALPUWAL,MB NO.6873,True,2026-03-17,0,0,PAID,False,2026-03-17 12:45,Shujaat Muzaffar,False,
61,FBMCL-00001,ABDUL AZEEM SB KHAN PUR KHOKHAR,MB NO.6876,True,2026-03-17,32226,32226,OPEN,False,2026-03-17 13:19,Shujaat Muzaffar,False,
62,FBMCL-00009,MAZHAR SB RUPOWAL DERA,MB NO.CVBNM,True,2026-03-17,37250,37250,OPEN,False,2026-03-17 13:35,Rehman Ahmed,False,
63,FBMCL-00114,MUHAMMAD RAFEEQ SB AJNALA,MB NO.6877,True,2026-03-17,0,0,PAID,False,2026-03-17 13:50,Rehman Ahmed,False,
64,FBMCL-00053,MUHAMMAD ALI SB MULL,MB NO.6878,True,2026-03-17,0,0,PAID,False,2026-03-17 14:03,Shujaat Muzaffar,False,
65,FBMCL-00108,TARIQ BUTT SB JPS,MB NO.6879,True,2026-03-17,750,750,OPEN,False,2026-03-17 14:44,Rehman Ahmed,False,
66,FBMCL-00072,EHSAN ATTARI SB JPS,MB NO.6882,True,2026-03-17,0,0,PAID,False,2026-03-17 15:15,Shujaat Muzaffar,False,
67,FBMCL-00065,SAJID BAIG MAKKI KOANKH,MB NO.6884,True,2026-03-17,0,0,PAID,False,2026-03-17 16:03,Shujaat Muzaffar,False,
68,FBMCL-00048,RANA ZAHEER SB JPS,MB NO.6889,True,2026-03-18,0,0,PAID,False,2026-03-18 11:00,Shujaat Muzaffar,False,
69,FBMCL-00051,FAZAL ILAHI SB JALPUWAL,MB NO.6891,True,2026-03-18,0,0,PAID,False,2026-03-18 11:29,Shujaat Muzaffar,False,
70,FBMCL-00021,RANA ZAHID SB JPS,MB NO.6892,True,2026-03-18,14750,14750,OPEN,False,2026-03-18 12:07,Shujaat Muzaffar,False,
71,FBMCL-00098,NABEEL ILLAHI KOANKH,MB NO.6893,True,2026-03-18,0,0,PAID,False,2026-03-18 12:20,Rehman Ahmed,False,
72,FBMCL-00105,DR EHSAN SB DHINDA,MB NO.6894,True,2026-03-18,0,0,PAID,False,2026-03-18 15:53,Rehman Ahmed,False,
73,FBMCL-00024,HAJI JAVED SB JPS,MB NO.6940,True,2026-03-24,0,0,PAID,False,2026-03-24 09:51,Shujaat Muzaffar,False,
74,FBMCL-00025,MALIK JAVED SB KHAN PUR KHOKHAR,MB NO.6948,True,2026-03-24,0,0,PAID,False,2026-03-24 12:00,Shujaat Muzaffar,False,
75,FBMCL-00069,MUHAMMAD ASGHAR GUJJAR SB JPS,MB NO.6950,True,2026-03-24,1430,1430,OPEN,False,2026-03-24 12:40,Shujaat Muzaffar,False,
76,FBMCL-00052,GHULAM SARWAR SB JPS(HAJI JAVED SB),MB NO.6902,True,2026-03-19,0,0,PAID,False,2026-03-19 12:41,Shujaat Muzaffar,False,
77,FBMCL-00070,MUHAMMAD ASGHAR FAUJI SB JPS,MB NO.6904,True,2026-03-19,0,0,PAID,False,2026-03-19 12:52,Shujaat Muzaffar,False,
78,FBMCL-00082,AMIR JAVED SB GHURAL,MB NO.6906,True,2026-03-24,18559.9999999992,0,PAID,False,2026-03-24 12:56,Shujaat Muzaffar,False,
79,FBMCL-00021,RANA ZAHID SB JPS,MB NO.6908,True,2026-03-19,14750,14750,OPEN,False,2026-03-19 13:16,Shujaat Muzaffar,False,
80,FBMCL-00052,GHULAM SARWAR SB JPS(HAJI JAVED SB),MB NO.6909,True,2026-03-19,0,0,PAID,False,2026-03-19 13:24,Shujaat Muzaffar,False,
81,FBMCL-00021,RANA ZAHID SB JPS,MB NO.6952,True,2026-03-24,29500,29500,OPEN,False,2026-03-24 14:20,Shujaat Muzaffar,False,
82,FBMCL-00055,FIYAZ BAIG SB KOANKH,MB NO.6911,True,2026-03-19,0,0,PAID,False,2026-03-19 15:45,Shujaat Muzaffar,False,
83,FBMCL-00002,TAHIR ABBAS SB KOANKH,MB NO.6912,True,2026-03-19,0,0,PAID,False,2026-03-19 15:47,Shujaat Muzaffar,False,
84,FBMCL-00088,FAISAL SB AJNALA,MB NO.6915,True,2026-03-19,0,0,PAID,False,2026-03-19 15:50,Shujaat Muzaffar,False,
85,FBMCL-00082,AMIR JAVED SB GHURAL,MB NO.6959,True,2026-03-25,1450,1450,OPEN,False,2026-03-25 09:27,Shujaat Muzaffar,False,
86,FBMCL-00016,MALIK ANSAR SB KHORI,MB NO.6953,True,2026-03-25,30600,30600,OPEN,False,2026-03-25 09:30,Shujaat Muzaffar,False,
87,FBMCL-00136,MUZAFFAR SB RUPOWAL,MB NO.6968,True,2026-03-25,27980.0000000006,27980.0000000006,OPEN,False,2026-03-25 10:15,Shujaat Muzaffar,False,
88,FBMCL-00044,NADEEM SB DHINDA,MB NO.6963,True,2026-03-25,14750,14750,OPEN,False,2026-03-25 10:58,Shujaat Muzaffar,False,
89,FBMCL-00055,FIYAZ BAIG SB KOANKH,MB NO.6967,True,2026-03-25,0,0,PAID,False,2026-03-25 11:45,Shujaat Muzaffar,False,
90,FBMCL-00076,IMRAN SB MALAK PUR,MB NO.6966,True,2026-03-25,0,0,PAID,False,2026-03-25 12:09,Shujaat Muzaffar,False,
91,FBMCL-00051,FAZAL ILAHI SB JALPUWAL,MB NO.6971,True,2026-03-25,0,0,PAID,False,2026-03-25 12:48,Shujaat Muzaffar,False,
92,FBMCL-00048,RANA ZAHEER SB JPS,MB NO.6970,True,2026-03-25,0,0,PAID,False,2026-03-25 13:27,Shujaat Muzaffar,False,
93,FBMCL-00066,SUBEDAR MUHAMMAD ARSHAD SB KHANPUR KHOKHAR,MB NO.6975,True,2026-03-25,19244,19244,OPEN,False,2026-03-25 15:09,Shujaat Muzaffar,False,
94,FBMCL-00077,MUHAMMAD ARSHAD SB SALOON JPS,MB NO.6979,True,2026-03-26,2880,2880,OPEN,False,2026-03-26 09:35,Shujaat Muzaffar,False,
95,FBMCL-00051,FAZAL ILAHI SB JALPUWAL,MB NO.6981,True,2026-03-26,1044,1044,OPEN,False,2026-03-26 09:36,Shujaat Muzaffar,False,
96,FBMCL-00088,FAISAL SB AJNALA,MB NO.6982,True,2026-03-26,0,0,PAID,False,2026-03-26 09:52,Shujaat Muzaffar,False,
97,FBMCL-00065,SAJID BAIG MAKKI KOANKH,MB NO.6983,True,2026-03-26,800,800,OPEN,False,2026-03-26 09:55,Shujaat Muzaffar,False,
98,FBMCL-00001,ABDUL AZEEM SB KHAN PUR KHOKHAR,MB NO.6986,True,2026-03-26,0,0,PAID,False,2026-03-26 10:46,Shujaat Muzaffar,False,
99,FBMCL-00055,FIYAZ BAIG SB KOANKH,INV-20260326115959,False,2026-03-26,0,0,PAID,False,2026-03-26 11:57,Shujaat Muzaffar,False,
100,FBMCL-00091,MIRZA IMTIAZ BAIG SB KOANKH (RICKSHAW),MB NO.6989,True,2026-03-26,8520,8520,OPEN,False,2026-03-26 12:54,Shujaat Muzaffar,False,
101,FBMCL-00021,RANA ZAHID SB JPS,MB NO.6993,True,2026-03-26,2890,2890,OPEN,False,2026-03-26 16:03,Shujaat Muzaffar,False,
102,FBMCL-00108,TARIQ BUTT SB JPS,MB NO.7002,True,2026-03-28,0,0,PAID,False,2026-03-28 09:37,Shujaat Muzaffar,False,
103,FBMCL-00111,RAJA PARWEZ SB RANGPUR,MB NO.7008,True,2026-03-28,0,0,PAID,False,2026-03-28 10:19,Shujaat Muzaffar,False,
104,FBMCL-00069,MUHAMMAD ASGHAR GUJJAR SB JPS,MB NO.7000,True,2026-03-28,1430,1430,OPEN,False,2026-03-28 10:28,Shujaat Muzaffar,False,
105,FBMCL-00077,MUHAMMAD ARSHAD SB SALOON JPS,MB NO.7010,True,2026-03-27,1440,1440,OPEN,False,2026-03-27 10:38,Shujaat Muzaffar,False,
106,FBMCL-00147,MUHAMMAD RAZAQ SB JPS,MB NO.7003,True,2026-03-28,0,0,PAID,False,2026-03-28 11:36,Shujaat Muzaffar,False,
107,FBMCL-00025,MALIK JAVED SB KHAN PUR KHOKHAR,MB NO.7013,True,2026-03-28,0,0,PAID,False,2026-03-28 11:52,Shujaat Muzaffar,False,
108,FBMCL-00038,TAHIR SB AJNALA,MB NO.7015,True,2026-03-28,0,0,PAID,False,2026-03-28 12:01,Shujaat Muzaffar,False,
109,FBMCL-00098,NABEEL ILLAHI KOANKH,MB NO.7021,True,2026-03-28,0,0,PAID,False,2026-03-28 12:05,Shujaat Muzaffar,False,
110,FBMCL-00006,SHEHBAZ BAIG SB KOANKH,MB NO.7019,True,2026-03-28,0,0,PAID,False,2026-03-28 12:39,Shujaat Muzaffar,False,
111,FBMCL-00123,RAJA IFTIKHAR SB JPS,MB NO.7022,True,2026-03-28,0,0,PAID,False,2026-03-28 13:10,Shujaat Muzaffar,False,
112,FBMCL-00147,MUHAMMAD RAZAQ SB JPS,MB NO.7024,True,2026-03-28,30330.4,30330.4,OPEN,False,2026-03-28 13:49,Shujaat Muzaffar,False,
113,FBMCL-00148,MUHAMMAD AFZAL SB DUKANDAR GHURAL,MB NO.7027,True,2026-03-28,0,0,PAID,False,2026-03-28 13:53,Shujaat Muzaffar,False,
114,FBMCL-00107,SHEHZAD SB POULTRY FARM JPS,MB NO.7023,True,2026-03-28,4080,4080,OPEN,False,2026-03-28 14:50,Shujaat Muzaffar,False,
115,FBMCL-00149,NAEEM SB KHANPUR KHOKHAR,MB NO.7029,True,2026-03-28,0,0,PAID,False,2026-03-28 15:28,Shujaat Muzaffar,False,
116,FBMCL-00150,MUHAMMAD AKRAM SB SANTAL SURKHIYAN,MB NO.7031,True,2026-03-28,0,0,PAID,False,2026-03-28 17:12,Shujaat Muzaffar,False,
117,FBMCL-00050,MAJID HUSSAIN SB AJNALA,MB NO.7038,True,2026-03-29,0,0,PAID,False,2026-03-29 09:29,Rehman Ahmed,False,
118,FBMCL-00140,ABDUL GHAFFAR SB JPS,MB NO.7042,True,2026-03-29,0,0,PAID,False,2026-03-29 10:50,Shujaat Muzaffar,False,
119,FBMCL-00114,MUHAMMAD RAFEEQ SB AJNALA,MB NO.7044,True,2026-03-29,0,0,PAID,False,2026-03-29 11:10,Shujaat Muzaffar,False,
120,FBMCL-00033,AHMED SUBHANI SB AJNALA,MB NO.7032,True,2026-03-29,0,0,PAID,False,2026-03-29 11:20,Shujaat Muzaffar,False,
121,FBMCL-00138,FAROOQ KALAS SB PARSUWAL,MB NO.7043,True,2026-03-29,0,0,PAID,False,2026-03-29 11:48,Shujaat Muzaffar,False,
122,FBMCL-00001,ABDUL AZEEM SB KHAN PUR KHOKHAR,MB NO.7036,True,2026-03-29,0,0,PAID,False,2026-03-29 12:08,Shujaat Muzaffar,False,
123,FBMCL-00083,JAVED NUMBERDAR SB JPS,MB NO.7040,True,2026-03-29,0,0,PAID,False,2026-03-29 12:29,Shujaat Muzaffar,False,
124,FBMCL-00125,HAFIZ TAUSEEF SB AJNALA,MB NO.7041,True,2026-03-29,6060,6060,OPEN,False,2026-03-29 12:32,Shujaat Muzaffar,False,
125,FBMCL-00147,MUHAMMAD RAZAQ SB JPS,MB NO.7047/2,True,2026-03-29,0,0,PAID,False,2026-03-29 13:14,Shujaat Muzaffar,False,
126,FBMCL-00051,FAZAL ILAHI SB JALPUWAL,MB NO.7049,True,2026-03-29,0,0,PAID,False,2026-03-29 13:17,Rehman Ahmed,False,
127,FBMCL-00153,RAJA ALTAF SB JPS,MB NO.7037,True,2026-03-29,55.00000000000078,55.00000000000078,OPEN,False,2026-03-29 14:15,Shujaat Muzaffar,False,
128,FBMCL-00153,RAJA ALTAF SB JPS,MB NO.7051,True,2026-03-29,5917.5,5917,OPEN,False,2026-03-29 14:18,Shujaat Muzaffar,False,
129,FBMCL-00138,FAROOQ KALAS SB PARSUWAL,MB NO.7056,True,2026-03-29,0,0,PAID,False,2026-03-29 15:39,Shujaat Muzaffar,False,
130,FBMCL-00111,RAJA PARWEZ SB RANGPUR,MB NO.7058,True,2026-03-29,43500,43500,OPEN,False,2026-03-29 16:22,Shujaat Muzaffar,False,
131,FBMCL-00113,MUHAMMAD SALEEM SB RUPOWAL,MB NO.7069,True,2026-03-30,58800,58800,OPEN,False,2026-03-30 09:36,Shujaat Muzaffar,False,
132,FBMCL-00153,RAJA ALTAF SB JPS,MB NO.7071,True,2026-03-30,5555,5555,OPEN,False,2026-03-30 10:16,Rehman Ahmed,False,
133,FBMCL-00151,MALIK MEHMOOD SB PARSUWAL,MB NO.7060,True,2026-03-30,0,0,PAID,False,2026-03-30 10:42,Shujaat Muzaffar,False,
134,FBMCL-00002,TAHIR ABBAS SB KOANKH,MB NO.7064,True,2026-03-30,0,0,PAID,False,2026-03-30 10:44,Shujaat Muzaffar,False,
135,FBMCL-00012,MAJEED BUTT SB JPS,MB NO.7065,True,2026-03-30,0,0,PAID,False,2026-03-30 10:47,Shujaat Muzaffar,False,
136,FBMCL-00130,REHMAN SB AJNALA(WAJID BROTHER),MB NO.7059,True,2026-03-30,0,0,PAID,False,2026-03-30 11:24,Shujaat Muzaffar,False,
137,FBMCL-00048,RANA ZAHEER SB JPS,MB NO.7078,True,2026-03-30,28600,28600,OPEN,False,2026-03-30 12:43,Shujaat Muzaffar,False,
138,FBMCL-00038,TAHIR SB AJNALA,MB NO.7079,True,2026-03-30,0,0,PAID,False,2026-03-30 13:25,Shujaat Muzaffar,False,
139,FBMCL-00125,HAFIZ TAUSEEF SB AJNALA,MB NO.7041/2,True,2026-03-30,1440,1440,OPEN,False,2026-03-30 14:26,Shujaat Muzaffar,False,
140,FBMCL-00072,EHSAN ATTARI SB JPS,MB NO.7080,True,2026-03-30,0,0,PAID,False,2026-03-30 14:42,Shujaat Muzaffar,False,
141,FBMCL-00138,FAROOQ KALAS SB PARSUWAL,MB NO.7082,True,2026-03-30,0,0,PAID,False,2026-03-30 15:40,Shujaat Muzaffar,False,
142,FBMCL-00035,EHSAN SB CHAUHAN,MB NO.7087,True,2026-03-31,0,0,PAID,False,2026-03-31 08:59,Shujaat Muzaffar,False,
143,FBMCL-00035,EHSAN SB CHAUHAN,MB NO.6939,True,2026-03-24,0,0,PAID,False,2026-03-24 09:24,Shujaat Muzaffar,False,
144,FBMCL-00146,ABDUL SATTAR SB DHINDA FARM,MB NO.7088,True,2026-03-31,0,0,PAID,False,2026-03-31 09:32,Shujaat Muzaffar,False,
145,FBMCL-00067,MUHAMMAD BASHEER SB CONT KOANKH,MB NO.7089,True,2026-03-31,0,0,PAID,False,2026-03-31 09:34,Shujaat Muzaffar,False,
146,FBMCL-00010,BILAL SB KOANKH (QARI EJAZ SB),MB NO.7093,True,2026-03-31,0,0,PAID,False,2026-03-31 09:45,Shujaat Muzaffar,False,
147,FBMCL-00050,MAJID HUSSAIN SB AJNALA,MB NO.7094,True,2026-03-31,3000,3000,OPEN,False,2026-03-31 10:05,Shujaat Muzaffar,False,
148,FBMCL-00017,ASHRAF SB AJNALA(SALEEM CONT),MB NO.7092,True,2026-03-31,0,0,PAID,False,2026-03-31 10:08,Shujaat Muzaffar,False,
149,FBMCL-00021,RANA ZAHID SB JPS,MB NO.7091,True,2026-03-31,14500,14500,OPEN,False,2026-03-31 10:15,Shujaat Muzaffar,False,
150,FBMCL-00048,RANA ZAHEER SB JPS,MB NO.7085/2,True,2026-03-31,0,0,PAID,False,2026-03-31 10:38,Shujaat Muzaffar,False,
151,FBMCL-00158,JAMEEL SB JAGWAN,MB NO.7096,True,2026-03-31,555707.6,555707,OPEN,False,2026-03-31 11:20,Shujaat Muzaffar,False,
152,FBMCL-00052,GHULAM SARWAR SB JPS(HAJI JAVED SB),MB NO.7097,True,2026-03-31,0,0,PAID,False,2026-03-31 12:16,Shujaat Muzaffar,False,
153,FBMCL-00146,ABDUL SATTAR SB DHINDA FARM,MB NO.7099,True,2026-03-31,0,0,PAID,False,2026-03-31 12:34,Shujaat Muzaffar,False,
154,FBMCL-00053,MUHAMMAD ALI SB MULL,MB NO.7102/2,True,2026-03-31,600,600,OPEN,False,2026-03-31 13:54,Rehman Ahmed,False,
155,FBMCL-00109,IMRAN SB KHATANA,MB NO.7103/2,True,2026-03-31,0,0,PAID,False,2026-03-31 14:05,Shujaat Muzaffar,False,
156,FBMCL-00021,RANA ZAHID SB JPS,MB NO.7111,True,2026-03-31,14500,14500,OPEN,False,2026-03-31 10:55,Shujaat Muzaffar,False,
157,FBMCL-00001,ABDUL AZEEM SB KHAN PUR KHOKHAR,MB NO.7132,True,2026-04-01,0,0,PAID,False,2026-04-01 13:14,Shujaat Muzaffar,False,
158,FBMCL-00028,MIRZA AMJAD JAVED SB AJNALA SITE,MB NO.7114,True,2026-04-01,37250,37250,OPEN,False,2026-04-01 13:50,Shujaat Muzaffar,False,
159,FBMCL-00038,TAHIR SB AJNALA,MB NO.7137,True,2026-04-01,0,0,PAID,False,2026-04-01 14:30,Shujaat Muzaffar,False,
160,FBMCL-00108,TARIQ BUTT SB JPS,MB NO.7115,True,2026-04-01,0,0,PAID,False,2026-04-01 14:43,Shujaat Muzaffar,False,
161,FBMCL-00137,AHMED SB DHINDA,MB NO.7120,True,2026-04-01,15000,15000,OPEN,False,2026-04-01 15:34,Shujaat Muzaffar,False,
162,FBMCL-00052,GHULAM SARWAR SB JPS(HAJI JAVED SB),MB NO.7006,True,2026-03-28,0,0,PAID,False,2026-03-28 15:35,Shujaat Muzaffar,False,
163,FBMCL-00044,NADEEM SB DHINDA,MB NO.7121,True,2026-04-01,2900,2900,OPEN,False,2026-04-01 16:06,Shujaat Muzaffar,False,
164,FBMCL-00065,SAJID BAIG MAKKI KOANKH,MB NO.7123,True,2026-04-01,6040.2,6040.2,OPEN,False,2026-04-01 16:14,Shujaat Muzaffar,False,
165,FBMCL-00066,SUBEDAR MUHAMMAD ARSHAD SB KHANPUR KHOKHAR,MB NO.6819,True,2026-03-15,0,0,PAID,False,2026-03-15 10:33,Shujaat Muzaffar,False,
166,FBMCL-00066,SUBEDAR MUHAMMAD ARSHAD SB KHANPUR KHOKHAR,MB NO.7144,True,2026-04-01,26582.5,26582,OPEN,False,2026-04-01 09:55,Shujaat Muzaffar,False,
167,FBMCL-00135,BASHEER SHAH SB GHURAIRA( KAKU SHAH),MB NO.7150,True,2026-04-02,0,0,PAID,False,2026-04-02 10:18,Shujaat Muzaffar,False,
168,FBMCL-00048,RANA ZAHEER SB JPS,MB NO.7151,True,2026-04-02,0,0,PAID,False,2026-04-02 10:20,Shujaat Muzaffar,False,
169,FBMCL-00051,FAZAL ILAHI SB JALPUWAL,MB NO.7152,True,2026-04-02,0,0,PAID,False,2026-04-02 10:24,Shujaat Muzaffar,False,
170,FBMCL-00098,NABEEL ILLAHI KOANKH,MB NO.7156,True,2026-04-02,0,0,PAID,False,2026-04-02 11:26,Shujaat Muzaffar,False,
171,FBMCL-00159,MUHAMMAD ASGHAR SB DEDHAR SHARIF,MB NO.7133,True,2026-04-01,0,0,PAID,False,2026-04-01 11:36,Shujaat Muzaffar,False,
172,FBMCL-00012,MAJEED BUTT SB JPS,MB NO.7125,True,2026-04-01,0,0,PAID,False,2026-04-01 12:35,Shujaat Muzaffar,False,
173,FBMCL-00098,NABEEL ILLAHI KOANKH,MB NO.6160,True,2026-04-02,0,0,PAID,False,2026-04-02 14:45,Shujaat Muzaffar,False,
174,FBMCL-00140,ABDUL GHAFFAR SB JPS,MB NO.7163,True,2026-04-02,0,0,PAID,False,2026-04-02 15:18,Shujaat Muzaffar,False,
175,FBMCL-00148,MUHAMMAD AFZAL SB DUKANDAR GHURAL,MB NO.7165,True,2026-04-02,0,0,PAID,False,2026-04-02 15:46,Shujaat Muzaffar,False,
176,FBMCL-00038,TAHIR SB AJNALA,MB NO.7166,True,2026-04-02,0,0,PAID,False,2026-04-02 15:53,Shujaat Muzaffar,False,
177,FBMCL-00046,MEHBOOB ALAM SB KOANKH,MB NO.7170,True,2026-04-03,0,0,PAID,False,2026-04-03 09:26,Shujaat Muzaffar,False,
178,FBMCL-00133,MALIK USMAN SB JPS,MB NO.7181,True,2026-04-04,0,0,PAID,False,2026-04-04 09:37,Shujaat Muzaffar,False,
179,FBMCL-00103,RAJA AMEER HAMZA SB JPS,MB NO.7184,True,2026-04-04,0,0,PAID,False,2026-04-04 09:38,Shujaat Muzaffar,False,
180,FBMCL-00141,SUBEDAR RIAZ SB JPS (HAJI ASHFAQ SB JPS),MB NO.7185,True,2026-04-04,0,0,PAID,False,2026-04-04 09:40,Shujaat Muzaffar,False,
181,FBMCL-00083,JAVED NUMBERDAR SB JPS,MB NO.7189,True,2026-04-04,0,0,PAID,False,2026-04-04 09:43,Shujaat Muzaffar,False,
182,FBMCL-00141,SUBEDAR RIAZ SB JPS (HAJI ASHFAQ SB JPS),MB NO.7190,True,2026-04-04,0,0,PAID,False,2026-04-04 09:47,Shujaat Muzaffar,False,
183,FBMCL-00130,REHMAN SB AJNALA(WAJID BROTHER),MB NO.7191,True,2026-04-04,0,0,PAID,False,2026-04-04 09:53,Shujaat Muzaffar,False,
184,FBMCL-00138,FAROOQ KALAS SB PARSUWAL,MB NO.7192,True,2026-04-04,0,0,PAID,False,2026-04-04 10:01,Shujaat Muzaffar,False,
185,FBMCL-00113,MUHAMMAD SALEEM SB RUPOWAL,MB NO.7200,True,2026-04-04,32000,32000,OPEN,False,2026-04-04 14:50,Shujaat Muzaffar,False,
186,FBMCL-00158,JAMEEL SB JAGWAN,MB NO.7201,True,2026-04-04,77757.7,77757,OPEN,False,2026-04-04 15:07,Shujaat Muzaffar,False,
187,FBMCL-00169,MUHAMMAD SHABEER SB CONT TIBBA AJNALA,MB NO.7219,True,2026-04-05,0,0,PAID,False,2026-04-05 12:14,Rehman Ahmed,False,
188,FBMCL-00147,MUHAMMAD RAZAQ SB JPS,MB NO.7210,True,2026-04-05,0,0,PAID,False,2026-04-05 12:28,Rehman Ahmed,False,
189,FBMCL-00046,MEHBOOB ALAM SB KOANKH,MB NO.7208,True,2026-04-05,0,0,PAID,False,2026-04-05 12:32,Rehman Ahmed,False,
190,FBMCL-00048,RANA ZAHEER SB JPS,MB NO.7206,True,2026-04-05,1520,1520,OPEN,False,2026-04-05 13:05,Rehman Ahmed,False,
191,FBMCL-00038,TAHIR SB AJNALA,MB NO.7212,True,2026-04-05,0,0,PAID,False,2026-04-05 13:11,Rehman Ahmed,False,
192,FBMCL-00006,SHEHBAZ BAIG SB KOANKH,MB NO.7221,True,2026-04-05,0,0,PAID,False,2026-04-05 13:22,Rehman Ahmed,False,
193,FBMCL-00017,ASHRAF SB AJNALA(SALEEM CONT),MB NO.7222,True,2026-04-05,5500,5500,OPEN,False,2026-04-05 13:37,Rehman Ahmed,False,
194,FBMCL-00021,RANA ZAHID SB JPS,MB NO.7240,True,2026-04-06,1520,1520,OPEN,False,2026-04-06 09:25,Rehman Ahmed,False,
195,FBMCL-00149,NAEEM SB KHANPUR KHOKHAR,MB NO.7241,True,2026-04-06,0,0,PAID,False,2026-04-06 09:32,Rehman Ahmed,False,
196,FBMCL-00046,MEHBOOB ALAM SB KOANKH,MB NO.7234,True,2026-04-06,1260,1260,OPEN,False,2026-04-06 12:09,Shujaat Muzaffar,False,
197,FBMCL-00170,RANA ZAHEER ABBAS SB KHAN COLONY JPS,MB NO.7235,True,2026-04-06,0,0,PAID,False,2026-04-06 12:15,Shujaat Muzaffar,False,
198,FBMCL-00053,MUHAMMAD ALI SB MULL,MB NO.7236,True,2026-04-06,0,0,PAID,False,2026-04-06 12:18,Shujaat Muzaffar,False,
199,FBMCL-00083,JAVED NUMBERDAR SB JPS,MB NO.7243,True,2026-04-06,0,0,PAID,False,2026-04-06 12:20,Shujaat Muzaffar,False,
200,FBMCL-00138,FAROOQ KALAS SB PARSUWAL,MB NO.7246,True,2026-04-06,11480,11480,OPEN,False,2026-04-06 12:31,Shujaat Muzaffar,False,
201,FBMCL-00114,MUHAMMAD RAFEEQ SB AJNALA,MB NO.7252,True,2026-04-06,0,0,PAID,False,2026-04-06 12:44,Shujaat Muzaffar,False,
202,FBMCL-00046,MEHBOOB ALAM SB KOANKH,MB NO.7256,True,2026-04-06,29870.4,29870,OPEN,False,2026-04-06 12:47,Shujaat Muzaffar,False,
203,FBMCL-00055,FIYAZ BAIG SB KOANKH,MB NO.7257,True,2026-04-06,0,0,PAID,False,2026-04-06 12:53,Shujaat Muzaffar,False,
204,FBMCL-00051,FAZAL ILAHI SB JALPUWAL,MB NO.7258,True,2026-04-06,0,0,PAID,False,2026-04-06 12:58,Shujaat Muzaffar,False,
205,FBMCL-00002,TAHIR ABBAS SB KOANKH,MB NO.7261,True,2026-04-06,0,0,PAID,False,2026-04-06 13:16,Shujaat Muzaffar,False,
206,FBMCL-00021,RANA ZAHID SB JPS,MB NO.7240/2,True,2026-04-06,1520,1520,OPEN,False,2026-04-06 13:31,Shujaat Muzaffar,False,
207,FBMCL-00130,REHMAN SB AJNALA(WAJID BROTHER),MB NO.7230,True,2026-04-06,0,0,PAID,False,2026-04-06 13:45,Shujaat Muzaffar,False,
208,FBMCL-00171,FAKHAR SHAH SB AJNALA,MB NO.7262,True,2026-04-06,40350,40350,OPEN,False,2026-04-06 14:17,Shujaat Muzaffar,False,
209,FBMCL-00126,NAWAZ SB DHINDA (RIZWAN CONT),MB NO.7264,True,2026-04-06,31600,31600,OPEN,False,2026-04-06 14:24,Shujaat Muzaffar,False,
210,FBMCL-00149,NAEEM SB KHANPUR KHOKHAR,MB NO.7265,True,2026-04-06,0,0,PAID,False,2026-04-06 14:55,Shujaat Muzaffar,False,
211,FBMCL-00108,TARIQ BUTT SB JPS,MB NO.7270,True,2026-04-06,0,0,PAID,False,2026-04-06 16:32,Shujaat Muzaffar,False,
212,FBMCL-00111,RAJA PARWEZ SB RANGPUR,MB NO.7275,True,2026-04-06,0,0,PAID,False,2026-04-06 09:35,Shujaat Muzaffar,False,
213,FBMCL-00048,RANA ZAHEER SB JPS,MB NO.7279,True,2026-04-07,31700,31700,OPEN,False,2026-04-07 10:02,Shujaat Muzaffar,False,
214,FBMCL-00088,FAISAL SB AJNALA,MB NO.7281,True,2026-04-07,0,0,PAID,False,2026-04-07 10:10,Shujaat Muzaffar,False,
215,FBMCL-00155,ANSAR SB DOIYAN,MB NO.7161,True,2026-04-07,6233.200000000044,6233.000000000045,OPEN,False,2026-04-07 10:49,Shujaat Muzaffar,False,
216,FBMCL-00147,MUHAMMAD RAZAQ SB JPS,MB NO.7283,True,2026-04-07,2785.599999999997,2784.999999999997,OPEN,False,2026-04-07 11:01,Shujaat Muzaffar,False,
217,FBMCL-00010,BILAL SB KOANKH (QARI EJAZ SB),MB NO.7290,True,2026-04-07,0,0,PAID,False,2026-04-07 12:25,Shujaat Muzaffar,False,
218,FBMCL-00009,MAZHAR SB RUPOWAL DERA,MB NO.6996,True,2026-03-26,50786.8,50786,OPEN,False,2026-03-26 13:43,Shujaat Muzaffar,False,
219,FBMCL-00170,RANA ZAHEER ABBAS SB KHAN COLONY JPS,MB NO.7292,True,2026-04-07,0,0,PAID,False,2026-04-07 14:50,Shujaat Muzaffar,False,
220,FBMCL-00009,MAZHAR SB RUPOWAL DERA,MB NO.7297,True,2026-04-08,35650,35650,OPEN,False,2026-04-08 10:15,Shujaat Muzaffar,False,
221,FBMCL-00088,FAISAL SB AJNALA,MB NO.7298,True,2026-04-08,0,0,PAID,False,2026-04-08 10:19,Shujaat Muzaffar,False,
222,FBMCL-00113,MUHAMMAD SALEEM SB RUPOWAL,MB NO.7299,True,2026-04-08,64400,64400,OPEN,False,2026-04-08 10:27,Shujaat Muzaffar,False,
223,FBMCL-00017,ASHRAF SB AJNALA(SALEEM CONT),MB NO.7300,True,2026-04-08,0,0,PAID,False,2026-04-08 10:32,Shujaat Muzaffar,False,
224,FBMCL-00103,RAJA AMEER HAMZA SB JPS,MB NO.7295,True,2026-04-08,30968.5,30968.5,OPEN,False,2026-04-08 10:36,Shujaat Muzaffar,False,
225,FBMCL-00002,TAHIR ABBAS SB KOANKH,MB NO.7301,True,2026-04-08,2940,2940,OPEN,False,2026-04-08 10:44,Shujaat Muzaffar,False,
226,FBMCL-00135,BASHEER SHAH SB GHURAIRA( KAKU SHAH),MB NO.7308,True,2026-04-08,2287.599999999999,2286.999999999999,OPEN,False,2026-04-08 13:24,Shujaat Muzaffar,False,
227,FBMCL-00148,MUHAMMAD AFZAL SB DUKANDAR GHURAL,MB NO.7312,True,2026-04-08,0,0,PAID,False,2026-04-08 14:25,Shujaat Muzaffar,False,
228,FBMCL-00046,MEHBOOB ALAM SB KOANKH,MB NO.7313,True,2026-04-08,0,0,PAID,False,2026-04-08 15:00,Shujaat Muzaffar,False,
229,FBMCL-00098,NABEEL ILLAHI KOANKH,MB NO.7314,True,2026-04-08,0,0,PAID,False,2026-04-08 15:47,Shujaat Muzaffar,False,
230,FBMCL-00002,TAHIR ABBAS SB KOANKH,MB NO.7320,True,2026-04-09,1966.799999999973,1966.799999999973,OPEN,False,2026-04-09 09:58,Shujaat Muzaffar,False,
231,FBMCL-00160,MALIK MUHAMMAD ASHRAF SB JPS,MB NO.7321,True,2026-04-09,0,0,PAID,False,2026-04-09 10:03,Shujaat Muzaffar,False,
232,FBMCL-00160,MALIK MUHAMMAD ASHRAF SB JPS,MB NO.7213,True,2026-04-05,0,0,PAID,False,2026-04-05 10:04,Shujaat Muzaffar,False,
233,FBMCL-00170,RANA ZAHEER ABBAS SB KHAN COLONY JPS,MB NO.7324,True,2026-04-08,0,0,PAID,False,2026-04-08 10:15,Shujaat Muzaffar,False,
234,FBMCL-00029,RAZA ULLAH SB MALAK PUR,MB NO.7325,True,2026-04-08,0,0,PAID,False,2026-04-08 10:28,Shujaat Muzaffar,False,
235,FBMCL-00133,MALIK USMAN SB JPS,MB NO.7327,True,2026-04-09,0,0,PAID,False,2026-04-09 10:42,Shujaat Muzaffar,False,
236,FBMCL-00023,MALIK ADNAN,MB NO.7328,True,2026-04-09,0,0,PAID,False,2026-04-09 10:45,Shujaat Muzaffar,False,
237,FBMCL-00169,MUHAMMAD SHABEER SB CONT TIBBA AJNALA,MB NO.7335,True,2026-04-09,0,0,PAID,False,2026-04-09 10:51,Shujaat Muzaffar,False,
238,FBMCL-00111,RAJA PARWEZ SB RANGPUR,MB NO.7333,True,2026-04-09,12500,12500,OPEN,False,2026-04-09 11:02,Shujaat Muzaffar,False,
239,FBMCL-00065,SAJID BAIG MAKKI KOANKH,MB NO.7338,True,2026-04-09,38967.5,38967,OPEN,False,2026-04-09 11:38,Shujaat Muzaffar,False,
240,FBMCL-00051,FAZAL ILAHI SB JALPUWAL,MB NO.7310,True,2026-04-09,11684,11684,OPEN,False,2026-04-09 12:31,Shujaat Muzaffar,False,
241,FBMCL-00171,FAKHAR SHAH SB AJNALA,MB NO.7336,True,2026-04-09,39850,39850,OPEN,False,2026-04-09 12:49,Shujaat Muzaffar,False,
242,FBMCL-00001,ABDUL AZEEM SB KHAN PUR KHOKHAR,MB NO.7337,True,2026-04-09,1200,1200,OPEN,False,2026-04-09 12:50,Shujaat Muzaffar,False,
243,FBMCL-00010,BILAL SB KOANKH (QARI EJAZ SB),MB NO.7344,True,2026-04-09,0,0,PAID,False,2026-04-09 13:08,Shujaat Muzaffar,False,
244,FBMCL-00135,BASHEER SHAH SB GHURAIRA( KAKU SHAH),MB NO.7345,True,2026-04-09,0,0,PAID,False,2026-04-09 13:15,Shujaat Muzaffar,False,
245,FBMCL-00052,GHULAM SARWAR SB JPS(HAJI JAVED SB),MB NO.7139,True,2026-04-01,0,0,PAID,False,2026-04-01 13:55,Shujaat Muzaffar,False,
246,FBMCL-00046,MEHBOOB ALAM SB KOANKH,MB NO.7346,True,2026-04-09,0,0,PAID,False,2026-04-09 14:40,Shujaat Muzaffar,False,
247,FBMCL-00051,FAZAL ILAHI SB JALPUWAL,MB NO.7347,True,2026-04-09,0,0,PAID,False,2026-04-09 14:52,Shujaat Muzaffar,False,
248,FBMCL-00002,TAHIR ABBAS SB KOANKH,MB NO.7348/3,True,2026-04-09,420,420,OPEN,False,2026-04-09 16:05,Shujaat Muzaffar,False,
249,FBMCL-00046,MEHBOOB ALAM SB KOANKH,MB NO.7349,True,2026-04-09,0,0,PAID,False,2026-04-09 16:13,Shujaat Muzaffar,False,
250,FBMCL-00010,BILAL SB KOANKH (QARI EJAZ SB),MB NO.7350,True,2026-04-09,0,0,PAID,False,2026-04-09 16:20,Shujaat Muzaffar,False,
251,FBMCL-00046,MEHBOOB ALAM SB KOANKH,MB NO.7352,True,2026-04-09,10850,10850,OPEN,False,2026-04-09 16:55,Shujaat Muzaffar,False,
252,FBMCL-00071,HAJI WARIS SB JPS,MB NO.7351/2,True,2026-04-09,0,0,PAID,False,2026-04-09 09:19,Shujaat Muzaffar,False,
253,FBMCL-00071,HAJI WARIS SB JPS,MB NO.7351/3,True,2026-04-10,0,0,PAID,False,2026-04-10 09:21,Shujaat Muzaffar,False,
254,FBMCL-00071,HAJI WARIS SB JPS,MB NO.7361,True,2026-04-10,0,0,PAID,False,2026-04-10 10:12,Shujaat Muzaffar,False,
255,FBMCL-00151,MALIK MEHMOOD SB PARSUWAL,MB NO.7358,True,2026-04-10,31400,31400,OPEN,False,2026-04-10 10:31,Shujaat Muzaffar,False,
256,FBMCL-00140,ABDUL GHAFFAR SB JPS,MB NO.7363,True,2026-04-10,420,420,OPEN,False,2026-04-10 14:24,Shujaat Muzaffar,False,
257,FBMCL-00132,TUFAIL ABBAS SB RANGPUR,MB NO.7364,True,2026-04-10,0,0,PAID,False,2026-04-10 14:35,Shujaat Muzaffar,False,
258,FBMCL-00002,TAHIR ABBAS SB KOANKH,MB NO.7366,True,2026-04-10,0,0,PAID,False,2026-04-10 14:37,Shujaat Muzaffar,False,
259,FBMCL-00065,SAJID BAIG MAKKI KOANKH,MB NO.7370,True,2026-04-10,0,0,PAID,False,2026-04-10 16:37,Shujaat Muzaffar,False,
260,FBMCL-00002,TAHIR ABBAS SB KOANKH,MB NO.7471,True,2026-04-10,0,0,PAID,False,2026-04-10 16:40,Shujaat Muzaffar,False,
261,FBMCL-00009,MAZHAR SB RUPOWAL DERA,MB NO.7375,True,2026-04-11,40500,40500,OPEN,False,2026-04-11 12:43,Shujaat Muzaffar,False,
262,FBMCL-00038,TAHIR SB AJNALA,MB NO.7376,True,2026-04-11,0,0,PAID,False,2026-04-11 12:47,Shujaat Muzaffar,False,
263,FBMCL-00170,RANA ZAHEER ABBAS SB KHAN COLONY JPS,MB NO.7378,True,2026-04-13,0,0,PAID,False,2026-04-13 13:26,Shujaat Muzaffar,False,
264,FBMCL-00153,RAJA ALTAF SB JPS,MB NO.7379,True,2026-04-13,9982.5,9982,OPEN,False,2026-04-13 13:29,Shujaat Muzaffar,False,
265,FBMCL-00140,ABDUL GHAFFAR SB JPS,MB NO.7399/4,True,2026-04-13,148806.5,148806,OPEN,False,2026-04-13 13:49,Shujaat Muzaffar,False,
266,FBMCL-00006,SHEHBAZ BAIG SB KOANKH,MB NO.7386,True,2026-04-11,0,0,PAID,False,2026-04-11 15:25,Shujaat Muzaffar,False,
267,FBMCL-00044,NADEEM SB DHINDA,MB NO.7388/2,True,2026-04-13,15800,15800,OPEN,False,2026-04-13 15:35,Shujaat Muzaffar,False,
268,FBMCL-00088,FAISAL SB AJNALA,MB NO.7389,True,2026-04-11,0,0,PAID,False,2026-04-11 15:36,Shujaat Muzaffar,False,
269,FBMCL-00170,RANA ZAHEER ABBAS SB KHAN COLONY JPS,MB NO.7392/2,True,2026-04-12,0,0,PAID,False,2026-04-12 15:53,Shujaat Muzaffar,False,
270,FBMCL-00126,NAWAZ SB DHINDA (RIZWAN CONT),MB NO.7393,True,2026-04-13,31200,31200,OPEN,False,2026-04-13 15:55,Shujaat Muzaffar,False,
271,FBMCL-00070,MUHAMMAD ASGHAR FAUJI SB JPS,MB NO.7396,True,2026-04-12,0,0,PAID,False,2026-04-12 16:03,Shujaat Muzaffar,False,
272,FBMCL-00052,GHULAM SARWAR SB JPS(HAJI JAVED SB),MB NO.7401,True,2026-04-12,0,0,PAID,False,2026-04-12 16:09,Shujaat Muzaffar,False,
273,FBMCL-00024,HAJI JAVED SB JPS,MB NO.7402,True,2026-04-12,0,0,PAID,False,2026-04-12 16:18,Shujaat Muzaffar,False,
274,FBMCL-00111,RAJA PARWEZ SB RANGPUR,MB NO.7403,True,2026-04-12,30400,0,PAID,False,2026-04-12 16:19,Shujaat Muzaffar,False,
275,FBMCL-00023,MALIK ADNAN,MB NO.7405,True,2026-04-12,7250,7250,OPEN,False,2026-04-12 16:22,Shujaat Muzaffar,False,
276,FBMCL-00010,BILAL SB KOANKH (QARI EJAZ SB),MB NO.7413,True,2026-04-12,0,0,PAID,False,2026-04-12 16:54,Shujaat Muzaffar,False,
277,FBMCL-00028,MIRZA AMJAD JAVED SB AJNALA SITE,MB NO.7415,True,2026-04-12,39850,39850,OPEN,False,2026-04-12 16:57,Shujaat Muzaffar,False,
278,FBMCL-00170,RANA ZAHEER ABBAS SB KHAN COLONY JPS,MB NO.7392/4,True,2026-04-13,0,0,PAID,False,2026-04-13 17:11,Shujaat Muzaffar,False,
279,FBMCL-00160,MALIK MUHAMMAD ASHRAF SB JPS,MB NO.7441,True,2026-04-13,0,0,PAID,False,2026-04-13 17:14,Shujaat Muzaffar,False,
280,FBMCL-00052,GHULAM SARWAR SB JPS(HAJI JAVED SB),MB NO.7421,True,2026-04-13,180056,180056,OPEN,False,2026-04-13 17:36,Shujaat Muzaffar,False,
281,FBMCL-00051,FAZAL ILAHI SB JALPUWAL,MB NO.7424,True,2026-04-13,0,0,PAID,False,2026-04-13 09:21,Shujaat Muzaffar,False,
282,FBMCL-00088,FAISAL SB AJNALA,MB NO.7429,True,2026-04-14,0,0,PAID,False,2026-04-14 10:53,Shujaat Muzaffar,False,
283,FBMCL-00140,ABDUL GHAFFAR SB JPS,MB NO.7430,True,2026-04-13,420,420,OPEN,False,2026-04-13 10:58,Shujaat Muzaffar,False,
284,FBMCL-00073,MUHAMMAD ASHRAF SB JPS NEAR SCHOOL (SALEEM CONT),MB NO.7432,True,2026-04-13,0,0,PAID,False,2026-04-13 11:03,Shujaat Muzaffar,False,
285,FBMCL-00130,REHMAN SB AJNALA(WAJID BROTHER),MB NO.7433,True,2026-04-13,0,0,PAID,False,2026-04-13 11:07,Shujaat Muzaffar,False,
286,FBMCL-00140,ABDUL GHAFFAR SB JPS,MB NO.7437,True,2026-04-13,0,0,PAID,False,2026-04-13 11:19,Shujaat Muzaffar,False,
287,FBMCL-00017,ASHRAF SB AJNALA(SALEEM CONT),MB NO.7439,True,2026-04-13,26313.5,26313,OPEN,False,2026-04-13 11:34,Shujaat Muzaffar,False,
288,FBMCL-00070,MUHAMMAD ASGHAR FAUJI SB JPS,MB NO.7444,True,2026-04-14,550,550,OPEN,False,2026-04-14 11:56,Shujaat Muzaffar,False,
289,FBMCL-00083,JAVED NUMBERDAR SB JPS,MB NO.7445,True,2026-04-14,0,0,PAID,False,2026-04-14 12:16,Shujaat Muzaffar,False,
290,FBMCL-00172,SAIF ULLAH SB KOANKH,MB NO.7446,True,2026-04-14,0,0,PAID,False,2026-04-14 12:18,Shujaat Muzaffar,False,
291,FBMCL-00028,MIRZA AMJAD JAVED SB AJNALA SITE,MB NO.7460,True,2026-04-14,39850,39850,OPEN,False,2026-04-14 12:21,Shujaat Muzaffar,False,
292,FBMCL-00009,MAZHAR SB RUPOWAL DERA,MB NO.7447,True,2026-04-14,4200,4200,OPEN,False,2026-04-14 12:33,Shujaat Muzaffar,False,
293,FBMCL-00021,RANA ZAHID SB JPS,MB NO.7448,True,2026-04-14,15550,15550,OPEN,False,2026-04-14 12:38,Shujaat Muzaffar,False,
294,FBMCL-00067,MUHAMMAD BASHEER SB CONT KOANKH,MB NO.7452,True,2026-04-14,0,0,PAID,False,2026-04-14 13:46,Shujaat Muzaffar,False,
295,FBMCL-00073,MUHAMMAD ASHRAF SB JPS NEAR SCHOOL (SALEEM CONT),MB NO.7453,True,2026-04-14,0,0,PAID,False,2026-04-14 13:51,Shujaat Muzaffar,False,
296,FBMCL-00157,MIRZA NAGHMAN SB TIBBA,MB NO.7455,True,2026-04-14,0,0,PAID,False,2026-04-14 13:53,Shujaat Muzaffar,False,
297,FBMCL-00157,MIRZA NAGHMAN SB TIBBA,MB NO.7260,True,2026-04-06,0,0,PAID,False,2026-04-06 13:54,Shujaat Muzaffar,False,
298,FBMCL-00048,RANA ZAHEER SB JPS,MB NO.7459,True,2026-04-14,15350,15350,OPEN,False,2026-04-14 14:25,Shujaat Muzaffar,False,
299,FBMCL-00147,MUHAMMAD RAZAQ SB JPS,MB NO.7470,True,2026-04-14,40624,0,PAID,False,2026-04-14 14:45,Shujaat Muzaffar,False,
300,FBMCL-00138,FAROOQ KALAS SB PARSUWAL,MB NO.7463,True,2026-04-14,0,0,PAID,False,2026-04-14 15:00,Shujaat Muzaffar,False,
301,FBMCL-00051,FAZAL ILAHI SB JALPUWAL,MB NO.7466,True,2026-04-14,0,0,PAID,False,2026-04-14 15:02,Shujaat Muzaffar,False,
302,FBMCL-00153,RAJA ALTAF SB JPS,MB NO.7468,True,2026-04-14,5500,5500,OPEN,False,2026-04-14 15:13,Shujaat Muzaffar,False,
303,FBMCL-00010,BILAL SB KOANKH (QARI EJAZ SB),MB NO.7469,True,2026-04-14,0,0,PAID,False,2026-04-14 15:15,Shujaat Muzaffar,False,
304,FBMCL-00172,SAIF ULLAH SB KOANKH,MB NO.7471/2,True,2026-04-14,21945.6,21945,OPEN,False,2026-04-14 16:31,Shujaat Muzaffar,False,
305,FBMCL-00047,HAJI IQBAL SB JPS,MB NO.7474,True,2026-04-14,3900,3900,OPEN,False,2026-04-14 10:01,Shujaat Muzaffar,False,
306,FBMCL-00073,MUHAMMAD ASHRAF SB JPS NEAR SCHOOL (SALEEM CONT),MB NO.7476,True,2026-04-15,0,0,PAID,False,2026-04-15 10:11,Shujaat Muzaffar,False,
307,FBMCL-00157,MIRZA NAGHMAN SB TIBBA,MB NO.7477,True,2026-04-15,36148.49999999999,36147.99999999999,OPEN,False,2026-04-15 10:12,Shujaat Muzaffar,False,
308,FBMCL-00052,GHULAM SARWAR SB JPS(HAJI JAVED SB),MB NO.7481,True,2026-04-15,1680,1680,OPEN,False,2026-04-15 11:17,Shujaat Muzaffar,False,
309,FBMCL-00016,MALIK ANSAR SB KHORI,MB NO.7482,True,2026-04-15,17000,17000,OPEN,False,2026-04-15 11:52,Shujaat Muzaffar,False,
310,FBMCL-00167,CH MUHAMMAD AKRAM RIHANIA SB JPS,MB NO.7485,True,2026-04-15,0,0,PAID,False,2026-04-15 12:01,Shujaat Muzaffar,False,
311,FBMCL-00109,IMRAN SB KHATANA,MB NO.7486,True,2026-04-15,0,0,PAID,False,2026-04-15 14:07,Shujaat Muzaffar,False,
312,FBMCL-00111,RAJA PARWEZ SB RANGPUR,MB NO.7487,True,2026-04-15,30800,30800,OPEN,False,2026-04-15 14:12,Shujaat Muzaffar,False,
313,FBMCL-00083,JAVED NUMBERDAR SB JPS,MB NO.7489,True,2026-04-15,0,0,PAID,False,2026-04-15 14:14,Shujaat Muzaffar,False,
314,FBMCL-00047,HAJI IQBAL SB JPS,MB NO.7491,True,2026-04-15,45262,45262,OPEN,False,2026-04-15 14:15,Shujaat Muzaffar,False,
315,FBMCL-00055,FIYAZ BAIG SB KOANKH,MB NO.7494,True,2026-04-15,0,0,PAID,False,2026-04-15 15:54,Shujaat Muzaffar,False,
316,FBMCL-00073,MUHAMMAD ASHRAF SB JPS NEAR SCHOOL (SALEEM CONT),MB NO.7496,True,2026-04-15,0,0,PAID,False,2026-04-15 17:01,Shujaat Muzaffar,False,
317,FBMCL-00070,MUHAMMAD ASGHAR FAUJI SB JPS,MB NO.7497,True,2026-04-15,5500,5500,OPEN,False,2026-04-15 17:30,Shujaat Muzaffar,False,
318,FBMCL-00009,MAZHAR SB RUPOWAL DERA,MB NO.7502,True,2026-04-16,0,0,PAID,False,2026-04-16 10:19,Shujaat Muzaffar,False,
319,FBMCL-00155,ANSAR SB DOIYAN,MB NO.7503,True,2026-04-16,38274.4,38274,OPEN,False,2026-04-16 10:22,Shujaat Muzaffar,False,
320,FBMCL-00023,MALIK ADNAN,MB NO.7504,True,2026-04-16,0,0,PAID,False,2026-04-16 10:41,Shujaat Muzaffar,False,
321,FBMCL-00051,FAZAL ILAHI SB JALPUWAL,MB NO.7506,True,2026-04-16,0,0,PAID,False,2026-04-16 11:42,Shujaat Muzaffar,False,
322,FBMCL-00023,MALIK ADNAN,MB NO.7505/2,True,2026-04-16,300,300,OPEN,False,2026-04-16 11:55,Shujaat Muzaffar,False,BRICKS RETURN RENT
323,FBMCL-00006,SHEHBAZ BAIG SB KOANKH,MB NO.7507,True,2026-04-16,0,0,PAID,False,2026-04-16 12:34,Shujaat Muzaffar,False,
324,FBMCL-00028,MIRZA AMJAD JAVED SB AJNALA SITE,MB NO.7509,True,2026-04-16,39100,39100,OPEN,False,2026-04-16 13:18,Shujaat Muzaffar,False,
325,FBMCL-00010,BILAL SB KOANKH (QARI EJAZ SB),MB NO.7510,True,2026-04-16,0,0,PAID,False,2026-04-16 13:35,Shujaat Muzaffar,False,
326,FBMCL-00052,GHULAM SARWAR SB JPS(HAJI JAVED SB),MB NO.7511/2,True,2026-04-15,300,300,OPEN,False,2026-04-15 15:02,Shujaat Muzaffar,False,STEEL RETURN RENT
327,FBMCL-00177,ARIF BAIG SB KOANKH (KAMRAN NUMBERDAR),MB NO.7515,True,2026-04-16,21078,15078,PARTIAL,False,2026-04-16 15:58,Shujaat Muzaffar,False,
328,FBMCL-00055,FIYAZ BAIG SB KOANKH,MB NO.7516,True,2026-04-16,0,0,PAID,False,2026-04-16 17:06,admin,False,
329,FBMCL-00052,GHULAM SARWAR SB JPS(HAJI JAVED SB),MB NO.7511/3,True,2026-04-17,420,420,OPEN,False,2026-04-17 09:23,Shujaat Muzaffar,False,
330,FBMCL-00157,MIRZA NAGHMAN SB TIBBA,MB NO.7518,True,2026-04-17,96153.6,96153,OPEN,False,2026-04-17 09:36,Shujaat Muzaffar,False,
331,FBMCL-00157,MIRZA NAGHMAN SB TIBBA,MB NO.7519,True,2026-04-17,3120,3120,OPEN,False,2026-04-17 10:18,Shujaat Muzaffar,False,
332,FBMCL-00157,MIRZA NAGHMAN SB TIBBA,MB NO.7520,True,2026-04-17,4200,4200,OPEN,False,2026-04-17 12:49,Shujaat Muzaffar,False,
333,FBMCL-00052,GHULAM SARWAR SB JPS(HAJI JAVED SB),MB NO.7521,True,2026-04-17,230790,230790,OPEN,False,2026-04-17 15:14,Shujaat Muzaffar,False,
334,FBMCL-00052,GHULAM SARWAR SB JPS(HAJI JAVED SB),MB NO.7523,True,2026-04-17,7350,7350,OPEN,False,2026-04-17 15:56,Shujaat Muzaffar,False,
335,FBMCL-00111,RAJA PARWEZ SB RANGPUR,MB NO.7528,True,2026-04-18,29800,29800,OPEN,False,2026-04-18 09:52,Shujaat Muzaffar,False,
336,FBMCL-00134,MUHAMMAD QASIM SB MALIKPUR,MB NO.7530,True,2026-04-18,0,0,PAID,False,2026-04-18 10:20,Shujaat Muzaffar,False,
337,FBMCL-00126,NAWAZ SB DHINDA (RIZWAN CONT),MB NO.7531,True,2026-04-18,23150,1350,PARTIAL,False,2026-04-18 10:20,Shujaat Muzaffar,False,
338,FBMCL-00053,MUHAMMAD ALI SB MULL,MB NO.7532,True,2026-04-18,0,0,PAID,False,2026-04-18 10:23,Shujaat Muzaffar,False,
339,FBMCL-00073,MUHAMMAD ASHRAF SB JPS NEAR SCHOOL (SALEEM CONT),MB NO.7533,True,2026-04-18,0,0,PAID,False,2026-04-18 10:24,Shujaat Muzaffar,False,
340,FBMCL-00145,MASTER ZAHOOR SB JPS,MB NO.7538,True,2026-04-18,11348,11348,OPEN,False,2026-04-18 10:25,Shujaat Muzaffar,False,
341,FBMCL-00033,AHMED SUBHANI SB AJNALA,MB NO.7540,True,2026-04-18,210,210,OPEN,False,2026-04-18 10:33,Shujaat Muzaffar,False,
342,FBMCL-00103,RAJA AMEER HAMZA SB JPS,MB NO.7545,True,2026-04-18,52150,52150,OPEN,False,2026-04-18 10:35,Shujaat Muzaffar,False,
343,FBMCL-00103,RAJA AMEER HAMZA SB JPS,MB NO.7545/2,True,2026-04-19,350,350,OPEN,False,2026-04-19 10:44,Shujaat Muzaffar,False,
344,FBMCL-00018,NAZAKAT MOBILE SHOP JPS,MB NO.7547,True,2026-04-18,1480,1480,OPEN,False,2026-04-18 10:46,Shujaat Muzaffar,False,
345,FBMCL-00152,GULZAAR SB GHURAIRA,MB NO.7548,True,2026-04-18,1200,1200,OPEN,False,2026-04-18 10:47,Shujaat Muzaffar,False,
346,FBMCL-00070,MUHAMMAD ASGHAR FAUJI SB JPS,MB NO.7552,True,2026-04-18,16990,16990,OPEN,False,2026-04-18 10:53,Shujaat Muzaffar,False,
347,FBMCL-00181,ASIF SB KOANKH ADNAN SB CLASS MATE,MB NO.7554,True,2026-04-19,72900,42900,PARTIAL,False,2026-04-19 10:56,Shujaat Muzaffar,False,
348,FBMCL-00171,FAKHAR SHAH SB AJNALA,MB NO.7556,True,2026-04-19,11550,11550,OPEN,False,2026-04-19 11:00,Shujaat Muzaffar,False,
349,FBMCL-00138,FAROOQ KALAS SB PARSUWAL,MB NO.7557,True,2026-04-19,2500,2500,OPEN,False,2026-04-19 11:01,Shujaat Muzaffar,False,
350,FBMCL-00175,MUHAMMAD ARSHAD SB GHURAL (SUBEDAR QADAR DAD SB),MB NO.7558,True,2026-04-19,0,0,PAID,False,2026-04-19 11:03,Shujaat Muzaffar,False,
351,FBMCL-00083,JAVED NUMBERDAR SB JPS,MB NO.7559,True,2026-04-19,0,0,PAID,False,2026-04-19 11:04,Shujaat Muzaffar,False,
352,FBMCL-00113,MUHAMMAD SALEEM SB RUPOWAL,MB NO.7564,True,2026-04-19,63200,63200,OPEN,False,2026-04-19 11:27,Shujaat Muzaffar,False,
353,FBMCL-00036,MALIK MEHDI KHAN SB JPS,MB NO.7564/3,True,2026-04-19,1500,1500,OPEN,False,2026-04-19 11:58,Shujaat Muzaffar,False,
354,FBMCL-00116,NAUMAN RIHANIA SB JPS,MB NO.7195,True,2026-04-04,3040,3040,OPEN,False,2026-04-04 16:05,Shujaat Muzaffar,False,
355,FBMCL-00048,RANA ZAHEER SB JPS,MB NO.7571,True,2026-04-19,35703.89999999999,35702.99999999999,OPEN,False,2026-04-19 17:13,Shujaat Muzaffar,False,
356,FBMCL-00108,TARIQ BUTT SB JPS,MB NO.7573,True,2026-04-19,0,0,PAID,False,2026-04-19 17:25,Shujaat Muzaffar,False,
357,FBMCL-00167,CH MUHAMMAD AKRAM RIHANIA SB JPS,MB NO.7576,True,2026-04-20,0,0,PAID,False,2026-04-20 09:03,Shujaat Muzaffar,False,
358,FBMCL-00134,MUHAMMAD QASIM SB MALIKPUR,MB NO.7577,True,2026-04-20,0,0,PAID,False,2026-04-20 09:10,Shujaat Muzaffar,False,
359,FBMCL-00111,RAJA PARWEZ SB RANGPUR,MB NO.7578,True,2026-04-20,29600,29600,OPEN,False,2026-04-20 09:23,Shujaat Muzaffar,False,
360,FBMCL-00051,FAZAL ILAHI SB JALPUWAL,MB NO.7565,True,2026-04-20,5750,5750,OPEN,False,2026-04-20 09:53,Shujaat Muzaffar,False,
361,FBMCL-00167,CH MUHAMMAD AKRAM RIHANIA SB JPS,MB NO.7580,True,2026-04-20,0,0,PAID,False,2026-04-20 11:06,Shujaat Muzaffar,False,
362,FBMCL-00171,FAKHAR SHAH SB AJNALA,MB NO.7581,True,2026-04-20,23149.9999999995,23149.9999999995,OPEN,False,2026-04-20 11:11,Shujaat Muzaffar,False,
363,FBMCL-00175,MUHAMMAD ARSHAD SB GHURAL (SUBEDAR QADAR DAD SB),MB NO.7582,True,2026-04-20,1950,1950,OPEN,False,2026-04-20 11:32,Shujaat Muzaffar,False,
364,FBMCL-00147,MUHAMMAD RAZAQ SB JPS,MB NO.7583,True,2026-04-20,32716,32716,OPEN,False,2026-04-20 11:58,Shujaat Muzaffar,False,
365,FBMCL-00155,ANSAR SB DOIYAN,MB NO.7585,True,2026-04-20,0,0,PAID,False,2026-04-20 12:45,Shujaat Muzaffar,False,
366,FBMCL-00146,ABDUL SATTAR SB DHINDA FARM,MB NO.7587/2,True,2026-04-20,0,0,PAID,False,2026-04-20 13:41,Shujaat Muzaffar,False,
367,FBMCL-00146,ABDUL SATTAR SB DHINDA FARM,MB NO.7590,True,2026-04-20,0,0,PAID,False,2026-04-20 14:51,Shujaat Muzaffar,False,
368,FBMCL-00023,MALIK ADNAN,MB NO.7595,True,2026-04-20,7675,7675,OPEN,False,2026-04-20 16:11,Shujaat Muzaffar,False,
369,FBMCL-00028,MIRZA AMJAD JAVED SB AJNALA SITE,MB NO.7597,True,2026-04-20,38600,38600,OPEN,False,2026-04-20 16:51,Shujaat Muzaffar,False,
370,FBMCL-00055,FIYAZ BAIG SB KOANKH,MB NO.7599,True,2026-04-21,0,0,PAID,False,2026-04-21 09:52,Shujaat Muzaffar,False,
371,FBMCL-00017,ASHRAF SB AJNALA(SALEEM CONT),MB NO.7602,True,2026-04-21,0,0,PAID,False,2026-04-21 10:19,Shujaat Muzaffar,False,
372,FBMCL-00109,IMRAN SB KHATANA,MB NO.7603,True,2026-04-21,0,0,PAID,False,2026-04-21 10:20,Shujaat Muzaffar,False,
373,FBMCL-00038,TAHIR SB AJNALA,MB NO.7604,True,2026-04-21,0,0,PAID,False,2026-04-21 10:22,Shujaat Muzaffar,False,
374,FBMCL-00177,MUHAMMAD ARIF BAIG SB KOANKH (KAMRAN NUMBERDAR),MB NO.7605,True,2026-04-21,15300,15300,OPEN,False,2026-04-21 10:23,Shujaat Muzaffar,False,
375,FBMCL-00021,RANA ZAHID SB JPS,MB NO.7609,True,2026-04-21,1500,1500,OPEN,False,2026-04-21 12:09,Shujaat Muzaffar,False,
376,FBMCL-00105,DR EHSAN SB DHINDA,MB NO.7612,True,2026-04-21,0,0,PAID,False,2026-04-21 12:16,Shujaat Muzaffar,False,
377,FBMCL-00186,SAFDAR ALI SB AJNALA (ASLAM CONT),MB NO.7618,True,2026-04-21,0,0,PAID,False,2026-04-21 12:41,Shujaat Muzaffar,False,
378,FBMCL-00047,HAJI IQBAL SB JPS,MB NO.7619,True,2026-04-21,0,0,PAID,False,2026-04-21 12:42,Shujaat Muzaffar,False,
379,FBMCL-00175,MUHAMMAD ARSHAD SB GHURAL (SUBEDAR QADAR DAD SB),MB NO.7620,True,2026-04-21,0,0,PAID,False,2026-04-21 13:31,Shujaat Muzaffar,False,
380,FBMCL-00114,MUHAMMAD RAFEEQ SB AJNALA,MB NO.7465,True,2026-04-14,0,0,PAID,False,2026-04-14 13:45,Shujaat Muzaffar,False,
381,FBMCL-00114,MUHAMMAD RAFEEQ SB AJNALA,MB NO.7480,True,2026-04-15,0,0,PAID,False,2026-04-15 13:47,Shujaat Muzaffar,False,
382,FBMCL-00114,MUHAMMAD RAFEEQ SB AJNALA,MB NO.7608,True,2026-04-21,0,0,PAID,False,2026-04-21 13:47,Shujaat Muzaffar,False,
383,FBMCL-00175,MUHAMMAD ARSHAD SB GHURAL (SUBEDAR QADAR DAD SB),MB NO.7632,True,2026-04-22,0,0,PAID,False,2026-04-22 09:24,Shujaat Muzaffar,False,
384,FBMCL-00073,MUHAMMAD ASHRAF SB JPS NEAR SCHOOL (SALEEM CONT),MB NO.7633,True,2026-04-22,0,0,PAID,False,2026-04-22 09:32,Shujaat Muzaffar,False,
385,FBMCL-00167,CH MUHAMMAD AKRAM RIHANIA SB JPS,MB NO.7634,True,2026-04-22,0,0,PAID,False,2026-04-22 09:33,Shujaat Muzaffar,False,
386,FBMCL-00105,DR EHSAN SB DHINDA,MB NO.7635,True,2026-04-22,0,0,PAID,False,2026-04-22 09:40,Shujaat Muzaffar,False,
387,FBMCL-00042,HAJI ASHFAQ SB JPS,MB NO.7641,True,2026-04-12,1500,1500,OPEN,False,2026-04-12 09:40,Shujaat Muzaffar,False,
388,FBMCL-00183,NAEEM ABBAS SB PARSUWAL,MB NO.7636,True,2026-04-22,0,0,PAID,False,2026-04-22 10:21,Shujaat Muzaffar,False,
389,FBMCL-00083,JAVED NUMBERDAR SB JPS,MB NO.7645,True,2026-04-22,0,0,PAID,False,2026-04-22 13:11,Shujaat Muzaffar,False,
390,FBMCL-00190,AZHAR BUTT SB JPS BUTT SWEETS,MB NO.7643,True,2026-04-22,2960,2960,OPEN,False,2026-04-22 13:24,Shujaat Muzaffar,False,
391,FBMCL-00111,RAJA PARWEZ SB RANGPUR,MB NO.7646,True,2026-04-22,29600,29600,OPEN,False,2026-04-22 17:37,Shujaat Muzaffar,False,
392,FBMCL-00059,MAZHAR SB DHAMTAL,MB NO.7648,True,2026-04-21,0,0,PAID,False,2026-04-21 17:38,Shujaat Muzaffar,False,
393,FBMCL-00167,CH MUHAMMAD AKRAM RIHANIA SB JPS,MB NO.7650,True,2026-04-23,0,0,PAID,False,2026-04-23 09:09,Shujaat Muzaffar,False,
394,FBMCL-00001,ABDUL AZEEM SB KHAN PUR KHOKHAR,MB NO.7651,True,2026-04-23,0,0,PAID,False,2026-04-23 09:17,Shujaat Muzaffar,False,
395,FBMCL-00105,DR EHSAN SB DHINDA,MB NO.7652,True,2026-04-23,0,0,PAID,False,2026-04-23 09:20,Shujaat Muzaffar,False,
396,FBMCL-00016,MALIK ANSAR SB KHORI,MB NO.7653,True,2026-04-23,16000,16000,OPEN,False,2026-04-23 09:45,Shujaat Muzaffar,False,
397,FBMCL-00147,MUHAMMAD RAZAQ SB JPS,MB NO.7657,True,2026-04-23,26663.5,26663,OPEN,False,2026-04-23 10:23,Shujaat Muzaffar,False,
398,FBMCL-00167,CH MUHAMMAD AKRAM RIHANIA SB JPS,MB NO.7660,True,2026-04-23,0,0,PAID,False,2026-04-23 11:32,Shujaat Muzaffar,False,
399,FBMCL-00001,ABDUL AZEEM SB KHAN PUR KHOKHAR,MB NO.7658,True,2026-04-23,168237.5,168237.5,OPEN,False,2026-04-23 12:00,Shujaat Muzaffar,False,
400,FBMCL-00028,MIRZA AMJAD JAVED SB AJNALA SITE,MB NO.7664/2,True,2026-04-23,1350,1350,OPEN,False,2026-04-23 13:57,Shujaat Muzaffar,False,
401,FBMCL-00021,RANA ZAHID SB JPS,MB NO.7665,True,2026-04-23,14950,14950,OPEN,False,2026-04-23 14:08,Shujaat Muzaffar,False,
402,FBMCL-00167,CH MUHAMMAD AKRAM RIHANIA SB JPS,MB NO.7660/2,True,2026-04-23,0,0,PAID,False,2026-04-23 14:18,Shujaat Muzaffar,False,
403,FBMCL-00183,NAEEM ABBAS SB PARSUWAL,MB NO.7666,True,2026-04-23,0,0,PAID,False,2026-04-23 14:37,Shujaat Muzaffar,False,
404,FBMCL-00183,NAEEM ABBAS SB PARSUWAL,MB NO.7662,True,2026-04-23,0,0,PAID,False,2026-04-23 14:48,Shujaat Muzaffar,False,
405,FBMCL-00177,MUHAMMAD ARIF BAIG SB KOANKH (KAMRAN NUMBERDAR),MB NO.7659,True,2026-04-23,7350,7350,OPEN,False,2026-04-23 14:50,Shujaat Muzaffar,False,
406,FBMCL-00088,FAISAL SB AJNALA,MB NO.7668,True,2026-04-23,0,0,PAID,False,2026-04-23 17:13,Shujaat Muzaffar,False,
407,FBMCL-00051,FAZAL ILAHI SB JALPUWAL,MB NO.7667,True,2026-04-24,0,0,PAID,False,2026-04-24 10:38,admin,False,
408,FBMCL-00183,NAEEM ABBAS SB PARSUWAL,MB NO.7673-1,True,2026-04-24,1170,1170,OPEN,False,2026-04-24 10:54,admin,False,
409,FBMCL-00160,MALIK MUHAMMAD ASHRAF SB JPS,MB NO.7674,True,2026-04-24,0,0,PAID,False,2026-04-24 11:38,admin,False,
410,FBMCL-00053,MUHAMMAD ALI SB MULL,MB NO.7676,True,2026-04-25,0,0,PAID,False,2026-04-25 12:41,Shujaat Muzaffar,False,
411,FBMCL-00070,MUHAMMAD ASGHAR FAUJI SB JPS,MB NO.7677,True,2026-04-25,10200,10200,OPEN,False,2026-04-25 12:43,Shujaat Muzaffar,False,
412,FBMCL-00145,MASTER ZAHOOR SB JPS,MB NO.7678,True,2026-04-25,0,0,PAID,False,2026-04-25 12:46,Shujaat Muzaffar,False,
413,FBMCL-00088,FAISAL SB AJNALA,MB NO.7688,True,2026-04-25,0,0,PAID,False,2026-04-25 13:00,Shujaat Muzaffar,False,
414,FBMCL-00013,JAWAD SB AJNALA JPS,MB NO.7692,True,2026-04-25,3000,3000,OPEN,False,2026-04-25 13:06,Shujaat Muzaffar,False,
415,FBMCL-00186,SAFDAR ALI SB AJNALA (ASLAM CONT),MB NO.7694,True,2026-04-25,132676.6,132676,OPEN,False,2026-04-25 13:13,Shujaat Muzaffar,False,
416,FBMCL-00147,MUHAMMAD RAZAQ SB JPS,MB NO.7704,True,2026-04-25,0,0,PAID,False,2026-04-25 14:27,Shujaat Muzaffar,False,
417,FBMCL-00070,MUHAMMAD ASGHAR FAUJI SB JPS,MB NO.7705,True,2026-04-25,3450,3450,OPEN,False,2026-04-25 14:38,Shujaat Muzaffar,False,
418,FBMCL-00193,ARSALAN SB GHURAL(SALMAAN SB GHURAL),MB NO.7701,True,2026-04-25,0,0,PAID,False,2026-04-25 14:53,Shujaat Muzaffar,False,
419,FBMCL-00132,TUFAIL ABBAS SB RANGPUR,MB NO.7707,True,2026-04-25,0,0,PAID,False,2026-04-25 15:42,Shujaat Muzaffar,False,
420,FBMCL-00194,DR LATIF SB JPS,MB NO.7700,True,2026-04-25,36350,36350,OPEN,False,2026-04-25 16:09,Shujaat Muzaffar,False,
421,FBMCL-00183,NAEEM ABBAS SB PARSUWAL,MB NO.7708,True,2026-04-25,0,0,PAID,False,2026-04-25 16:28,Shujaat Muzaffar,False,
422,FBMCL-00070,MUHAMMAD ASGHAR FAUJI SB JPS,MB NO.7713,True,2026-04-25,12225,12225,OPEN,False,2026-04-25 21:49,Shujaat Muzaffar,False,
423,FBMCL-00073,MUHAMMAD ASHRAF SB JPS NEAR SCHOOL (SALEEM CONT),MB NO.7714,True,2026-04-25,0,0,PAID,False,2026-04-25 21:52,Shujaat Muzaffar,False,
424,FBMCL-00067,MUHAMMAD BASHEER SB CONT KOANKH,MB NO.7715,True,2026-04-25,5747.5,5747,OPEN,False,2026-04-25 22:06,Shujaat Muzaffar,False,
425,FBMCL-00169,MUHAMMAD SHABEER SB CONT TIBBA AJNALA,MB NO.7719,True,2026-04-25,0,0,PAID,False,2026-04-25 22:09,Shujaat Muzaffar,False,
426,FBMCL-00013,JAWAD SB AJNALA JPS,MB NO.7723,True,2026-04-25,2960,2960,OPEN,False,2026-04-25 22:52,Shujaat Muzaffar,False,
427,FBMCL-00047,HAJI IQBAL SB JPS,MB NO.7721,True,2026-04-25,0,0,PAID,False,2026-04-25 22:55,Shujaat Muzaffar,False,
428,FBMCL-00145,MASTER ZAHOOR SB JPS,MB NO.7638,True,2026-04-22,36382.5,36382,OPEN,False,2026-04-22 23:59,Shujaat Muzaffar,False,
429,FBMCL-00145,MASTER ZAHOOR SB JPS,MB NO.7724,True,2026-04-25,5518,5518,OPEN,False,2026-04-25 23:15,Shujaat Muzaffar,False,
430,FBMCL-00193,ARSALAN SB GHURAL(SALMAAN SB GHURAL),MB NO.7727,True,2026-04-26,0,0,PAID,False,2026-04-26 13:06,Shujaat Muzaffar,False,
431,FBMCL-00150,MUHAMMAD AKRAM SB SANTAL SURKHIYAN,MB NO.7718,True,2026-04-26,0,0,PAID,False,2026-04-26 13:11,Shujaat Muzaffar,False,
432,FBMCL-00132,TUFAIL ABBAS SB RANGPUR,MB NO.7731,True,2026-04-26,0,0,PAID,False,2026-04-26 13:33,Shujaat Muzaffar,False,
433,FBMCL-00176,TARIQ MEHMOOD SB MALIKPUR,MB NO.7736,True,2026-04-26,13407.39999999999,13407.39999999999,OPEN,False,2026-04-26 15:23,Shujaat Muzaffar,False,
434,FBMCL-00001,ABDUL AZEEM SB KHAN PUR KHOKHAR,MB NO.7737,True,2026-04-26,0,0,PAID,False,2026-04-26 15:27,Shujaat Muzaffar,False,
435,FBMCL-00194,DR LATEEF SB JPS,MB NO.7735,True,2026-04-26,36350,36350,OPEN,False,2026-04-26 15:36,Shujaat Muzaffar,False,
436,FBMCL-00047,HAJI IQBAL SB JPS,MB NO.7732,True,2026-04-26,0,0,PAID,False,2026-04-26 16:49,Shujaat Muzaffar,False,
437,FBMCL-00175,MUHAMMAD ARSHAD SB GHURAL (SUBEDAR QADAR DAD SB),MB NO.7740,True,2026-04-26,1638,1638,OPEN,False,2026-04-26 16:54,Shujaat Muzaffar,False,
438,FBMCL-00065,SAJID BAIG MAKKI KOANKH,MB NO.7742,True,2026-04-26,0,0,PAID,False,2026-04-26 17:10,Shujaat Muzaffar,False,
439,FBMCL-00065,SAJID BAIG MAKKI KOANKH,MB NO.7628,True,2026-04-26,28637.5,28637.5,OPEN,False,2026-04-26 17:12,Shujaat Muzaffar,False,
440,FBMCL-00055,FIYAZ BAIG SB KOANKH,MB NO.7743,True,2026-04-27,5225,5225,OPEN,False,2026-04-27 10:33,Shujaat Muzaffar,False,
441,FBMCL-00182,IBRAR ASHRAF SB MALIKPUR,MB NO.7744,True,2026-04-26,0,0,PAID,False,2026-04-26 10:34,Shujaat Muzaffar,False,
442,FBMCL-00163,YASIR YAQOOB SB DILAWARPUR,MB NO.7745,True,2026-04-26,0,0,PAID,False,2026-04-26 10:37,Shujaat Muzaffar,False,
443,FBMCL-00010,BILAL SB KOANKH (QARI EJAZ SB),MB NO.7749,True,2026-04-27,0,0,PAID,False,2026-04-27 10:57,Shujaat Muzaffar,False,
444,FBMCL-00152,GULZAAR SB GHURAIRA,MB NO.7750,True,2026-04-27,0,0,PAID,False,2026-04-27 10:58,Shujaat Muzaffar,False,
445,FBMCL-00038,TAHIR SB AJNALA,MB NO.7752,True,2026-04-27,0,0,PAID,False,2026-04-27 11:28,Shujaat Muzaffar,False,
446,FBMCL-00046,MEHBOOB ALAM SB KOANKH,MB NO.7352/2,True,2026-04-09,10850,10850,OPEN,False,2026-04-09 11:53,Shujaat Muzaffar,False,
447,FBMCL-00146,ABDUL SATTAR SB DHINDA FARM,MB NO.7754,True,2026-04-27,0,0,PAID,False,2026-04-27 12:32,Shujaat Muzaffar,False,
448,FBMCL-00146,ABDUL SATTAR SB DHINDA FARM,MB NO.7755,True,2026-04-27,0,0,PAID,False,2026-04-27 12:34,Shujaat Muzaffar,False,
449,FBMCL-00048,RANA ZAHEER SB JPS,MB NO.7756,True,2026-04-27,14950,14950,OPEN,False,2026-04-27 12:35,Shujaat Muzaffar,False,
450,FBMCL-00172,SAIF ULLAH SB KOANKH,MB NO.7760,True,2026-04-27,5120,120,PARTIAL,False,2026-04-27 12:45,Shujaat Muzaffar,False,
451,FBMCL-00172,SAIF ULLAH SB KOANKH,MB NO.7762,True,2026-04-27,0,0,PAID,False,2026-04-27 12:50,Shujaat Muzaffar,False,
452,FBMCL-00070,MUHAMMAD ASGHAR FAUJI SB JPS,MB NO.7763,True,2026-04-27,5840,5840,OPEN,False,2026-04-27 13:33,Shujaat Muzaffar,False,
453,FBMCL-00070,MUHAMMAD ASGHAR FAUJI SB JPS,MB NO.7763/2,True,2026-04-27,2920,2920,OPEN,False,2026-04-27 15:13,Shujaat Muzaffar,False,
454,FBMCL-00194,DR LATEEF SB JPS,MB NO.7768,True,2026-04-27,36350,36350,OPEN,False,2026-04-27 16:36,Shujaat Muzaffar,False,
455,FBMCL-00073,MUHAMMAD ASHRAF SB JPS NEAR SCHOOL (SALEEM CONT),MB NO.7770,True,2026-04-27,0,0,PAID,False,2026-04-27 16:42,Shujaat Muzaffar,False,
456,FBMCL-00186,SAFDAR ALI SB AJNALA (ASLAM CONT),MB NO.7774,True,2026-04-28,0,0,PAID,False,2026-04-28 09:28,Shujaat Muzaffar,False,
457,FBMCL-00194,DR LATEEF SB JPS,MB NO.7776,True,2026-04-28,1680,1680,OPEN,False,2026-04-28 10:27,Shujaat Muzaffar,False,
458,FBMCL-00167,CH MUHAMMAD AKRAM RIHANIA SB JPS,MB NO.7777,True,2026-04-28,0,0,PAID,False,2026-04-28 10:29,Shujaat Muzaffar,False,
459,FBMCL-00013,JAWAD SB AJNALA JPS,MB NO.7778,True,2026-04-28,2960,2960,OPEN,False,2026-04-28 10:31,Shujaat Muzaffar,False,
460,FBMCL-00153,RAJA ALTAF SB JPS,MB NO.7780,True,2026-04-28,0,0,PAID,False,2026-04-28 10:34,Shujaat Muzaffar,False,
461,FBMCL-00175,MUHAMMAD ARSHAD SB GHURAL (SUBEDAR QADAR DAD SB),MB NO.7781,True,2026-04-28,0,0,PAID,False,2026-04-28 10:35,Shujaat Muzaffar,False,
462,FBMCL-00071,HAJI WARIS SB JPS,MB NO.7783,True,2026-04-28,0,0,PAID,False,2026-04-28 11:11,Shujaat Muzaffar,False,
463,FBMCL-00073,MUHAMMAD ASHRAF SB JPS NEAR SCHOOL (SALEEM CONT),MB NO.7784,True,2026-04-28,0,0,PAID,False,2026-04-28 11:14,Shujaat Muzaffar,False,
464,FBMCL-00025,MALIK JAVED SB KHAN PUR KHOKHAR,MB NO.7786,True,2026-04-28,0,0,PAID,False,2026-04-28 11:17,Shujaat Muzaffar,False,
465,FBMCL-00038,TAHIR SB AJNALA,MB NO.7787,True,2026-04-28,0,0,PAID,False,2026-04-28 11:23,Shujaat Muzaffar,False,
466,FBMCL-00175,MUHAMMAD ARSHAD SB GHURAL (SUBEDAR QADAR DAD SB),MB NO.7788,True,2026-04-28,1599,1599,OPEN,False,2026-04-28 11:25,Shujaat Muzaffar,False,
467,FBMCL-00176,TARIQ MEHMOOD SB MALIKPUR,MB NO.7790,True,2026-04-28,0,0,PAID,False,2026-04-28 12:37,Shujaat Muzaffar,False,
468,FBMCL-00167,CH MUHAMMAD AKRAM RIHANIA SB JPS,MB NO.7797,True,2026-04-28,0,0,PAID,False,2026-04-28 15:42,Shujaat Muzaffar,False,
469,FBMCL-00175,MUHAMMAD ARSHAD SB GHURAL (SUBEDAR QADAR DAD SB),MB NO.7788/7794,True,2026-04-12,2100,2100,OPEN,False,2026-04-12 15:43,Shujaat Muzaffar,False,
470,FBMCL-00193,ARSALAN SB GHURAL(SALMAAN SB GHURAL),MB NO.7799,True,2026-04-28,0,0,PAID,False,2026-04-28 16:28,Shujaat Muzaffar,False,
471,FBMCL-00116,NAUMAN RIHANIA SB JPS,MB NO.7570,True,2026-04-19,1460,1460,OPEN,False,2026-04-19 09:26,Shujaat Muzaffar,False,
472,FBMCL-00116,NAUMAN RIHANIA SB JPS,MB NO.7808,True,2026-04-29,20020,20,PARTIAL,False,2026-04-29 09:27,Shujaat Muzaffar,False,
473,FBMCL-00028,MIRZA AMJAD JAVED SB AJNALA SITE,MB NO.7802,True,2026-04-29,37850,37850,OPEN,False,2026-04-29 09:35,Shujaat Muzaffar,False,
474,FBMCL-00134,MUHAMMAD QASIM SB MALIKPUR,MB NO.7805,True,2026-04-29,0,0,PAID,False,2026-04-29 09:49,Shujaat Muzaffar,False,
475,FBMCL-00167,CH MUHAMMAD AKRAM RIHANIA SB JPS,MB NO.7809,True,2026-04-29,0,0,PAID,False,2026-04-29 10:07,Shujaat Muzaffar,False,
476,FBMCL-00194,DR LATEEF SB JPS,MB NO.7806,True,2026-04-29,36350,36350,OPEN,False,2026-04-29 10:10,Shujaat Muzaffar,False,
477,FBMCL-00197,RAOOF SB GHURAL,MB NO.7811,True,2026-04-29,0,0,PAID,False,2026-04-29 12:20,Shujaat Muzaffar,False,
478,FBMCL-00051,FAZAL ILAHI SB JALPUWAL,MB NO.7814,True,2026-04-29,53652.3,53651.99999999999,OPEN,False,2026-04-29 15:32,Shujaat Muzaffar,False,
479,FBMCL-00146,ABDUL SATTAR SB DHINDA FARM,MB NO.7815,True,2026-04-29,37250,37250,OPEN,False,2026-04-29 15:43,Shujaat Muzaffar,False,
480,FBMCL-00073,MUHAMMAD ASHRAF SB JPS NEAR SCHOOL (SALEEM CONT),MB NO.7816,True,2026-04-29,0,0,PAID,False,2026-04-29 15:58,Shujaat Muzaffar,False,
481,FBMCL-00199,SAEED KHAN SN JPS KOANKH,MB NO.7818,True,2026-04-29,0,0,PAID,False,2026-04-29 19:14,Shujaat Muzaffar,False,
482,FBMCL-00182,IBRAR ASHRAF SB MALIKPUR,MB NO.7819,True,2026-04-29,0,0,PAID,False,2026-04-29 19:18,Shujaat Muzaffar,False,
483,FBMCL-00108,TARIQ BUTT SB JPS,MB NO.7821,True,2026-04-29,0,0,PAID,False,2026-04-29 19:22,Shujaat Muzaffar,False,
484,FBMCL-00192,DR AMIN SB JPS,MB NO.7825,True,2026-04-29,0,0,PAID,False,2026-04-29 19:29,Shujaat Muzaffar,False,
485,FBMCL-00171,FAKHAR SHAH SB AJNALA,MB NO.7827,True,2026-04-29,5970,5970,OPEN,False,2026-04-29 19:35,Shujaat Muzaffar,False,
486,FBMCL-00053,MUHAMMAD ALI SB MULL,MB NO.7828,True,2026-04-29,0,0,PAID,False,2026-04-29 19:37,Shujaat Muzaffar,False,
487,FBMCL-00194,DR LATEEF SB JPS,MB NO.7830,True,2026-04-29,30040,30040,OPEN,False,2026-04-29 19:39,Shujaat Muzaffar,False,
488,FBMCL-00013,JAWAD SB AJNALA JPS,MB NO.7831,True,2026-04-29,2960,2960,OPEN,False,2026-04-29 19:41,Shujaat Muzaffar,False,
489,FBMCL-00191,MIRZA REHMAN SB JPS,MB NO.7834,True,2026-04-30,0,0,PAID,False,2026-04-30 11:34,Shujaat Muzaffar,False,
490,FBMCL-00033,AHMED SUBHANI SB AJNALA,MB NO.7837,True,2026-04-30,0,0,PAID,False,2026-04-30 11:51,Shujaat Muzaffar,False,
491,FBMCL-00145,MASTER ZAHOOR SB JPS,MB NO.7836,True,2026-04-30,0,0,PAID,False,2026-04-30 12:05,Shujaat Muzaffar,False,
492,FBMCL-00006,SHEHBAZ BAIG SB KOANKH,MB NO.7838,True,2026-04-30,0,0,PAID,False,2026-04-30 13:15,Shujaat Muzaffar,False,
493,FBMCL-00198,ABDULLAH SB HANDA STOP,MB NO.7845,True,2026-04-30,0,0,PAID,False,2026-04-30 14:37,Shujaat Muzaffar,False,
494,FBMCL-00200,HDC SYED TASSAWAR SHAH SB MALIKPUR SITE,MB NO.1710,True,2025-06-26,12000,12000,OPEN,False,2025-06-26 15:28,Shujaat Muzaffar,False,
495,FBMCL-00200,HDC SYED TASSAWAR SHAH SB MALIKPUR SITE,MB NO.1820,True,2025-07-07,0,0,PAID,False,2025-07-07 15:54,Shujaat Muzaffar,False,
496,FBMCL-00200,HDC SYED TASSAWAR SHAH SB MALIKPUR SITE,MB NO.2056,True,2025-08-12,0,0,PAID,False,2025-08-12 15:56,Shujaat Muzaffar,False,
497,FBMCL-00152,GULZAAR SB GHURAIRA,MB NO.7846,True,2026-04-30,0,0,PAID,False,2026-04-30 16:07,Shujaat Muzaffar,False,
498,FBMCL-00191,MIRZA REHMAN SB JPS,MB NO.7848,True,2026-04-30,0,0,PAID,False,2026-04-30 16:11,Shujaat Muzaffar,False,
499,FBMCL-00200,HDC SYED TASSAWAR SHAH SB MALIKPUR SITE,MB NO.2778,True,2026-04-30,7246,7246,OPEN,False,2026-04-30 16:49,Shujaat Muzaffar,False,
500,FBMCL-00160,MALIK MUHAMMAD ASHRAF SB JPS,MB NO.7850,True,2026-05-01,0,0,PAID,False,2026-05-01 09:02,admin,False,
501,FBMCL-00158,JAMEEL SB JAGWAN,MB NO.7869,True,2026-05-02,0,0,PAID,False,2026-05-02 09:33,Shujaat Muzaffar,False,
502,FBMCL-00071,HAJI WARIS SB JPS,MB NO.7871,True,2026-05-02,0,0,PAID,False,2026-05-02 09:39,Shujaat Muzaffar,False,
503,FBMCL-00194,DR LATEEF SB JPS,MB NO.7874,True,2026-05-02,22050,22050,OPEN,False,2026-05-02 10:54,Shujaat Muzaffar,False,
504,FBMCL-00199,SAEED KHAN SN JPS KOANKH,MB NO.7875,True,2026-05-02,1000,1000,OPEN,False,2026-05-02 10:55,Shujaat Muzaffar,False,
505,FBMCL-00197,RAOOF SB GHURAL,MB NO.7876,True,2026-05-02,0,0,PAID,False,2026-05-02 11:00,Shujaat Muzaffar,False,
506,FBMCL-00146,ABDUL SATTAR SB DHINDA FARM,MB NO.7878,True,2026-05-02,38000,38000,OPEN,False,2026-05-02 11:04,Shujaat Muzaffar,False,
507,FBMCL-00036,MALIK MEHDI KHAN SB JPS,MB NO.7879,True,2026-05-02,15290,15290,OPEN,False,2026-05-02 11:20,Shujaat Muzaffar,False,
508,FBMCL-00073,MUHAMMAD ASHRAF SB JPS NEAR SCHOOL (SALEEM CONT),MB NO.7880,True,2026-05-02,0,0,PAID,False,2026-05-02 11:23,Shujaat Muzaffar,False,
509,FBMCL-00145,MASTER ZAHOOR SB JPS,MB NO.7881,True,2026-05-02,585,585,OPEN,False,2026-05-02 11:24,Shujaat Muzaffar,False,
510,FBMCL-00028,MIRZA AMJAD JAVED SB AJNALA SITE,MB NO.7882,True,2026-05-02,38600,38600,OPEN,False,2026-05-02 11:26,Shujaat Muzaffar,False,
511,FBMCL-00116,NAUMAN RIHANIA SB JPS,MB NO.7884,True,2026-05-02,600,600,OPEN,False,2026-05-02 11:30,Shujaat Muzaffar,False,
512,FBMCL-00038,TAHIR SB AJNALA,MB NO.7885,True,2026-05-02,4500,4500,OPEN,False,2026-05-02 11:34,Shujaat Muzaffar,False,
513,FBMCL-00083,JAVED NUMBERDAR SB JPS,MB NO.7889,True,2026-05-02,0,0,PAID,False,2026-05-02 12:14,Shujaat Muzaffar,False,
514,FBMCL-00109,IMRAN SB KHATANA,MB NO.7893,True,2026-05-02,0,0,PAID,False,2026-05-02 13:13,Shujaat Muzaffar,False,
515,FBMCL-00010,BILAL SB KOANKH (QARI EJAZ SB),MB NO.7895,True,2026-05-02,0,0,PAID,False,2026-05-02 13:15,Shujaat Muzaffar,False,
516,FBMCL-00202,HAFIZ ABDUL JABBAR SB RANGPUR,MB NO.7900,True,2026-05-02,0,0,PAID,False,2026-05-02 14:25,Shujaat Muzaffar,False,
517,FBMCL-00160,MALIK MUHAMMAD ASHRAF SB JPS,MB NO.7905,True,2026-05-02,0,0,PAID,False,2026-05-02 15:05,Shujaat Muzaffar,False,
518,FBMCL-00200,HDC SYED TASSAWAR SHAH SB MALIKPUR SITE,MB NO.2871,True,2025-10-10,0,0,PAID,False,2025-10-10 00:00,Shujaat Muzaffar,False,
519,FBMCL-00200,HDC SYED TASSAWAR SHAH SB MALIKPUR SITE,MB NO.2903,True,2025-10-11,0,0,PAID,False,2025-10-11 15:39,Shujaat Muzaffar,False,
520,FBMCL-00200,HDC SYED TASSAWAR SHAH SB MALIKPUR SITE,MB NO.2935,True,2026-05-02,0,0,PAID,False,2026-05-02 15:41,Shujaat Muzaffar,False,
521,FBMCL-00200,HDC SYED TASSAWAR SHAH SB MALIKPUR SITE,MB NO.2793,True,2026-05-02,0,0,PAID,False,2026-05-02 16:45,Shujaat Muzaffar,False,
522,FBMCL-00200,HDC SYED TASSAWAR SHAH SB MALIKPUR SITE,MB NO.2795,True,2025-10-15,0,0,PAID,False,2025-10-15 00:00,Shujaat Muzaffar,False,
523,FBMCL-00065,SAJID BAIG MAKKI KOANKH,MB NO.7910,True,2026-05-03,1000,1000,OPEN,False,2026-05-03 08:46,Shujaat Muzaffar,False,
524,FBMCL-00172,SAIF ULLAH SB KOANKH,MB NO.7908,True,2026-05-03,0,0,PAID,False,2026-05-03 09:14,Shujaat Muzaffar,False,
525,FBMCL-00169,MUHAMMAD SHABEER SB CONT TIBBA AJNALA,MB NO.7911,True,2026-05-03,0,0,PAID,False,2026-05-03 09:19,Shujaat Muzaffar,False,
526,FBMCL-00036,MALIK MEHDI KHAN SB JPS,MB NO.7912,True,2026-05-03,750,750,OPEN,False,2026-05-03 09:39,Shujaat Muzaffar,False,
527,FBMCL-00197,RAOOF SB GHURAL,MB NO.7913,True,2026-05-03,0,0,PAID,False,2026-05-03 09:46,Shujaat Muzaffar,False,
528,FBMCL-00145,MASTER ZAHOOR SB JPS,MB NO.7916,True,2026-05-03,3616,3616,OPEN,False,2026-05-03 11:13,Shujaat Muzaffar,False,
529,FBMCL-00022,MALIK ILYAS SB JPS,MB NO.7917,True,2026-05-03,30500,30500,OPEN,False,2026-05-03 11:14,Shujaat Muzaffar,False,
530,FBMCL-00191,MIRZA REHMAN SB JPS,MB NO.7919,True,2026-05-03,0,0,PAID,False,2026-05-03 11:52,Shujaat Muzaffar,False,
531,FBMCL-00135,BASHEER SHAH SB GHURAIRA( KAKU SHAH),MB NO.7915,True,2026-05-03,0,0,PAID,False,2026-05-03 12:07,Shujaat Muzaffar,False,
532,FBMCL-00153,RAJA ALTAF SB JPS,MB NO.7923,True,2026-05-03,10524,10524,OPEN,False,2026-05-03 12:12,Shujaat Muzaffar,False,
533,FBMCL-00051,FAZAL ILAHI SB JALPUWAL,MB NO.7920,True,2026-05-03,28535.5,28535,OPEN,False,2026-05-03 12:44,Shujaat Muzaffar,False,
534,FBMCL-00048,RANA ZAHEER SB JPS,MB NO.7926,True,2026-05-03,14950,14950,OPEN,False,2026-05-03 13:04,Shujaat Muzaffar,False,
535,FBMCL-00146,ABDUL SATTAR SB DHINDA FARM,MB NO.7934,True,2026-05-03,22500,22500,OPEN,False,2026-05-03 14:50,Shujaat Muzaffar,False,
536,FBMCL-00193,ARSALAN SB GHURAL(SALMAAN SB GHURAL),MB NO.7921,True,2026-05-03,0,0,PAID,False,2026-05-03 15:21,Shujaat Muzaffar,False,
537,FBMCL-00160,MALIK MUHAMMAD ASHRAF SB JPS,MB NO.7930,True,2026-05-03,0,0,PAID,False,2026-05-03 15:36,Shujaat Muzaffar,False,
538,FBMCL-00202,HAFIZ ABDUL JABBAR SB RANGPUR,MB NO.7932,True,2026-05-03,0,0,PAID,False,2026-05-03 15:38,Shujaat Muzaffar,False,
539,FBMCL-00146,ABDUL SATTAR SB DHINDA FARM,MB NO.7935,True,2026-05-03,22500,22500,OPEN,False,2026-05-03 15:55,Shujaat Muzaffar,False,
540,FBMCL-00186,SAFDAR ALI SB AJNALA (ASLAM CONT),MB NO.7936,True,2026-05-03,0,0,PAID,False,2026-05-03 16:01,Shujaat Muzaffar,False,
541,FBMCL-00006,SHEHBAZ BAIG SB KOANKH,MB NO.7944,True,2026-05-02,0,0,PAID,False,2026-05-02 09:32,Shujaat Muzaffar,False,
542,FBMCL-00198,ABDULLAH SB HANDA STOP,MB NO.7943,True,2026-05-04,0,0,PAID,False,2026-05-04 10:50,Shujaat Muzaffar,False,
543,FBMCL-00197,RAOOF SB GHURAL,MB NO.7952,True,2026-05-04,2100,2100,OPEN,False,2026-05-04 11:42,Shujaat Muzaffar,False,
544,FBMCL-00204,SHEHZAD SB GHURAIRA,MB NO.7954,True,2026-05-04,0,0,PAID,False,2026-05-04 12:14,Shujaat Muzaffar,False,
545,FBMCL-00200,HDC SYED TASSAWAR SHAH SB MALIKPUR SITE,MB NO.3089,True,2025-10-10,0,0,PAID,False,2025-10-10 15:22,Shujaat Muzaffar,False,
546,FBMCL-00200,HDC SYED TASSAWAR SHAH SB MALIKPUR SITE,MB NO.3170,True,2025-10-23,23972,23972,OPEN,False,2025-10-23 15:25,Shujaat Muzaffar,False,
547,FBMCL-00200,HDC SYED TASSAWAR SHAH SB MALIKPUR SITE,MB NO.3190,True,2025-10-25,0,0,PAID,False,2025-10-25 15:41,Shujaat Muzaffar,False,
548,FBMCL-00200,HDC SYED TASSAWAR SHAH SB MALIKPUR SITE,MB NO.3198,True,2025-10-25,0,0,PAID,False,2025-10-25 15:56,Shujaat Muzaffar,False,
549,FBMCL-00202,HAFIZ ABDUL JABBAR SB RANGPUR,MB NO.7961,True,2026-05-04,0,0,PAID,False,2026-05-04 16:06,Shujaat Muzaffar,False,
550,FBMCL-00200,HDC SYED TASSAWAR SHAH SB MALIKPUR SITE,MB NO.3203,True,2025-10-22,0,0,PAID,False,2025-10-22 16:13,Shujaat Muzaffar,False,
551,FBMCL-00200,HDC SYED TASSAWAR SHAH SB MALIKPUR SITE,MB NO.3216,True,2026-05-04,0,0,PAID,False,2026-05-04 16:23,Shujaat Muzaffar,False,
552,FBMCL-00200,HDC SYED TASSAWAR SHAH SB MALIKPUR SITE,MB NO.3262,True,2025-10-27,0,0,PAID,False,2025-10-27 16:23,Shujaat Muzaffar,False,
553,FBMCL-00200,HDC SYED TASSAWAR SHAH SB MALIKPUR SITE,MB NO.3271,True,2025-10-29,0,0,PAID,False,2025-10-29 16:28,Shujaat Muzaffar,False,
554,FBMCL-00071,HAJI WARIS SB JPS,MB NO.7962,True,2026-05-05,0,0,PAID,False,2026-05-05 09:17,Shujaat Muzaffar,False,
555,FBMCL-00200,HDC SYED TASSAWAR SHAH SB MALIKPUR SITE,MB NO.3298,True,2025-10-30,300,300,OPEN,False,2025-10-30 09:39,Shujaat Muzaffar,False,
556,FBMCL-00146,ABDUL SATTAR SB DHINDA FARM,MB NO.7967,True,2026-05-05,37500,37500,OPEN,False,2026-05-05 10:01,Shujaat Muzaffar,False,
557,FBMCL-00200,HDC SYED TASSAWAR SHAH SB MALIKPUR SITE,MB NO.3342,True,2025-11-02,0,0,PAID,False,2025-11-02 10:03,Shujaat Muzaffar,False,
558,FBMCL-00067,MUHAMMAD BASHEER SB CONT KOANKH,MB NO.7971,True,2026-05-05,0,0,PAID,False,2026-05-05 10:57,Shujaat Muzaffar,False,
559,FBMCL-00113,MUHAMMAD SALEEM SB RUPOWAL,MB NO.7964,True,2026-05-05,31000,31000,OPEN,False,2026-05-05 11:37,Shujaat Muzaffar,False,
560,FBMCL-00125,HAFIZ TAUSEEF SB AJNALA,MB NO.7965,True,2026-05-05,4350,4350,OPEN,False,2026-05-05 11:43,Shujaat Muzaffar,False,
561,FBMCL-00055,FIYAZ BAIG SB KOANKH,MB NO.7970,True,2026-05-05,30240,30240,OPEN,False,2026-05-05 12:09,Shujaat Muzaffar,False,
562,FBMCL-00202,HAFIZ ABDUL JABBAR SB RANGPUR,MB NO.7975,True,2026-05-05,0,0,PAID,False,2026-05-05 12:30,Shujaat Muzaffar,False,
563,FBMCL-00047,HAJI IQBAL SB JPS,MB NO.7977,True,2026-05-05,0,0,PAID,False,2026-05-05 12:41,Shujaat Muzaffar,False,
564,FBMCL-00164,MUHAMMMAD AWAIS SB PARSUWAL,MB NO.7978,True,2026-05-05,0,0,PAID,False,2026-05-05 12:56,Shujaat Muzaffar,False,
565,FBMCL-00109,IMRAN SB KHATANA,MB NO.7983,True,2026-05-05,38750,38750,OPEN,False,2026-05-05 12:59,Shujaat Muzaffar,False,
566,FBMCL-00051,FAZAL ILAHI SB JALPUWAL,MB NO.7981,True,2026-05-05,0,0,PAID,False,2026-05-05 13:28,Shujaat Muzaffar,False,
567,FBMCL-00025,MALIK JAVED SB KHAN PUR KHOKHAR,MB NO.7984,True,2026-05-05,0,0,PAID,False,2026-05-05 13:31,Shujaat Muzaffar,False,
568,FBMCL-00169,MUHAMMAD SHABEER SB CONT TIBBA AJNALA,MB NO.7990,True,2026-05-05,0,0,PAID,False,2026-05-05 15:33,Shujaat Muzaffar,False,
569,FBMCL-00001,ABDUL AZEEM SB KHAN PUR KHOKHAR,MB NO.7991,True,2026-05-05,12000,12000,OPEN,False,2026-05-05 15:37,Shujaat Muzaffar,False,
570,FBMCL-00200,HDC SYED TASSAWAR SHAH SB MALIKPUR SITE,MB NO.3404,True,2025-11-04,0,0,PAID,False,2025-11-04 16:35,Shujaat Muzaffar,False,
571,FBMCL-00200,HDC SYED TASSAWAR SHAH SB MALIKPUR SITE,MB NO.3438,True,2025-11-02,0,0,PAID,False,2025-11-02 16:49,Shujaat Muzaffar,False,
572,FBMCL-00200,HDC SYED TASSAWAR SHAH SB MALIKPUR SITE,MB NO.3439,True,2025-11-03,0,0,PAID,False,2025-11-03 16:54,Shujaat Muzaffar,False,
573,FBMCL-00200,HDC SYED TASSAWAR SHAH SB MALIKPUR SITE,MB NO.3446,True,2025-11-05,0,0,PAID,False,2025-11-05 16:56,Shujaat Muzaffar,False,
574,FBMCL-00200,HDC SYED TASSAWAR SHAH SB MALIKPUR SITE,MB NO.3451,True,2026-05-05,12144,12144,OPEN,False,2026-05-05 17:00,Shujaat Muzaffar,False,
575,FBMCL-00164,MUHAMMMAD AWAIS SB PARSUWAL,MB NO.7994,True,2026-05-05,1144,748.0000000000005,OPEN,False,2026-05-05 09:34,Shujaat Muzaffar,False,
576,FBMCL-00134,MUHAMMAD QASIM SB MALIKPUR,MB NO.7995,True,2026-05-06,0,0,PAID,False,2026-05-06 09:54,Shujaat Muzaffar,False,
577,FBMCL-00197,RAOOF SB GHURAL,MB NO.7996,True,2026-05-06,0,0,PAID,False,2026-05-06 16:41,Shujaat Muzaffar,False,
578,FBMCL-00105,DR EHSAN SB DHINDA,MB NO.7997,True,2026-05-06,0,0,PAID,False,2026-05-06 16:44,Shujaat Muzaffar,False,
579,FBMCL-00167,CH MUHAMMAD AKRAM RIHANIA SB JPS,MB NO.8003,True,2026-05-06,0,0,PAID,False,2026-05-06 17:02,Shujaat Muzaffar,False,
580,FBMCL-00010,BILAL SB KOANKH (QARI EJAZ SB),MB NO.8005,True,2026-05-06,0,0,PAID,False,2026-05-06 17:03,Shujaat Muzaffar,False,
581,FBMCL-00013,JAWAD SB AJNALA JPS,MB NO.8006,True,2026-05-06,17450,17450,OPEN,False,2026-05-06 17:05,Shujaat Muzaffar,False,
582,FBMCL-00071,HAJI WARIS SB JPS,MB NO.8007,True,2026-05-06,31.00000000000044,31.00000000000044,OPEN,False,2026-05-06 17:07,Shujaat Muzaffar,False,
583,FBMCL-00191,MIRZA REHMAN SB JPS,MB NO.8008,True,2026-05-06,0,0,PAID,False,2026-05-06 17:09,Shujaat Muzaffar,False,
584,FBMCL-00073,MUHAMMAD ASHRAF SB JPS NEAR SCHOOL (SALEEM CONT),MB NO.8009,True,2026-05-06,0,0,PAID,False,2026-05-06 17:11,Shujaat Muzaffar,False,
585,FBMCL-00202,HAFIZ ABDUL JABBAR SB RANGPUR,MB NO.8010,True,2026-05-06,0,0,PAID,False,2026-05-06 09:29,Shujaat Muzaffar,False,
586,FBMCL-00153,RAJA ALTAF SB JPS,MB NO.8012,True,2026-05-07,0,0,PAID,False,2026-05-07 09:35,Shujaat Muzaffar,False,
587,FBMCL-00083,JAVED NUMBERDAR SB JPS,MB NO.8015,True,2026-05-06,0,0,PAID,False,2026-05-06 09:37,Shujaat Muzaffar,False,
588,FBMCL-00175,MUHAMMAD ARSHAD SB GHURAL (SUBEDAR QADAR DAD SB),MB NO.8013,True,2026-05-06,134203.2,134203,OPEN,False,2026-05-06 09:39,Shujaat Muzaffar,False,
589,FBMCL-00021,RANA ZAHID SB JPS,MB NO.8016,True,2026-05-06,14950,14950,OPEN,False,2026-05-06 10:03,Shujaat Muzaffar,False,
590,FBMCL-00192,DR AMIN SB JPS,MB NO.8019,True,2026-05-07,0,0,PAID,False,2026-05-07 10:07,Shujaat Muzaffar,False,
591,FBMCL-00191,MIRZA REHMAN SB JPS,MB NO.8022,True,2026-05-07,0,0,PAID,False,2026-05-07 10:25,Shujaat Muzaffar,False,
592,FBMCL-00197,RAOOF SB GHURAL,MB NO.8025,True,2026-05-06,0,0,PAID,False,2026-05-06 10:36,Shujaat Muzaffar,False,
593,FBMCL-00088,FAISAL SB AJNALA,MB NO.8030,True,2026-05-07,0,0,PAID,False,2026-05-07 10:44,Shujaat Muzaffar,False,
594,FBMCL-00164,MUHAMMMAD AWAIS SB PARSUWAL,MB NO.8031,True,2026-05-07,0,0,PAID,False,2026-05-07 10:55,Shujaat Muzaffar,False,
595,FBMCL-00116,NAUMAN RIHANIA SB JPS,MB NO.8032,True,2026-05-07,300,300,OPEN,False,2026-05-07 10:59,Shujaat Muzaffar,False,
596,FBMCL-00048,RANA ZAHEER SB JPS,MB NO.8034,True,2026-05-07,7600,7600,OPEN,False,2026-05-07 11:02,Shujaat Muzaffar,False,
597,FBMCL-00171,FAKHAR SHAH SB AJNALA,MB NO.8037,True,2026-05-07,15200,15200,OPEN,False,2026-05-07 11:09,Shujaat Muzaffar,False,
598,FBMCL-00028,MIRZA AMJAD JAVED SB AJNALA SITE,MB NO.8040,True,2026-05-07,37850,37850,OPEN,False,2026-05-07 12:38,Shujaat Muzaffar,False,
599,FBMCL-00195,SALMAAN SB GHURAL (GOGA SB GHURAL),MB NO.8042,True,2026-05-07,0,0,PAID,False,2026-05-07 12:43,Shujaat Muzaffar,False,
600,FBMCL-00051,FAZAL ILAHI SB JALPUWAL,MB NO.8047,True,2026-05-07,0,0,PAID,False,2026-05-07 12:48,Shujaat Muzaffar,False,
601,FBMCL-00147,MUHAMMAD RAZAQ SB JPS,MB NO.8048,True,2026-05-07,0,0,PAID,False,2026-05-07 12:50,Shujaat Muzaffar,False,
602,FBMCL-00167,CH MUHAMMAD AKRAM RIHANIA SB JPS,MB NO.8949,True,2026-05-07,0,0,PAID,False,2026-05-07 12:53,Shujaat Muzaffar,False,
603,FBMCL-00071,HAJI WARIS SB JPS,MB NO.8050,True,2026-05-07,9269,9269,OPEN,False,2026-05-07 12:54,Shujaat Muzaffar,False,
604,FBMCL-00125,HAFIZ TAUSEEF SB AJNALA,MB NO.8053,True,2026-05-07,2900,2900,OPEN,False,2026-05-07 13:13,Shujaat Muzaffar,False,
605,FBMCL-00202,HAFIZ ABDUL JABBAR SB RANGPUR,MB NO.8054,True,2026-05-07,0,0,PAID,False,2026-05-07 13:24,Shujaat Muzaffar,False,
606,FBMCL-00167,CH MUHAMMAD AKRAM RIHANIA SB JPS,MB NO.8060,True,2026-05-07,0,0,PAID,False,2026-05-07 15:34,Shujaat Muzaffar,False,
607,FBMCL-00197,RAOOF SB GHURAL,MB NO.8074,True,2026-05-08,0,0,PAID,False,2026-05-08 10:09,Rehman Ahmed,False,
608,FBMCL-00197,RAOOF SB GHURAL,MB NO.8076,True,2026-05-08,1260,1260,OPEN,False,2026-05-08 10:12,Rehman Ahmed,False,
609,FBMCL-00073,MUHAMMAD ASHRAF SB JPS NEAR SCHOOL (SALEEM CONT),MB NO.8075,True,2026-05-08,0,0,PAID,False,2026-05-08 10:13,Rehman Ahmed,False,
610,FBMCL-00199,SAEED KHAN SN JPS KOANKH,MB NO.8073,True,2026-05-08,0,0,PAID,False,2026-05-08 10:54,Rehman Ahmed,False,
611,FBMCL-00199,SAEED KHAN SN JPS KOANKH,MB NO.8077,True,2026-05-08,0,0,PAID,False,2026-05-08 11:15,Rehman Ahmed,False,
612,FBMCL-00205,IRFAN SB DEDHAR SHARIF,MB NO.8078,True,2026-05-08,0,0,PAID,False,2026-05-08 11:16,Rehman Ahmed,False,
613,FBMCL-00158,JAMEEL SB JAGWAN,MB NO.8080,True,2026-05-09,0,0,PAID,False,2026-05-09 11:37,Shujaat Muzaffar,False,
614,FBMCL-00197,RAOOF SB GHURAL,MB NO.8084,True,2026-05-09,840,840,OPEN,False,2026-05-09 11:55,Shujaat Muzaffar,False,
615,FBMCL-00145,MASTER ZAHOOR SB JPS,MB NO.8085,True,2026-05-09,0,0,PAID,False,2026-05-09 11:58,Shujaat Muzaffar,False,
616,FBMCL-00175,MUHAMMAD ARSHAD SB GHURAL (SUBEDAR QADAR DAD SB),MB NO.8088,True,2026-05-09,25880.4,25880,OPEN,False,2026-05-09 12:03,Shujaat Muzaffar,False,
617,FBMCL-00207,MALIK NAVEED SB KHAN PUR KHOKHAR,MB NO.8089,True,2026-05-09,0,0,PAID,False,2026-05-09 12:05,Shujaat Muzaffar,False,
618,FBMCL-00120,DILDAAR HUSSAIN SB PARSUWAL,MB NO.8090,True,2026-05-09,14400,14400,OPEN,False,2026-05-09 12:11,Shujaat Muzaffar,False,
619,FBMCL-00207,MALIK NAVEED SB KHAN PUR KHOKHAR,MB NO.8091,True,2026-05-09,4216,4216,OPEN,False,2026-05-09 12:14,Shujaat Muzaffar,False,
620,FBMCL-00153,RAJA ALTAF SB JPS,MB NO.8092,True,2026-05-09,0,0,PAID,False,2026-05-09 12:17,Shujaat Muzaffar,False,
621,FBMCL-00010,BILAL SB KOANKH (QARI EJAZ SB),MB NO.8094,True,2026-05-09,0,0,PAID,False,2026-05-09 12:19,Shujaat Muzaffar,False,
622,FBMCL-00035,EHSAN SB CHAUHAN,MB NO.8101,True,2026-05-09,7285,7285,OPEN,False,2026-05-09 12:44,Shujaat Muzaffar,False,
623,FBMCL-00202,HAFIZ ABDUL JABBAR SB RANGPUR,MB NO.8102,True,2026-05-09,0,0,PAID,False,2026-05-09 12:50,Shujaat Muzaffar,False,
624,FBMCL-00098,NABEEL ILLAHI KOANKH,MB NO.8105,True,2026-05-09,0,0,PAID,False,2026-05-09 13:57,Shujaat Muzaffar,False,
625,FBMCL-00167,CH MUHAMMAD AKRAM RIHANIA SB JPS,MB NO.8104,True,2026-05-09,0,0,PAID,False,2026-05-09 13:59,Shujaat Muzaffar,False,
626,FBMCL-00044,NADEEM SB DHINDA,MB NO.8107,True,2026-05-09,16640,16640,OPEN,False,2026-05-09 14:25,Shujaat Muzaffar,False,
627,FBMCL-00167,CH MUHAMMAD AKRAM RIHANIA SB JPS,MB NO.8112,True,2026-05-09,47980.8,47980,OPEN,False,2026-05-09 15:08,Shujaat Muzaffar,False,
628,FBMCL-00145,MASTER ZAHOOR SB JPS,MB NO.8113,True,2026-05-09,195,195,OPEN,False,2026-05-09 16:09,Shujaat Muzaffar,False,
629,FBMCL-00199,SAEED KHAN SN JPS KOANKH,MB NO.8115,True,2026-05-09,0,0,PAID,False,2026-05-09 16:19,Shujaat Muzaffar,False,
630,FBMCL-00047,HAJI IQBAL SB JPS,MB NO.8118,True,2026-05-09,0,0,PAID,False,2026-05-09 17:24,Rehman Ahmed,False,
631,FBMCL-00207,MALIK NAVEED SB KHAN PUR KHOKHAR,MB NO.8121,True,2026-05-09,0,0,PAID,False,2026-05-09 10:25,Shujaat Muzaffar,False,
632,FBMCL-00029,RAZA ULLAH SB MALAK PUR,MB NO.8122,True,2026-05-10,0,0,PAID,False,2026-05-10 10:31,Shujaat Muzaffar,False,
633,FBMCL-00197,RAOOF SB GHURAL,MB NO.8123,True,2026-05-10,0,0,PAID,False,2026-05-10 10:37,Shujaat Muzaffar,False,
634,FBMCL-00145,MASTER ZAHOOR SB JPS,MB NO.8124,True,2026-05-10,0,0,PAID,False,2026-05-10 10:39,Shujaat Muzaffar,False,
635,FBMCL-00053,MUHAMMAD ALI SB MULL,MB NO.8125,True,2026-05-10,0,0,PAID,False,2026-05-10 10:40,Shujaat Muzaffar,False,
636,FBMCL-00125,HAFIZ TAUSEEF SB AJNALA,MB NO.8128,True,2026-05-10,2900,2900,OPEN,False,2026-05-10 10:42,Shujaat Muzaffar,False,
637,FBMCL-00065,SAJID BAIG MAKKI KOANKH,MB NO.8068,True,2026-05-07,11496.2,11496,OPEN,False,2026-05-07 10:49,Shujaat Muzaffar,False,
638,FBMCL-00065,SAJID BAIG MAKKI KOANKH,MB NO.8071,True,2026-05-07,2520,2520,OPEN,False,2026-05-07 10:59,Shujaat Muzaffar,False,
639,FBMCL-00065,SAJID BAIG MAKKI KOANKH,MB NO.8131,True,2026-05-10,6500,6500,OPEN,False,2026-05-10 11:02,Shujaat Muzaffar,False,
640,FBMCL-00071,HAJI WARIS SB JPS,MB NO.8132,True,2026-05-10,0,0,PAID,False,2026-05-10 11:20,Shujaat Muzaffar,False,
641,FBMCL-00111,RAJA PARWEZ SB RANGPUR,MB NO.8133,True,2026-05-10,0,0,PAID,False,2026-05-10 11:24,Shujaat Muzaffar,False,
642,FBMCL-00001,ABDUL AZEEM SB KHAN PUR KHOKHAR,MB NO.8135,True,2026-05-10,1250,1250,OPEN,False,2026-05-10 11:26,Shujaat Muzaffar,False,
643,FBMCL-00172,SAIF ULLAH SB KOANKH,MB NO.8136,True,2026-05-10,0,0,PAID,False,2026-05-10 11:30,Shujaat Muzaffar,False,
644,FBMCL-00175,MUHAMMAD ARSHAD SB GHURAL (SUBEDAR QADAR DAD SB),MB NO.8139,True,2026-05-10,0,0,PAID,False,2026-05-10 11:31,Shujaat Muzaffar,False,
645,FBMCL-00025,MALIK JAVED SB KHAN PUR KHOKHAR,MB NO.8140,True,2026-05-10,0,0,PAID,False,2026-05-10 11:58,Shujaat Muzaffar,False,
646,FBMCL-00121,MAQSOOD SB MALAK PUR,MB NO.8144,True,2026-05-10,0,0,PAID,False,2026-05-10 14:13,Shujaat Muzaffar,False,
647,FBMCL-00207,MALIK NAVEED SB KHAN PUR KHOKHAR,MB NO.8147,True,2026-05-10,0,0,PAID,False,2026-05-10 14:15,Shujaat Muzaffar,False,
648,FBMCL-00116,NAUMAN RIHANIA SB JPS,MB NO.8149,True,2026-05-10,7214.5,7214,OPEN,False,2026-05-10 15:26,Shujaat Muzaffar,False,
649,FBMCL-00202,HAFIZ ABDUL JABBAR SB RANGPUR,MB NO.7153,True,2026-05-10,0,0,PAID,False,2026-05-10 15:56,Shujaat Muzaffar,False,
650,FBMCL-00138,FAROOQ KALAS SB PARSUWAL,MB NO.8153,True,2026-05-10,0,0,PAID,False,2026-05-10 16:20,Shujaat Muzaffar,False,
651,FBMCL-00186,SAFDAR ALI SB AJNALA (ASLAM CONT),MB NO.8155,True,2026-05-11,0,0,PAID,False,2026-05-11 11:10,Shujaat Muzaffar,False,
652,FBMCL-00105,DR EHSAN SB DHINDA,MB NO.8156,True,2026-05-11,0,0,PAID,False,2026-05-11 11:11,Shujaat Muzaffar,False,
653,FBMCL-00116,NAUMAN RIHANIA SB JPS,MB NO.8160,True,2026-05-11,25920,25920,OPEN,False,2026-05-11 11:13,Shujaat Muzaffar,False,
654,FBMCL-00156,MUHANNAD ASLAM SB MALIKPUR,MB NO.8161,True,2026-05-11,490,490,OPEN,False,2026-05-11 11:23,Shujaat Muzaffar,False,
655,FBMCL-00073,MUHAMMAD ASHRAF SB JPS NEAR SCHOOL (SALEEM CONT),MB NO.8159,True,2026-05-11,22331.67,22331,OPEN,False,2026-05-11 11:24,Shujaat Muzaffar,False,
656,FBMCL-00113,MUHAMMAD SALEEM SB RUPOWAL,MB NO.8165,True,2026-05-11,30600,30600,OPEN,False,2026-05-11 12:00,Shujaat Muzaffar,False,
657,FBMCL-00066,SUBEDAR MUHAMMAD ARSHAD SB KHANPUR KHOKHAR,INV-20260511171041,False,2026-05-11,0,0,PAID,False,2026-05-11 17:10,Shujaat Muzaffar,False,
658,FBMCL-00116,NAUMAN RIHANIA SB JPS,MB NO.8172,True,2026-05-11,2880,2880,OPEN,False,2026-05-11 17:12,Shujaat Muzaffar,False,
659,FBMCL-00146,ABDUL SATTAR SB DHINDA FARM,MB NO.8173,True,2026-05-11,29600,29600,OPEN,False,2026-05-11 17:17,Shujaat Muzaffar,False,
660,FBMCL-00028,MIRZA AMJAD JAVED SB AJNALA SITE,MB NO.8174,True,2026-05-11,38100,38100,OPEN,False,2026-05-11 17:18,Shujaat Muzaffar,False,
661,FBMCL-00098,NABEEL ILLAHI KOANKH,MB NO.8175,True,2026-05-11,0,0,PAID,False,2026-05-11 17:24,Shujaat Muzaffar,False,
662,FBMCL-00073,MUHAMMAD ASHRAF SB JPS NEAR SCHOOL (SALEEM CONT),MB NO.8176,True,2026-05-11,10250.6,10250.6,OPEN,False,2026-05-11 17:25,Shujaat Muzaffar,False,
663,FBMCL-00202,HAFIZ ABDUL JABBAR SB RANGPUR,MB NO.8181,True,2026-05-11,0,0,PAID,False,2026-05-11 17:35,Shujaat Muzaffar,False,
664,FBMCL-00207,MALIK NAVEED SB KHAN PUR KHOKHAR,MB NO.8183,True,2026-05-11,45680,45680,OPEN,False,2026-05-11 08:37,Shujaat Muzaffar,False,
665,FBMCL-00165,SHEHZAD BAIG SB KOANKH,MB NO.8186,True,2026-05-12,0,0,PAID,False,2026-05-12 10:21,Shujaat Muzaffar,False,
666,FBMCL-00153,RAJA ALTAF SB JPS,MB NO.8190,True,2026-05-12,0,0,PAID,False,2026-05-12 10:30,Shujaat Muzaffar,False,
667,FBMCL-00053,MUHAMMAD ALI SB MULL,MB NO.8191,True,2026-05-12,30400,30400,OPEN,False,2026-05-12 10:33,Shujaat Muzaffar,False,
668,FBMCL-00111,RAJA PARWEZ SB RANGPUR,MB NO.8192,True,2026-05-12,0,0,PAID,False,2026-05-12 10:35,Shujaat Muzaffar,False,
669,FBMCL-00199,SAEED KHAN SN JPS KOANKH,MB NO.8193,True,2026-05-12,1000,1000,OPEN,False,2026-05-12 10:40,Shujaat Muzaffar,False,
670,FBMCL-00134,MUHAMMAD QASIM SB MALIKPUR,MB NO.8194,True,2026-05-12,0,0,PAID,False,2026-05-12 10:52,Shujaat Muzaffar,False,
671,FBMCL-00169,MUHAMMAD SHABEER SB CONT TIBBA AJNALA,MB NO.8195,True,2026-05-12,0,0,PAID,False,2026-05-12 10:53,Shujaat Muzaffar,False,
672,FBMCL-00158,JAMEEL SB JAGWAN,MB NO.8200,True,2026-05-12,2187.999999999989,2187.999999999989,OPEN,False,2026-05-12 12:02,Shujaat Muzaffar,False,
673,FBMCL-00006,SHEHBAZ BAIG SB KOANKH,MB NO.8202,True,2026-05-12,0,0,PAID,False,2026-05-12 12:47,Shujaat Muzaffar,False,
674,FBMCL-00208,MIRZA YOUNUS SB JPS,MB NO.8203,True,2026-05-12,0,0,PAID,False,2026-05-12 14:17,Shujaat Muzaffar,False,
675,FBMCL-00207,MALIK NAVEED SB KHAN PUR KHOKHAR,MB NO.8205,True,2026-05-12,0,0,PAID,False,2026-05-12 14:23,Shujaat Muzaffar,False,
676,FBMCL-00083,JAVED NUMBERDAR SB JPS,MB NO.8207,True,2026-05-12,0,0,PAID,False,2026-05-12 14:54,Shujaat Muzaffar,False,
677,FBMCL-00202,HAFIZ ABDUL JABBAR SB RANGPUR,MB NO.8210,True,2026-05-12,0,0,PAID,False,2026-05-12 16:28,Shujaat Muzaffar,False,
678,FBMCL-00145,MASTER ZAHOOR SB JPS,MB NO.8212,True,2026-05-13,19722.5,19722,OPEN,False,2026-05-13 11:40,Shujaat Muzaffar,False,
679,FBMCL-00145,MASTER ZAHOOR SB JPS,MB NO.8214,True,2026-05-13,9408,9408,OPEN,False,2026-05-13 11:43,Shujaat Muzaffar,False,
680,FBMCL-00210,AFGHAN SB GHURAL,MB NO.8220,True,2026-05-13,0,0,PAID,False,2026-05-13 12:07,Shujaat Muzaffar,False,
681,FBMCL-00204,SHEHZAD SB GHURAIRA,MB NO.8223,True,2026-05-13,0,0,PAID,False,2026-05-13 12:13,Shujaat Muzaffar,False,
682,FBMCL-00021,RANA ZAHID SB JPS,MB NO.8228,True,2026-05-13,14750,14750,OPEN,False,2026-05-13 12:52,Shujaat Muzaffar,False,
683,FBMCL-00013,JAWAD SB AJNALA JPS,MB NO.8231,True,2026-05-13,14850,14850,OPEN,False,2026-05-13 13:33,Shujaat Muzaffar,False,
684,FBMCL-00209,SHABEEB SB KANIYAN,MB NO.8233,True,2026-05-13,0,0,PAID,False,2026-05-13 13:36,Shujaat Muzaffar,False,
685,FBMCL-00209,SHABEEB SB KANIYAN,MB NO.8234,True,2026-05-13,7506,7506,OPEN,False,2026-05-13 13:38,Shujaat Muzaffar,False,
686,FBMCL-00156,MUHANNAD ASLAM SB MALIKPUR,MB NO.8236,True,2026-05-13,0,0,PAID,False,2026-05-13 13:42,Shujaat Muzaffar,False,
687,FBMCL-00052,GHULAM SARWAR SB JPS(HAJI JAVED SB),MB NO.8239,True,2026-05-13,0,0,PAID,False,2026-05-13 13:47,Shujaat Muzaffar,False,
688,FBMCL-00175,MUHAMMAD ARSHAD SB GHURAL (SUBEDAR QADAR DAD SB),MB NO.8242,True,2026-05-13,0,0,PAID,False,2026-05-13 15:39,Shujaat Muzaffar,False,
689,FBMCL-00212,MIRZA NAZAR BAIG SB KOANKH,MB NO.8247,True,2026-05-13,960.4999999999993,960.4999999999993,OPEN,False,2026-05-13 15:40,Shujaat Muzaffar,False,
690,FBMCL-00021,RANA ZAHID SB JPS,MB NO.8248,True,2026-05-13,14750,14750,OPEN,False,2026-05-13 15:50,Shujaat Muzaffar,False,
691,FBMCL-00108,TARIQ BUTT SB JPS,MB NO.8250,True,2026-05-13,0,0,PAID,False,2026-05-13 16:43,Shujaat Muzaffar,False,
692,FBMCL-00108,TARIQ BUTT SB JPS,MB NO.8026,True,2026-05-06,0,0,PAID,False,2026-05-06 16:44,Shujaat Muzaffar,False,
693,FBMCL-00165,SHEHZAD BAIG SB KOANKH,MB NO.8267,True,2026-05-14,20047.5,20047,OPEN,False,2026-05-14 11:07,Rehman Ahmed,False,
694,FBMCL-00147,MUHAMMAD RAZAQ SB JPS,MB NO.8257,True,2026-05-14,0,0,PAID,False,2026-05-14 13:08,Rehman Ahmed,False,
695,FBMCL-00210,AFGHAN SB GHURAL,MB NO.8257-1,True,2026-05-14,0,0,PAID,False,2026-05-14 13:52,Rehman Ahmed,False,
696,FBMCL-00147,MUHAMMAD RAZAQ SB JPS,MB NO.8257bbbb,True,2026-05-14,0,0,PAID,False,2026-05-14 14:08,Rehman Ahmed,False,
697,FBMCL-00147,MUHAMMAD RAZAQ SB JPS,MB NO.8257-1b,True,2026-05-14,0,0,PAID,False,2026-05-14 15:05,Rehman Ahmed,False,
698,FBMCL-00205,IRFAN SB DEDHAR SHARIF,MB NO.8259,True,2026-05-14,0,0,PAID,False,2026-05-14 15:12,Shujaat Muzaffar,False,
699,FBMCL-00145,MASTER ZAHOOR SB JPS,MB NO.8262,True,2026-05-14,0,0,PAID,False,2026-05-14 15:14,Shujaat Muzaffar,False,
700,FBMCL-00047,HAJI IQBAL SB JPS,MB NO.8264,True,2026-05-14,387684.4,387684.4,OPEN,False,2026-05-14 15:16,Shujaat Muzaffar,False,
701,FBMCL-00071,HAJI WARIS SB JPS,MB NO.8270,True,2026-05-14,0,0,PAID,False,2026-05-14 15:39,Shujaat Muzaffar,False,
702,FBMCL-00211,ALI AKBAR SB DHINDA,MB NO.8272,True,2026-05-14,0,0,PAID,False,2026-05-14 15:41,Shujaat Muzaffar,False,
703,FBMCL-00211,ALI AKBAR SB DHINDA,MB NO.8275,True,2026-05-14,0,0,PAID,False,2026-05-14 15:44,Shujaat Muzaffar,False,
704,FBMCL-00191,MIRZA REHMAN SB JPS,MB NO.8276,True,2026-05-14,0,0,PAID,False,2026-05-14 15:45,Shujaat Muzaffar,False,
705,FBMCL-00213,HAFIZ NASIR SB GHURAL,MB NO.8281,True,2026-05-14,30200,30200,OPEN,False,2026-05-14 15:53,Shujaat Muzaffar,False,
706,FBMCL-00209,SHABEEB SB KANIYAN,MB NO.8283,True,2026-05-14,5009.4,5008.5,OPEN,False,2026-05-14 16:01,Shujaat Muzaffar,False,
707,FBMCL-00088,FAISAL SB AJNALA,MB NO.8284,True,2026-05-14,0,0,PAID,False,2026-05-14 16:16,Shujaat Muzaffar,False,
708,FBMCL-00066,SUBEDAR MUHAMMAD ARSHAD SB KHANPUR KHOKHAR,MB NO.8285,True,2026-05-14,40351,40351,OPEN,False,2026-05-14 16:17,Shujaat Muzaffar,False,
709,FBMCL-00165,SHEHZAD BAIG SB KOANKH,MB NO.8289,True,2026-05-14,4200,4200,OPEN,False,2026-05-14 16:54,Shujaat Muzaffar,False,
710,FBMCL-00047,HAJI IQBAL SB JPS,MB NO.8291,True,2026-05-14,73206,73206,OPEN,False,2026-05-14 17:07,Shujaat Muzaffar,False,
711,FBMCL-00047,HAJI IQBAL SB JPS,MB NO.8264-1B,True,2026-05-15,63850,63850,OPEN,False,2026-05-15 10:49,Rehman Ahmed,False,
712,FBMCL-00135,BASHEER SHAH SB GHURAIRA( KAKU SHAH),MB NO.8329,True,2026-05-16,0,0,PAID,False,2026-05-16 13:13,Rehman Ahmed,False,
713,FBMCL-00208,MIRZA YOUNUS SB JPS,MB NO.8304,True,2026-05-17,4175.999999999998,4175.999999999998,OPEN,False,2026-05-17 10:21,Shujaat Muzaffar,False,
714,FBMCL-00165,SHEHZAD BAIG SB KOANKH,MB NO.8307,True,2026-05-17,35206.50000000007,35206.00000000007,OPEN,False,2026-05-17 10:42,Shujaat Muzaffar,False,
715,FBMCL-00146,ABDUL SATTAR SB DHINDA FARM,MB NO.8314,True,2026-05-17,29600,29600,OPEN,False,2026-05-17 10:49,Shujaat Muzaffar,False,
716,FBMCL-00023,MALIK ADNAN,MB NO.8315,True,2026-05-17,14850,14850,OPEN,False,2026-05-17 11:27,Shujaat Muzaffar,False,
717,FBMCL-00051,FAZAL ILAHI SB JALPUWAL,MB NO.8316,True,2026-05-16,0,0,PAID,False,2026-05-16 11:30,Shujaat Muzaffar,False,
718,FBMCL-00191,MIRZA REHMAN SB JPS,MB NO.8323,True,2026-05-17,0,0,PAID,False,2026-05-17 13:06,Shujaat Muzaffar,False,
719,FBMCL-00001,ABDUL AZEEM SB KHAN PUR KHOKHAR,MB NO.8326,True,2026-05-17,1250,1250,OPEN,False,2026-05-17 13:07,Shujaat Muzaffar,False,
720,FBMCL-00192,DR AMIN SB JPS,MB NO.8331,True,2026-05-17,0,0,PAID,False,2026-05-17 13:13,Shujaat Muzaffar,False,
721,FBMCL-00146,ABDUL SATTAR SB DHINDA FARM,MB NO.8333,True,2026-05-17,29600,29600,OPEN,False,2026-05-17 13:19,Shujaat Muzaffar,False,
722,FBMCL-00209,SHABEEB SB KANIYAN,MB NO.8336,True,2026-05-16,800,800,OPEN,False,2026-05-16 13:20,Shujaat Muzaffar,False,
723,FBMCL-00214,IMRAN SB CHACHUWAL,MB NO.8344,True,2026-05-17,0,0,PAID,False,2026-05-17 13:38,Shujaat Muzaffar,False,
724,FBMCL-00023,MALIK ADNAN,MB NO.8345,True,2026-05-17,7600,7600,OPEN,False,2026-05-17 13:40,Shujaat Muzaffar,False,
725,FBMCL-00028,MIRZA AMJAD JAVED SB AJNALA SITE,MB NO.8347,True,2026-05-17,37850,37850,OPEN,False,2026-05-17 13:42,Shujaat Muzaffar,False,
726,FBMCL-00035,EHSAN SB CHAUHAN,MB NO.8352,True,2026-05-17,1140,1140,OPEN,False,2026-05-17 14:12,Shujaat Muzaffar,False,
727,FBMCL-00175,MUHAMMAD ARSHAD SB GHURAL (SUBEDAR QADAR DAD SB),MB NO.8353,True,2026-05-17,0,0,PAID,False,2026-05-17 14:14,Shujaat Muzaffar,False,
728,FBMCL-00165,SHEHZAD BAIG SB KOANKH,MB NO.8354,True,2026-05-17,1600,1600,OPEN,False,2026-05-17 14:16,Shujaat Muzaffar,False,
729,FBMCL-00044,NADEEM SB DHINDA,MB NO.8356,True,2026-05-16,2880,2880,OPEN,False,2026-05-16 14:17,Shujaat Muzaffar,False,
730,FBMCL-00171,FAKHAR SHAH SB AJNALA,MB NO.8357,True,2026-05-17,30300,30300,OPEN,False,2026-05-17 14:18,Shujaat Muzaffar,False,
731,FBMCL-00134,MUHAMMAD QASIM SB MALIKPUR,MB NO.8358,True,2026-05-17,0,0,PAID,False,2026-05-17 14:19,Shujaat Muzaffar,False,
732,FBMCL-00153,RAJA ALTAF SB JPS,MB NO.8361,True,2026-05-17,0,0,PAID,False,2026-05-17 14:21,Shujaat Muzaffar,False,
733,FBMCL-00052,GHULAM SARWAR SB JPS(HAJI JAVED SB),MB NO.8363,True,2026-05-17,0,0,PAID,False,2026-05-17 14:22,Shujaat Muzaffar,False,
734,FBMCL-00079,ISHTIAQ CONT KOANKH,MB NO.8364/2,True,2026-05-17,200,200,OPEN,False,2026-05-17 14:27,Shujaat Muzaffar,False,
735,FBMCL-00006,SHEHBAZ BAIG SB KOANKH,MB NO.8369,True,2026-05-17,0,0,PAID,False,2026-05-17 15:18,Shujaat Muzaffar,False,
736,FBMCL-00047,HAJI IQBAL SB JPS,MB NO.8312,True,2026-05-17,1950,1950,OPEN,False,2026-05-17 15:46,Shujaat Muzaffar,False,
737,FBMCL-00202,HAFIZ ABDUL JABBAR SB RANGPUR,MB NO.8376,True,2026-05-17,0,0,PAID,False,2026-05-17 04:45,Shujaat Muzaffar,False,
739,FBMCL-00150,MUHAMMAD AKRAM SB SANTAL SURKHIYAN,MB NO.8373,True,2026-05-18,57042,57042,OPEN,False,2026-05-18 03:07,Shujaat Muzaffar,False,
740,FBMCL-00165,SHEHZAD BAIG SB KOANKH,MB NO.8378,True,2026-05-18,253750,253750,OPEN,False,2026-05-18 03:15,Shujaat Muzaffar,False,
741,FBMCL-00116,NAUMAN RIHANIA SB JPS,MB NO.8379,True,2026-05-18,29300,29300,OPEN,False,2026-05-18 03:17,Shujaat Muzaffar,False,
742,FBMCL-00175,MUHAMMAD ARSHAD SB GHURAL (SUBEDAR QADAR DAD SB),MB NO.8383,True,2026-05-17,115276.4,115276,OPEN,False,2026-05-17 03:21,Shujaat Muzaffar,False,
743,FBMCL-00191,MIRZA REHMAN SB JPS,MB NO.8384,True,2026-05-17,0,0,PAID,False,2026-05-17 03:23,Shujaat Muzaffar,False,
744,FBMCL-00186,SAFDAR ALI SB AJNALA (ASLAM CONT),MB NO.8385,True,2026-05-18,0,0,PAID,False,2026-05-18 03:24,Shujaat Muzaffar,False,
745,FBMCL-00151,MALIK MEHMOOD SB PARSUWAL,MB NO.8387,True,2026-05-18,4740,4740,OPEN,False,2026-05-18 03:26,Shujaat Muzaffar,False,
746,FBMCL-00168,ABDUL REHMAN SB JPS(ZAFAR CONT),MB NO.8393,True,2026-05-18,0,0,PAID,False,2026-05-18 03:32,Shujaat Muzaffar,False,
747,FBMCL-00073,MUHAMMAD ASHRAF SB JPS NEAR SCHOOL (SALEEM CONT),MB NO.8394,True,2026-05-18,0,0,PAID,False,2026-05-18 03:34,Shujaat Muzaffar,False,
748,FBMCL-00021,RANA ZAHID SB JPS,MB NO.8396,True,2026-05-18,31200,31200,OPEN,False,2026-05-18 03:35,Shujaat Muzaffar,False,
749,FBMCL-00162,SHERAZ SB MALIK PUR,MB NO.8399,True,2026-05-18,0,0,PAID,False,2026-05-18 03:38,Shujaat Muzaffar,False,
750,FBMCL-00052,GHULAM SARWAR SB JPS(HAJI JAVED SB),MB NO.8400,True,2026-05-18,14632,14632,OPEN,False,2026-05-18 03:39,Shujaat Muzaffar,False,
751,FBMCL-00191,MIRZA REHMAN SB JPS,MB NO.8407,True,2026-05-18,23637.5,23637,OPEN,False,2026-05-18 03:58,Shujaat Muzaffar,False,
752,FBMCL-00195,SALMAAN SB GHURAL (GOGA SB GHURAL),MB NO.8412,True,2026-05-18,0,0,PAID,False,2026-05-18 04:03,Shujaat Muzaffar,False,
753,FBMCL-00191,MIRZA REHMAN SB JPS,MB NO.88413,True,2026-05-18,0,0,PAID,False,2026-05-18 04:05,Shujaat Muzaffar,False,
754,FBMCL-00192,DR AMIN SB JPS,MB NO.8414,True,2026-05-18,0,0,PAID,False,2026-05-18 04:06,Shujaat Muzaffar,False,
755,FBMCL-00202,HAFIZ ABDUL JABBAR SB RANGPUR,MB NO.8418,True,2026-05-16,0,0,PAID,False,2026-05-16 04:08,Shujaat Muzaffar,False,
756,FBMCL-00202,HAFIZ ABDUL JABBAR SB RANGPUR,MB NO.8419,True,2026-05-18,0,0,PAID,False,2026-05-18 04:15,Shujaat Muzaffar,False,
757,FBMCL-00215,CH IMRAN SB JPS,MB NO.8421,True,2026-05-18,7834.1,7834.1,OPEN,False,2026-05-18 04:17,Shujaat Muzaffar,False,
758,FBMCL-00209,SHABEEB SB KANIYAN,MB NO.8423,True,2026-05-18,0,0,PAID,False,2026-05-18 04:21,Shujaat Muzaffar,False,
759,FBMCL-00215,CH IMRAN SB JPS,MB NO.8425,True,2026-05-18,29700,29700,OPEN,False,2026-05-18 05:15,Shujaat Muzaffar,False,
760,FBMCL-00165,SHEHZAD BAIG SB KOANKH,MB NO.8426,True,2026-05-18,36250,36250,OPEN,False,2026-05-18 05:17,Shujaat Muzaffar,False,
761,FBMCL-00195,SALMAAN SB GHURAL (GOGA SB GHURAL),MB NO.8428,True,2026-05-18,0,0,PAID,False,2026-05-18 05:18,Shujaat Muzaffar,False,
762,FBMCL-00146,ABDUL SATTAR SB DHINDA FARM,MB NO.8430,True,2026-05-18,29600,29600,OPEN,False,2026-05-18 21:41,Shujaat Muzaffar,False,
763,FBMCL-00071,HAJI WARIS SB JPS,MB NO.8432,True,2026-05-18,0,0,PAID,False,2026-05-18 22:52,Shujaat Muzaffar,False,
764,FBMCL-00165,SHEHZAD BAIG SB KOANKH,MB NO.8435,True,2026-05-19,36250,36250,OPEN,False,2026-05-19 00:09,Shujaat Muzaffar,False,
765,FBMCL-00155,ANSAR SB DOIYAN,MB NO.8441,True,2026-05-19,0,0,PAID,False,2026-05-19 00:51,Shujaat Muzaffar,False,
766,FBMCL-00217,MIRZA SHAMSHEED SB BHUCH,MB NO.8443,True,2026-05-18,0,0,PAID,False,2026-05-18 00:54,Shujaat Muzaffar,False,
767,FBMCL-00216,SAGHEER BAIG SB KOANKH,MB NO.8444,True,2026-05-18,0,0,PAID,False,2026-05-18 00:56,Shujaat Muzaffar,False,
768,FBMCL-00215,CH IMRAN SB JPS,MB NO.8446,True,2026-05-19,22300,22300,OPEN,False,2026-05-19 01:05,Shujaat Muzaffar,False,
769,FBMCL-00145,MASTER ZAHOOR SB JPS,MB NO.8447,True,2026-05-19,3200,3200,OPEN,False,2026-05-19 01:11,Shujaat Muzaffar,False,
770,FBMCL-00191,MIRZA REHMAN SB JPS,MB NO.8448,True,2026-05-19,0,0,PAID,False,2026-05-19 01:17,Shujaat Muzaffar,False,
771,FBMCL-00168,ABDUL REHMAN SB JPS(ZAFAR CONT),MB NO.8451,True,2026-05-19,0,0,PAID,False,2026-05-19 01:30,Shujaat Muzaffar,False,
772,FBMCL-00215,CH IMRAN SB JPS,MB NO.8454,True,2026-05-19,22300,22300,OPEN,False,2026-05-19 01:33,Shujaat Muzaffar,False,
773,FBMCL-00009,MAZHAR SB RUPOWAL DERA,MB NO.8455,True,2026-05-19,37750,37750,OPEN,False,2026-05-19 01:40,Shujaat Muzaffar,False,
774,FBMCL-00205,IRFAN SB DEDHAR SHARIF,MB NO.8458,True,2026-05-19,0,0,PAID,False,2026-05-19 01:43,Shujaat Muzaffar,False,
775,FBMCL-00008,TALHA SB JPS,MB NO.8462,True,2026-05-19,0,0,PAID,False,2026-05-19 01:46,Shujaat Muzaffar,False,
776,FBMCL-00047,HAJI IQBAL SB JPS,MB NO.8380,True,2026-05-19,0,0,PAID,False,2026-05-19 16:21,Rehman Ahmed,False,
777,FBMCL-00202,HAFIZ ABDUL JABBAR SB RANGPUR,MB NO.8463.2,True,2026-05-18,0,0,PAID,False,2026-05-18 22:10,Shujaat Muzaffar,False,
778,FBMCL-00202,HAFIZ ABDUL JABBAR SB RANGPUR,MB NO.8463,True,2026-05-19,0,0,PAID,False,2026-05-19 22:14,Shujaat Muzaffar,False,
779,FBMCL-00138,FAROOQ KALAS SB PARSUWAL,MB NO.8464,True,2026-05-19,0,0,PAID,False,2026-05-19 22:15,Shujaat Muzaffar,False,
780,FBMCL-00216,SAGHEER BAIG SB KOANKH,MB NO.8465,True,2026-05-19,0,0,PAID,False,2026-05-19 22:18,Shujaat Muzaffar,False,
781,FBMCL-00021,RANA ZAHID SB JPS,MB NO.8469,True,2026-05-19,8700,8700,OPEN,False,2026-05-19 22:19,Shujaat Muzaffar,False,
782,FBMCL-00168,ABDUL REHMAN SB JPS(ZAFAR CONT),MB NO.8470,True,2026-05-19,0,0,PAID,False,2026-05-19 22:21,Shujaat Muzaffar,False,
783,FBMCL-00165,SHEHZAD BAIG SB KOANKH,MB NO.8472.2,True,2026-05-19,500,500,OPEN,False,2026-05-19 22:43,Shujaat Muzaffar,False,
784,FBMCL-00175,MUHAMMAD ARSHAD SB GHURAL (SUBEDAR QADAR DAD SB),MB NO.8474,True,2026-05-19,1680,1680,OPEN,False,2026-05-19 22:48,Shujaat Muzaffar,False,
785,FBMCL-00008,TALHA SB JPS,MB NO.8477,True,2026-05-19,0,0,PAID,False,2026-05-19 22:49,Shujaat Muzaffar,False,
786,FBMCL-00216,SAGHEER BAIG SB KOANKH,MB NO.8480,True,2026-05-20,0,0,PAID,False,2026-05-20 10:51,Shujaat Muzaffar,False,
787,FBMCL-00088,FAISAL SB AJNALA,MB NO.8482,True,2026-05-20,0,0,PAID,False,2026-05-20 10:54,Shujaat Muzaffar,False,
788,FBMCL-00108,TARIQ BUTT SB JPS,MB NO.8486,True,2026-05-20,0,0,PAID,False,2026-05-20 11:02,Shujaat Muzaffar,False,
789,FBMCL-00008,TALHA SB JPS,MB NO.8488,True,2026-05-20,0,0,PAID,False,2026-05-20 11:05,Shujaat Muzaffar,False,
790,FBMCL-00153,RAJA ALTAF SB JPS,MB NO.8489,True,2026-05-20,0,0,PAID,False,2026-05-20 11:07,Shujaat Muzaffar,False,
791,FBMCL-00021,RANA ZAHID SB JPS,MB NO.8490,True,2026-05-20,4450,4450,OPEN,False,2026-05-20 11:46,Shujaat Muzaffar,False,
792,FBMCL-00202,HAFIZ ABDUL JABBAR SB RANGPUR,MB NO.8492,True,2026-05-20,0,0,PAID,False,2026-05-20 12:02,Shujaat Muzaffar,False,
793,FBMCL-00151,MALIK MEHMOOD SB PARSUWAL,MB NO.8494,True,2026-05-16,0,0,PAID,False,2026-05-16 12:04,Shujaat Muzaffar,False,
794,FBMCL-00066,SUBEDAR MUHAMMAD ARSHAD SB KHANPUR KHOKHAR,MB NO.8495,True,2026-05-21,0,0,PAID,False,2026-05-21 12:06,Shujaat Muzaffar,False,
795,FBMCL-00021,RANA ZAHID SB JPS,MB NO.8496,True,2026-05-20,7550,7550,OPEN,False,2026-05-20 12:09,Shujaat Muzaffar,False,
796,FBMCL-00216,SAGHEER BAIG SB KOANKH,MB NO.8501,True,2026-05-20,107498.8,107498.8,OPEN,False,2026-05-20 12:13,Shujaat Muzaffar,False,
797,FBMCL-00153,RAJA ALTAF SB JPS,MB NO.8502,True,2026-05-21,3433.5,3433.5,OPEN,False,2026-05-21 12:33,Shujaat Muzaffar,False,
798,FBMCL-00169,MUHAMMAD SHABEER SB CONT TIBBA AJNALA,MB NO.8503,True,2026-05-21,0,0,PAID,False,2026-05-21 12:36,Shujaat Muzaffar,False,
799,FBMCL-00216,SAGHEER BAIG SB KOANKH,MB NO.8504,True,2026-05-21,0,0,PAID,False,2026-05-21 12:38,Shujaat Muzaffar,False,
800,FBMCL-00218,RAZAQ SB KHANPUR KHOKHAR,MB NO.8508,True,2026-05-21,0,0,PAID,False,2026-05-21 12:48,Shujaat Muzaffar,False,
801,FBMCL-00116,NAUMAN RIHANIA SB JPS,MB NO.8509,True,2026-05-21,29500,29500,OPEN,False,2026-05-21 12:54,Shujaat Muzaffar,False,
802,FBMCL-00216,SAGHEER BAIG SB KOANKH,MB NO.8514,True,2026-05-20,0,0,PAID,False,2026-05-20 13:02,Shujaat Muzaffar,False,
803,FBMCL-00204,SHEHZAD SB GHURAIRA,MB NO.8516,True,2026-05-21,0,0,PAID,False,2026-05-21 13:12,Shujaat Muzaffar,False,
804,FBMCL-00167,CH MUHAMMAD AKRAM RIHANIA SB JPS,MB NO.8261,True,2026-05-14,10905.8,10905.8,OPEN,False,2026-05-14 13:32,Shujaat Muzaffar,False,
805,FBMCL-00167,CH MUHAMMAD AKRAM RIHANIA SB JPS,MB NO.8518,True,2026-05-21,3379.6,3379.6,OPEN,False,2026-05-21 13:34,Shujaat Muzaffar,False,
806,FBMCL-00211,ALI AKBAR SB DHINDA,MB NO.8520,True,2026-05-21,0,0,PAID,False,2026-05-21 13:52,Shujaat Muzaffar,False,
807,FBMCL-00202,HAFIZ ABDUL JABBAR SB RANGPUR,MB NO.8522,True,2026-05-21,0,0,PAID,False,2026-05-21 13:54,Shujaat Muzaffar,False,
808,FBMCL-00028,MIRZA AMJAD JAVED SB AJNALA SITE,MB NO.8524,True,2026-05-21,1500,1500,OPEN,False,2026-05-21 14:07,Shujaat Muzaffar,False,
809,FBMCL-00176,TARIQ MEHMOOD SB MALIKPUR,MB NO.8525,True,2026-05-21,21050,21050,OPEN,False,2026-05-21 14:31,Shujaat Muzaffar,False,
810,FBMCL-00008,TALHA SB JPS,MB NO.8517,True,2026-05-21,56800.5,56800.5,OPEN,False,2026-05-21 14:33,Shujaat Muzaffar,False,
811,FBMCL-00008,TALHA SB JPS,MB NO.8526,True,2026-05-21,1975,1975,OPEN,False,2026-05-21 14:38,Shujaat Muzaffar,False,
812,FBMCL-00220,GHULAM GHOUS SB JPS,MB NO.8515,True,2026-05-23,16767.5,3867.5,PARTIAL,False,2026-05-23 11:18,Rehman Ahmed,False,
813,FBMCL-00052,GHULAM SARWAR SB JPS(HAJI JAVED SB),MB NO.8529,True,2026-05-23,0,0,PAID,False,2026-05-23 01:37,Shujaat Muzaffar,False,
814,FBMCL-00167,CH MUHAMMAD AKRAM RIHANIA SB JPS,MB NO.8530,True,2026-05-21,0,0,PAID,False,2026-05-21 01:39,Shujaat Muzaffar,False,
815,FBMCL-00153,RAJA ALTAF SB JPS,MB NO.8531,True,2026-05-21,0,0,PAID,False,2026-05-21 01:40,Shujaat Muzaffar,False,
816,FBMCL-00022,MALIK ILYAS SB JPS,MB NO.8533,True,2026-05-23,1450,1450,OPEN,False,2026-05-23 01:42,Shujaat Muzaffar,False,
817,FBMCL-00212,MIRZA NAZAR BAIG SB KOANKH,MB NO.8534,True,2026-05-23,6780,780,PARTIAL,False,2026-05-23 01:48,Shujaat Muzaffar,False,
818,FBMCL-00217,MIRZA SHAMSHEED SB BHUCH,MB NO.8537,True,2026-05-21,0,0,PAID,False,2026-05-21 01:52,Shujaat Muzaffar,False,
819,FBMCL-00008,TALHA SB JPS,MB NO.8543,True,2026-05-21,0,0,PAID,False,2026-05-21 02:13,Shujaat Muzaffar,False,
820,FBMCL-00052,GHULAM SARWAR SB JPS(HAJI JAVED SB),MB NO.8549,True,2026-05-21,0,0,PAID,False,2026-05-21 02:14,Shujaat Muzaffar,False,
821,FBMCL-00216,SAGHEER BAIG SB KOANKH,MB NO.8548,True,2026-05-23,0,0,PAID,False,2026-05-23 14:40,Shujaat Muzaffar,False,
822,FBMCL-00216,SAGHEER BAIG SB KOANKH,MB NO.8550,True,2026-05-21,2000,2000,OPEN,False,2026-05-21 02:42,Shujaat Muzaffar,False,
823,FBMCL-00214,IMRAN SB CHACHUWAL,MB NO.8552,True,2026-05-23,0,0,PAID,False,2026-05-23 02:52,Shujaat Muzaffar,False,
824,FBMCL-00205,IRFAN SB DEDHAR SHARIF,MB NO.8249,True,2026-05-13,5265,5265,OPEN,False,2026-05-13 03:14,Shujaat Muzaffar,False,
825,FBMCL-00205,IRFAN SB DEDHAR SHARIF,MB NO.8557,True,2026-05-23,4860,4860,OPEN,False,2026-05-23 03:17,Shujaat Muzaffar,False,
826,FBMCL-00051,FAZAL ILAHI SB JALPUWAL,MB NO.8563,True,2026-05-23,0,0,PAID,False,2026-05-23 03:30,Shujaat Muzaffar,False,
827,FBMCL-00153,RAJA ALTAF SB JPS,MB NO.8564,True,2026-05-23,45741.5,45741.5,OPEN,False,2026-05-23 03:31,Shujaat Muzaffar,False,
828,FBMCL-00163,YASIR YAQOOB SB DILAWARPUR,MB NO.8566,True,2026-05-23,5600,5600,OPEN,False,2026-05-23 03:38,Shujaat Muzaffar,False,
829,FBMCL-00178,ZEESHAN ATTARI SB JPS,MB NO.8568,True,2026-05-23,0,0,PAID,False,2026-05-23 03:41,Shujaat Muzaffar,False,
830,FBMCL-00073,MUHAMMAD ASHRAF SB JPS NEAR SCHOOL (SALEEM CONT),MB NO.8569,True,2026-05-23,0,0,PAID,False,2026-05-23 03:42,Shujaat Muzaffar,False,
831,FBMCL-00022,MALIK ILYAS SB JPS,MB NO.8570,True,2026-05-23,11950,11950,OPEN,False,2026-05-23 03:43,Shujaat Muzaffar,False,
832,FBMCL-00138,FAROOQ KALAS SB PARSUWAL,MB NO.8571,True,2026-05-23,6249.4,6249,OPEN,False,2026-05-23 03:45,Shujaat Muzaffar,False,
833,FBMCL-00105,DR EHSAN SB DHINDA,MB NO.8572,True,2026-05-23,422.9999999999993,422.9999999999993,OPEN,False,2026-05-23 03:51,Shujaat Muzaffar,False,
834,FBMCL-00008,TALHA SB JPS,MB NO.8574,True,2026-05-23,0,0,PAID,False,2026-05-23 03:58,Shujaat Muzaffar,False,
835,FBMCL-00178,ZEESHAN ATTARI SB JPS,MB NO.8576,True,2026-05-23,0,0,PAID,False,2026-05-23 04:01,Shujaat Muzaffar,False,
836,FBMCL-00147,MUHAMMAD RAZAQ SB JPS,MB NO.8578,True,2026-05-23,0,0,PAID,False,2026-05-23 04:07,Shujaat Muzaffar,False,
837,FBMCL-00001,ABDUL AZEEM SB KHAN PUR KHOKHAR,MB NO.8580,True,2026-05-23,6195.099999999999,6195.099999999999,OPEN,False,2026-05-23 04:08,Shujaat Muzaffar,False,
838,FBMCL-00167,CH MUHAMMAD AKRAM RIHANIA SB JPS,MB NO.8582,True,2026-05-23,0,0,PAID,False,2026-05-23 04:16,Shujaat Muzaffar,False,
839,FBMCL-00001,ABDUL AZEEM SB KHAN PUR KHOKHAR,MB NO.8583,True,2026-05-23,0,0,PAID,False,2026-05-23 04:19,Shujaat Muzaffar,False,
840,FBMCL-00150,MUHAMMAD AKRAM SB SANTAL SURKHIYAN,MB NO.8584,True,2026-05-23,0,0,PAID,False,2026-05-23 04:21,Shujaat Muzaffar,False,
841,FBMCL-00216,SAGHEER BAIG SB KOANKH,MB NO.8586,True,2026-05-23,0,0,PAID,False,2026-05-23 04:23,Shujaat Muzaffar,False,
842,FBMCL-00153,RAJA ALTAF SB JPS,MB NO.8588,True,2026-05-23,4000,4000,OPEN,False,2026-05-23 04:28,Shujaat Muzaffar,False,
843,FBMCL-00178,ZEESHAN ATTARI SB JPS,MB NO.8590,True,2026-05-23,0,0,PAID,False,2026-05-23 22:58,Shujaat Muzaffar,False,
844,FBMCL-00178,ZEESHAN ATTARI SB JPS,MB NO.8592,True,2026-05-23,0,0,PAID,False,2026-05-23 23:00,Shujaat Muzaffar,False,
845,FBMCL-00065,SAJID BAIG MAKKI KOANKH,MB NO.8593/2,True,2026-05-23,2000.0000000016,2000.0000000016,OPEN,False,2026-05-23 23:56,Shujaat Muzaffar,False,
846,FBMCL-00178,ZEESHAN ATTARI SB JPS,MB NO.8594,True,2026-05-23,97644.5,97644,OPEN,False,2026-05-23 00:57,Shujaat Muzaffar,False,
847,FBMCL-00038,TAHIR SB AJNALA,MB NO.8595,True,2026-05-23,0,0,PAID,False,2026-05-23 01:35,Shujaat Muzaffar,False,
848,FBMCL-00008,TALHA SB JPS,MB NO.8597,True,2026-05-23,1900,1900,OPEN,False,2026-05-23 01:37,Shujaat Muzaffar,False,
849,FBMCL-00175,MUHAMMAD ARSHAD SB GHURAL (SUBEDAR QADAR DAD SB),MB NO.8601,True,2026-05-24,0,0,PAID,False,2026-05-24 04:15,Shujaat Muzaffar,False,
850,FBMCL-00208,MIRZA YOUNUS SB JPS,MB NO.8603,True,2026-05-24,0,0,PAID,False,2026-05-24 04:19,Shujaat Muzaffar,False,
851,FBMCL-00208,MIRZA YOUNUS SB JPS,MB NO.8604,True,2026-05-24,0,0,PAID,False,2026-05-24 04:20,Shujaat Muzaffar,False,
852,FBMCL-00150,MUHAMMAD AKRAM SB SANTAL SURKHIYAN,MB NO.8606,True,2026-05-24,22500,22500,OPEN,False,2026-05-24 04:25,Shujaat Muzaffar,False,
853,FBMCL-00146,ABDUL SATTAR SB DHINDA FARM,MB NO.8612,True,2026-05-24,2000,2000,OPEN,False,2026-05-24 04:39,Shujaat Muzaffar,False,
854,FBMCL-00008,TALHA SB JPS,MB NO.8613,True,2026-05-24,0,0,PAID,False,2026-05-24 04:40,Shujaat Muzaffar,False,
855,FBMCL-00145,MASTER ZAHOOR SB JPS,MB NO.8614,True,2026-05-24,33333.3,33332.96999999999,OPEN,False,2026-05-24 04:50,Shujaat Muzaffar,False,
856,FBMCL-00216,SAGHEER BAIG SB KOANKH,MB NO.8616,True,2026-05-24,7191,7191,OPEN,False,2026-05-24 04:53,Shujaat Muzaffar,False,
857,FBMCL-00202,HAFIZ ABDUL JABBAR SB RANGPUR,MB NO.8620,True,2026-05-24,0,0,PAID,False,2026-05-24 05:04,Shujaat Muzaffar,False,
858,FBMCL-00172,SAIF ULLAH SB KOANKH,MB NO.8621,True,2026-05-24,0,0,PAID,False,2026-05-24 05:05,Shujaat Muzaffar,False,
859,FBMCL-00178,ZEESHAN ATTARI SB JPS,MB NO.8624,True,2026-05-24,1800,1800,OPEN,False,2026-05-24 11:10,Shujaat Muzaffar,False,
860,FBMCL-00153,RAJA ALTAF SB JPS,MB NO.8625,True,2026-05-25,11795.99999999996,11795.99999999996,OPEN,False,2026-05-25 11:15,Shujaat Muzaffar,False,
861,FBMCL-00158,JAMEEL SB JAGWAN,MB NO.8626/2,True,2026-05-25,12250,12250,OPEN,False,2026-05-25 11:54,Shujaat Muzaffar,False,
862,FBMCL-00192,DR AMIN SB JPS,MB NO.8629,True,2026-05-25,0,0,PAID,False,2026-05-25 12:49,Shujaat Muzaffar,False,
863,FBMCL-00178,ZEESHAN ATTARI SB JPS,MB NO.8631,True,2026-05-25,0,0,PAID,False,2026-05-25 12:52,Shujaat Muzaffar,False,
864,FBMCL-00116,NAUMAN RIHANIA SB JPS,MB NO.8632/2,True,2026-05-25,0,0,PAID,False,2026-05-25 12:55,Shujaat Muzaffar,False,
865,FBMCL-00153,RAJA ALTAF SB JPS,MB NO.8633,True,2026-05-25,440.0000000000001,440.0000000000001,OPEN,False,2026-05-25 13:03,Shujaat Muzaffar,False,
866,FBMCL-00052,GHULAM SARWAR SB JPS(HAJI JAVED SB),MB NO.8637,True,2026-05-25,0,0,PAID,False,2026-05-25 14:37,Shujaat Muzaffar,False,
867,FBMCL-00212,MIRZA NAZAR BAIG SB KOANKH,MB NO.8639,True,2026-05-25,0,0,PAID,False,2026-05-25 14:44,Shujaat Muzaffar,False,
868,FBMCL-00221,MIRZA AKHTAR BAIG SB KOANKH,MB NO.8640,True,2026-05-25,29800,29800,OPEN,False,2026-05-25 14:49,Shujaat Muzaffar,False,
869,FBMCL-00211,ALI AKBAR SB DHINDA,MB NO.8641,True,2026-05-25,0,0,PAID,False,2026-05-25 14:51,Shujaat Muzaffar,False,
870,FBMCL-00204,SHEHZAD SB GHURAIRA,MB NO.8644,True,2026-05-25,0,0,PAID,False,2026-05-25 15:26,Shujaat Muzaffar,False,
871,FBMCL-00088,FAISAL SB AJNALA,MB NO.8649,True,2026-05-25,0,0,PAID,False,2026-05-25 15:32,Shujaat Muzaffar,False,
872,FBMCL-00135,BASHEER SHAH SB GHURAIRA( KAKU SHAH),MB NO.8650,True,2026-05-25,0,0,PAID,False,2026-05-25 15:40,Shujaat Muzaffar,False,
873,FBMCL-00205,IRFAN SB DEDHAR SHARIF,MB NO.8651,True,2026-05-25,0,0,PAID,False,2026-05-25 15:43,Shujaat Muzaffar,False,
874,FBMCL-00205,IRFAN SB DEDHAR SHARIF,MB NO.8652,True,2026-05-25,49773,49773,OPEN,False,2026-05-25 15:44,Shujaat Muzaffar,False,RATE DIFRENCE 8655
875,FBMCL-00111,RAJA PARWEZ SB RANGPUR,MB NO.8654,True,2026-05-25,28200,28200,OPEN,False,2026-05-25 15:47,Shujaat Muzaffar,False,
876,FBMCL-00071,HAJI WARIS SB JPS,MB NO.8656,True,2026-05-25,380,380,OPEN,False,2026-05-25 15:53,Shujaat Muzaffar,False,
877,FBMCL-00178,ZEESHAN ATTARI SB JPS,MB NO.8657,True,2026-05-25,0,0,PAID,False,2026-05-25 15:57,Shujaat Muzaffar,False,
878,FBMCL-00089,ASIF HUSSAIN JPS (ALI ALMUNIUM),MB NO.8713,True,2026-05-30,49572,49572,OPEN,False,2026-05-30 16:31,Shujaat Muzaffar,False,
879,FBMCL-00202,HAFIZ ABDUL JABBAR SB RANGPUR,MB NO.8664,True,2026-05-25,0,0,PAID,False,2026-05-25 16:51,Shujaat Muzaffar,False,
880,FBMCL-00153,RAJA ALTAF SB JPS,MB NO.8666,True,2026-05-25,88200,88200,OPEN,False,2026-05-25 16:58,Shujaat Muzaffar,False,
881,FBMCL-00178,ZEESHAN ATTARI SB JPS,MB NO.8669,True,2026-05-25,0,0,PAID,False,2026-05-25 17:03,Shujaat Muzaffar,False,
882,FBMCL-00153,RAJA ALTAF SB JPS,MB NO.8670,True,2026-05-25,14700,14700,OPEN,False,2026-05-25 17:04,Shujaat Muzaffar,False,
883,FBMCL-00021,RANA ZAHID SB JPS,MB NO.8703,True,2026-05-30,14750,14750,OPEN,False,2026-05-30 17:12,Shujaat Muzaffar,False,
884,FBMCL-00222,ILYAS RIHANIA SB JPS,MB NO.8704,True,2026-05-30,4420,4420,OPEN,False,2026-05-30 17:18,Shujaat Muzaffar,False,
885,FBMCL-00146,ABDUL SATTAR SB DHINDA FARM,MB NO.8676,True,2026-05-26,37250,37250,OPEN,False,2026-05-26 17:21,Shujaat Muzaffar,False,
886,FBMCL-00146,ABDUL SATTAR SB DHINDA FARM,MB NO.8705,True,2026-05-30,37250,37250,OPEN,False,2026-05-30 17:23,Shujaat Muzaffar,False,
887,FBMCL-00186,SAFDAR ALI SB AJNALA (ASLAM CONT),MB NO.8706,True,2026-05-30,0,0,PAID,False,2026-05-30 17:24,Shujaat Muzaffar,False,
888,FBMCL-00202,HAFIZ ABDUL JABBAR SB RANGPUR,MB NO.8708,True,2026-05-30,0,0,PAID,False,2026-05-30 17:32,Shujaat Muzaffar,False,
889,FBMCL-00186,SAFDAR ALI SB AJNALA (ASLAM CONT),MB NO.8710,True,2026-05-30,2187.000000000006,2187.000000000006,OPEN,False,2026-05-30 17:35,Shujaat Muzaffar,False,
890,FBMCL-00222,ILYAS RIHANIA SB JPS,MB NO.8712,True,2026-05-30,14400,14400,OPEN,False,2026-05-30 17:37,Shujaat Muzaffar,False,
891,FBMCL-00151,MALIK MEHMOOD SB PARSUWAL,MB NO.8715,True,2026-05-30,5724,5724,OPEN,False,2026-05-30 17:41,Shujaat Muzaffar,False,
892,FBMCL-00162,SHERAZ SB MALIK PUR,MB NO.8716,True,2026-05-30,0,0,PAID,False,2026-05-30 17:42,Shujaat Muzaffar,False,
893,FBMCL-00150,MUHAMMAD AKRAM SB SANTAL SURKHIYAN,MB NO.8717,True,2026-05-30,5400,5400,OPEN,False,2026-05-30 17:43,Shujaat Muzaffar,False,
894,FBMCL-00001,ABDUL AZEEM SB KHAN PUR KHOKHAR,MB NO.8718,True,2026-05-30,1876.799999999994,1875.999999999994,OPEN,False,2026-05-30 09:14,Shujaat Muzaffar,False,
895,FBMCL-00202,HAFIZ ABDUL JABBAR SB RANGPUR,MB NO.8719,True,2026-05-31,2163.5,2163,OPEN,False,2026-05-31 10:43,Shujaat Muzaffar,False,
896,FBMCL-00167,CH MUHAMMAD AKRAM RIHANIA SB JPS,MB NO.8720,True,2026-05-31,0,0,PAID,False,2026-05-31 10:51,Shujaat Muzaffar,False,
897,FBMCL-00008,TALHA SB JPS,MB NO.8721,True,2026-05-31,1900,1900,OPEN,False,2026-05-31 10:52,Shujaat Muzaffar,False,
898,FBMCL-00207,MALIK NAVEED SB KHAN PUR KHOKHAR,MB NO.8723,True,2026-05-31,0,0,PAID,False,2026-05-31 10:55,Shujaat Muzaffar,False,
899,FBMCL-00167,CH MUHAMMAD AKRAM RIHANIA SB JPS,MB NO.8724,True,2026-05-31,0,0,PAID,False,2026-05-31 10:56,Shujaat Muzaffar,False,
900,FBMCL-00210,AFGHAN SB GHURAL,MB NO.8725,True,2026-05-31,0,0,PAID,False,2026-05-31 10:58,Shujaat Muzaffar,False,
901,FBMCL-00089,ASIF HUSSAIN JPS (ALI ALMUNIUM),MB NO.8726/2,True,2026-05-31,7599,7599,OPEN,False,2026-05-31 11:02,Shujaat Muzaffar,False,
902,FBMCL-00192,DR AMIN SB JPS,MB NO.8727,True,2026-05-31,0,0,PAID,False,2026-05-31 11:07,Shujaat Muzaffar,False,
903,FBMCL-00202,HAFIZ ABDUL JABBAR SB RANGPUR,MB NO.8728,True,2026-05-31,0,0,PAID,False,2026-05-31 11:09,Shujaat Muzaffar,False,
904,FBMCL-00134,MUHAMMAD QASIM SB MALIKPUR,MB NO.8730,True,2026-05-31,0,0,PAID,False,2026-05-31 11:33,Shujaat Muzaffar,False,
905,FBMCL-00022,MALIK ILYAS SB JPS,MB NO.8733,True,2026-05-31,11250,11250,OPEN,False,2026-05-31 13:24,Shujaat Muzaffar,False,
906,FBMCL-00145,MASTER ZAHOOR SB JPS,MB NO.8672,True,2026-05-26,8384,8384,OPEN,False,2026-05-26 13:38,Shujaat Muzaffar,False,
907,FBMCL-00116,NAUMAN RIHANIA SB JPS,MB NO.8674,True,2026-05-26,0,0,PAID,False,2026-05-26 13:41,Shujaat Muzaffar,False,
908,FBMCL-00145,MASTER ZAHOOR SB JPS,MB NO.8675,True,2026-05-26,390,390,OPEN,False,2026-05-26 13:42,Shujaat Muzaffar,False,
909,FBMCL-00220,GHULAM GHOUS SB JPS,MB NO.8677,True,2026-05-26,2840,2840,OPEN,False,2026-05-26 13:45,Shujaat Muzaffar,False,
910,FBMCL-00111,RAJA PARWEZ SB RANGPUR,MB NO.8678,True,2026-05-26,28200,28200,OPEN,False,2026-05-26 14:58,Shujaat Muzaffar,False,
911,FBMCL-00071,HAJI WARIS SB JPS,MB NO.8686/2,True,2026-05-26,0,0,PAID,False,2026-05-26 15:21,Shujaat Muzaffar,False,
912,FBMCL-00021,RANA ZAHID SB JPS,MB NO.8687,True,2026-05-31,3700,3700,OPEN,False,2026-05-31 15:26,Shujaat Muzaffar,False,
913,FBMCL-00147,MUHAMMAD RAZAQ SB JPS,MB NO.8690,True,2026-05-26,0,0,PAID,False,2026-05-26 15:26,Shujaat Muzaffar,False,
914,FBMCL-00167,CH MUHAMMAD AKRAM RIHANIA SB JPS,MB NO.8691,True,2026-05-26,0,0,PAID,False,2026-05-26 15:28,Shujaat Muzaffar,False,
915,FBMCL-00116,NAUMAN RIHANIA SB JPS,MB NO.8695,True,2026-05-26,2880,2880,OPEN,False,2026-05-26 15:32,Shujaat Muzaffar,False,
916,FBMCL-00147,MUHAMMAD RAZAQ SB JPS,MB NO.8696,True,2026-05-26,0,0,PAID,False,2026-05-26 15:33,Shujaat Muzaffar,False,
917,FBMCL-00016,MALIK ANSAR SB KHORI,MB NO.8700,True,2026-05-26,1180,1180,OPEN,False,2026-05-26 15:40,Shujaat Muzaffar,False,LOCK AND FOAM PAYMENT
918,FBMCL-00008,TALHA SB JPS,MB NO.8744,True,2026-05-31,0,0,PAID,False,2026-05-31 16:49,Shujaat Muzaffar,False,
919,FBMCL-00212,MIRZA NAZAR BAIG SB KOANKH,MB NO.8745,True,2026-05-31,11147,11147,OPEN,False,2026-05-31 09:50,Shujaat Muzaffar,False,
920,FBMCL-00198,ABDULLAH SB HANDA STOP,MB NO.8737,True,2026-05-31,0,0,PAID,False,2026-05-31 10:04,Shujaat Muzaffar,False,
921,FBMCL-00224,ATIF BAIG SB KOANKH,MB NO.8734,True,2026-05-31,25.49999999999991,24.99999999999991,OPEN,False,2026-05-31 10:05,Shujaat Muzaffar,False,
922,FBMCL-00105,DR EHSAN SB DHINDA,MB NO.8750,True,2026-06-01,0,0,PAID,False,2026-06-01 10:53,Shujaat Muzaffar,False,
923,FBMCL-00221,MIRZA AKHTAR BAIG SB KOANKH,MB NO.8751,True,2026-06-01,29600,29600,OPEN,False,2026-06-01 10:56,Shujaat Muzaffar,False,
924,FBMCL-00146,ABDUL SATTAR SB DHINDA FARM,MB NO.8754,True,2026-06-01,14800,14800,OPEN,False,2026-06-01 12:37,Shujaat Muzaffar,False,
925,FBMCL-00225,SIKANDAR SB JAGUWAN,MB NO.8756,True,2026-06-01,0,0,PAID,False,2026-06-01 12:50,Shujaat Muzaffar,False,
926,FBMCL-00022,MALIK ILYAS SB JPS,MB NO.8759,True,2026-06-01,17100,17100,OPEN,False,2026-06-01 12:58,Shujaat Muzaffar,False,
927,FBMCL-00186,SAFDAR ALI SB AJNALA (ASLAM CONT),MB NO.8762,True,2026-06-01,1000,1000,OPEN,False,2026-06-01 13:04,Shujaat Muzaffar,False,
928,FBMCL-00202,HAFIZ ABDUL JABBAR SB RANGPUR,MB NO.8763,True,2026-06-01,0,0,PAID,False,2026-06-01 13:07,Shujaat Muzaffar,False,
929,FBMCL-00211,ALI AKBAR SB DHINDA,MB NO.8764,True,2026-06-01,0,0,PAID,False,2026-06-01 13:08,Shujaat Muzaffar,False,
930,FBMCL-00225,SIKANDAR SB JAGUWAN,MB NO.8766,True,2026-06-01,0,0,PAID,False,2026-06-01 13:22,Shujaat Muzaffar,False,
931,FBMCL-00225,SIKANDAR SB JAGUWAN,MB NO.8768,True,2026-06-01,0,0,PAID,False,2026-06-01 13:25,Shujaat Muzaffar,False,
932,FBMCL-00047,HAJI IQBAL SB JPS,MB NO.8771,True,2026-06-01,0,0,PAID,False,2026-06-01 13:29,Shujaat Muzaffar,False,
933,FBMCL-00225,SIKANDAR SB JAGUWAN,MB NO.8775,True,2026-06-01,0,0,PAID,False,2026-06-01 15:30,Shujaat Muzaffar,False,
934,FBMCL-00089,ASIF HUSSAIN JPS (ALI ALMUNIUM),MB NO.8776,True,2026-06-01,28400,28400,OPEN,False,2026-06-01 15:32,Shujaat Muzaffar,False,
935,FBMCL-00191,MIRZA REHMAN SB JPS,MB NO.8777,True,2026-06-01,0,0,PAID,False,2026-06-01 15:37,Shujaat Muzaffar,False,
936,FBMCL-00008,TALHA SB JPS,MB NO.8778,True,2026-06-01,0,0,PAID,False,2026-06-01 15:40,Shujaat Muzaffar,False,
937,FBMCL-00225,SIKANDAR SB JAGUWAN,MB NO.8779,True,2026-06-01,0,0,PAID,False,2026-06-01 15:41,Shujaat Muzaffar,False,
938,FBMCL-00167,CH MUHAMMAD AKRAM RIHANIA SB JPS,MB NO.8787,True,2026-06-02,0,0,PAID,False,2026-06-02 11:01,Shujaat Muzaffar,False,
939,FBMCL-00169,MUHAMMAD SHABEER SB CONT TIBBA AJNALA,MB NO.8788,True,2026-06-02,0,0,PAID,False,2026-06-02 11:02,Shujaat Muzaffar,False,
940,FBMCL-00135,BASHEER SHAH SB GHURAIRA( KAKU SHAH),MB NO.8790,True,2026-06-02,0,0,PAID,False,2026-06-02 11:04,Shujaat Muzaffar,False,
941,FBMCL-00051,FAZAL ILAHI SB JALPUWAL,MB NO.8793,True,2026-06-02,0,0,PAID,False,2026-06-02 12:00,Shujaat Muzaffar,False,
942,FBMCL-00044,NADEEM SB DHINDA,MB NO.8794,True,2026-06-02,14800,14800,OPEN,False,2026-06-02 12:02,Shujaat Muzaffar,False,
943,FBMCL-00205,IRFAN SB DEDHAR SHARIF,MB NO.8795,True,2026-06-02,0,0,PAID,False,2026-06-02 12:08,Shujaat Muzaffar,False,
944,FBMCL-00047,HAJI IQBAL SB JPS,MB NO.8796,True,2026-06-02,6759.900000000001,6759.000000000001,OPEN,False,2026-06-02 12:11,Shujaat Muzaffar,False,
945,FBMCL-00208,MIRZA YOUNUS SB JPS,MB NO.8800,True,2026-06-02,0,0,PAID,False,2026-06-02 12:21,Shujaat Muzaffar,False,
946,FBMCL-00127,CHAND SB CONT KOANKH,MB NO.8802,True,2026-06-02,28000,28000,OPEN,False,2026-06-02 12:48,Shujaat Muzaffar,False,
947,FBMCL-00191,MIRZA REHMAN SB JPS,MB NO.8804,True,2026-06-02,0,0,PAID,False,2026-06-02 12:50,Shujaat Muzaffar,False,
948,FBMCL-00215,CH IMRAN SB JPS,MB NO.8805,True,2026-06-02,29300,29300,OPEN,False,2026-06-02 12:52,Shujaat Muzaffar,False,
949,FBMCL-00008,TALHA SB JPS,MB NO.8810,True,2026-06-02,0,0,PAID,False,2026-06-02 16:01,Shujaat Muzaffar,False,
950,FBMCL-00071,HAJI WARIS SB JPS,MB NO.8819,True,2026-06-02,1218,1218,OPEN,False,2026-06-02 16:50,Shujaat Muzaffar,False,
951,FBMCL-00202,HAFIZ ABDUL JABBAR SB RANGPUR,MB NO.8822,True,2026-06-02,12754,12754,OPEN,False,2026-06-02 17:13,Shujaat Muzaffar,False,
952,FBMCL-00154,MUHAMMAD ABID SB KOANKH,INV-20260603105547,False,2026-06-03,0,0,PAID,False,2026-06-03 10:38,Shujaat Muzaffar,False,
953,FBMCL-00220,GHULAM GHOUS SB JPS,MB NO.8835,True,2026-06-03,2840,2840,OPEN,False,2026-06-03 11:04,Shujaat Muzaffar,False,
954,FBMCL-00001,ABDUL AZEEM SB KHAN PUR KHOKHAR,MB NO.8257000,True,2026-06-03,0,0,PAID,False,2026-06-03 16:26,Rehman Ahmed,False,
955,FBMCL-00224,ATIF BAIG SB KOANKH,MB NO.8875,True,2026-06-03,0,0,PAID,False,2026-06-03 17:53,Rehman Ahmed,False,
956,FBMCL-00207,MALIK NAVEED SB KHAN PUR KHOKHAR,MB NO.8877-1,True,2026-06-08,0,0,PAID,False,2026-06-08 08:38,Rehman Ahmed,False,
957,FBMCL-00207,MALIK NAVEED SB KHAN PUR KHOKHAR,MB NO.8877-2,True,2026-06-08,115.0000000000196,115.0000000000196,OPEN,False,2026-06-08 08:41,Rehman Ahmed,False,
958,FBMCL-00226,SUHAIL SB JPS (SHAFEEQ HARDWARE JPS),MB NO.8878,True,2026-06-08,14550,14550,OPEN,False,2026-06-08 09:17,Rehman Ahmed,False,
959,FBMCL-00217,MIRZA SHAMSHEED SB BHUCH,MB NO.8879,True,2026-06-08,0,0,PAID,False,2026-06-08 09:19,Rehman Ahmed,False,
960,FBMCL-00186,SAFDAR ALI SB AJNALA (ASLAM CONT),MB NO.8880,True,2026-06-08,19176,19176,OPEN,False,2026-06-08 09:23,Rehman Ahmed,False,
961,FBMCL-00071,HAJI WARIS SB JPS,MB NO.8290,True,2026-06-05,8039,8039,OPEN,False,2026-06-05 10:15,Rehman Ahmed,False,
962,FBMCL-00071,HAJI WARIS SB JPS,MB NO.8996,True,2026-06-08,2376.000000000022,2376.000000000022,OPEN,False,2026-06-08 10:20,Rehman Ahmed,False,
963,FBMCL-00227,ASIF SB DERHA HANDA,MB NO.8888,True,2026-06-08,0,0,PAID,False,2026-06-08 12:27,Rehman Ahmed,False,
964,FBMCL-00209,SHABEEB SB KANIYAN,MB NO.8867,True,2026-06-08,0,0,PAID,False,2026-06-08 12:27,Rehman Ahmed,False,
965,FBMCL-00209,SHABEEB SB KANIYAN,MB NO.8889,True,2026-06-08,0,0,PAID,False,2026-06-08 12:31,Rehman Ahmed,False,
966,FBMCL-00066,SUBEDAR MUHAMMAD ARSHAD SB KHANPUR KHOKHAR,MB NO.8894,True,2026-06-08,102365.4,52365.00000000001,PARTIAL,False,2026-06-08 12:47,Rehman Ahmed,False,
967,FBMCL-00009,MAZHAR SB RUPOWAL DERA,MB NO.8839,True,2026-06-03,37250,37250,OPEN,False,2026-06-03 13:01,Rehman Ahmed,False,
968,FBMCL-00207,MALIK NAVEED SB KHAN PUR KHOKHAR,MB NO.8899,True,2026-06-08,87791.2,87791.2,OPEN,False,2026-06-08 13:18,Rehman Ahmed,False,
969,FBMCL-00229,SARWAR SB MASON,MB NO.8902,True,2026-06-08,0,0,PAID,False,2026-06-08 13:50,Rehman Ahmed,False,
970,FBMCL-00230,SULTAN BAIG SB PARSUWAL,MB NO.8904,True,2026-06-08,2900,2900,OPEN,False,2026-06-08 13:55,Rehman Ahmed,False,
971,FBMCL-00195,SALMAAN SB GHURAL (GOGA SB GHURAL),MB NO.8905-1,True,2026-06-08,15000,15000,OPEN,False,2026-06-08 14:03,Rehman Ahmed,False,
972,FBMCL-00218,RAZAQ SB KHANPUR KHOKHAR,MB NO.8911,True,2026-06-08,39243.8,39243.8,OPEN,False,2026-06-08 14:38,Rehman Ahmed,False,
973,FBMCL-00135,BASHEER SHAH SB GHURAIRA( KAKU SHAH),MB NO.8915,True,2026-06-08,0,0,PAID,False,2026-06-08 17:00,Rehman Ahmed,False,
974,FBMCL-00229,SARWAR SB MASON,MB NO.8919,True,2026-06-08,3210.5,3210.5,OPEN,False,2026-06-08 17:07,Rehman Ahmed,False,
975,FBMCL-00207,MALIK NAVEED SB KHAN PUR KHOKHAR,MB NO.8923,True,2026-06-05,5825,5825,OPEN,False,2026-06-05 17:12,Rehman Ahmed,False,
976,FBMCL-00207,MALIK NAVEED SB KHAN PUR KHOKHAR,MB NO.8924,True,2026-06-08,30300,30300,OPEN,False,2026-06-08 17:18,Rehman Ahmed,False,
977,FBMCL-00087,ARIF SB JPS(HAJI ASHFAQ S),MB NO.8925,True,2026-06-05,0,0,PAID,False,2026-06-05 17:19,Rehman Ahmed,False,
978,FBMCL-00239,AURANGZEB SB KOANKH,MB NO.9072,True,2026-06-09,17760,17760,OPEN,False,2026-06-09 08:37,Rehman Ahmed,False,
979,FBMCL-00192,DR AMIN SB JPS,MB NO.8988,True,2026-06-07,380,380,OPEN,False,2026-06-07 08:50,Rehman Ahmed,False,
980,FBMCL-00239,AURANGZEB SB KOANKH,MB NO.9072/1,True,2026-06-09,4872,4872,OPEN,False,2026-06-09 08:57,Rehman Ahmed,False,
981,FBMCL-00114,MUHAMMAD RAFEEQ SB AJNALA,MB NO.8926,True,2026-06-05,0,0,PAID,False,2026-06-05 09:03,Rehman Ahmed,False,
982,FBMCL-00114,MUHAMMAD RAFEEQ SB AJNALA,MB NO.9073,True,2026-06-09,0,0,PAID,False,2026-06-09 09:01,Rehman Ahmed,False,
983,FBMCL-00038,TAHIR SB AJNALA,MB NO.8847,True,2026-06-03,3000,3000,OPEN,False,2026-06-03 09:11,Rehman Ahmed,False,
984,FBMCL-00038,TAHIR SB AJNALA,MB NO.9075,True,2026-06-09,0,0,PAID,False,2026-06-09 09:13,Rehman Ahmed,False,
985,FBMCL-00233,NAZIM GUJJAR SB JPS,INV-20260609092757,False,2026-06-08,0,0,PAID,False,2026-06-08 09:26,Rehman Ahmed,False,
986,FBMCL-00233,NAZIM GUJJAR SB JPS,INV-20260609093002,False,2026-06-09,0,0,PAID,False,2026-06-09 09:30,Rehman Ahmed,False,
987,FBMCL-00089,ASIF HUSSAIN JPS (ALI ALMUNIUM),MB NO.9079,True,2026-06-09,2860,2860,OPEN,False,2026-06-09 10:02,Rehman Ahmed,False,
988,FBMCL-00215,CH IMRAN SB JPS,MB NO.8928,True,2026-06-06,29300,29300,OPEN,False,2026-06-06 10:05,Rehman Ahmed,False,
989,FBMCL-00240,ABDUL AZIZ SB DEDHAR SHARIF,MB NO.9076,True,2026-06-09,0,0,PAID,False,2026-06-09 10:27,Rehman Ahmed,False,
990,FBMCL-00154,MUHAMMAD ABID SB KOANKH,MB NO.8929,True,2026-06-06,0,0,PAID,False,2026-06-06 10:47,Rehman Ahmed,False,
991,FBMCL-00192,DR AMIN SB JPS,MB NO.9084,True,2026-06-09,72621.49999999997,72621.49999999997,OPEN,False,2026-06-09 11:26,Rehman Ahmed,False,
992,FBMCL-00190,AZHAR BUTT SB JPS BUTT SWEETS,MB NO.8930,True,2026-06-09,767.9999999999973,767.9999999999973,OPEN,False,2026-06-09 11:43,Rehman Ahmed,False,
993,FBMCL-00146,ABDUL SATTAR SB DHINDA FARM,MB NO.8932,True,2026-06-06,36750,36750,OPEN,False,2026-06-06 11:44,Rehman Ahmed,False,
994,FBMCL-00162,SHERAZ SB MALIK PUR,MB NO.8934,True,2026-06-06,0,0,PAID,False,2026-06-06 11:51,Rehman Ahmed,False,
995,FBMCL-00134,MUHAMMAD QASIM SB MALIKPUR,MB NO.8935,True,2026-06-09,0,0,PAID,False,2026-06-09 11:53,Rehman Ahmed,False,
996,FBMCL-00240,ABDUL AZIZ SB DEDHAR SHARIF,MB NO.9076/2,True,2026-06-09,1500,1500,OPEN,False,2026-06-09 11:50,Rehman Ahmed,False,
997,FBMCL-00145,MASTER ZAHOOR SB JPS,MB NO.9086,True,2026-06-09,3200,3200,OPEN,False,2026-06-09 12:02,Rehman Ahmed,False,
998,FBMCL-00050,MAJID HUSSAIN SB AJNALA,MB NO.9087,True,2026-06-09,0,0,PAID,False,2026-06-09 12:07,Rehman Ahmed,False,
999,FBMCL-00215,CH IMRAN SB JPS,MB NO.9088,True,2026-06-09,29300,29300,OPEN,False,2026-06-09 12:28,Rehman Ahmed,False,
1000,FBMCL-00038,TAHIR SB AJNALA,MB NO.9075/2,True,2026-06-09,1000,1000,OPEN,False,2026-06-09 12:48,Rehman Ahmed,False,
1001,FBMCL-00241,RAJA MUDASIR SB JPS,MB NO.9090,True,2026-06-09,0,0,PAID,False,2026-06-09 13:02,Rehman Ahmed,False,
1002,FBMCL-00225,SIKANDAR SB JAGUWAN,MB NO.9093,True,2026-06-09,0,0,PAID,False,2026-06-09 13:46,Rehman Ahmed,False,
1003,FBMCL-00225,SIKANDAR SB JAGUWAN,MB NO.9094,True,2026-06-09,31800,31800,OPEN,False,2026-06-09 13:46,Rehman Ahmed,False,
1004,FBMCL-00175,MUHAMMAD ARSHAD SB GHURAL (SUBEDAR QADAR DAD SB),MB NO.9096,True,2026-06-09,3200,3200,OPEN,False,2026-06-09 14:03,Rehman Ahmed,False,
1005,FBMCL-00225,SIKANDAR SB JAGUWAN,MB NO.9099,True,2026-06-09,28400,28400,OPEN,False,2026-06-09 14:26,Rehman Ahmed,False,
1006,FBMCL-00241,RAJA MUDASIR SB JPS,MB NO.9101,True,2026-06-09,0,0,PAID,False,2026-06-09 15:34,Rehman Ahmed,False,
1007,FBMCL-00108,TARIQ BUTT SB JPS,MB NO.8948,True,2026-06-06,14300,14300,OPEN,False,2026-06-06 16:24,Rehman Ahmed,False,
1008,FBMCL-00108,TARIQ BUTT SB JPS,MB NO.9106,True,2026-06-09,1430,1430,OPEN,False,2026-06-09 16:25,Rehman Ahmed,False,
1009,FBMCL-00021,RANA ZAHID SB JPS,MB NO.9111,True,2026-06-09,14400,14400,OPEN,False,2026-06-09 17:44,Rehman Ahmed,False,
1010,FBMCL-00220,GHULAM GHOUS SB JPS,MB NO.9109,True,2026-06-09,0,0,PAID,False,2026-06-09 11:45,Rehman Ahmed,False,
1011,FBMCL-00162,SHERAZ SB MALIK PUR,MB NO.9114,True,2026-06-09,5319.9,0,PAID,False,2026-06-09 12:06,Rehman Ahmed,False,
1012,FBMCL-00243,ALI SHAN SB RANGRA,MB NO.9116,True,2026-06-10,0,0,PAID,False,2026-06-10 12:38,Rehman Ahmed,False,
1013,FBMCL-00191,MIRZA REHMAN SB JPS,MB NO.9117,True,2026-06-10,0,0,PAID,False,2026-06-10 12:39,Rehman Ahmed,False,
1014,FBMCL-00241,RAJA MUDASIR SB JPS,MB NO.9121,True,2026-06-10,0,0,PAID,False,2026-06-10 12:41,Rehman Ahmed,False,
1015,FBMCL-00154,MUHAMMAD ABID SB KOANKH,MB NO.9122,True,2026-06-10,12625.2,12623,OPEN,False,2026-06-10 12:45,Rehman Ahmed,False,
1016,FBMCL-00047,HAJI IQBAL SB JPS,MB NO.9123,True,2026-06-10,10600,10600,OPEN,False,2026-06-10 12:46,Rehman Ahmed,False,
1017,FBMCL-00225,SIKANDAR SB JAGUWAN,MB NO.8975,True,2026-06-06,2800,2800,OPEN,False,2026-06-06 12:49,Rehman Ahmed,False,
1018,FBMCL-00216,SAGHEER BAIG SB KOANKH,MB NO.9120,True,2026-06-10,0,0,PAID,False,2026-06-10 12:59,Rehman Ahmed,False,
1019,FBMCL-00198,ABDULLAH SB HANDA STOP,MB NO.9125,True,2026-06-10,0,0,PAID,False,2026-06-10 13:00,Rehman Ahmed,False,
1020,FBMCL-00216,SAGHEER BAIG SB KOANKH,MB NO.9126,True,2026-06-10,2000,2000,OPEN,False,2026-06-10 13:01,Rehman Ahmed,False,
1021,FBMCL-00047,HAJI IQBAL SB JPS,MB NO.8954,True,2026-06-10,0,0,PAID,False,2026-06-10 13:10,Rehman Ahmed,False,
1022,FBMCL-00241,RAJA MUDASIR SB JPS,MB NO.9135,True,2026-06-10,0,0,PAID,False,2026-06-10 14:13,Rehman Ahmed,False,
1023,FBMCL-00192,DR AMIN SB JPS,MB NO.9128,True,2026-06-10,2800,2800,OPEN,False,2026-06-10 14:28,Rehman Ahmed,False,
1024,FBMCL-00220,GHULAM GHOUS SB JPS,MB NO.9139,True,2026-06-10,0,0,PAID,False,2026-06-10 14:30,Rehman Ahmed,False,
1025,FBMCL-00220,GHULAM GHOUS SB JPS,MB NO.9140,True,2026-06-10,0,0,PAID,False,2026-06-10 14:32,Rehman Ahmed,False,
1026,FBMCL-00035,EHSAN SB CHAUHAN,MB NO.9141,True,2026-06-10,22390,22390,OPEN,False,2026-06-10 14:36,Rehman Ahmed,False,
1027,FBMCL-00245,SYED SHAFQAT ABBAS SB GHURAIRA,MB NO.9142,True,2026-06-10,83750,83750,OPEN,False,2026-06-10 15:09,Rehman Ahmed,False,
1028,FBMCL-00245,SYED SHAFQAT ABBAS SB GHURAIRA,MB NO.9145,True,2026-06-10,87748,87748,OPEN,False,2026-06-10 15:31,Rehman Ahmed,False,
1029,FBMCL-00089,ASIF HUSSAIN JPS (ALI ALMUNIUM),MB NO.9147,True,2026-06-10,2800,2800,OPEN,False,2026-06-10 15:55,Rehman Ahmed,False,
1030,FBMCL-00244,SHAMRAIZ SB JAGUWAN,MB NO.9150,True,2026-06-10,0,0,PAID,False,2026-06-10 16:44,Rehman Ahmed,False,
1031,FBMCL-00146,ABDUL SATTAR SB DHINDA FARM,MB NO.9044,True,2026-06-08,37250,37250,OPEN,False,2026-06-08 16:55,Rehman Ahmed,False,
1032,FBMCL-00146,ABDUL SATTAR SB DHINDA FARM,MB NO.9151/2,True,2026-06-10,0,0,PAID,False,2026-06-10 17:24,Rehman Ahmed,False,
1033,FBMCL-00168,ABDUL REHMAN SB JPS(ZAFAR CONT),MB NO.9317,True,2026-06-15,0,0,PAID,False,2026-06-15 11:28,Shujaat Muzaffar,False,
1034,FBMCL-00089,ASIF HUSSAIN JPS (ALI ALMUNIUM),MB NO.9321,True,2026-06-15,2800,2800,OPEN,False,2026-06-15 11:30,Shujaat Muzaffar,False,
1035,FBMCL-00216,SAGHEER BAIG SB KOANKH,MB NO.9324,True,2026-06-15,0,0,PAID,False,2026-06-15 11:35,Shujaat Muzaffar,False,
1036,FBMCL-00066,SUBEDAR MUHAMMAD ARSHAD SB KHANPUR KHOKHAR,MB NO.9325,True,2026-06-15,0,0,PAID,False,2026-06-15 11:37,Shujaat Muzaffar,False,
1037,FBMCL-00241,RAJA MUDASIR SB JPS,MB NO.9327,True,2026-06-15,0,0,PAID,False,2026-06-15 11:44,Shujaat Muzaffar,False,
1038,FBMCL-00227,ASIF SB DERHA HANDA,MB NO.8937,True,2026-06-15,2100,2100,OPEN,False,2026-06-15 11:53,Rehman Ahmed,False,
1039,FBMCL-00047,HAJI IQBAL SB JPS,MB NO.9334,True,2026-06-15,390,390,OPEN,False,2026-06-15 12:27,Shujaat Muzaffar,False,
1040,FBMCL-00190,AZHAR BUTT SB JPS BUTT SWEETS,MB NO.8938,True,2026-06-15,12838.8,12838,OPEN,False,2026-06-15 12:29,Shujaat Muzaffar,False,
1041,FBMCL-00212,MIRZA NAZAR BAIG SB KOANKH,MB NO.8939,True,2026-06-06,0,0,PAID,False,2026-06-06 12:35,Shujaat Muzaffar,False,
1042,FBMCL-00006,SHEHBAZ BAIG SB KOANKH,MB NO.8942,True,2026-06-06,0,0,PAID,False,2026-06-06 12:43,Shujaat Muzaffar,False,
1043,FBMCL-00051,FAZAL ILAHI SB JALPUWAL,MB NO.8946,True,2026-06-06,0,0,PAID,False,2026-06-06 12:52,Shujaat Muzaffar,False,
1044,FBMCL-00089,ASIF HUSSAIN JPS (ALI ALMUNIUM),MB NO.9341,True,2026-06-06,2800,2800,OPEN,False,2026-06-06 13:10,Shujaat Muzaffar,False,
1045,FBMCL-00239,AURANGZEB SB KOANKH,MB NO.9342,True,2026-06-15,0,0,PAID,False,2026-06-15 13:14,Shujaat Muzaffar,False,
1046,FBMCL-00169,MUHAMMAD SHABEER SB CONT TIBBA AJNALA,MB NO.9345,True,2026-06-15,0,0,PAID,False,2026-06-15 15:29,Shujaat Muzaffar,False,
1047,FBMCL-00243,ALI SHAN SB RANGRA,MB NO.9344,True,2026-06-06,0,0,PAID,False,2026-06-06 15:30,Shujaat Muzaffar,False,
1048,FBMCL-00044,NADEEM SB DHINDA,MB NO.9347,True,2026-06-15,0,0,PAID,False,2026-06-15 15:45,Shujaat Muzaffar,False,
1049,FBMCL-00044,NADEEM SB DHINDA,MB NO.9184,True,2026-06-11,1420,1420,OPEN,False,2026-06-11 15:46,Shujaat Muzaffar,False,
1050,FBMCL-00228,SHEHBAZ SB RANGPUR,MB NO.8953/2,True,2026-06-06,0,0,PAID,False,2026-06-06 15:55,Shujaat Muzaffar,False,
1051,FBMCL-00191,MIRZA REHMAN SB JPS,MB NO.8956,True,2026-06-06,525,525,OPEN,False,2026-06-06 15:58,Shujaat Muzaffar,False,
1052,FBMCL-00066,SUBEDAR MUHAMMAD ARSHAD SB KHANPUR KHOKHAR,MB NO.8957,True,2026-06-06,0,0,PAID,False,2026-06-06 16:02,Shujaat Muzaffar,False,
1053,FBMCL-00035,EHSAN SB CHAUHAN,MB NO.8960,True,2026-06-06,0,0,PAID,False,2026-06-06 16:04,Shujaat Muzaffar,False,
1054,FBMCL-00035,EHSAN SB CHAUHAN,MB NO.8961,True,2026-06-06,9864,9864,OPEN,False,2026-06-06 16:06,Shujaat Muzaffar,False,
1055,FBMCL-00178,ZEESHAN ATTARI SB JPS,MB NO.8963,True,2026-06-06,0,0,PAID,False,2026-06-06 16:11,Shujaat Muzaffar,False,
1056,FBMCL-00167,CH MUHAMMAD AKRAM RIHANIA SB JPS,MB NO.8964,True,2026-06-06,0,0,PAID,False,2026-06-06 16:16,Shujaat Muzaffar,False,
1057,FBMCL-00154,MUHAMMAD ABID SB KOANKH,MB NO.8978,True,2026-06-16,28279.5,28279,OPEN,False,2026-06-16 10:05,Rehman Ahmed,False,
1058,FBMCL-00145,MASTER ZAHOOR SB JPS,MB NO.8981,True,2026-06-16,4290,4290,OPEN,False,2026-06-16 10:15,Rehman Ahmed,False,
1059,FBMCL-00227,ASIF SB DERHA HANDA,MB NO.8982,True,2026-06-07,0,0,PAID,False,2026-06-07 10:21,Rehman Ahmed,False,
1060,FBMCL-00248,HAJI AKRAM SB CONT DOYIAN,MB NO.9367,True,2026-06-16,0,0,PAID,False,2026-06-16 10:38,Rehman Ahmed,False,
1061,FBMCL-00172,SAIF ULLAH SB KOANKH,MB NO.8985,True,2026-06-16,0,0,PAID,False,2026-06-16 10:50,Rehman Ahmed,False,
1062,FBMCL-00021,RANA ZAHID SB JPS,MB NO.8989,True,2026-06-16,3000,3000,OPEN,False,2026-06-16 11:15,Rehman Ahmed,False,
1063,FBMCL-00229,SARWAR SB MASON,MB NO.8990,True,2026-06-07,4250,4250,OPEN,False,2026-06-07 11:29,Rehman Ahmed,False,
1064,FBMCL-00197,RAOOF SB GHURAL,MB NO.8859,True,2026-06-03,0,0,PAID,False,2026-06-03 11:46,Rehman Ahmed,False,
1065,FBMCL-00197,RAOOF SB GHURAL,MB NO.8991,True,2026-06-07,0,0,PAID,False,2026-06-07 11:52,Rehman Ahmed,False,
1066,FBMCL-00228,SHEHBAZ SB RANGPUR,MB NO.8994,True,2026-06-16,0,0,PAID,False,2026-06-16 12:17,Rehman Ahmed,False,
1067,FBMCL-00167,CH MUHAMMAD AKRAM RIHANIA SB JPS,MB NO.8995,True,2026-06-07,0,0,PAID,False,2026-06-07 12:18,Rehman Ahmed,False,
1068,FBMCL-00092,REHMAN AHMED DILAWAR PUR,MB NO.8997,True,2026-06-16,14800,14800,OPEN,False,2026-06-16 12:34,Rehman Ahmed,False,
1069,FBMCL-00008,TALHA SB JPS,MB NO.8837,True,2026-06-03,0,0,PAID,False,2026-06-03 12:39,Rehman Ahmed,False,
1070,FBMCL-00008,TALHA SB JPS,MB NO.8999,True,2026-06-07,0,0,PAID,False,2026-06-07 12:47,Rehman Ahmed,False,
1071,FBMCL-00202,HAFIZ ABDUL JABBAR SB RANGPUR,MB NO.9002,True,2026-06-07,0,0,PAID,False,2026-06-07 13:06,Rehman Ahmed,False,
1072,FBMCL-00202,HAFIZ ABDUL JABBAR SB RANGPUR,MB NO.9003,True,2026-06-16,0,0,PAID,False,2026-06-16 13:10,Rehman Ahmed,False,
1073,FBMCL-00230,SULTAN BAIG SB PARSUWAL,MB NO.9004,True,2026-06-07,5800,5800,OPEN,False,2026-06-07 13:12,Rehman Ahmed,False,
1074,FBMCL-00205,IRFAN SB DEDHAR SHARIF,MB NO.9006,True,2026-06-07,0,0,PAID,False,2026-06-07 13:14,Rehman Ahmed,False,
1075,FBMCL-00169,MUHAMMAD SHABEER SB CONT TIBBA AJNALA,MB NO.8322,True,2026-05-16,30270.6,30270,OPEN,False,2026-05-16 13:32,Rehman Ahmed,False,
1076,FBMCL-00169,MUHAMMAD SHABEER SB CONT TIBBA AJNALA,MB NO.9013,True,2026-06-07,9588,9588,OPEN,False,2026-06-07 13:55,Rehman Ahmed,False,
1077,FBMCL-00191,MIRZA REHMAN SB JPS,MB NO.9016,True,2026-06-07,2400,2400,OPEN,False,2026-06-07 14:29,Rehman Ahmed,False,
1078,FBMCL-00253,KHALID SB HANDA DERHA,MB NO.9019,True,2026-06-07,61236,11236,PARTIAL,False,2026-06-07 14:52,Rehman Ahmed,False,
1079,FBMCL-00022,MALIK ILYAS SB JPS,MB NO.8759-A,True,2026-06-16,17100,17100,OPEN,False,2026-06-16 14:59,Rehman Ahmed,False,
1080,FBMCL-00022,MALIK ILYAS SB JPS,MB NO.9020,True,2026-06-07,3400,3400,OPEN,False,2026-06-07 15:08,Rehman Ahmed,False,
1081,FBMCL-00254,MANI BUTT SB BLOCK FACTORY JPS,MB NO.9021,True,2026-06-07,22720,22720,OPEN,False,2026-06-07 08:41,Rehman Ahmed,False,
1082,FBMCL-00191,MIRZA REHMAN SB JPS,MB NO.9024,True,2026-06-08,0,0,PAID,False,2026-06-08 08:44,Rehman Ahmed,False,
1083,FBMCL-00244,SHAMRAIZ SB JAGUWAN,MB NO.9027-SALE,True,2026-06-08,0,0,PAID,False,2026-06-08 08:55,Rehman Ahmed,False,
1084,FBMCL-00191,MIRZA REHMAN SB JPS,MB NO.9029,True,2026-06-08,0,0,PAID,False,2026-06-08 09:02,Rehman Ahmed,False,
1085,FBMCL-00221,MIRZA AKHTAR BAIG SB KOANKH,MB NO.8838,True,2026-06-03,28800,28800,OPEN,False,2026-06-03 09:14,Rehman Ahmed,False,
1086,FBMCL-00221,MIRZA AKHTAR BAIG SB KOANKH,MB NO.9032,True,2026-06-08,29800,29800,OPEN,False,2026-06-08 09:22,Rehman Ahmed,False,
1087,FBMCL-00216,SAGHEER BAIG SB KOANKH,MB NO.9296,True,2026-06-14,0,0,PAID,False,2026-06-14 10:48,Shujaat Muzaffar,False,
1088,FBMCL-00216,SAGHEER BAIG SB KOANKH,MB NO.9164,True,2026-06-11,0,0,PAID,False,2026-06-11 10:50,Shujaat Muzaffar,False,
1089,FBMCL-00178,ZEESHAN ATTARI SB JPS,MB NO.9033,True,2026-06-08,156595.5,156095.5,OPEN,False,2026-06-08 10:16,Rehman Ahmed,False,
1090,FBMCL-00001,ABDUL AZEEM SB KHAN PUR KHOKHAR,MB NO.9034,True,2026-06-17,1250,1250,OPEN,False,2026-06-17 12:03,Rehman Ahmed,False,
1091,FBMCL-00154,MUHAMMAD ABID SB KOANKH,MB NO.9035,True,2026-06-08,0,0,PAID,False,2026-06-08 09:25,Rehman Ahmed,False,
1092,FBMCL-00147,MUHAMMAD RAZAQ SB JPS,MB NO.9036,True,2026-06-08,0,0,PAID,False,2026-06-08 12:05,Rehman Ahmed,False,
1093,FBMCL-00021,RANA ZAHID SB JPS,MB NO.9037,True,2026-06-08,2880,2880,OPEN,False,2026-06-08 12:09,Rehman Ahmed,False,
1094,FBMCL-00208,MIRZA YOUNUS SB JPS,MB NO.9040,True,2026-06-08,0,0,PAID,False,2026-06-08 12:15,Rehman Ahmed,False,
1095,FBMCL-00204,SHEHZAD SB GHURAIRA,MB NO.8855,True,2026-06-03,0,0,PAID,False,2026-06-03 12:16,Rehman Ahmed,False,
1096,FBMCL-00204,SHEHZAD SB GHURAIRA,MB NO.9041,True,2026-06-17,0,0,PAID,False,2026-06-17 12:20,Rehman Ahmed,False,
1097,FBMCL-00191,MIRZA REHMAN SB JPS,MB NO.9043,True,2026-06-08,0,0,PAID,False,2026-06-08 12:21,Rehman Ahmed,False,
1098,FBMCL-00211,ALI AKBAR SB DHINDA,MB NO.8860,True,2026-06-03,0,0,PAID,False,2026-06-03 12:27,Rehman Ahmed,False,
1099,FBMCL-00211,ALI AKBAR SB DHINDA,MB NO.9046,True,2026-06-08,0,0,PAID,False,2026-06-08 12:29,Rehman Ahmed,False,
1100,FBMCL-00221,MIRZA AKHTAR BAIG SB KOANKH,MB NO.9047,True,2026-06-08,5600,5600,OPEN,False,2026-06-08 12:31,Rehman Ahmed,False,
1101,FBMCL-00191,MIRZA REHMAN SB JPS,MB NO.9049,True,2026-06-08,0,0,PAID,False,2026-06-08 12:35,Rehman Ahmed,False,
1102,FBMCL-00191,MIRZA REHMAN SB JPS,MB NO.9050,True,2026-06-08,0,0,PAID,False,2026-06-08 12:38,Rehman Ahmed,False,
1103,FBMCL-00138,FAROOQ KALAS SB PARSUWAL,MB NO.9051,True,2026-06-08,0,0,PAID,False,2026-06-08 12:39,Rehman Ahmed,False,
1104,FBMCL-00195,SALMAAN SB GHURAL (GOGA SB GHURAL),MB NO.9054,True,2026-06-08,0,0,PAID,False,2026-06-08 12:51,Rehman Ahmed,False,
1105,FBMCL-00216,SAGHEER BAIG SB KOANKH,MB NO.9349,True,2026-06-15,0,0,PAID,False,2026-06-15 12:51,Shujaat Muzaffar,False,
1106,FBMCL-00051,FAZAL ILAHI SB JALPUWAL,MB NO.9056,True,2026-06-08,0,0,PAID,False,2026-06-08 12:53,Rehman Ahmed,False,
1107,FBMCL-00167,CH MUHAMMAD AKRAM RIHANIA SB JPS,MB NO.9057,True,2026-06-06,0,0,PAID,False,2026-06-06 12:57,Rehman Ahmed,False,
1108,FBMCL-00256,MUHAMMAD ARSHAD SB DHINDA POTAN WALAY,MB NO.9352,True,2026-06-16,192604.8,192604,OPEN,False,2026-06-16 14:37,Shujaat Muzaffar,False,
1109,FBMCL-00113,MUHAMMAD SALEEM SB RUPOWAL,MB NO.9353,True,2026-06-15,2062,2062,OPEN,False,2026-06-15 14:42,Shujaat Muzaffar,False,
1110,FBMCL-00191,MIRZA REHMAN SB JPS,MB NO.9058,True,2026-06-08,0,0,PAID,False,2026-06-08 13:27,Rehman Ahmed,False,
1111,FBMCL-00191,MIRZA REHMAN SB JPS,MB NO.9059,True,2026-06-08,0,0,PAID,False,2026-06-08 14:52,Rehman Ahmed,False,
1112,FBMCL-00175,MUHAMMAD ARSHAD SB GHURAL (SUBEDAR QADAR DAD SB),MB NO.9356,True,2026-06-16,68807.4,68807,OPEN,False,2026-06-16 14:44,Shujaat Muzaffar,False,
1113,FBMCL-00048,RANA ZAHEER SB JPS,MB NO.9357,True,2026-06-16,14350,14350,OPEN,False,2026-06-16 15:04,Shujaat Muzaffar,False,
1114,FBMCL-00191,MIRZA REHMAN SB JPS,MB NO.9068-A,True,2026-06-08,0,0,PAID,False,2026-06-08 15:06,Rehman Ahmed,False,
1115,FBMCL-00216,SAGHEER BAIG SB KOANKH,MB NO.9359,True,2026-06-16,2000,2000,OPEN,False,2026-06-16 15:12,Shujaat Muzaffar,False,
1116,FBMCL-00216,SAGHEER BAIG SB KOANKH,MB NO.9360,True,2026-06-16,0,0,PAID,False,2026-06-16 15:15,Shujaat Muzaffar,False,
1117,FBMCL-00241,RAJA MUDASIR SB JPS,MB NO.9361,True,2026-06-16,0,0,PAID,False,2026-06-16 15:17,Shujaat Muzaffar,False,
1118,FBMCL-00228,SHEHBAZ SB RANGPUR,MB NO.9066,True,2026-06-08,0,0,PAID,False,2026-06-08 15:26,Rehman Ahmed,False,
1119,FBMCL-00244,SHAMRAIZ SB JAGUWAN,MB NO.9067,True,2026-06-08,0,0,PAID,False,2026-06-08 15:27,Rehman Ahmed,False,
1120,FBMCL-00158,JAMEEL SB JAGWAN,MB NO.9364,True,2026-06-16,1500,1500,OPEN,False,2026-06-16 15:22,Shujaat Muzaffar,False,
1121,FBMCL-00038,TAHIR SB AJNALA,MB NO.9075-OK,True,2026-06-09,0,0,PAID,False,2026-06-09 16:17,Rehman Ahmed,False,
1122,FBMCL-00178,ZEESHAN ATTARI SB JPS,MB NO.9080,True,2026-06-09,0,0,PAID,False,2026-06-09 16:18,Rehman Ahmed,False,
1123,FBMCL-00247,YOUNIS GHAFFARI SB JPS,MB NO.9097,True,2026-06-09,500,500,OPEN,False,2026-06-09 16:38,Rehman Ahmed,False,
1124,FBMCL-00257,JAHANGIR LOADER PARSUWAL,MB NO.9103,True,2026-06-09,2860,60,PARTIAL,False,2026-06-09 09:03,Rehman Ahmed,False,
1125,FBMCL-00252,SHAHID SB JPS,MB NO.9107,True,2026-06-09,0,0,PAID,False,2026-06-09 09:10,Rehman Ahmed,False,
1126,FBMCL-00154,MUHAMMAD ABID SB KOANKH,MB NO.9122-A,True,2026-06-09,0,0,PAID,False,2026-06-09 09:31,Rehman Ahmed,False,
1127,FBMCL-00087,ARIF SB JPS(HAJI ASHFAQ S),MB NO.9405,True,2026-06-17,0,0,PAID,False,2026-06-17 09:53,Shujaat Muzaffar,False,
1128,FBMCL-00216,SAGHEER BAIG SB KOANKH,MB NO.9409,True,2026-06-17,0,0,PAID,False,2026-06-17 10:08,Shujaat Muzaffar,False,
1129,FBMCL-00205,IRFAN SB DEDHAR SHARIF,MB NO.9411,True,2026-06-17,0,0,PAID,False,2026-06-17 10:18,Shujaat Muzaffar,False,
1130,FBMCL-00197,RAOOF SB GHURAL,MB NO.9412,True,2026-06-17,0,0,PAID,False,2026-06-17 10:21,Shujaat Muzaffar,False,
1131,FBMCL-00138,FAROOQ KALAS SB PARSUWAL,MB NO.9413,True,2026-06-17,1200,1200,OPEN,False,2026-06-17 10:24,Shujaat Muzaffar,False,
1132,FBMCL-00248,HAJI AKRAM SB CONT DOYIAN,MB NO.9416,True,2026-06-17,0,0,PAID,False,2026-06-17 10:25,Shujaat Muzaffar,False,
1133,FBMCL-00089,ASIF HUSSAIN JPS (ALI ALMUNIUM),MB NO.9420,True,2026-06-17,2800,2800,OPEN,False,2026-06-17 10:31,Shujaat Muzaffar,False,
1134,FBMCL-00150,MUHAMMAD AKRAM SB SANTAL SURKHIYAN,MB NO.9425,True,2026-06-17,0,0,PAID,False,2026-06-17 10:37,Shujaat Muzaffar,False,
1135,FBMCL-00150,MUHAMMAD AKRAM SB SANTAL SURKHIYAN,MB NO.9281,True,2026-06-14,1800,1800,OPEN,False,2026-06-14 10:39,Shujaat Muzaffar,False,
1136,FBMCL-00241,RAJA MUDASIR SB JPS,MB NO.9426,True,2026-06-17,0,0,PAID,False,2026-06-17 10:43,Shujaat Muzaffar,False,
1137,FBMCL-00048,RANA ZAHEER SB JPS,MB NO.9400,True,2026-06-16,7400,7400,OPEN,False,2026-06-16 10:43,Shujaat Muzaffar,False,
1138,FBMCL-00256,MUHAMMAD ARSHAD SB DHINDA POTAN WALAY,MB NO.9430,True,2026-06-17,0,0,PAID,False,2026-06-17 10:54,Shujaat Muzaffar,False,
1139,FBMCL-00063,ABDULLAH SB KOANKH,MB NO.9431,True,2026-06-17,3597,3597,OPEN,False,2026-06-17 10:55,Shujaat Muzaffar,False,
1140,FBMCL-00167,CH MUHAMMAD AKRAM RIHANIA SB JPS,MB NO.9432,True,2026-06-17,28077,28076,OPEN,False,2026-06-17 11:20,Shujaat Muzaffar,False,
1141,FBMCL-00150,MUHAMMAD AKRAM SB SANTAL SURKHIYAN,MB NO.9433,True,2026-06-17,8660.000000000004,8659.000000000004,OPEN,False,2026-06-17 11:29,Shujaat Muzaffar,False,
1142,FBMCL-00008,TALHA SB JPS,MB NO.9434,True,2026-06-17,300,300,OPEN,False,2026-06-17 11:40,Shujaat Muzaffar,False,
1143,FBMCL-00047,HAJI IQBAL SB JPS,MB NO.9132,True,2026-06-11,0,0,PAID,False,2026-06-11 11:59,Rehman Ahmed,False,
1144,FBMCL-00228,SHEHBAZ SB RANGPUR,MB NO.9133,True,2026-06-10,0,0,PAID,False,2026-06-10 12:00,Rehman Ahmed,False,
1145,FBMCL-00197,RAOOF SB GHURAL,MB NO.9138,True,2026-06-10,2849,2849,OPEN,False,2026-06-10 12:02,Rehman Ahmed,False,
1146,FBMCL-00063,ABDULLAH SB KOANKH,MB NO.9435,True,2026-06-17,10200,10200,OPEN,False,2026-06-17 11:51,Shujaat Muzaffar,False,
1147,FBMCL-00168,ABDUL REHMAN SB JPS(ZAFAR CONT),MB NO.9437,True,2026-06-17,1419.6,1419.6,OPEN,False,2026-06-17 12:56,Shujaat Muzaffar,False,
1148,FBMCL-00138,FAROOQ KALAS SB PARSUWAL,MB NO.9443,True,2026-06-17,110202,110200,OPEN,False,2026-06-17 13:30,Shujaat Muzaffar,False,
1149,FBMCL-00224,ATIF BAIG SB KOANKH,MB NO.9451,True,2026-06-18,29000,29000,OPEN,False,2026-06-18 13:48,Shujaat Muzaffar,False,
1150,FBMCL-00089,ASIF HUSSAIN JPS (ALI ALMUNIUM),MB NO.9453,True,2026-06-18,2800,2800,OPEN,False,2026-06-18 14:21,Shujaat Muzaffar,False,
1151,FBMCL-00162,SHERAZ SB MALIK PUR,MB NO.9454,True,2026-06-18,0,0,PAID,False,2026-06-18 14:40,Shujaat Muzaffar,False,
1152,FBMCL-00178,ZEESHAN ATTARI SB JPS,MB NO.9455,True,2026-06-18,0,0,PAID,False,2026-06-18 14:53,Shujaat Muzaffar,False,
1153,FBMCL-00259,ASIM SB KOANKH,MB NO.9457,True,2026-06-18,0,0,PAID,False,2026-06-18 15:33,Shujaat Muzaffar,False,
1154,FBMCL-00233,NAZIM GUJJAR SB JPS,MB NO.9153,True,2026-06-10,3000,3000,OPEN,False,2026-06-10 15:42,Rehman Ahmed,False,
1155,FBMCL-00178,ZEESHAN ATTARI SB JPS,MB NO.9495,True,2026-06-19,1260,1260,OPEN,False,2026-06-19 09:20,Rehman Ahmed,False,
1156,FBMCL-00134,MUHAMMAD QASIM SB MALIKPUR,MB NO.9460,True,2026-06-18,0,0,PAID,False,2026-06-18 09:43,Rehman Ahmed,False,
1157,FBMCL-00044,NADEEM SB DHINDA,MB NO.9496,True,2026-06-19,0,0,PAID,False,2026-06-19 10:23,Rehman Ahmed,False,
1158,FBMCL-00259,ASIM SB KOANKH,MB NO.9468,True,2026-06-18,0,0,PAID,False,2026-06-18 11:21,Rehman Ahmed,False,
1159,FBMCL-00259,ASIM SB KOANKH,MB NO.9497,True,2026-06-19,0,0,PAID,False,2026-06-19 11:28,Rehman Ahmed,False,
1160,FBMCL-00216,SAGHEER BAIG SB KOANKH,MB NO.9498,True,2026-06-19,0,0,PAID,False,2026-06-19 11:41,Rehman Ahmed,False,
1161,FBMCL-00022,MALIK ILYAS SB JPS,MB NO.9500,True,2026-06-19,2720,2720,OPEN,False,2026-06-19 11:55,Rehman Ahmed,False,
1162,FBMCL-00022,MALIK ILYAS SB JPS,MB NO.9466,True,2026-06-18,7500,7500,OPEN,False,2026-06-18 12:00,Rehman Ahmed,False,
1163,FBMCL-00216,SAGHEER BAIG SB KOANKH,MB NO.9502,True,2026-06-19,0,0,PAID,False,2026-06-19 14:12,Rehman Ahmed,False,
1164,FBMCL-00043,KASHIF SB DHINDA,MB NO.9462,True,2026-06-19,14400,14400,OPEN,False,2026-06-19 14:14,Rehman Ahmed,False,
1165,FBMCL-00043,KASHIF SB DHINDA,MB NO.9503,True,2026-06-19,21750,21750,OPEN,False,2026-06-19 14:17,Rehman Ahmed,False,
1166,FBMCL-00241,RAJA MUDASIR SB JPS,MB NO.9459,True,2026-06-19,76339.5,76339.5,OPEN,False,2026-06-19 14:27,Rehman Ahmed,False,
1167,FBMCL-00241,RAJA MUDASIR SB JPS,MB NO.9485,True,2026-06-18,5535.5,5535.5,OPEN,False,2026-06-18 14:31,Rehman Ahmed,False,
1168,FBMCL-00241,RAJA MUDASIR SB JPS,MB NO.9490,True,2026-06-18,19013.5,19013.5,OPEN,False,2026-06-18 14:34,Rehman Ahmed,False,
1169,FBMCL-00006,SHEHBAZ BAIG SB KOANKH,MB NO.9515,True,2026-06-20,0,0,PAID,False,2026-06-20 08:54,Shujaat Muzaffar,False,
1170,FBMCL-00163,YASIR YAQOOB SB DILAWARPUR,MB NO.9506,True,2026-06-19,0,0,PAID,False,2026-06-19 09:49,Shujaat Muzaffar,False,
1171,FBMCL-00261,MUSHTAQ SB JPS,MB NO.9507,True,2026-06-20,0,0,PAID,False,2026-06-20 10:14,Shujaat Muzaffar,False,
1172,FBMCL-00235,NASAR IQBAL BUTT SB JPS,MB NO.9272/2,True,2026-06-20,2373.5,1793,OPEN,False,2026-06-20 12:05,Shujaat Muzaffar,False,
1173,FBMCL-00262,GHULAM MURTZA SB KOANKH,MB NO.9511,True,2026-06-19,0,0,PAID,False,2026-06-19 13:22,Shujaat Muzaffar,False,
1174,FBMCL-00163,YASIR YAQOOB SB DILAWARPUR,MB NO.9512,True,2026-06-19,0,0,PAID,False,2026-06-19 13:23,Shujaat Muzaffar,False,
1175,FBMCL-00262,GHULAM MURTZA SB KOANKH,MB NO.9514,True,2026-06-19,0,0,PAID,False,2026-06-19 13:23,Shujaat Muzaffar,False,
1176,FBMCL-00220,GHULAM GHOUS SB JPS,MB NO.9517,True,2026-06-20,10000,10000,OPEN,False,2026-06-20 13:33,Shujaat Muzaffar,False,
1177,FBMCL-00044,NADEEM SB DHINDA,MB NO.9518,True,2026-06-20,0,0,PAID,False,2026-06-20 13:35,Shujaat Muzaffar,False,
1178,FBMCL-00241,RAJA MUDASIR SB JPS,MB NO.9519,True,2026-06-20,0,0,PAID,False,2026-06-20 13:37,Shujaat Muzaffar,False,
1179,FBMCL-00138,FAROOQ KALAS SB PARSUWAL,MB NO.9521,True,2026-06-20,0,0,PAID,False,2026-06-20 13:39,Shujaat Muzaffar,False,
1180,FBMCL-00150,MUHAMMAD AKRAM SB SANTAL SURKHIYAN,MB NO.9522,True,2026-06-20,17642,17642,OPEN,False,2026-06-20 13:41,Shujaat Muzaffar,False,
1181,FBMCL-00047,HAJI IQBAL SB JPS,MB NO.9523,True,2026-06-20,0,0,PAID,False,2026-06-20 13:46,Shujaat Muzaffar,False,
1182,FBMCL-00047,HAJI IQBAL SB JPS,MB NO.9183,True,2026-06-20,0,0,PAID,False,2026-06-20 13:51,Shujaat Muzaffar,False,
1183,FBMCL-00134,MUHAMMAD QASIM SB MALIKPUR,MB NO.9526,True,2026-06-20,0,0,PAID,False,2026-06-20 13:55,Shujaat Muzaffar,False,
1184,FBMCL-00240,ABDUL AZIZ SB DEDHAR SHARIF,MB NO.9528,True,2026-06-20,29500,29500,OPEN,False,2026-06-20 13:58,Shujaat Muzaffar,False,
1185,FBMCL-00147,MUHAMMAD RAZAQ SB JPS,MB NO.9529,True,2026-06-20,14500,14500,OPEN,False,2026-06-20 13:59,Shujaat Muzaffar,False,
1186,FBMCL-00233,NAZIM GUJJAR SB JPS,MB NO.9530,True,2026-06-20,0,0,PAID,False,2026-06-20 14:04,Shujaat Muzaffar,False,
1187,FBMCL-00105,DR EHSAN SB DHINDA,MB NO.9533,True,2026-06-20,2142,2142,OPEN,False,2026-06-20 14:23,Shujaat Muzaffar,False,
1188,FBMCL-00229,SARWAR SB MASON,MB NO.9534,True,2026-06-20,3750,3750,OPEN,False,2026-06-20 14:26,Shujaat Muzaffar,False,
1189,FBMCL-00089,ASIF HUSSAIN JPS (ALI ALMUNIUM),MB NO.9536,True,2026-06-20,2800,2800,OPEN,False,2026-06-20 14:37,Shujaat Muzaffar,False,
1190,FBMCL-00216,SAGHEER BAIG SB KOANKH,MB NO.9537,True,2026-06-20,2250.6,2250.6,OPEN,False,2026-06-20 15:04,Shujaat Muzaffar,False,
1191,FBMCL-00044,NADEEM SB DHINDA,MB NO.9538,True,2026-06-20,29400,29400,OPEN,False,2026-06-20 15:06,Shujaat Muzaffar,False,
1192,FBMCL-00063,ABDULLAH SB KOANKH,MB NO.9539,True,2026-06-20,8750,8750,OPEN,False,2026-06-20 15:08,Shujaat Muzaffar,False,
1193,FBMCL-00259,ASIM SB KOANKH,MB NO.9540,True,2026-06-20,0,0,PAID,False,2026-06-20 15:09,Shujaat Muzaffar,False,
1194,FBMCL-00195,SALMAAN SB GHURAL (GOGA SB GHURAL),MB NO.9542,True,2026-06-20,0,0,PAID,False,2026-06-20 15:10,Shujaat Muzaffar,False,
1195,FBMCL-00044,NADEEM SB DHINDA,MB NO.9544,True,2026-06-20,29400,29400,OPEN,False,2026-06-20 15:54,Shujaat Muzaffar,False,
1196,FBMCL-00051,FAZAL ILAHI SB JALPUWAL,MB NO.9546,True,2026-06-20,0,0,PAID,False,2026-06-20 15:57,Shujaat Muzaffar,False,
1197,FBMCL-00228,SHEHBAZ SB RANGPUR,MB NO.9547,True,2026-06-20,0,0,PAID,False,2026-06-20 16:04,Shujaat Muzaffar,False,
1198,FBMCL-00228,SHEHBAZ SB RANGPUR,MB NO.9471,True,2026-06-18,0,0,PAID,False,2026-06-18 16:06,Shujaat Muzaffar,False,
1199,FBMCL-00229,SARWAR SB MASON,MB NO.9548,True,2026-06-20,0,0,PAID,False,2026-06-20 16:11,Shujaat Muzaffar,False,
1200,FBMCL-00239,AURANGZEB SB KOANKH,MB NO.9549,True,2026-06-20,0,0,PAID,False,2026-06-20 16:16,Shujaat Muzaffar,False,
1201,FBMCL-00239,AURANGZEB SB KOANKH,MB NO.9549/2,True,2026-06-20,0,0,PAID,False,2026-06-20 16:51,Shujaat Muzaffar,False,
1202,FBMCL-00202,HAFIZ ABDUL JABBAR SB RANGPUR,MB NO.9552,True,2026-06-20,0,0,PAID,False,2026-06-20 16:55,Shujaat Muzaffar,False,
1203,FBMCL-00241,RAJA MUDASIR SB JPS,MB NO.9553,True,2026-06-20,0,0,PAID,False,2026-06-20 16:55,Shujaat Muzaffar,False,
1204,FBMCL-00044,NADEEM SB DHINDA,MB NO.9555,True,2026-06-20,14700,14700,OPEN,False,2026-06-20 17:19,Shujaat Muzaffar,False,
1205,FBMCL-00233,NAZIM GUJJAR SB JPS,MB NO.9530/2,True,2026-06-20,0,0,PAID,False,2026-06-20 17:37,Shujaat Muzaffar,False,
1206,FBMCL-00259,ASIM SB KOANKH,MB NO.9557,True,2026-06-20,1760,1760,OPEN,False,2026-06-20 08:22,Shujaat Muzaffar,False,
1207,FBMCL-00263,QAISER SB JPS,MB NO.9559,True,2026-06-21,2800,2800,OPEN,False,2026-06-21 10:09,Shujaat Muzaffar,False,
1208,FBMCL-00218,RAZAQ SB KHANPUR KHOKHAR,MB NO.9562,True,2026-06-21,4097.500000000005,4097.000000000005,OPEN,False,2026-06-21 10:14,Shujaat Muzaffar,False,
1209,FBMCL-00052,GHULAM SARWAR SB JPS(HAJI JAVED SB),MB NO.9563,True,2026-06-21,0,0,PAID,False,2026-06-21 10:24,Shujaat Muzaffar,False,
1210,FBMCL-00241,RAJA MUDASIR SB JPS,MB NO.9566,True,2026-06-21,0,0,PAID,False,2026-06-21 10:30,Shujaat Muzaffar,False,
1211,FBMCL-00052,GHULAM SARWAR SB JPS(HAJI JAVED SB),MB NO.9580,True,2026-06-21,0,0,PAID,False,2026-06-21 10:46,Shujaat Muzaffar,False,
1212,FBMCL-00248,HAJI AKRAM SB CONT DOYIAN,MB NO.9570,True,2026-06-21,0,0,PAID,False,2026-06-21 11:59,Shujaat Muzaffar,False,
1213,FBMCL-00248,HAJI AKRAM SB CONT DOYIAN,MB NO.9570/3,True,2026-06-21,1500,1500,OPEN,False,2026-06-21 12:08,Shujaat Muzaffar,False,
1214,FBMCL-00220,GHULAM GHOUS SB JPS,MB NO.9571,True,2026-06-21,0,0,PAID,False,2026-06-21 12:10,Shujaat Muzaffar,False,
1215,FBMCL-00215,CH IMRAN SB JPS,MB NO.9572,True,2026-06-21,4003.5,4003.5,OPEN,False,2026-06-21 12:19,Shujaat Muzaffar,False,
1216,FBMCL-00169,MUHAMMAD SHABEER SB CONT TIBBA AJNALA,MB NO.9573,True,2026-06-21,14900,14900,OPEN,False,2026-06-21 12:22,Shujaat Muzaffar,False,
1217,FBMCL-00145,MASTER ZAHOOR SB JPS,MB NO.9577,True,2026-06-21,0,0,PAID,False,2026-06-21 12:27,Shujaat Muzaffar,False,
1218,FBMCL-00124,ARIF BAIG SB KOANKH (ASIM BAIG),MB NO.9578,True,2026-06-21,0,0,PAID,False,2026-06-21 12:29,Shujaat Muzaffar,False,
1219,FBMCL-00211,ALI AKBAR SB DHINDA,MB NO.9581,True,2026-06-21,0,0,PAID,False,2026-06-21 12:39,Shujaat Muzaffar,False,
1220,FBMCL-00256,MUHAMMAD ARSHAD SB DHINDA POTAN WALAY,MB NO.9584,True,2026-06-21,12380.9,12380,OPEN,False,2026-06-21 12:44,Shujaat Muzaffar,False,
1221,FBMCL-00241,RAJA MUDASIR SB JPS,MB NO.9585,True,2026-06-21,0,0,PAID,False,2026-06-21 12:46,Shujaat Muzaffar,False,
1222,FBMCL-00229,SARWAR SB MASON,MB NO.9590,True,2026-06-21,0,0,PAID,False,2026-06-21 13:00,Shujaat Muzaffar,False,
1223,FBMCL-00009,MAZHAR SB RUPOWAL DERA,MB NO.9564,True,2026-06-21,0,0,PAID,False,2026-06-21 15:00,Shujaat Muzaffar,False,
1224,FBMCL-00009,MAZHAR SB RUPOWAL DERA,MB NO.9594,True,2026-06-21,1800,1800,OPEN,False,2026-06-21 15:01,Shujaat Muzaffar,False,
1225,FBMCL-00009,MAZHAR SB RUPOWAL DERA,MB NO.9305,True,2026-06-14,34086,34086,OPEN,False,2026-06-14 15:06,Shujaat Muzaffar,False,
1226,FBMCL-00009,MAZHAR SB RUPOWAL DERA,MB NO.9597,True,2026-06-21,1200,1200,OPEN,False,2026-06-21 15:21,Shujaat Muzaffar,False,
1227,FBMCL-00138,FAROOQ KALAS SB PARSUWAL,MB NO.9598,True,2026-06-17,33518.4,33517,OPEN,False,2026-06-17 15:40,Shujaat Muzaffar,False,
1228,FBMCL-00146,ABDUL SATTAR SB DHINDA FARM,MB NO.9576/2,True,2026-06-21,1250,1250,OPEN,False,2026-06-21 17:14,Shujaat Muzaffar,False,
1229,FBMCL-00202,HAFIZ ABDUL JABBAR SB RANGPUR,MB NO.9603,True,2026-06-21,0,0,PAID,False,2026-06-21 17:25,Shujaat Muzaffar,False,
1230,FBMCL-00218,RAZAQ SB KHANPUR KHOKHAR,MB NO.9604,True,2026-06-21,0,0,PAID,False,2026-06-21 17:30,Shujaat Muzaffar,False,
1231,FBMCL-00113,MUHAMMAD SALEEM SB RUPOWAL,MB NO.9601,True,2026-06-21,11000,11000,OPEN,False,2026-06-21 17:42,Shujaat Muzaffar,False,
1232,FBMCL-00105,DR EHSAN SB DHINDA,MB NO.9618,True,2026-06-22,38946,38946,OPEN,False,2026-06-22 09:59,Shujaat Muzaffar,False,
1233,FBMCL-00154,MUHAMMAD ABID SB KOANKH,MB NO.9622,True,2026-06-22,8341.2,8341,OPEN,False,2026-06-22 10:28,Shujaat Muzaffar,False,
1234,FBMCL-00218,RAZAQ SB KHANPUR KHOKHAR,MB NO.9606,True,2026-06-22,0,0,PAID,False,2026-06-22 11:21,Shujaat Muzaffar,False,
1235,FBMCL-00009,MAZHAR SB RUPOWAL DERA,MB NO.9594/2,True,2026-06-22,0,0,PAID,False,2026-06-22 12:32,Shujaat Muzaffar,False,
1236,FBMCL-00009,MAZHAR SB RUPOWAL DERA,MB NO.9610,True,2026-06-22,7350,7350,OPEN,False,2026-06-22 12:34,Shujaat Muzaffar,False,
1237,FBMCL-00260,HDC MEHAR MEHDI SB JPS,MB NO.9614,True,2026-06-22,330,330,OPEN,False,2026-06-22 12:58,Shujaat Muzaffar,False,
1238,FBMCL-00124,ARIF BAIG SB KOANKH (ASIM BAIG),MB NO.9616,True,2026-06-22,2000,2000,OPEN,False,2026-06-22 13:03,Shujaat Muzaffar,False,
1239,FBMCL-00089,ASIF HUSSAIN JPS (ALI ALMUNIUM),MB NO.9621,True,2026-06-22,2800,2800,OPEN,False,2026-06-22 13:32,Shujaat Muzaffar,False,
1240,FBMCL-00167,CH MUHAMMAD AKRAM RIHANIA SB JPS,MB NO.9623,True,2026-06-22,0,0,PAID,False,2026-06-22 13:34,Shujaat Muzaffar,False,
1241,FBMCL-00111,RAJA PARWEZ SB RANGPUR,MB NO.9626,True,2026-06-22,27500,2000,PARTIAL,False,2026-06-22 13:40,Shujaat Muzaffar,False,
1242,FBMCL-00212,MIRZA NAZAR BAIG SB KOANKH,MB NO.9627,True,2026-06-22,46745.39999999999,0,PAID,False,2026-06-22 13:44,Shujaat Muzaffar,False,
1243,FBMCL-00263,QAISER SB JPS,MB NO.9628,True,2026-06-22,2800,2800,OPEN,False,2026-06-22 14:07,Shujaat Muzaffar,False,
1244,FBMCL-00263,QAISER SB JPS,MB NO.9593,True,2026-06-21,2800,2800,OPEN,False,2026-06-21 14:21,Shujaat Muzaffar,False,
1245,FBMCL-00263,QAISER SB JPS,MB NO.9516,True,2026-06-20,2800,2800,OPEN,False,2026-06-20 14:22,Shujaat Muzaffar,False,
1246,FBMCL-00243,ALI SHAN SB RANGRA,MB NO.9630,True,2026-06-22,0,0,PAID,False,2026-06-22 14:26,Shujaat Muzaffar,False,
1247,FBMCL-00241,RAJA MUDASIR SB JPS,MB NO.9631,True,2026-06-22,0,0,PAID,False,2026-06-22 14:28,Shujaat Muzaffar,False,
1248,FBMCL-00175,MUHAMMAD ARSHAD SB GHURAL (SUBEDAR QADAR DAD SB),MB NO.9221,True,2026-06-22,1600,1600,OPEN,False,2026-06-22 14:35,Shujaat Muzaffar,False,
1249,FBMCL-00175,MUHAMMAD ARSHAD SB GHURAL (SUBEDAR QADAR DAD SB),MB NO.9393,True,2026-06-16,0,0,PAID,False,2026-06-16 14:37,Shujaat Muzaffar,False,
1250,FBMCL-00103,RAJA AMEER HAMZA SB JPS,MB NO.9635,True,2026-06-22,28600,28600,OPEN,False,2026-06-22 14:42,Shujaat Muzaffar,False,
1251,FBMCL-00178,ZEESHAN ATTARI SB JPS,MB NO.9636,True,2026-06-22,840,840,OPEN,False,2026-06-22 14:49,Shujaat Muzaffar,False,
1252,FBMCL-00260,HDC MEHAR MEHDI SB JPS,MB NO.9614/2,True,2026-06-22,17000,17000,OPEN,False,2026-06-22 15:43,Shujaat Muzaffar,False,
1253,FBMCL-00253,KHALID SB HANDA DERHA,MB NO.9643,True,2026-06-22,657.9999999999893,657.9999999999893,OPEN,False,2026-06-22 16:21,Shujaat Muzaffar,False,
1254,FBMCL-00052,GHULAM SARWAR SB JPS(HAJI JAVED SB),MB NO.9641,True,2026-06-22,0,0,PAID,False,2026-06-22 16:27,Shujaat Muzaffar,False,
1255,FBMCL-00024,HAJI JAVED SB JPS,MB NO.9642,True,2026-06-22,0,0,PAID,False,2026-06-22 16:28,Shujaat Muzaffar,False,
1256,FBMCL-00162,SHERAZ SB MALIK PUR,MB NO.9158,True,2026-06-11,0,0,PAID,False,2026-06-11 16:33,Shujaat Muzaffar,False,
1257,FBMCL-00162,SHERAZ SB MALIK PUR,MB NO.9645,True,2026-06-22,0,0,PAID,False,2026-06-22 16:38,Shujaat Muzaffar,False,
1258,FBMCL-00241,RAJA MUDASIR SB JPS,MB NO.9648,True,2026-06-23,0,0,PAID,False,2026-06-23 09:25,Shujaat Muzaffar,False,
1259,FBMCL-00050,MAJID HUSSAIN SB AJNALA,MB NO.9649,True,2026-06-23,0,0,PAID,False,2026-06-23 09:26,Shujaat Muzaffar,False,
1260,FBMCL-00186,SAFDAR ALI SB AJNALA (ASLAM CONT),MB NO.9652,True,2026-06-22,0,0,PAID,False,2026-06-22 09:27,Shujaat Muzaffar,False,
1261,FBMCL-00124,ARIF BAIG SB KOANKH (ASIM BAIG),MB NO.9657,True,2026-06-23,0,0,PAID,False,2026-06-23 10:33,Shujaat Muzaffar,False,
1262,FBMCL-00241,RAJA MUDASIR SB JPS,MB NO.9658,True,2026-06-23,0,0,PAID,False,2026-06-23 10:34,Shujaat Muzaffar,False,
1263,FBMCL-00228,SHEHBAZ SB RANGPUR,MB NO.9660,True,2026-06-22,0,0,PAID,False,2026-06-22 10:35,Shujaat Muzaffar,False,
1264,FBMCL-00228,SHEHBAZ SB RANGPUR,MB NO.9669/2,True,2026-06-23,0,0,PAID,False,2026-06-23 10:37,Shujaat Muzaffar,False,
1265,FBMCL-00028,MIRZA AMJAD JAVED SB AJNALA SITE,MB NO.9676,True,2026-06-23,36500,36500,OPEN,False,2026-06-23 10:53,Shujaat Muzaffar,False,
1266,FBMCL-00261,MUSHTAQ SB JPS,MB NO.9662,True,2026-06-23,10174.1,10174,OPEN,False,2026-06-23 11:04,Shujaat Muzaffar,False,
1267,FBMCL-00167,CH MUHAMMAD AKRAM RIHANIA SB JPS,MB NO.9664,True,2026-06-23,0,0,PAID,False,2026-06-23 11:06,Shujaat Muzaffar,False,
1268,FBMCL-00043,KASHIF SB DHINDA,MB NO.9665,True,2026-06-23,14400,14400,OPEN,False,2026-06-23 11:12,Shujaat Muzaffar,False,
1269,FBMCL-00066,SUBEDAR MUHAMMAD ARSHAD SB KHANPUR KHOKHAR,MB NO.9668,True,2026-06-23,0,0,PAID,False,2026-06-23 11:14,Shujaat Muzaffar,False,
1270,FBMCL-00220,GHULAM GHOUS SB JPS,MB NO.9669,True,2026-06-23,18000,18000,OPEN,False,2026-06-23 11:16,Shujaat Muzaffar,False,
1271,FBMCL-00260,HDC MEHAR MEHDI SB JPS,MB NO.9670,True,2026-06-23,8769.599999999999,8769.599999999999,OPEN,False,2026-06-23 11:22,Shujaat Muzaffar,False,
1272,FBMCL-00154,MUHAMMAD ABID SB KOANKH,MB NO.9672,True,2026-06-23,3981.6,3981,OPEN,False,2026-06-23 11:33,Shujaat Muzaffar,False,
1273,FBMCL-00025,MALIK JAVED SB KHAN PUR KHOKHAR,MB NO.9673,True,2026-06-23,28800,28800,OPEN,False,2026-06-23 11:35,Shujaat Muzaffar,False,
1274,FBMCL-00006,SHEHBAZ BAIG SB KOANKH,MB NO.9677,True,2026-06-23,0,0,PAID,False,2026-06-23 11:40,Shujaat Muzaffar,False,
1275,FBMCL-00209,SHABEEB SB KANIYAN,MB NO.9679,True,2026-06-23,20250,20250,OPEN,False,2026-06-23 11:48,Shujaat Muzaffar,False,
1276,FBMCL-00006,SHEHBAZ BAIG SB KOANKH,MB NO.9684,True,2026-06-23,14500,14500,OPEN,False,2026-06-23 12:28,Shujaat Muzaffar,False,
1277,FBMCL-00111,RAJA PARWEZ SB RANGPUR,MB NO.9687,True,2026-06-23,2883.2,2883,OPEN,False,2026-06-23 14:06,Shujaat Muzaffar,False,
1278,FBMCL-00242,KHALIL AHMED SB DHINDA KALAAN,MB NO.9690,True,2026-06-23,6536.7,6536.7,OPEN,False,2026-06-23 14:08,Shujaat Muzaffar,False,
1279,FBMCL-00150,MUHAMMAD AKRAM SB SANTAL SURKHIYAN,MB NO.9691,True,2026-06-23,0,0,PAID,False,2026-06-23 14:12,Shujaat Muzaffar,False,
1280,FBMCL-00233,NAZIM GUJJAR SB JPS,MB NO.9692/2,True,2026-06-23,88717.5,88717,OPEN,False,2026-06-23 14:20,Shujaat Muzaffar,False,PREVIOUS DELIVERED BILLS MATERIAL
1281,FBMCL-00233,NAZIM GUJJAR SB JPS,MB NO.9693,True,2026-06-23,0,0,PAID,False,2026-06-23 14:23,Shujaat Muzaffar,False,
1282,FBMCL-00260,HDC MEHAR MEHDI SB JPS,MB NO.9670/2,True,2026-06-23,13500,13500,OPEN,False,2026-06-23 15:53,Shujaat Muzaffar,False,
1283,FBMCL-00233,NAZIM GUJJAR SB JPS,MB NO.9697,True,2026-06-23,0,0,PAID,False,2026-06-23 15:58,Shujaat Muzaffar,False,
1284,FBMCL-00241,RAJA MUDASIR SB JPS,MB NO.9700,True,2026-06-23,0,0,PAID,False,2026-06-23 16:31,Shujaat Muzaffar,False,
1285,FBMCL-00253,KHALID SB HANDA DERHA,MB NO.9702,True,2026-06-23,14335,14335,OPEN,False,2026-06-23 10:16,Shujaat Muzaffar,False,
1286,FBMCL-00089,ASIF HUSSAIN JPS (ALI ALMUNIUM),MB NO.9706,True,2026-06-23,2800,2800,OPEN,False,2026-06-23 10:35,Shujaat Muzaffar,False,
1287,FBMCL-00212,MIRZA NAZAR BAIG SB KOANKH,MB NO.9710,True,2026-06-24,0,0,PAID,False,2026-06-24 10:45,Shujaat Muzaffar,False,
1288,FBMCL-00210,AFGHAN SB GHURAL,MB NO.9711,True,2026-06-24,0,0,PAID,False,2026-06-24 10:48,Shujaat Muzaffar,False,
1289,FBMCL-00263,QAISER SB JPS,MB NO.9712,True,2026-06-24,2800,2800,OPEN,False,2026-06-24 11:00,Shujaat Muzaffar,False,
1290,FBMCL-00154,MUHAMMAD ABID SB KOANKH,MB NO.9713,True,2026-06-24,0,0,PAID,False,2026-06-24 11:03,Shujaat Muzaffar,False,
1291,FBMCL-00243,ALI SHAN SB RANGRA,MB NO.9714,True,2026-06-24,0,0,PAID,False,2026-06-24 11:05,Shujaat Muzaffar,False,
1292,FBMCL-00241,RAJA MUDASIR SB JPS,MB NO.9715,True,2026-06-24,7296,7296,OPEN,False,2026-06-24 11:06,Shujaat Muzaffar,False,
1293,FBMCL-00233,NAZIM GUJJAR SB JPS,MB NO.9716,True,2026-06-24,6125.6,6125,OPEN,False,2026-06-24 11:08,Shujaat Muzaffar,False,
1294,FBMCL-00260,HDC MEHAR MEHDI SB JPS,MB NO.9717,True,2026-06-24,6032,6032,OPEN,False,2026-06-24 11:10,Shujaat Muzaffar,False,
1295,FBMCL-00163,YASIR YAQOOB SB DILAWARPUR,MB NO.9722,True,2026-06-24,1581,1581,OPEN,False,2026-06-24 11:16,Shujaat Muzaffar,False,
1296,FBMCL-00175,MUHAMMAD ARSHAD SB GHURAL (SUBEDAR QADAR DAD SB),MB NO.9723,True,2026-06-24,0,0,PAID,False,2026-06-24 11:50,Shujaat Muzaffar,False,
1297,FBMCL-00253,KHALID SB HANDA DERHA,MB NO.9725,True,2026-06-24,0,0,PAID,False,2026-06-24 12:53,Shujaat Muzaffar,False,
1298,FBMCL-00228,SHEHBAZ SB RANGPUR,MB NO.9729,True,2026-06-24,0,0,PAID,False,2026-06-24 13:15,Shujaat Muzaffar,False,
1299,FBMCL-00264,RAJA ARSHAD SB JAGUWAN,MB NO.9730,True,2026-06-24,0,0,PAID,False,2026-06-24 13:16,Shujaat Muzaffar,False,
1300,FBMCL-00212,MIRZA NAZAR BAIG SB KOANKH,MB NO.9733,True,2026-06-24,29000,29000,OPEN,False,2026-06-24 13:34,Shujaat Muzaffar,False,
1301,FBMCL-00147,MUHAMMAD RAZAQ SB JPS,MB NO.9741,True,2026-06-24,33044,13044,PARTIAL,False,2026-06-24 13:42,Shujaat Muzaffar,False,
1302,FBMCL-00240,ABDUL AZIZ SB DEDHAR SHARIF,MB NO.9735,True,2026-06-24,29100,29100,OPEN,False,2026-06-24 13:51,Shujaat Muzaffar,False,
1303,FBMCL-00145,MASTER ZAHOOR SB JPS,MB NO.9740,True,2026-06-24,17040,17040,OPEN,False,2026-06-24 14:22,Shujaat Muzaffar,False,
1304,FBMCL-00021,RANA ZAHID SB JPS,MB NO.9742,True,2026-06-24,7300,7300,OPEN,False,2026-06-24 14:32,Shujaat Muzaffar,False,
1305,FBMCL-00088,FAISAL SB AJNALA,MB NO.9743,True,2026-06-24,0,0,PAID,False,2026-06-24 14:38,Shujaat Muzaffar,False,
1306,FBMCL-00216,SAGHEER BAIG SB KOANKH,MB NO.9486,True,2026-06-18,0,0,PAID,False,2026-06-18 14:48,Shujaat Muzaffar,False,
1307,FBMCL-00216,SAGHEER BAIG SB KOANKH,MB NO.9467,True,2026-06-24,9100.599999999999,9099.999999999998,OPEN,False,2026-06-24 14:52,Shujaat Muzaffar,False,
1308,FBMCL-00216,SAGHEER BAIG SB KOANKH,MB NO.9286,True,2026-06-14,107673.5,107673,OPEN,False,2026-06-14 15:00,Shujaat Muzaffar,False,
1309,FBMCL-00216,SAGHEER BAIG SB KOANKH,MB NO.9484,True,2026-06-18,8532.6,8532,OPEN,False,2026-06-18 15:16,Shujaat Muzaffar,False,
1310,FBMCL-00169,MUHAMMAD SHABEER SB CONT TIBBA AJNALA,MB NO.9731,True,2026-06-24,17921.2,17920,OPEN,False,2026-06-24 15:42,Shujaat Muzaffar,False,
1311,FBMCL-00021,RANA ZAHID SB JPS,MB NO.9755,True,2026-06-25,1800,1800,OPEN,False,2026-06-25 10:24,Shujaat Muzaffar,False,
1312,FBMCL-00043,KASHIF SB DHINDA,MB NO.9756,True,2026-06-25,2760,2760,OPEN,False,2026-06-25 10:41,Shujaat Muzaffar,False,
1313,FBMCL-00167,CH MUHAMMAD AKRAM RIHANIA SB JPS,MB NO.9752,True,2026-06-24,0,0,PAID,False,2026-06-24 11:05,Shujaat Muzaffar,False,
1314,FBMCL-00162,SHERAZ SB MALIK PUR,MB NO.9758,True,2026-06-25,0,0,PAID,False,2026-06-25 11:17,Shujaat Muzaffar,False,
1315,FBMCL-00178,ZEESHAN ATTARI SB JPS,MB NO.9757,True,2026-06-25,0,0,PAID,False,2026-06-25 12:11,Shujaat Muzaffar,False,
1316,FBMCL-00111,RAJA PARWEZ SB RANGPUR,MB NO.9763,True,2026-06-25,27500,27500,OPEN,False,2026-06-25 13:36,Shujaat Muzaffar,False,
1317,FBMCL-00171,FAKHAR SHAH SB AJNALA,MB NO.9154,True,2026-06-10,22750,22750,OPEN,False,2026-06-10 13:37,Shujaat Muzaffar,False,
1318,FBMCL-00241,RAJA MUDASIR SB JPS,MB NO.9155,True,2026-06-11,0,0,PAID,False,2026-06-11 15:09,Shujaat Muzaffar,False,
1319,FBMCL-00010,BILAL SB KOANKH (QARI EJAZ SB),MB NO.9157,True,2026-06-11,0,0,PAID,False,2026-06-11 15:10,Shujaat Muzaffar,False,
1320,FBMCL-00205,IRFAN SB DEDHAR SHARIF,MB NO.9159,True,2026-06-25,0,0,PAID,False,2026-06-25 15:38,Shujaat Muzaffar,False,
1321,FBMCL-00154,MUHAMMAD ABID SB KOANKH,MB NO.9160,True,2026-06-25,0,0,PAID,False,2026-06-25 15:41,Shujaat Muzaffar,False,
1322,FBMCL-00215,CH IMRAN SB JPS,MB NO.9162,True,2026-06-11,17616.1,17615,OPEN,False,2026-06-11 15:42,Shujaat Muzaffar,False,
1323,FBMCL-00089,ASIF HUSSAIN JPS (ALI ALMUNIUM),MB NO.9165,True,2026-06-11,2800,2800,OPEN,False,2026-06-11 15:45,Shujaat Muzaffar,False,
1324,FBMCL-00013,JAWAD SB AJNALA JPS,MB NO.9754,True,2026-06-25,3260,3260,OPEN,False,2026-06-25 11:29,Shujaat Muzaffar,False,
1325,FBMCL-00108,TARIQ BUTT SB JPS,MB NO.9781,True,2026-06-27,0,0,PAID,False,2026-06-27 11:40,Shujaat Muzaffar,False,
1326,FBMCL-00260,HDC MEHAR MEHDI SB JPS,MB NO.9784,True,2026-06-27,0,0,PAID,False,2026-06-27 11:46,Shujaat Muzaffar,False,
1327,FBMCL-00263,QAISER SB JPS,MB NO.9790,True,2026-06-27,2760,2760,OPEN,False,2026-06-27 11:52,Shujaat Muzaffar,False,
1328,FBMCL-00228,SHEHBAZ SB RANGPUR,MB NO.9792,True,2026-06-27,0,0,PAID,False,2026-06-27 12:36,Shujaat Muzaffar,False,
1329,FBMCL-00145,MASTER ZAHOOR SB JPS,MB NO.9793,True,2026-06-27,15600,15600,OPEN,False,2026-06-27 12:44,Shujaat Muzaffar,False,
1330,FBMCL-00051,FAZAL ILAHI SB JALPUWAL,MB NO.9796,True,2026-06-27,0,0,PAID,False,2026-06-27 12:50,Shujaat Muzaffar,False,
1331,FBMCL-00190,AZHAR BUTT SB JPS BUTT SWEETS,MB NO.9801,True,2026-06-27,7534.5,34,PARTIAL,False,2026-06-27 13:07,Shujaat Muzaffar,False,
1332,FBMCL-00013,JAWAD SB AJNALA JPS,MB NO.9802,True,2026-06-27,14100,14100,OPEN,False,2026-06-27 13:10,Shujaat Muzaffar,False,
1333,FBMCL-00076,IMRAN SB MALAK PUR,MB NO.9804,True,2026-06-27,0,0,PAID,False,2026-06-27 13:13,Shujaat Muzaffar,False,
1334,FBMCL-00076,IMRAN SB MALAK PUR,MB NO.9476,True,2026-06-18,0,0,PAID,False,2026-06-18 13:13,Shujaat Muzaffar,False,
1335,FBMCL-00008,TALHA SB JPS,MB NO.9814,True,2026-06-27,20678,20077,OPEN,False,2026-06-27 13:32,Shujaat Muzaffar,False,
1336,FBMCL-00167,CH MUHAMMAD AKRAM RIHANIA SB JPS,MB NO.9807,True,2026-06-27,210,210,OPEN,False,2026-06-27 14:10,Shujaat Muzaffar,False,
1337,FBMCL-00247,YOUNIS GHAFFARI SB JPS,MB NO.9808,True,2026-06-27,500,500,OPEN,False,2026-06-27 14:14,Shujaat Muzaffar,False,
1338,FBMCL-00260,HDC MEHAR MEHDI SB JPS,MB NO.9784/2,True,2026-06-27,0,0,PAID,False,2026-06-27 14:37,Shujaat Muzaffar,False,
1339,FBMCL-00169,MUHAMMAD SHABEER SB CONT TIBBA AJNALA,MB NO.9812,True,2026-06-27,9823,9823,OPEN,False,2026-06-27 15:35,Shujaat Muzaffar,False,
1340,FBMCL-00243,ALI SHAN SB RANGRA,MB NO.9819,True,2026-06-27,46.80000000006385,46.00000000006385,OPEN,False,2026-06-27 17:33,Shujaat Muzaffar,False,
1341,FBMCL-00233,NAZIM GUJJAR SB JPS,MB NO.9822,True,2026-06-25,0,0,PAID,False,2026-06-25 17:37,Shujaat Muzaffar,False,
1342,FBMCL-00264,RAJA ARSHAD SB JAGUWAN,MB NO.9824,True,2026-06-27,200,200,OPEN,False,2026-06-27 08:30,Shujaat Muzaffar,False,
1343,FBMCL-00224,ATIF BAIG SB KOANKH,MB NO.9825,True,2026-06-28,29000,29000,OPEN,False,2026-06-28 11:34,Shujaat Muzaffar,False,
1344,FBMCL-00216,SAGHEER BAIG SB KOANKH,MB NO.9826,True,2026-06-28,0,0,PAID,False,2026-06-28 11:37,Shujaat Muzaffar,False,
1345,FBMCL-00227,ASIF SB DERHA HANDA,MB NO.9827/2,True,2026-06-28,103024,103024,OPEN,False,2026-06-28 11:45,Shujaat Muzaffar,False,
1346,FBMCL-00022,MALIK ILYAS SB JPS,MB NO.9828,True,2026-06-28,5980,5980,OPEN,False,2026-06-28 11:52,Shujaat Muzaffar,False,
1347,FBMCL-00167,CH MUHAMMAD AKRAM RIHANIA SB JPS,MB NO.9832,True,2026-06-28,0,0,PAID,False,2026-06-28 12:01,Shujaat Muzaffar,False,
1348,FBMCL-00263,QAISER SB JPS,MB NO.9833,True,2026-06-28,7893.5,3893,PARTIAL,False,2026-06-28 12:03,Shujaat Muzaffar,False,
1349,FBMCL-00197,RAOOF SB GHURAL,MB NO.9834,True,2026-06-28,0,0,PAID,False,2026-06-28 12:42,Shujaat Muzaffar,False,
1350,FBMCL-00260,HDC MEHAR MEHDI SB JPS,MB NO.9835,True,2026-06-28,0,0,PAID,False,2026-06-28 12:46,Shujaat Muzaffar,False,
1351,FBMCL-00089,ASIF HUSSAIN JPS (ALI ALMUNIUM),MB NO.9836,True,2026-06-28,24241,24241,OPEN,False,2026-06-28 12:49,Shujaat Muzaffar,False,
1352,FBMCL-00186,SAFDAR ALI SB AJNALA (ASLAM CONT),MB NO.9837,True,2026-06-28,0,0,PAID,False,2026-06-28 12:56,Shujaat Muzaffar,False,
1353,FBMCL-00178,ZEESHAN ATTARI SB JPS,MB NO.9838,True,2026-06-28,4300,4300,OPEN,False,2026-06-28 12:59,Shujaat Muzaffar,False,
1354,FBMCL-00260,HDC MEHAR MEHDI SB JPS,MB NO.9835/2,True,2026-06-28,330,330,OPEN,False,2026-06-28 13:04,Shujaat Muzaffar,False,
1355,FBMCL-00178,ZEESHAN ATTARI SB JPS,MB NO.9757/2,True,2026-06-24,720,720,OPEN,False,2026-06-24 13:07,Shujaat Muzaffar,False,
1356,FBMCL-00047,HAJI IQBAL SB JPS,MB NO.9840,True,2026-06-28,0,0,PAID,False,2026-06-28 13:24,Shujaat Muzaffar,False,
1357,FBMCL-00243,ALI SHAN SB RANGRA,MB NO.9842,True,2026-06-28,12500,12500,OPEN,False,2026-06-28 13:32,Shujaat Muzaffar,False,
1358,FBMCL-00071,HAJI WARIS SB JPS,MB NO.9845,True,2026-06-28,27400,27400,OPEN,False,2026-06-28 14:10,Shujaat Muzaffar,False,
1359,FBMCL-00022,MALIK ILYAS SB JPS,MB NO.9848,True,2026-06-28,1420,1420,OPEN,False,2026-06-28 14:12,Shujaat Muzaffar,False,
1360,FBMCL-00111,RAJA PARWEZ SB RANGPUR,MB NO.9851,True,2026-06-28,27400,27400,OPEN,False,2026-06-28 15:41,Shujaat Muzaffar,False,
1361,FBMCL-00244,SHAMRAIZ SB JAGUWAN,MB NO.9855,True,2026-06-28,0,0,PAID,False,2026-06-28 15:56,Shujaat Muzaffar,False,
1362,FBMCL-00146,ABDUL SATTAR SB DHINDA FARM,MB NO.9859,True,2026-06-28,19800,19800,OPEN,False,2026-06-28 16:19,Shujaat Muzaffar,False,
1363,FBMCL-00146,ABDUL SATTAR SB DHINDA FARM,INV-20260628162516,False,2026-06-11,0,0,PAID,False,2026-06-11 16:24,Shujaat Muzaffar,False,
1364,FBMCL-00146,ABDUL SATTAR SB DHINDA FARM,MB NO.9191,True,2026-06-11,0,0,PAID,False,2026-06-11 16:25,Shujaat Muzaffar,False,
1365,FBMCL-00146,ABDUL SATTAR SB DHINDA FARM,MB NO.9226,True,2026-06-13,0,0,PAID,False,2026-06-13 16:26,Shujaat Muzaffar,False,
1366,FBMCL-00146,ABDUL SATTAR SB DHINDA FARM,MB NO.9230,True,2026-06-13,0,0,PAID,False,2026-06-13 16:28,Shujaat Muzaffar,False,
1367,FBMCL-00018,NAZAKAT MOBILE SHOP JPS,MB NO.9861,True,2026-06-28,2760,2760,OPEN,False,2026-06-28 17:28,Shujaat Muzaffar,False,
1368,FBMCL-00088,FAISAL SB AJNALA,MB NO.9863,True,2026-06-28,0,0,PAID,False,2026-06-28 17:42,Shujaat Muzaffar,False,
1369,FBMCL-00261,MUSHTAQ SB JPS,MB NO.9865,True,2026-06-28,0,0,PAID,False,2026-06-28 17:29,Shujaat Muzaffar,False,
1370,FBMCL-00089,ASIF HUSSAIN JPS (ALI ALMUNIUM),MB NO.9867,True,2026-06-28,2350,2350,OPEN,False,2026-06-28 09:04,Shujaat Muzaffar,False,
1371,FBMCL-00267,ASIF SB KOANKH,MB NO.9871,True,2026-06-29,0,0,PAID,False,2026-06-29 10:52,Shujaat Muzaffar,False,
1372,FBMCL-00227,ASIF SB DERHA HANDA,MB NO.9872,True,2026-06-29,400,0,PAID,False,2026-06-29 10:56,Shujaat Muzaffar,False,
1373,FBMCL-00263,QAISER SB JPS,MB NO.9873,True,2026-06-29,2800,2800,OPEN,False,2026-06-29 11:57,Shujaat Muzaffar,False,
1374,FBMCL-00260,HDC MEHAR MEHDI SB JPS,MB NO.9879,True,2026-06-29,0,0,PAID,False,2026-06-29 12:10,Shujaat Muzaffar,False,
1375,FBMCL-00264,RAJA ARSHAD SB JAGUWAN,MB NO.9886,True,2026-06-29,200,200,OPEN,False,2026-06-29 12:21,Shujaat Muzaffar,False,
1376,FBMCL-00150,MUHAMMAD AKRAM SB SANTAL SURKHIYAN,MB NO.9888,True,2026-06-29,1800,1800,OPEN,False,2026-06-29 13:35,Shujaat Muzaffar,False,
1377,FBMCL-00244,SHAMRAIZ SB JAGUWAN,MB NO.9889,True,2026-06-29,0,0,PAID,False,2026-06-29 13:38,Shujaat Muzaffar,False,
1378,FBMCL-00225,SIKANDAR SB JAGUWAN,MB NO.9890,True,2026-06-29,104189.6,104189.6,OPEN,False,2026-06-29 13:45,Shujaat Muzaffar,False,
1379,FBMCL-00243,ALI SHAN SB RANGRA,MB NO.9894,True,2026-06-29,4104,4104,OPEN,False,2026-06-29 14:19,Shujaat Muzaffar,False,
1380,FBMCL-00113,MUHAMMAD SALEEM SB RUPOWAL,MB NO.9900,True,2026-06-29,15400,15400,OPEN,False,2026-06-29 14:31,Shujaat Muzaffar,False,
1381,FBMCL-00197,RAOOF SB GHURAL,MB NO.9137/1,True,2026-06-10,0,0,PAID,False,2026-06-10 15:18,Shujaat Muzaffar,False,
1382,FBMCL-00197,RAOOF SB GHURAL,MB NO.9834/2,True,2026-06-28,0,0,PAID,False,2026-06-28 15:30,Shujaat Muzaffar,False,
1383,FBMCL-00197,RAOOF SB GHURAL,MB NO.8991/2,True,2026-06-07,0,0,PAID,False,2026-06-07 15:33,Shujaat Muzaffar,False,
1384,FBMCL-00158,JAMEEL SB JAGWAN,MB NO.9901,True,2026-06-29,0,0,PAID,False,2026-06-29 15:51,Shujaat Muzaffar,False,
1385,FBMCL-00105,DR EHSAN SB DHINDA,MB NO.9167,True,2026-06-29,63261.8,0,PAID,False,2026-06-29 16:20,Shujaat Muzaffar,False,
1386,FBMCL-00105,DR EHSAN SB DHINDA,MB NO.9167/2,True,2026-06-11,5299.3,5299,OPEN,False,2026-06-11 16:31,Shujaat Muzaffar,False,
1387,FBMCL-00191,MIRZA REHMAN SB JPS,MB NO.9188,True,2026-06-29,25147.5,25147,OPEN,False,2026-06-29 17:17,Shujaat Muzaffar,False,
1388,FBMCL-00261,MUSHTAQ SB JPS,MB NO.9904,True,2026-06-29,0,0,PAID,False,2026-06-29 09:42,Shujaat Muzaffar,False,
1389,FBMCL-00052,GHULAM SARWAR SB JPS(HAJI JAVED SB),MB NO.9907,True,2026-06-29,2800,2800,OPEN,False,2026-06-29 11:09,Shujaat Muzaffar,False,
1390,FBMCL-00175,MUHAMMAD ARSHAD SB GHURAL (SUBEDAR QADAR DAD SB),MB NO.9908,True,2026-06-30,0,0,PAID,False,2026-06-30 11:15,Shujaat Muzaffar,False,
1391,FBMCL-00263,QAISER SB JPS,MB NO.9910,True,2026-06-30,2800,2800,OPEN,False,2026-06-30 11:28,Shujaat Muzaffar,False,
1392,FBMCL-00235,NASAR IQBAL BUTT SB JPS,MB NO.9277,True,2026-06-14,14264.5,14264,OPEN,False,2026-06-14 11:42,Shujaat Muzaffar,False,
1393,FBMCL-00244,SHAMRAIZ SB JAGUWAN,MB NO.9911,True,2026-06-30,0,0,PAID,False,2026-06-30 12:09,Shujaat Muzaffar,False,
1394,FBMCL-00124,ARIF BAIG SB KOANKH (ASIM BAIG),MB NO.9912,True,2026-06-30,0,0,PAID,False,2026-06-30 12:11,Shujaat Muzaffar,False,
1395,FBMCL-00052,GHULAM SARWAR SB JPS(HAJI JAVED SB),MB NO.9917,True,2026-06-30,14000,14000,OPEN,False,2026-06-30 12:30,Shujaat Muzaffar,False,
1396,FBMCL-00242,KHALIL AHMED SB DHINDA KALAAN,MB NO.9920,True,2026-06-30,28600,28600,OPEN,False,2026-06-30 13:14,Shujaat Muzaffar,False,
1397,FBMCL-00242,KHALIL AHMED SB DHINDA KALAAN,MB NO.9690/2,True,2026-06-23,6536.7,6536,OPEN,False,2026-06-23 13:16,Shujaat Muzaffar,False,
1398,FBMCL-00167,CH MUHAMMAD AKRAM RIHANIA SB JPS,MB NO.9936,True,2026-06-29,17539.8,17539,OPEN,False,2026-06-29 13:19,Shujaat Muzaffar,False,
1399,FBMCL-00167,CH MUHAMMAD AKRAM RIHANIA SB JPS,MB NO.9937,True,2026-06-30,51390.79999999997,51389.99999999997,OPEN,False,2026-06-30 13:33,Shujaat Muzaffar,False,
1400,FBMCL-00108,TARIQ BUTT SB JPS,MB NO.9922,True,2026-06-30,0,0,PAID,False,2026-06-30 14:26,Shujaat Muzaffar,False,
1401,FBMCL-00172,SAIF ULLAH SB KOANKH,MB NO.9197,True,2026-06-11,1400,1400,OPEN,False,2026-06-11 14:27,Shujaat Muzaffar,False,
1402,FBMCL-00215,CH IMRAN SB JPS,MB NO.9925,True,2026-06-30,3705,3705,OPEN,False,2026-06-30 14:36,Shujaat Muzaffar,False,
1403,FBMCL-00154,MUHAMMAD ABID SB KOANKH,MB NO.9926,True,2026-06-30,2973.6,2973.6,OPEN,False,2026-06-30 14:50,Shujaat Muzaffar,False,
1404,FBMCL-00047,HAJI IQBAL SB JPS,MB NO.9928,True,2026-06-30,0,0,PAID,False,2026-06-30 15:02,Shujaat Muzaffar,False,
1405,FBMCL-00243,ALI SHAN SB RANGRA,MB NO.9929,True,2026-06-30,142829,142829,OPEN,False,2026-06-30 15:08,Shujaat Muzaffar,False,
1406,FBMCL-00167,CH MUHAMMAD AKRAM RIHANIA SB JPS,MB NO.9938,True,2026-06-30,0,0,PAID,False,2026-06-30 15:38,Shujaat Muzaffar,False,
1407,FBMCL-00172,SAIF ULLAH SB KOANKH,MB NO.9946,True,2026-06-30,0,0,PAID,False,2026-06-30 15:49,Shujaat Muzaffar,False,
1408,FBMCL-00028,MIRZA AMJAD JAVED SB AJNALA SITE,MB NO.9919,True,2026-06-30,36500,36500,OPEN,False,2026-06-30 15:52,Shujaat Muzaffar,False,
1409,FBMCL-00134,MUHAMMAD QASIM SB MALIKPUR,MB NO.9949,True,2026-06-30,0,0,PAID,False,2026-06-30 15:58,Shujaat Muzaffar,False,
1410,FBMCL-00244,SHAMRAIZ SB JAGUWAN,MB NO.9951,True,2026-06-30,75350,75350,OPEN,False,2026-06-30 16:17,Shujaat Muzaffar,False,
1411,FBMCL-00235,NASAR IQBAL BUTT SB JPS,MB NO.9932,True,2026-06-30,8942,8941,OPEN,False,2026-06-30 16:59,Shujaat Muzaffar,False,
1412,FBMCL-00167,CH MUHAMMAD AKRAM RIHANIA SB JPS,MB NO.9953,True,2026-06-30,0,0,PAID,False,2026-06-30 17:11,Shujaat Muzaffar,False,
1413,FBMCL-00264,RAJA ARSHAD SB JAGUWAN,MB NO.9959,True,2026-06-30,0,0,PAID,False,2026-06-30 08:43,Shujaat Muzaffar,False,
1414,FBMCL-00008,TALHA SB JPS,MB NO.9962,True,2026-07-01,0,0,PAID,False,2026-07-01 11:05,Shujaat Muzaffar,False,
1415,FBMCL-00262,GHULAM MURTZA SB KOANKH,MB NO.9966,True,2026-07-01,21450,21450,OPEN,False,2026-07-01 11:25,Shujaat Muzaffar,False,
1416,FBMCL-00150,MUHAMMAD AKRAM SB SANTAL SURKHIYAN,MB NO.9969,True,2026-07-01,1500,1500,OPEN,False,2026-07-01 12:07,Shujaat Muzaffar,False,
1417,FBMCL-00205,IRFAN SB DEDHAR SHARIF,MB NO.9975,True,2026-07-01,49505,49505,OPEN,False,2026-07-01 12:37,Shujaat Muzaffar,False,
1418,FBMCL-00071,HAJI WARIS SB JPS,MB NO.9955,True,2026-06-30,23350,23350,OPEN,False,2026-06-30 13:14,Shujaat Muzaffar,False,
1419,FBMCL-00047,HAJI IQBAL SB JPS,MB NO.9978,True,2026-07-01,624,624,OPEN,False,2026-07-01 13:34,Shujaat Muzaffar,False,
1420,FBMCL-00191,MIRZA REHMAN SB JPS,MB NO.9980,True,2026-07-01,0,0,PAID,False,2026-07-01 13:44,Shujaat Muzaffar,False,
1421,FBMCL-00205,IRFAN SB DEDHAR SHARIF,MB NO.10000,True,2026-07-01,0,0,PAID,False,2026-07-01 15:44,Shujaat Muzaffar,False,
1422,FBMCL-00243,ALI SHAN SB RANGRA,MB NO.10001,True,2026-07-01,0,0,PAID,False,2026-07-01 16:11,Shujaat Muzaffar,False,
1423,FBMCL-00178,ZEESHAN ATTARI SB JPS,MB NO.10003,True,2026-07-01,1200,1200,OPEN,False,2026-07-01 16:14,Shujaat Muzaffar,False,
1424,FBMCL-00178,ZEESHAN ATTARI SB JPS,MB NO.9033/2,True,2026-06-08,0,0,PAID,False,2026-06-08 16:21,Shujaat Muzaffar,False,
1425,FBMCL-00178,ZEESHAN ATTARI SB JPS,MB NO.9080/2,True,2026-06-09,0,0,PAID,False,2026-06-09 16:24,Shujaat Muzaffar,False,
1426,FBMCL-00253,KHALID SB HANDA DERHA,MB NO.10004,True,2026-07-01,35250,35250,OPEN,False,2026-07-01 16:46,Shujaat Muzaffar,False,
1427,FBMCL-00253,KHALID SB HANDA DERHA,MB NO.9643/2,True,2026-06-22,0,0,PAID,False,2026-06-22 16:48,Shujaat Muzaffar,False,
1428,FBMCL-00025,MALIK JAVED SB KHAN PUR KHOKHAR,MB NO.10007,True,2026-07-01,29200,29200,OPEN,False,2026-07-01 17:24,Shujaat Muzaffar,False,
1429,FBMCL-00211,ALI AKBAR SB DHINDA,MB NO.10009,True,2026-07-01,0,0,PAID,False,2026-07-01 17:32,Shujaat Muzaffar,False,
1430,FBMCL-00162,SHERAZ SB MALIK PUR,MB NO.10025,True,2026-07-02,0,0,PAID,False,2026-07-02 10:40,Shujaat Muzaffar,False,
1431,FBMCL-00205,IRFAN SB DEDHAR SHARIF,MB NO.10010,True,2026-07-01,0,0,PAID,False,2026-07-01 10:45,Shujaat Muzaffar,False,
1432,FBMCL-00178,ZEESHAN ATTARI SB JPS,INV-20260702115831,False,2026-07-02,0,0,PAID,False,2026-07-02 11:58,Shujaat Muzaffar,False,
1433,FBMCL-00178,ZEESHAN ATTARI SB JPS,MB NO.10014,True,2026-07-02,19032,19032,OPEN,False,2026-07-02 12:17,Shujaat Muzaffar,False,
1434,FBMCL-00154,MUHAMMAD ABID SB KOANKH,MB NO.10016,True,2026-07-02,0,0,PAID,False,2026-07-02 12:31,Shujaat Muzaffar,False,
1435,FBMCL-00044,NADEEM SB DHINDA,MB NO.10017,True,2026-07-02,2800,2800,OPEN,False,2026-07-02 12:33,Shujaat Muzaffar,False,
1436,FBMCL-00264,RAJA ARSHAD SB JAGUWAN,MB NO.10018,True,2026-07-02,3800,3800,OPEN,False,2026-07-02 12:34,Shujaat Muzaffar,False,
1437,FBMCL-00087,ARIF SB JPS(HAJI ASHFAQ S),MB NO.10019,True,2026-07-02,0,0,PAID,False,2026-07-02 12:35,Shujaat Muzaffar,False,
1438,FBMCL-00202,HAFIZ ABDUL JABBAR SB RANGPUR,MB NO.10020,True,2026-07-02,0,0,PAID,False,2026-07-02 12:36,Shujaat Muzaffar,False,
1439,FBMCL-00242,KHALIL AHMED SB DHINDA KALAAN,MB NO.10021,True,2026-07-02,0,0,PAID,False,2026-07-02 12:39,Shujaat Muzaffar,False,
1440,FBMCL-00228,SHEHBAZ SB RANGPUR,MB NO.10022,True,2026-07-02,0,0,PAID,False,2026-07-02 12:41,Shujaat Muzaffar,False,
1441,FBMCL-00242,KHALIL AHMED SB DHINDA KALAAN,MB NO.10023,True,2026-07-02,0,0,PAID,False,2026-07-02 12:43,Shujaat Muzaffar,False,
1442,FBMCL-00264,RAJA ARSHAD SB JAGUWAN,MB NO.10035,True,2026-07-02,21309.6,21309.6,OPEN,False,2026-07-02 12:52,Shujaat Muzaffar,False,
1443,FBMCL-00264,RAJA ARSHAD SB JAGUWAN,MB NO.10035/2,True,2026-07-02,200,200,OPEN,False,2026-07-02 12:57,Shujaat Muzaffar,False,
1444,FBMCL-00178,ZEESHAN ATTARI SB JPS,MB NO.10028,True,2026-07-02,1800,1800,OPEN,False,2026-07-02 13:06,Shujaat Muzaffar,False,
1445,FBMCL-00008,TALHA SB JPS,MB NO.10029,True,2026-07-02,0,0,PAID,False,2026-07-02 13:15,Shujaat Muzaffar,False,
1446,FBMCL-00263,QAISER SB JPS,MB NO.10034,True,2026-07-02,2800,2800,OPEN,False,2026-07-02 14:53,Shujaat Muzaffar,False,
1447,FBMCL-00232,SHABEER HUSSAIN SB PARSUWAL,MB NO.10036,True,2026-07-02,0,0,PAID,False,2026-07-02 14:55,Shujaat Muzaffar,False,
1448,FBMCL-00191,MIRZA REHMAN SB JPS,MB NO.9276,True,2026-06-13,0,0,PAID,False,2026-06-13 14:56,Shujaat Muzaffar,False,
1449,FBMCL-00191,MIRZA REHMAN SB JPS,MB NO.10041,True,2026-07-02,62437.50000000004,62437.50000000004,OPEN,False,2026-07-02 15:26,Shujaat Muzaffar,False,
1450,FBMCL-00013,JAWAD SB AJNALA JPS,MB NO.10043,True,2026-07-02,2800,2800,OPEN,False,2026-07-02 15:37,Shujaat Muzaffar,False,
1451,FBMCL-00063,ABDULLAH SB KOANKH,MB NO.10045,True,2026-07-02,0,0,PAID,False,2026-07-02 15:46,Shujaat Muzaffar,False,
1452,FBMCL-00260,HDC MEHAR MEHDI SB JPS,MB NO.10046,True,2026-07-02,165,165,OPEN,False,2026-07-02 16:11,Shujaat Muzaffar,False,
1453,FBMCL-00260,HDC MEHAR MEHDI SB JPS,MB NO.9958,True,2026-06-30,8000,8000,OPEN,False,2026-06-30 16:13,Shujaat Muzaffar,False,ZAFFAR NALKAY WALAY KO DIYE BORE K
1454,FBMCL-00138,FAROOQ KALAS SB PARSUWAL,MB NO.10047,True,2026-07-02,0,0,PAID,False,2026-07-02 17:20,Shujaat Muzaffar,False,
1455,FBMCL-00065,SAJID BAIG MAKKI KOANKH,MB NO.10050,True,2026-07-02,0,0,PAID,False,2026-07-02 17:24,Shujaat Muzaffar,False,
1456,FBMCL-00163,YASIR YAQOOB SB DILAWARPUR,MB NO.10051,True,2026-07-02,0,0,PAID,False,2026-07-02 17:24,Shujaat Muzaffar,False,
1457,FBMCL-00266,HAFIZ ZEESHAN SB GHURAIRA,MB NO.10055,True,2026-07-02,0,0,PAID,False,2026-07-02 08:22,Shujaat Muzaffar,False,
1458,FBMCL-00202,HAFIZ ABDUL JABBAR SB RANGPUR,MB NO.10060,True,2026-07-03,0,0,PAID,False,2026-07-03 09:44,Shujaat Muzaffar,False,
1459,FBMCL-00260,HDC MEHAR MEHDI SB JPS,MB NO.10062,True,2026-07-03,32000,32000,OPEN,False,2026-07-03 10:31,Shujaat Muzaffar,False,
1460,FBMCL-00260,HDC MEHAR MEHDI SB JPS,MB NO.10054,True,2026-07-03,0,0,PAID,False,2026-07-03 10:40,Shujaat Muzaffar,False,
1461,FBMCL-00242,KHALIL AHMED SB DHINDA KALAAN,MB NO.10065,True,2026-07-03,0,0,PAID,False,2026-07-03 10:41,Shujaat Muzaffar,False,
1462,FBMCL-00241,RAJA MUDASIR SB JPS,MB NO.10070,True,2026-07-03,0,0,PAID,False,2026-07-03 10:55,Shujaat Muzaffar,False,
1463,FBMCL-00191,MIRZA REHMAN SB JPS,MB NO.10073,True,2026-07-04,1140,1140,OPEN,False,2026-07-04 11:01,Shujaat Muzaffar,False,
1464,FBMCL-00192,DR AMIN SB JPS,MB NO.10095,True,2026-07-04,200,200,OPEN,False,2026-07-04 11:41,Shujaat Muzaffar,False,
1465,FBMCL-00047,HAJI IQBAL SB JPS,MB NO.10079,True,2026-07-04,0,0,PAID,False,2026-07-04 11:47,Shujaat Muzaffar,False,
1466,FBMCL-00167,CH MUHAMMAD AKRAM RIHANIA SB JPS,MB NO.10081,True,2026-07-04,0,0,PAID,False,2026-07-04 12:04,Shujaat Muzaffar,False,
1467,FBMCL-00263,QAISER SB JPS,MB NO.10082,True,2026-07-04,2800,2800,OPEN,False,2026-07-04 12:21,Shujaat Muzaffar,False,
1468,FBMCL-00209,SHABEEB SB KANIYAN,MB NO.10083,True,2026-07-04,0,0,PAID,False,2026-07-04 12:23,Shujaat Muzaffar,False,
1469,FBMCL-00245,SYED SHAFQAT ABBAS SB GHURAIRA,MB NO.10084,True,2026-07-04,36250,36250,OPEN,False,2026-07-04 12:35,Shujaat Muzaffar,False,
1470,FBMCL-00121,MAQSOOD SB MALAK PUR,MB NO.10089,True,2026-07-04,0,0,PAID,False,2026-07-04 12:55,Shujaat Muzaffar,False,
1471,FBMCL-00242,KHALIL AHMED SB DHINDA KALAAN,MB NO.10092,True,2026-07-04,0,0,PAID,False,2026-07-04 12:58,Shujaat Muzaffar,False,
1472,FBMCL-00071,HAJI WARIS SB JPS,MB NO.10093,True,2026-07-04,39620.5,39620.5,OPEN,False,2026-07-04 12:59,Shujaat Muzaffar,False,
1473,FBMCL-00138,FAROOQ KALAS SB PARSUWAL,MB NO.10094,True,2026-07-04,0,0,PAID,False,2026-07-04 13:02,Shujaat Muzaffar,False,
1474,FBMCL-00205,IRFAN SB DEDHAR SHARIF,MB NO.10097,True,2026-07-04,0,0,PAID,False,2026-07-04 13:12,Shujaat Muzaffar,False,
1475,FBMCL-00228,SHEHBAZ SB RANGPUR,MB NO.10099,True,2026-07-04,0,0,PAID,False,2026-07-04 13:34,Shujaat Muzaffar,False,
1476,FBMCL-00175,MUHAMMAD ARSHAD SB GHURAL (SUBEDAR QADAR DAD SB),MB NO.10103,True,2026-07-04,0,0,PAID,False,2026-07-04 15:28,Shujaat Muzaffar,False,
1477,FBMCL-00088,FAISAL SB AJNALA,MB NO.10105,True,2026-07-04,2300,2300,OPEN,False,2026-07-04 15:30,Shujaat Muzaffar,False,
1478,FBMCL-00105,DR EHSAN SB DHINDA,MB NO.10106,True,2026-07-04,0,0,PAID,False,2026-07-04 15:33,Shujaat Muzaffar,False,
1479,FBMCL-00262,GHULAM MURTZA SB KOANKH,MB NO.10108,True,2026-07-04,14600,14600,OPEN,False,2026-07-04 15:34,Shujaat Muzaffar,False,
1480,FBMCL-00205,IRFAN SB DEDHAR SHARIF,MB NO.10110,True,2026-07-04,29300,29300,OPEN,False,2026-07-04 15:36,Shujaat Muzaffar,False,
1481,FBMCL-00241,RAJA MUDASIR SB JPS,MB NO.10112,True,2026-07-04,0,0,PAID,False,2026-07-04 15:38,Shujaat Muzaffar,False,
1482,FBMCL-00154,MUHAMMAD ABID SB KOANKH,MB NO.9856,True,2026-06-28,0,0,PAID,False,2026-06-28 16:39,Shujaat Muzaffar,False,
1483,FBMCL-00154,MUHAMMAD ABID SB KOANKH,MB NO.9892,True,2026-06-29,0,0,PAID,False,2026-06-29 16:41,Shujaat Muzaffar,False,
1484,FBMCL-00163,YASIR YAQOOB SB DILAWARPUR,MB NO.10121,True,2026-07-04,4000.000000003,4000.000000003,OPEN,False,2026-07-04 17:00,Shujaat Muzaffar,False,
1485,FBMCL-00253,KHALID SB HANDA DERHA,MB NO.10127,True,2026-07-05,70747.20000000001,10747.00000000001,PARTIAL,False,2026-07-05 13:03,Shujaat Muzaffar,False,
1486,FBMCL-00001,ABDUL AZEEM SB KHAN PUR KHOKHAR,MB NO.10130,True,2026-07-05,66262.1,66261,OPEN,False,2026-07-05 13:07,Shujaat Muzaffar,False,
1487,FBMCL-00191,MIRZA REHMAN SB JPS,MB NO.10131,True,2026-07-05,1800,1800,OPEN,False,2026-07-05 13:18,Shujaat Muzaffar,False,
1488,FBMCL-00089,ASIF HUSSAIN JPS (ALI ALMUNIUM),MB NO.10132,True,2026-07-05,10610,10610,OPEN,False,2026-07-05 13:29,Shujaat Muzaffar,False,
1489,FBMCL-00124,ARIF BAIG SB KOANKH (ASIM BAIG),MB NO.10162,True,2026-07-05,13544.5,13544.5,OPEN,False,2026-07-05 14:13,Shujaat Muzaffar,False,
1490,FBMCL-00267,ASIF SB KOANKH,MB NO.10135,True,2026-07-05,0,0,PAID,False,2026-07-05 14:17,Shujaat Muzaffar,False,
1491,FBMCL-00076,IMRAN SB MALAK PUR,MB NO.10137,True,2026-07-05,28800,28800,OPEN,False,2026-07-05 14:20,Shujaat Muzaffar,False,
1492,FBMCL-00044,NADEEM SB DHINDA,MB NO.10142,True,2026-07-05,22180.6,22180,OPEN,False,2026-07-05 14:26,Shujaat Muzaffar,False,
1493,FBMCL-00216,SAGHEER BAIG SB KOANKH,MB NO.10143,True,2026-07-05,0,0,PAID,False,2026-07-05 14:40,Shujaat Muzaffar,False,
1494,FBMCL-00154,MUHAMMAD ABID SB KOANKH,MB NO.10144,True,2026-07-05,0,0,PAID,False,2026-07-05 14:53,Shujaat Muzaffar,False,
1495,FBMCL-00242,KHALIL AHMED SB DHINDA KALAAN,MB NO.10151,True,2026-07-05,7250,7250,OPEN,False,2026-07-05 14:57,Shujaat Muzaffar,False,
1496,FBMCL-00241,RAJA MUDASIR SB JPS,MB NO.10153,True,2026-07-05,0,0,PAID,False,2026-07-05 15:07,Shujaat Muzaffar,False,
1497,FBMCL-00051,FAZAL ILAHI SB JALPUWAL,MB NO.10155,True,2026-07-05,3450,3450,OPEN,False,2026-07-05 15:12,Shujaat Muzaffar,False,
1498,FBMCL-00242,KHALIL AHMED SB DHINDA KALAAN,MB NO.10158,True,2026-07-05,28800,28800,OPEN,False,2026-07-05 15:25,Shujaat Muzaffar,False,
1499,FBMCL-00178,ZEESHAN ATTARI SB JPS,MB NO.10167,True,2026-07-04,0,0,PAID,False,2026-07-04 15:38,Shujaat Muzaffar,False,
1500,FBMCL-00186,SAFDAR ALI SB AJNALA (ASLAM CONT),MB NO.10168,True,2026-07-05,0,0,PAID,False,2026-07-05 16:22,Shujaat Muzaffar,False,
1501,FBMCL-00064,SULEIMAN SB AJNALA,MB NO.10169,True,2026-07-05,0,0,PAID,False,2026-07-05 16:28,Shujaat Muzaffar,False,
1502,FBMCL-00087,ARIF SB JPS(HAJI ASHFAQ S),MB NO.10170,True,2026-07-05,6292.5,6292.5,OPEN,False,2026-07-05 16:49,Shujaat Muzaffar,False,
1503,FBMCL-00217,MIRZA SHAMSHEED SB BHUCH,MB NO.10172,True,2026-07-05,0,0,PAID,False,2026-07-05 16:57,Shujaat Muzaffar,False,
1504,FBMCL-00186,SAFDAR ALI SB AJNALA (ASLAM CONT),MB NO.9473,True,2026-06-18,4000,4000,OPEN,False,2026-06-18 16:59,Shujaat Muzaffar,False,
1505,FBMCL-00241,RAJA MUDASIR SB JPS,MB NO.10085,True,2026-07-06,0,0,PAID,False,2026-07-06 10:36,Shujaat Muzaffar,False,
1506,FBMCL-00178,ZEESHAN ATTARI SB JPS,MB NO.10087,True,2026-07-06,37344,37344,OPEN,False,2026-07-06 10:46,Shujaat Muzaffar,False,
1507,FBMCL-00010,BILAL SB KOANKH (QARI EJAZ SB),MB NO.10193,True,2026-07-06,16403,16403,OPEN,False,2026-07-06 16:33,Shujaat Muzaffar,False,
1508,FBMCL-00260,HDC MEHAR MEHDI SB JPS,MB NO.10062/2,True,2026-07-04,2500,2500,OPEN,False,2026-07-04 11:05,Shujaat Muzaffar,False,
1509,FBMCL-00216,SAGHEER BAIG SB KOANKH,MB NO.10216,True,2026-07-07,0,0,PAID,False,2026-07-07 13:15,Shujaat Muzaffar,False,
1510,FBMCL-00267,ASIF SB KOANKH,MB NO.10217,True,2026-07-07,2000,2000,OPEN,False,2026-07-07 13:17,Shujaat Muzaffar,False,
1511,FBMCL-00267,ASIF SB KOANKH,MB NO.10213,True,2026-07-07,0,0,PAID,False,2026-07-07 13:34,Shujaat Muzaffar,False,
1512,FBMCL-00241,RAJA MUDASIR SB JPS,MB NO.10221,True,2026-07-07,7248,7248,OPEN,False,2026-07-07 13:37,Shujaat Muzaffar,False,
1513,FBMCL-00197,RAOOF SB GHURAL,MB NO.10222,True,2026-07-07,0,0,PAID,False,2026-07-07 13:56,Shujaat Muzaffar,False,
1514,FBMCL-00169,MUHAMMAD SHABEER SB CONT TIBBA AJNALA,MB NO.10223,True,2026-07-07,28800,28800,OPEN,False,2026-07-07 13:58,Shujaat Muzaffar,False,
1515,FBMCL-00089,ASIF HUSSAIN JPS (ALI ALMUNIUM),MB NO.10225,True,2026-07-07,0,0,PAID,False,2026-07-07 14:00,Shujaat Muzaffar,False,
1516,FBMCL-00241,RAJA MUDASIR SB JPS,MB NO.10224,True,2026-07-07,1147.5,1147.5,OPEN,False,2026-07-07 14:02,Shujaat Muzaffar,False,
1517,FBMCL-00089,ASIF HUSSAIN JPS (ALI ALMUNIUM),MB NO.10226,True,2026-07-07,1500,1500,OPEN,False,2026-07-07 14:04,Shujaat Muzaffar,False,
1518,FBMCL-00215,CH IMRAN SB JPS,MB NO.10254,True,2026-07-07,0,0,PAID,False,2026-07-07 14:33,Shujaat Muzaffar,False,
1519,FBMCL-00121,MAQSOOD SB MALAK PUR,MB NO.10255,True,2026-07-07,0,0,PAID,False,2026-07-07 14:41,Shujaat Muzaffar,False,
1520,FBMCL-00089,ASIF HUSSAIN JPS (ALI ALMUNIUM),MB NO.10256,True,2026-07-07,8520,8520,OPEN,False,2026-07-07 14:42,Shujaat Muzaffar,False,
1521,FBMCL-00229,SARWAR SB MASON,MB NO.10227,True,2026-07-07,2244,2244,OPEN,False,2026-07-07 14:48,Shujaat Muzaffar,False,
1522,FBMCL-00216,SAGHEER BAIG SB KOANKH,MB NO.10235,True,2026-07-07,3842.5,3842.5,OPEN,False,2026-07-07 15:13,Shujaat Muzaffar,False,
1523,FBMCL-00253,KHALID SB HANDA DERHA,MB NO.10257,True,2026-07-07,37323.2,37323,OPEN,False,2026-07-07 15:27,Shujaat Muzaffar,False,
1524,FBMCL-00089,ASIF HUSSAIN JPS (ALI ALMUNIUM),MB NO.10258,True,2026-07-07,1420,1420,OPEN,False,2026-07-07 15:37,Shujaat Muzaffar,False,
1525,FBMCL-00013,JAWAD SB AJNALA JPS,MB NO.10275,True,2026-07-07,1400,1400,OPEN,False,2026-07-07 10:12,Shujaat Muzaffar,False,
1526,FBMCL-00267,ASIF SB KOANKH,MB NO.10281,True,2026-07-08,0,0,PAID,False,2026-07-08 10:18,Shujaat Muzaffar,False,
1527,FBMCL-00260,HDC MEHAR MEHDI SB JPS,MB NO.10284,True,2026-07-08,0,0,PAID,False,2026-07-08 11:49,Shujaat Muzaffar,False,
1528,FBMCL-00260,HDC MEHAR MEHDI SB JPS,MB NO.10303,True,2026-07-08,0,0,PAID,False,2026-07-08 11:56,Shujaat Muzaffar,False,
1529,FBMCL-00232,SHABEER HUSSAIN SB PARSUWAL,MB NO.10287,True,2026-07-08,0,0,PAID,False,2026-07-08 12:19,Shujaat Muzaffar,False,
1530,FBMCL-00191,MIRZA REHMAN SB JPS,MB NO.10307,True,2026-07-08,0,0,PAID,False,2026-07-08 12:33,Shujaat Muzaffar,False,
1531,FBMCL-00192,DR AMIN SB JPS,MB NO.10291,True,2026-07-08,12800,12800,OPEN,False,2026-07-08 12:49,Shujaat Muzaffar,False,
1532,FBMCL-00241,RAJA MUDASIR SB JPS,MB NO.10292,True,2026-07-08,59396.6,59396.6,OPEN,False,2026-07-08 13:59,Shujaat Muzaffar,False,
1533,FBMCL-00089,ASIF HUSSAIN JPS (ALI ALMUNIUM),MB NO.10293,True,2026-07-08,1420,1420,OPEN,False,2026-07-08 14:03,Shujaat Muzaffar,False,
1534,FBMCL-00228,SHEHBAZ SB RANGPUR,MB NO.10297,True,2026-07-07,0,0,PAID,False,2026-07-07 14:05,Shujaat Muzaffar,False,
1535,FBMCL-00241,RAJA MUDASIR SB JPS,MB NO.10300,True,2026-07-08,11064.4,11064.4,OPEN,False,2026-07-08 14:09,Shujaat Muzaffar,False,
1536,FBMCL-00241,RAJA MUDASIR SB JPS,MB NO.10316,True,2026-07-08,5280,5280,OPEN,False,2026-07-08 14:37,Shujaat Muzaffar,False,
1537,FBMCL-00088,FAISAL SB AJNALA,MB NO.10315,True,2026-07-08,0,0,PAID,False,2026-07-08 14:39,Shujaat Muzaffar,False,
1538,FBMCL-00010,BILAL SB KOANKH (QARI EJAZ SB),MB NO.10302,True,2026-07-08,0,0,PAID,False,2026-07-08 15:07,Shujaat Muzaffar,False,
1539,FBMCL-00064,SULEIMAN SB AJNALA,MB NO.10311,True,2026-07-08,0,0,PAID,False,2026-07-08 15:24,Shujaat Muzaffar,False,
1540,FBMCL-00186,SAFDAR ALI SB AJNALA (ASLAM CONT),MB NO.10312,True,2026-07-08,0,0,PAID,False,2026-07-08 15:28,Shujaat Muzaffar,False,
1541,FBMCL-00150,MUHAMMAD AKRAM SB SANTAL SURKHIYAN,MB NO.10313,True,2026-07-08,1000,1000,OPEN,False,2026-07-08 15:29,Shujaat Muzaffar,False,
1542,FBMCL-00050,MAJID HUSSAIN SB AJNALA,MB NO.10314,True,2026-07-08,0,0,PAID,False,2026-07-08 15:32,Shujaat Muzaffar,False,
1543,FBMCL-00208,MIRZA YOUNUS SB JPS,MB NO.10317,True,2026-07-08,0,0,PAID,False,2026-07-08 15:43,Shujaat Muzaffar,False,
1544,FBMCL-00217,MIRZA SHAMSHEED SB BHUCH,MB NO.10320,True,2026-07-09,1000,977,OPEN,False,2026-07-09 10:14,Shujaat Muzaffar,False,
1545,FBMCL-00228,SHEHBAZ SB RANGPUR,MB NO.10324,True,2026-07-09,0,0,PAID,False,2026-07-09 10:25,Shujaat Muzaffar,False,
1546,FBMCL-00208,MIRZA YOUNUS SB JPS,MB NO.10327,True,2026-07-08,28507.60000000002,28507.00000000002,OPEN,False,2026-07-08 10:26,Shujaat Muzaffar,False,
1547,FBMCL-00267,ASIF SB KOANKH,MB NO.10330,True,2026-07-09,0,0,PAID,False,2026-07-09 11:20,Shujaat Muzaffar,False,
1548,FBMCL-00154,MUHAMMAD ABID SB KOANKH,MB NO.10332,True,2026-07-09,0,0,PAID,False,2026-07-09 11:26,Shujaat Muzaffar,False,
1549,FBMCL-00228,SHEHBAZ SB RANGPUR,MB NO.10340,True,2026-07-09,0,0,PAID,False,2026-07-09 11:55,Shujaat Muzaffar,False,
1550,FBMCL-00145,MASTER ZAHOOR SB JPS,MB NO.10343,True,2026-07-09,2860,1360,PARTIAL,False,2026-07-09 12:10,Shujaat Muzaffar,False,
1551,FBMCL-00044,NADEEM SB DHINDA,MB NO.10342,True,2026-07-09,2860,2860,OPEN,False,2026-07-09 12:18,Shujaat Muzaffar,False,
1552,FBMCL-00260,HDC MEHAR MEHDI SB JPS,MB NO.10344,True,2026-07-09,330,330,OPEN,False,2026-07-09 12:22,Shujaat Muzaffar,False,
1553,FBMCL-00260,HDC MEHAR MEHDI SB JPS,MB NO.10346,True,2026-07-09,2204,2204,OPEN,False,2026-07-09 12:27,Shujaat Muzaffar,False,
1554,FBMCL-00043,KASHIF SB DHINDA,MB NO.9816,True,2026-06-25,2760,2760,OPEN,False,2026-06-25 13:28,Shujaat Muzaffar,False,
1555,FBMCL-00171,FAKHAR SHAH SB AJNALA,MB NO.9254,True,2026-06-13,29700,29700,OPEN,False,2026-06-13 13:49,Shujaat Muzaffar,False,
1556,FBMCL-00229,SARWAR SB MASON,MB NO.10360,True,2026-07-09,41180,41180,OPEN,False,2026-07-09 14:44,Shujaat Muzaffar,False,
1557,FBMCL-00215,CH IMRAN SB JPS,MB NO.10363,True,2026-07-09,0,0,PAID,False,2026-07-09 14:57,Shujaat Muzaffar,False,
1558,FBMCL-00215,CH IMRAN SB JPS,MB NO.9369,True,2026-06-16,0,0,PAID,False,2026-06-16 15:22,Shujaat Muzaffar,False,
1559,FBMCL-00260,HDC MEHAR MEHDI SB JPS,MB NO.10306,True,2026-07-09,16000,16000,OPEN,False,2026-07-09 16:39,Shujaat Muzaffar,False,
1560,FBMCL-00260,HDC MEHAR MEHDI SB JPS,MB NO.10367,True,2026-07-09,0,0,PAID,False,2026-07-09 16:45,Shujaat Muzaffar,False,
1561,FBMCL-00048,RANA ZAHEER SB JPS,MB NO.10362,True,2026-07-09,21950,21950,OPEN,False,2026-07-09 17:02,Shujaat Muzaffar,False,
1562,FBMCL-00158,JAMEEL SB JAGWAN,MB NO.10364,True,2026-07-09,38000,38000,OPEN,False,2026-07-09 17:08,Shujaat Muzaffar,False,
1563,FBMCL-00241,RAJA MUDASIR SB JPS,MB NO.10365,True,2026-07-09,0,0,PAID,False,2026-07-09 17:09,Shujaat Muzaffar,False,
1564,FBMCL-00044,NADEEM SB DHINDA,MB NO.10342/2,True,2026-07-09,1430,1430,OPEN,False,2026-07-09 17:38,Shujaat Muzaffar,False,
1565,FBMCL-00208,MIRZA YOUNUS SB JPS,MB NO.10371,True,2026-07-10,0,0,PAID,False,2026-07-10 08:46,Shujaat Muzaffar,False,
1566,FBMCL-00080,ADNAN SB DOIYAN,MB NO.13074,True,2026-07-10,37000,37000,OPEN,False,2026-07-10 12:41,Shujaat Muzaffar,False,
1567,FBMCL-00124,ARIF BAIG SB KOANKH (ASIM BAIG),MB NO.10382,True,2026-07-10,4250,4250,OPEN,False,2026-07-10 12:55,Shujaat Muzaffar,False,
1568,FBMCL-00124,ARIF BAIG SB KOANKH (ASIM BAIG),MB NO.10386,True,2026-07-10,36750,36750,OPEN,False,2026-07-10 13:03,Shujaat Muzaffar,False,
1569,FBMCL-00261,MUSHTAQ SB JPS,MB NO.10388,True,2026-07-10,860,860,OPEN,False,2026-07-10 09:33,Shujaat Muzaffar,False,
1570,FBMCL-00171,FAKHAR SHAH SB AJNALA,MB NO.10357,True,2026-07-09,8520,8520,OPEN,False,2026-07-09 09:50,Shujaat Muzaffar,False,
1571,FBMCL-00134,MUHAMMAD QASIM SB MALIKPUR,MB NO.10347,True,2026-07-11,0,0,PAID,False,2026-07-11 10:15,Shujaat Muzaffar,False,
1572,FBMCL-00154,MUHAMMAD ABID SB KOANKH,MB NO.10396,True,2026-07-11,0,0,PAID,False,2026-07-11 10:28,Shujaat Muzaffar,False,
1573,FBMCL-00154,MUHAMMAD ABID SB KOANKH,MB NO.9258,True,2026-06-13,0,0,PAID,False,2026-06-13 10:32,Shujaat Muzaffar,False,
1574,FBMCL-00154,MUHAMMAD ABID SB KOANKH,MB NO.9482,True,2026-07-11,0,0,PAID,False,2026-07-11 10:35,Shujaat Muzaffar,False,
1575,FBMCL-00009,MAZHAR SB RUPOWAL DERA,MB NO.10403,True,2026-07-11,37800,37800,OPEN,False,2026-07-11 10:48,Shujaat Muzaffar,False,
1576,FBMCL-00138,FAROOQ KALAS SB PARSUWAL,MB NO.10399,True,2026-07-11,0,0,PAID,False,2026-07-11 11:48,Shujaat Muzaffar,False,
1577,FBMCL-00261,MUSHTAQ SB JPS,MB NO.10402,True,2026-07-11,48882.70000000001,48882.70000000001,OPEN,False,2026-07-11 12:45,Shujaat Muzaffar,False,
1578,FBMCL-00167,CH MUHAMMAD AKRAM RIHANIA SB JPS,MB NO.10404,True,2026-07-11,0,0,PAID,False,2026-07-11 13:47,Shujaat Muzaffar,False,
1579,FBMCL-00167,CH MUHAMMAD AKRAM RIHANIA SB JPS,MB NO.10406,True,2026-07-11,9868.6,9868.6,OPEN,False,2026-07-11 13:56,Shujaat Muzaffar,False,
1580,FBMCL-00150,MUHAMMAD AKRAM SB SANTAL SURKHIYAN,MB NO.10415/2,True,2026-07-11,1940.5,1940.5,OPEN,False,2026-07-11 14:46,Shujaat Muzaffar,False,
1581,FBMCL-00028,MIRZA AMJAD JAVED SB AJNALA SITE,MB NO.10418,True,2026-07-11,15100,15100,OPEN,False,2026-07-11 15:23,Shujaat Muzaffar,False,
1582,FBMCL-00262,GHULAM MURTZA SB KOANKH,MB NO.10421,True,2026-07-11,37750,37750,OPEN,False,2026-07-11 15:28,Shujaat Muzaffar,False,
1583,FBMCL-00263,QAISER SB JPS,MB NO.10200,True,2026-07-06,2760,2760,OPEN,False,2026-07-06 15:30,Shujaat Muzaffar,False,
1584,FBMCL-00263,QAISER SB JPS,MB NO.10425,True,2026-07-11,1460,1460,OPEN,False,2026-07-11 15:43,Shujaat Muzaffar,False,
1585,FBMCL-00209,SHABEEB SB KANIYAN,MB NO.10431,True,2026-07-11,0,0,PAID,False,2026-07-11 15:49,Shujaat Muzaffar,False,
1586,FBMCL-00203,WAJID SB AJNALA,MB NO.10432,True,2026-07-11,0,0,PAID,False,2026-07-11 15:58,Shujaat Muzaffar,False,
1587,FBMCL-00175,MUHAMMAD ARSHAD SB GHURAL (SUBEDAR QADAR DAD SB),MB NO.10435,True,2026-07-11,0,0,PAID,False,2026-07-11 16:47,Shujaat Muzaffar,False,
1588,FBMCL-00261,MUSHTAQ SB JPS,MB NO.10434,True,2026-07-11,20800,20800,OPEN,False,2026-07-11 16:49,Shujaat Muzaffar,False,
1589,FBMCL-00088,FAISAL SB AJNALA,MB NO.10440,True,2026-07-12,0,0,PAID,False,2026-07-12 09:34,Shujaat Muzaffar,False,
1590,FBMCL-00241,RAJA MUDASIR SB JPS,MB NO.10443,True,2026-07-12,0,0,PAID,False,2026-07-12 10:20,Shujaat Muzaffar,False,
1591,FBMCL-00080,ADNAN SB DOIYAN,MB NO.10377,True,2026-07-10,1500,1500,OPEN,False,2026-07-10 10:40,Shujaat Muzaffar,False,
1592,FBMCL-00171,FAKHAR SHAH SB AJNALA,MB NO.10390,True,2026-07-11,36750,36750,OPEN,False,2026-07-11 10:47,Shujaat Muzaffar,False,
1593,FBMCL-00076,IMRAN SB MALAK PUR,MB NO.10447,True,2026-07-12,27080,27080,OPEN,False,2026-07-12 10:55,Shujaat Muzaffar,False,
1594,FBMCL-00088,FAISAL SB AJNALA,MB NO.9269,True,2026-06-13,0,0,PAID,False,2026-06-13 11:00,Shujaat Muzaffar,False,
1595,FBMCL-00088,FAISAL SB AJNALA,MB NO.9394,True,2026-07-12,0,0,PAID,False,2026-07-12 11:16,Shujaat Muzaffar,False,
1596,FBMCL-00088,FAISAL SB AJNALA,MB NO.9470,True,2026-06-18,0,0,PAID,False,2026-06-18 11:17,Shujaat Muzaffar,False,
1597,FBMCL-00028,MIRZA AMJAD JAVED SB AJNALA SITE,MB NO.10448,True,2026-07-12,860,860,OPEN,False,2026-07-12 12:54,Shujaat Muzaffar,False,
1598,FBMCL-00263,QAISER SB JPS,MB NO.10450,True,2026-07-12,2920,2920,OPEN,False,2026-07-12 12:55,Shujaat Muzaffar,False,
1599,FBMCL-00241,RAJA MUDASIR SB JPS,MB NO.10454,True,2026-07-12,8740,8740,OPEN,False,2026-07-12 16:12,Shujaat Muzaffar,False,
1600,FBMCL-00171,FAKHAR SHAH SB AJNALA,MB NO.10456,True,2026-07-12,38000,38000,OPEN,False,2026-07-12 16:25,Shujaat Muzaffar,False,
1601,FBMCL-00186,SAFDAR ALI SB AJNALA (ASLAM CONT),MB NO.10459,True,2026-07-12,0,0,PAID,False,2026-07-12 16:30,Shujaat Muzaffar,False,
1602,FBMCL-00202,HAFIZ ABDUL JABBAR SB RANGPUR,MB NO.10460,True,2026-07-12,0,0,PAID,False,2026-07-12 16:31,Shujaat Muzaffar,False,
1603,FBMCL-00211,ALI AKBAR SB DHINDA,MB NO.10241,True,2026-07-07,0,0,PAID,False,2026-07-07 16:53,Shujaat Muzaffar,False,
1604,FBMCL-00035,EHSAN SB CHAUHAN,MB NO.9268,True,2026-06-14,870,870,OPEN,False,2026-06-14 17:17,Shujaat Muzaffar,False,
1605,FBMCL-00261,MUSHTAQ SB JPS,MB NO.10463,True,2026-07-12,0,0,PAID,False,2026-07-12 17:31,Shujaat Muzaffar,False,
1606,FBMCL-00261,MUSHTAQ SB JPS,MB NO.10212/2,True,2026-07-07,0,0,PAID,False,2026-07-07 17:45,Shujaat Muzaffar,False,
1607,FBMCL-00111,RAJA PARWEZ SB RANGPUR,MB NO.10470,True,2026-07-13,28800,28800,OPEN,False,2026-07-13 09:19,Shujaat Muzaffar,False,
1608,FBMCL-00087,ARIF SB JPS(HAJI ASHFAQ S),MB NO.10471,True,2026-07-13,0,0,PAID,False,2026-07-13 09:36,Shujaat Muzaffar,False,
1609,FBMCL-00050,MAJID HUSSAIN SB AJNALA,MB NO.10473,True,2026-07-13,0,0,PAID,False,2026-07-13 09:42,Shujaat Muzaffar,False,
1610,FBMCL-00050,MAJID HUSSAIN SB AJNALA,MB NO.10183,True,2026-07-06,0,0,PAID,False,2026-07-06 09:56,Shujaat Muzaffar,False,
1611,FBMCL-00188,RAFAQAT HUSSAIN SB MALIK (MASJID),MB NO.10467,True,2026-07-13,4000,4000,OPEN,False,2026-07-13 10:18,Shujaat Muzaffar,False,
1612,FBMCL-00050,MAJID HUSSAIN SB AJNALA,MB NO.9372,True,2026-06-16,0,0,PAID,False,2026-06-16 10:29,Shujaat Muzaffar,False,
1613,FBMCL-00050,MAJID HUSSAIN SB AJNALA,MB NO.10474,True,2026-07-08,1000,1000,OPEN,False,2026-07-08 10:32,Shujaat Muzaffar,False,
1614,FBMCL-00008,TALHA SB JPS,MB NO.10478,True,2026-07-13,0,0,PAID,False,2026-07-13 11:02,Shujaat Muzaffar,False,
1615,FBMCL-00271,SAJID SB GHURAL ( BOBY DRIVER ),MB NO.10326,True,2026-07-08,0,0,PAID,False,2026-07-08 12:30,Shujaat Muzaffar,False,
1616,FBMCL-00271,SAJID SB GHURAL ( BOBY DRIVER ),MB NO.10482,True,2026-07-13,0,0,PAID,False,2026-07-13 12:33,Shujaat Muzaffar,False,
1617,FBMCL-00028,MIRZA AMJAD JAVED SB AJNALA SITE,MB NO.10486,True,2026-07-13,30400,30400,OPEN,False,2026-07-13 13:24,Shujaat Muzaffar,False,
1618,FBMCL-00267,ASIF SB KOANKH,MB NO.10491,True,2026-07-13,2150,2150,OPEN,False,2026-07-13 14:40,Shujaat Muzaffar,False,
1619,FBMCL-00267,ASIF SB KOANKH,MB NO.10098,True,2026-07-04,0,0,PAID,False,2026-07-04 14:40,Shujaat Muzaffar,False,
1620,FBMCL-00267,ASIF SB KOANKH,MB NO.10269,True,2026-07-13,0,0,PAID,False,2026-07-13 14:43,Shujaat Muzaffar,False,
1621,FBMCL-00228,SHEHBAZ SB RANGPUR,MB NO.10493,True,2026-07-13,0,0,PAID,False,2026-07-13 15:03,Shujaat Muzaffar,False,
1622,FBMCL-00008,TALHA SB JPS,MB NO.9255,True,2026-06-13,22515,21915,OPEN,False,2026-06-13 15:04,Shujaat Muzaffar,False,
1623,FBMCL-00008,TALHA SB JPS,MB NO.9300,True,2026-06-14,11713.5,11713.5,OPEN,False,2026-06-14 15:24,Shujaat Muzaffar,False,
1624,FBMCL-00008,TALHA SB JPS,MB NO.9376,True,2026-06-16,8768.5,8768.5,OPEN,False,2026-06-16 15:26,Shujaat Muzaffar,False,
1625,FBMCL-00008,TALHA SB JPS,MB NO.9474,True,2026-07-13,0,0,PAID,False,2026-07-13 15:30,Shujaat Muzaffar,False,
1626,FBMCL-00008,TALHA SB JPS,MB NO.9377,True,2026-06-18,0,0,PAID,False,2026-06-18 15:32,Shujaat Muzaffar,False,
1627,FBMCL-00243,ALI SHAN SB RANGRA,MB NO.10506,True,2026-07-13,30100,30100,OPEN,False,2026-07-13 15:42,Shujaat Muzaffar,False,
1628,FBMCL-00262,GHULAM MURTZA SB KOANKH,MB NO.10508,True,2026-07-13,0,0,PAID,False,2026-07-13 16:53,Shujaat Muzaffar,False,
1629,FBMCL-00261,MUSHTAQ SB JPS,MB NO.10510,True,2026-07-13,0,0,PAID,False,2026-07-13 17:54,Shujaat Muzaffar,False,
1630,FBMCL-00171,FAKHAR SHAH SB AJNALA,MB NO.10514,True,2026-07-14,38000,38000,OPEN,False,2026-07-14 08:49,Shujaat Muzaffar,False,
1631,FBMCL-00047,HAJI IQBAL SB JPS,MB NO.10515,True,2026-07-14,0,0,PAID,False,2026-07-14 08:50,Shujaat Muzaffar,False,
1632,FBMCL-00192,DR AMIN SB JPS,MB NO.10516,True,2026-07-14,0,0,PAID,False,2026-07-14 08:51,Shujaat Muzaffar,False,
1633,FBMCL-00051,FAZAL ILAHI SB JALPUWAL,MB NO.10517,True,2026-07-14,0,0,PAID,False,2026-07-14 09:02,Shujaat Muzaffar,False,
1634,FBMCL-00051,FAZAL ILAHI SB JALPUWAL,MB NO.9280,True,2026-06-14,0,0,PAID,False,2026-06-14 09:16,Shujaat Muzaffar,False,
1635,FBMCL-00270,YASIR JAVED SB  JPS,MB NO.10518,True,2026-07-14,0,0,PAID,False,2026-07-14 10:31,Shujaat Muzaffar,False,
1636,FBMCL-00175,MUHAMMAD ARSHAD SB GHURAL (SUBEDAR QADAR DAD SB),MB NO.10524,True,2026-07-14,0,0,PAID,False,2026-07-14 10:31,Shujaat Muzaffar,False,
1637,FBMCL-00108,TARIQ BUTT SB JPS,MB NO.10525,True,2026-07-14,840,840,OPEN,False,2026-07-14 10:39,Shujaat Muzaffar,False,
1638,FBMCL-00167,CH MUHAMMAD AKRAM RIHANIA SB JPS,MB NO.10527,True,2026-07-14,0,0,PAID,False,2026-07-14 10:42,Shujaat Muzaffar,False,
1639,FBMCL-00232,SHABEER HUSSAIN SB PARSUWAL,MB NO.10530,True,2026-07-14,0,0,PAID,False,2026-07-14 11:06,Shujaat Muzaffar,False,
1640,FBMCL-00066,SUBEDAR MUHAMMAD ARSHAD SB KHANPUR KHOKHAR,MB NO.10532,True,2026-07-14,0,0,PAID,False,2026-07-14 11:29,Shujaat Muzaffar,False,
1641,FBMCL-00272,SHAMRAIZ SB HANDA STOP,MB NO.10417,True,2026-07-11,0,0,PAID,False,2026-07-11 11:50,Shujaat Muzaffar,False,
1642,FBMCL-00260,HDC MEHAR MEHDI SB JPS,MB NO.10534,True,2026-07-14,7400.799999999999,7400.799999999999,OPEN,False,2026-07-14 12:06,Shujaat Muzaffar,False,
1643,FBMCL-00167,CH MUHAMMAD AKRAM RIHANIA SB JPS,MB NO.9249,True,2026-06-13,0,0,PAID,False,2026-06-13 12:56,Shujaat Muzaffar,False,
1644,FBMCL-00215,CH IMRAN SB JPS,MB NO.9288,True,2026-06-14,1647,1647,OPEN,False,2026-06-14 13:08,Shujaat Muzaffar,False,
1645,FBMCL-00215,CH IMRAN SB JPS,MB NO.9245,True,2026-06-13,21843,21843,OPEN,False,2026-06-13 13:19,Shujaat Muzaffar,False,
1646,FBMCL-00241,RAJA MUDASIR SB JPS,MB NO.10537,True,2026-07-14,0,0,PAID,False,2026-07-14 13:58,Shujaat Muzaffar,False,
1647,FBMCL-00175,MUHAMMAD ARSHAD SB GHURAL (SUBEDAR QADAR DAD SB),MB NO.10536,True,2026-07-14,28249.19999999999,28249.19999999999,OPEN,False,2026-07-14 14:10,Shujaat Muzaffar,False,
1648,FBMCL-00209,SHABEEB SB KANIYAN,MB NO.9225,True,2026-07-14,0,0,PAID,False,2026-07-14 15:02,Shujaat Muzaffar,False,
1649,FBMCL-00195,SALMAAN SB GHURAL (GOGA SB GHURAL),MB NO.9243,True,2026-06-13,0,0,PAID,False,2026-06-13 15:05,Shujaat Muzaffar,False,
1650,FBMCL-00167,CH MUHAMMAD AKRAM RIHANIA SB JPS,MB NO.10540,True,2026-07-14,0,0,PAID,False,2026-07-14 15:32,Shujaat Muzaffar,False,
1651,FBMCL-00217,MIRZA SHAMSHEED SB BHUCH,MB NO.9262,True,2026-06-13,0,0,PAID,False,2026-06-13 15:33,Shujaat Muzaffar,False,
1652,FBMCL-00209,SHABEEB SB KANIYAN,MB NO.9271,True,2026-06-13,15138,15138,OPEN,False,2026-06-13 15:36,Shujaat Muzaffar,False,
1653,FBMCL-00089,ASIF HUSSAIN JPS (ALI ALMUNIUM),MB NO.9279,True,2026-06-14,2800,2800,OPEN,False,2026-06-14 15:41,Shujaat Muzaffar,False,
1654,FBMCL-00145,MASTER ZAHOOR SB JPS,MB NO.9293,True,2026-06-14,2800,2800,OPEN,False,2026-06-14 15:45,Shujaat Muzaffar,False,
1655,FBMCL-00267,ASIF SB KOANKH,MB NO.10542,True,2026-07-14,0,0,PAID,False,2026-07-14 16:05,Shujaat Muzaffar,False,
1656,FBMCL-00228,SHEHBAZ SB RANGPUR,MB NO.9660/2,True,2026-06-21,0,0,PAID,False,2026-06-21 16:33,Shujaat Muzaffar,False,
1657,FBMCL-00021,RANA ZAHID SB JPS,MB NO.9195,True,2026-06-11,7100,7100,OPEN,False,2026-06-11 16:42,Shujaat Muzaffar,False,
1658,FBMCL-00021,RANA ZAHID SB JPS,MB NO.9469,True,2026-06-17,7100,7100,OPEN,False,2026-06-17 16:43,Shujaat Muzaffar,False,
1659,FBMCL-00145,MASTER ZAHOOR SB JPS,MB NO.9295,True,2026-06-13,122.5,122.5,OPEN,False,2026-06-13 17:10,Shujaat Muzaffar,False,
1660,FBMCL-00038,TAHIR SB AJNALA,MB NO.10555,True,2026-07-15,0,0,PAID,False,2026-07-15 08:39,Shujaat Muzaffar,False,
1661,FBMCL-00205,IRFAN SB DEDHAR SHARIF,MB NO.10556,True,2026-07-15,31100,31100,OPEN,False,2026-07-15 09:17,Shujaat Muzaffar,False,
1662,FBMCL-00178,ZEESHAN ATTARI SB JPS,MB NO.10560,True,2026-07-15,300,300,OPEN,False,2026-07-15 10:09,Shujaat Muzaffar,False,
1663,FBMCL-00241,RAJA MUDASIR SB JPS,MB NO.10566,True,2026-07-15,0,0,PAID,False,2026-07-15 10:26,Shujaat Muzaffar,False,
1664,FBMCL-00103,RAJA AMEER HAMZA SB JPS,MB NO.10547,True,2026-07-14,0,0,PAID,False,2026-07-14 10:26,Shujaat Muzaffar,False,
1665,FBMCL-00273,KHAYAM SB MALIKPUR,MB NO.10552,True,2026-07-15,979.2,979.2,OPEN,False,2026-07-15 10:40,Shujaat Muzaffar,False,
1666,FBMCL-00175,MUHAMMAD ARSHAD SB GHURAL (SUBEDAR QADAR DAD SB),MB NO.10553,True,2026-07-15,6000,6000,OPEN,False,2026-07-15 10:42,Shujaat Muzaffar,False,
1667,FBMCL-00267,ASIF SB KOANKH,MB NO.10567,True,2026-07-15,860,860,OPEN,False,2026-07-15 10:48,Shujaat Muzaffar,False,
1668,FBMCL-00050,MAJID HUSSAIN SB AJNALA,MB NO.10561,True,2026-07-15,0,0,PAID,False,2026-07-15 11:00,Shujaat Muzaffar,False,
1669,FBMCL-00171,FAKHAR SHAH SB AJNALA,MB NO.10565,True,2026-07-15,38750,38750,OPEN,False,2026-07-15 11:16,Shujaat Muzaffar,False,
1670,FBMCL-00242,KHALIL AHMED SB DHINDA KALAAN,MB NO.10570,True,2026-07-15,30800,30800,OPEN,False,2026-07-15 11:23,Shujaat Muzaffar,False,
1671,FBMCL-00025,MALIK JAVED SB KHAN PUR KHOKHAR,MB NO.10563,True,2026-07-15,31000,31000,OPEN,False,2026-07-15 11:53,Shujaat Muzaffar,False,
1672,FBMCL-00262,GHULAM MURTZA SB KOANKH,MB NO.10575,True,2026-07-15,11486.4,11486.4,OPEN,False,2026-07-15 12:13,Shujaat Muzaffar,False,
1673,FBMCL-00048,RANA ZAHEER SB JPS,MB NO.10573,True,2026-07-15,9510,9510,OPEN,False,2026-07-15 12:17,Shujaat Muzaffar,False,
1674,FBMCL-00260,HDC MEHAR MEHDI SB JPS,MB NO.10571,True,2026-07-15,0,0,PAID,False,2026-07-15 12:22,Shujaat Muzaffar,False,
1675,FBMCL-00260,HDC MEHAR MEHDI SB JPS,MB NO.10534/2,True,2026-07-14,0,0,PAID,False,2026-07-14 12:23,Shujaat Muzaffar,False,
1676,FBMCL-00263,QAISER SB JPS,MB NO.10577,True,2026-07-15,1490,1490,OPEN,False,2026-07-15 12:52,Shujaat Muzaffar,False,
1677,FBMCL-00103,RAJA AMEER HAMZA SB JPS,MB NO.9635/2,True,2026-07-15,0,0,PAID,False,2026-07-15 13:25,Shujaat Muzaffar,False,
1678,FBMCL-00105,DR EHSAN SB DHINDA,MB NO.6894/2,True,2026-03-18,0,0,PAID,False,2026-03-18 13:31,Shujaat Muzaffar,False,
1679,FBMCL-00216,SAGHEER BAIG SB KOANKH,MB NO.10582,True,2026-07-15,0,0,PAID,False,2026-07-15 14:20,Shujaat Muzaffar,False,
1680,FBMCL-00216,SAGHEER BAIG SB KOANKH,MB NO.10216/2,True,2026-07-07,0,0,PAID,False,2026-07-07 14:42,Shujaat Muzaffar,False,
1681,FBMCL-00203,WAJID SB AJNALA,MB NO.10584,True,2026-07-15,0,0,PAID,False,2026-07-15 14:44,Shujaat Muzaffar,False,
1682,FBMCL-00048,RANA ZAHEER SB JPS,MB NO.10585,True,2026-07-15,4550,4550,OPEN,False,2026-07-15 15:44,Shujaat Muzaffar,False,
1683,FBMCL-00124,ARIF BAIG SB KOANKH (ASIM BAIG),MB NO.10382/2,True,2026-07-15,4200,4200,OPEN,False,2026-07-15 16:05,Shujaat Muzaffar,False,
1684,FBMCL-00124,ARIF BAIG SB KOANKH (ASIM BAIG),MB NO.10588,True,2026-07-15,1788.4,1788,OPEN,False,2026-07-15 16:09,Shujaat Muzaffar,False,
1685,FBMCL-00103,RAJA AMEER HAMZA SB JPS,MB NO.10592,True,2026-07-15,25655,25655,OPEN,False,2026-07-15 16:31,Shujaat Muzaffar,False,
1686,FBMCL-00190,AZHAR BUTT SB JPS BUTT SWEETS,MB NO.9065/4,True,2026-06-08,350,350,OPEN,False,2026-06-08 16:43,Shujaat Muzaffar,False,STEEL RETURN RENT
1687,FBMCL-00190,AZHAR BUTT SB JPS BUTT SWEETS,MB NO.10031,True,2026-07-02,2805,2805,OPEN,False,2026-07-02 16:45,Shujaat Muzaffar,False,
1688,FBMCL-00134,MUHAMMAD QASIM SB MALIKPUR,MB NO.10595,True,2026-07-16,0,0,PAID,False,2026-07-16 10:10,Shujaat Muzaffar,False,
1689,FBMCL-00241,RAJA MUDASIR SB JPS,MB NO.10600,True,2026-07-16,0,0,PAID,False,2026-07-16 10:27,Shujaat Muzaffar,False,
1690,FBMCL-00162,SHERAZ SB MALIK PUR,MB NO.10603,True,2026-07-16,0,0,PAID,False,2026-07-16 10:52,Shujaat Muzaffar,False,
1691,FBMCL-00111,RAJA PARWEZ SB RANGPUR,MB NO.10606,True,2026-07-16,29600,29600,OPEN,False,2026-07-16 10:54,Shujaat Muzaffar,False,
1692,FBMCL-00197,RAOOF SB GHURAL,MB NO.10615,True,2026-07-16,860,860,OPEN,False,2026-07-16 11:44,Shujaat Muzaffar,False,
1693,FBMCL-00267,ASIF SB KOANKH,MB NO.10617,True,2026-07-16,0,0,PAID,False,2026-07-16 12:04,Shujaat Muzaffar,False,
1694,FBMCL-00241,RAJA MUDASIR SB JPS,MB NO.10600/2,True,2026-07-16,0,0,PAID,False,2026-07-16 12:12,Shujaat Muzaffar,False,
1695,FBMCL-00270,YASIR JAVED SB  JPS,MB NO.10621,True,2026-07-16,0,0,PAID,False,2026-07-16 12:37,Shujaat Muzaffar,False,
1696,FBMCL-00260,HDC MEHAR MEHDI SB JPS,MB NO.10571/2,True,2026-07-16,297,297,OPEN,False,2026-07-16 13:07,Shujaat Muzaffar,False,
1697,FBMCL-00260,HDC MEHAR MEHDI SB JPS,MB NO.10622/2,True,2026-07-16,0,0,PAID,False,2026-07-16 13:17,Shujaat Muzaffar,False,
1698,FBMCL-00178,ZEESHAN ATTARI SB JPS,MB NO.10625,True,2026-07-16,9602,9602,OPEN,False,2026-07-16 14:02,Shujaat Muzaffar,False,
1699,FBMCL-00028,MIRZA AMJAD JAVED SB AJNALA SITE,MB NO.10627,True,2026-07-16,15600,15600,OPEN,False,2026-07-16 14:15,Shujaat Muzaffar,False,
1700,FBMCL-00241,RAJA MUDASIR SB JPS,MB NO.10632,True,2026-07-16,4737.599999999999,4736.999999999999,OPEN,False,2026-07-16 16:27,Shujaat Muzaffar,False,
1701,FBMCL-00202,HAFIZ ABDUL JABBAR SB RANGPUR,MB NO.10635,True,2026-07-16,0,0,PAID,False,2026-07-16 17:06,Shujaat Muzaffar,False,
1702,FBMCL-00064,SULEIMAN SB AJNALA,MB NO.10645,True,2026-07-17,1500,1500,OPEN,False,2026-07-17 14:49,Shujaat Muzaffar,False,
1703,FBMCL-00103,RAJA AMEER HAMZA SB JPS,MB NO.10647,True,2026-07-17,6012,6012,OPEN,False,2026-07-17 15:10,Shujaat Muzaffar,False,
1704,FBMCL-00175,MUHAMMAD ARSHAD SB GHURAL (SUBEDAR QADAR DAD SB),MB NO.10652,True,2026-07-17,129,129,OPEN,False,2026-07-17 15:15,Shujaat Muzaffar,False,
1705,FBMCL-00103,RAJA AMEER HAMZA SB JPS,MB NO.10658,True,2026-07-17,30400,30400,OPEN,False,2026-07-17 15:24,Shujaat Muzaffar,False,
1706,FBMCL-00124,ARIF BAIG SB KOANKH (ASIM BAIG),MB NO.10672,True,2026-07-18,15800,15800,OPEN,False,2026-07-18 11:39,Shujaat Muzaffar,False,
1707,FBMCL-00209,SHABEEB SB KANIYAN,MB NO.10676,True,2026-07-18,0,0,PAID,False,2026-07-18 11:49,Shujaat Muzaffar,False,
1708,FBMCL-00275,UMER HAYAT SB AJNALA,MB NO.10677,True,2026-07-18,0,0,PAID,False,2026-07-18 11:53,Shujaat Muzaffar,False,
1709,FBMCL-00275,UMER HAYAT SB AJNALA,MB NO.10630,True,2026-07-18,0,0,PAID,False,2026-07-18 11:57,Shujaat Muzaffar,False,
1710,FBMCL-00163,YASIR YAQOOB SB DILAWARPUR,MB NO.10654,True,2026-07-18,1400,1400,OPEN,False,2026-07-18 12:50,Shujaat Muzaffar,False,
1711,FBMCL-00202,HAFIZ ABDUL JABBAR SB RANGPUR,MB NO.10644,True,2026-07-18,0,0,PAID,False,2026-07-18 12:56,Shujaat Muzaffar,False,
1712,FBMCL-00253,KHALID SB HANDA DERHA,MB NO.10678,True,2026-07-18,1049.199999999933,1048.999999999933,OPEN,False,2026-07-18 12:57,Shujaat Muzaffar,False,
1713,FBMCL-00241,RAJA MUDASIR SB JPS,MB NO.10679,True,2026-07-18,0,0,PAID,False,2026-07-18 13:00,Shujaat Muzaffar,False,
1714,FBMCL-00274,HAJI AMANAT SB KHARANA,MB NO.10682,True,2026-07-18,0,0,PAID,False,2026-07-18 13:11,Shujaat Muzaffar,False,
1715,FBMCL-00047,HAJI IQBAL SB JPS,MB NO.10684,True,2026-07-18,1325,1325,OPEN,False,2026-07-18 13:13,Shujaat Muzaffar,False,
1716,FBMCL-00171,FAKHAR SHAH SB AJNALA,MB NO.10685,True,2026-07-18,39500,39500,OPEN,False,2026-07-18 13:15,Shujaat Muzaffar,False,
1717,FBMCL-00145,MASTER ZAHOOR SB JPS,MB NO.10686,True,2026-07-18,15200,15200,OPEN,False,2026-07-18 13:32,Shujaat Muzaffar,False,
1718,FBMCL-00186,SAFDAR ALI SB AJNALA (ASLAM CONT),MB NO.10694,True,2026-07-18,0,0,PAID,False,2026-07-18 13:49,Shujaat Muzaffar,False,
1719,FBMCL-00206,SAFDAR ALI SB AJNALA,MB NO.10177,True,2026-07-05,71885.4,71885.4,OPEN,False,2026-07-05 13:51,Shujaat Muzaffar,False,
1720,FBMCL-00228,SHEHBAZ SB RANGPUR,MB NO.10695,True,2026-07-18,0,0,PAID,False,2026-07-18 14:36,Shujaat Muzaffar,False,
1721,FBMCL-00197,RAOOF SB GHURAL,MB NO.10640,True,2026-07-17,6258.19999999999,6258.19999999999,OPEN,False,2026-07-17 14:37,Shujaat Muzaffar,False,
1722,FBMCL-00197,RAOOF SB GHURAL,MB NO.10697,True,2026-07-18,0,0,PAID,False,2026-07-18 15:00,Shujaat Muzaffar,False,
1723,FBMCL-00215,CH IMRAN SB JPS,MB NO.10700,True,2026-07-17,27242,27242,OPEN,False,2026-07-17 15:02,Shujaat Muzaffar,False,
1724,FBMCL-00178,ZEESHAN ATTARI SB JPS,MB NO.10702,True,2026-07-18,0,0,PAID,False,2026-07-18 16:05,Shujaat Muzaffar,False,
1725,FBMCL-00175,MUHAMMAD ARSHAD SB GHURAL (SUBEDAR QADAR DAD SB),MB NO.10707,True,2026-07-18,0,0,PAID,False,2026-07-18 17:39,Shujaat Muzaffar,False,
1726,FBMCL-00241,RAJA MUDASIR SB JPS,MB NO.10708,True,2026-07-18,770,770,OPEN,False,2026-07-18 17:41,Shujaat Muzaffar,False,
1727,FBMCL-00272,SHAMRAIZ SB HANDA STOP,MB NO.10710,True,2026-07-18,0,0,PAID,False,2026-07-18 11:19,Shujaat Muzaffar,False,
1728,FBMCL-00012,MAJEED BUTT SB JPS,MB NO.10711,True,2026-07-18,0,0,PAID,False,2026-07-18 11:33,Shujaat Muzaffar,False,
1729,FBMCL-00215,CH IMRAN SB JPS,MB NO.10701,True,2026-07-18,38038.5,38038.5,OPEN,False,2026-07-18 11:34,Shujaat Muzaffar,False,
1730,FBMCL-00103,RAJA AMEER HAMZA SB JPS,MB NO.10712,True,2026-07-17,6600,6600,OPEN,False,2026-07-17 13:02,Shujaat Muzaffar,False,
1731,FBMCL-00241,RAJA MUDASIR SB JPS,MB NO.10713,True,2026-07-18,0,0,PAID,False,2026-07-18 13:04,Shujaat Muzaffar,False,
1732,FBMCL-00088,FAISAL SB AJNALA,MB NO.10719,True,2026-07-19,0,0,PAID,False,2026-07-19 13:14,Shujaat Muzaffar,False,
1733,FBMCL-00241,RAJA MUDASIR SB JPS,MB NO.10720,True,2026-07-19,0,0,PAID,False,2026-07-19 13:15,Shujaat Muzaffar,False,
1734,FBMCL-00050,MAJID HUSSAIN SB AJNALA,MB NO.10722,True,2026-07-19,0,0,PAID,False,2026-07-19 13:17,Shujaat Muzaffar,False,
1735,FBMCL-00256,MUHAMMAD ARSHAD SB DHINDA POTAN WALAY,MB NO.10696,True,2026-07-18,31600,31600,OPEN,False,2026-07-18 13:18,Shujaat Muzaffar,False,
1736,FBMCL-00191,MIRZA REHMAN SB JPS,MB NO.10726,True,2026-07-19,7950,7950,OPEN,False,2026-07-19 13:28,Shujaat Muzaffar,False,
1737,FBMCL-00263,QAISER SB JPS,MB NO.10729,True,2026-07-19,3000,3000,OPEN,False,2026-07-19 13:31,Shujaat Muzaffar,False,
1738,FBMCL-00154,MUHAMMAD ABID SB KOANKH,MB NO.10731,True,2026-07-19,1800,1800,OPEN,False,2026-07-19 13:34,Shujaat Muzaffar,False,
1739,FBMCL-00178,ZEESHAN ATTARI SB JPS,MB NO.10732,True,2026-07-19,0,0,PAID,False,2026-07-19 13:38,Shujaat Muzaffar,False,
1740,FBMCL-00263,QAISER SB JPS,MB NO.10729.2,True,2026-07-19,5753.599999999999,5752.999999999999,OPEN,False,2026-07-19 13:45,Shujaat Muzaffar,False,
1741,FBMCL-00051,FAZAL ILAHI SB JALPUWAL,MB NO.10733,True,2026-07-19,0,0,PAID,False,2026-07-19 14:20,Shujaat Muzaffar,False,
1742,FBMCL-00216,SAGHEER BAIG SB KOANKH,MB NO.10738,True,2026-07-19,5631.7,5631.7,OPEN,False,2026-07-19 14:24,Shujaat Muzaffar,False,
1743,FBMCL-00163,YASIR YAQOOB SB DILAWARPUR,MB NO.10741,True,2026-07-19,1400,1400,OPEN,False,2026-07-19 14:31,Shujaat Muzaffar,False,
1744,FBMCL-00270,YASIR JAVED SB  JPS,MB NO.10742,True,2026-07-19,0,0,PAID,False,2026-07-19 14:32,Shujaat Muzaffar,False,
1745,FBMCL-00253,KHALID SB HANDA DERHA,MB NO.10740,True,2026-07-19,21200,21200,OPEN,False,2026-07-19 15:41,Shujaat Muzaffar,False,
1746,FBMCL-00225,SIKANDAR SB JAGUWAN,MB NO.10751,True,2026-07-19,3507.599999999939,3507.599999999939,OPEN,False,2026-07-19 16:09,Shujaat Muzaffar,False,
1747,FBMCL-00271,SAJID SB GHURAL ( BOBY DRIVER ),MB NO.10756,True,2026-07-19,0,0,PAID,False,2026-07-19 16:14,Shujaat Muzaffar,False,
1748,FBMCL-00271,SAJID SB GHURAL ( BOBY DRIVER ),MB NO.10756/2,True,2026-07-19,0,0,PAID,False,2026-07-19 16:25,Shujaat Muzaffar,False,
1749,FBMCL-00228,SHEHBAZ SB RANGPUR,MB NO.10695/2,True,2026-07-19,1000,1000,OPEN,False,2026-07-19 16:33,Shujaat Muzaffar,False,
1750,FBMCL-00162,SHERAZ SB MALIK PUR,MB NO.10757,True,2026-07-19,0,0,PAID,False,2026-07-19 16:35,Shujaat Muzaffar,False,
1751,FBMCL-00241,RAJA MUDASIR SB JPS,MB NO.10759,True,2026-07-19,0,0,PAID,False,2026-07-19 16:44,Shujaat Muzaffar,False,
1752,FBMCL-00241,RAJA MUDASIR SB JPS,MB NO.10759/2,True,2026-07-19,0,0,PAID,False,2026-07-19 18:00,Shujaat Muzaffar,False,
1753,FBMCL-00192,DR AMIN SB JPS,MB NO.10772,True,2026-07-20,0,0,PAID,False,2026-07-20 09:12,Shujaat Muzaffar,False,
1754,FBMCL-00028,MIRZA AMJAD JAVED SB AJNALA SITE,MB NO.10767,True,2026-07-19,40000,40000,OPEN,False,2026-07-19 09:13,Shujaat Muzaffar,False,
1755,FBMCL-00087,ARIF SB JPS(HAJI ASHFAQ S),MB NO.10768,True,2026-07-20,0,0,PAID,False,2026-07-20 09:39,Shujaat Muzaffar,False,
1756,FBMCL-00205,IRFAN SB DEDHAR SHARIF,MB NO.10703,True,2026-07-20,67291.6,67291,OPEN,False,2026-07-20 09:50,Shujaat Muzaffar,False,
1757,FBMCL-00263,QAISER SB JPS,MB NO.10777,True,2026-07-20,3000,3000,OPEN,False,2026-07-20 10:05,Shujaat Muzaffar,False,
1758,FBMCL-00225,SIKANDAR SB JAGUWAN,MB NO.10778,True,2026-07-20,0,0,PAID,False,2026-07-20 10:07,Shujaat Muzaffar,False,
1759,FBMCL-00088,FAISAL SB AJNALA,MB NO.8843,True,2026-06-03,0,0,PAID,False,2026-06-03 10:26,Shujaat Muzaffar,False,
1760,FBMCL-00241,RAJA MUDASIR SB JPS,MB NO.10781,True,2026-07-20,0,0,PAID,False,2026-07-20 10:47,Shujaat Muzaffar,False,
1761,FBMCL-00154,MUHAMMAD ABID SB KOANKH,MB NO.10782,True,2026-07-20,537.6999999999999,536.9999999999999,OPEN,False,2026-07-20 10:51,Shujaat Muzaffar,False,
1762,FBMCL-00274,HAJI AMANAT SB KHARANA,MB NO.10786,True,2026-07-20,0,0,PAID,False,2026-07-20 11:44,Shujaat Muzaffar,False,
1763,FBMCL-00262,GHULAM MURTZA SB KOANKH,MB NO.10789,True,2026-07-20,23550,23550,OPEN,False,2026-07-20 13:01,Shujaat Muzaffar,False,
1764,FBMCL-00178,ZEESHAN ATTARI SB JPS,MB NO.10791,True,2026-07-20,6310.2,6310.2,OPEN,False,2026-07-20 13:05,Shujaat Muzaffar,False,
1765,FBMCL-00277,TANVEER SB DHINDA,MB NO.10794,True,2026-07-20,0,0,PAID,False,2026-07-20 13:38,Shujaat Muzaffar,False,
1766,FBMCL-00191,MIRZA REHMAN SB JPS,MB NO.10797,True,2026-07-20,10570,10570,OPEN,False,2026-07-20 14:12,Shujaat Muzaffar,False,
1767,FBMCL-00191,MIRZA REHMAN SB JPS,MB NO.10798,True,2026-07-20,3475,3475,OPEN,False,2026-07-20 14:21,Shujaat Muzaffar,False,
1768,FBMCL-00276,MASTER JAMSHAID SB AJNALA,MB NO.10799,True,2026-07-20,0,0,PAID,False,2026-07-20 14:38,Shujaat Muzaffar,False,
1769,FBMCL-00263,QAISER SB JPS,MB NO.10777/2,True,2026-07-20,1500,1500,OPEN,False,2026-07-20 14:45,Shujaat Muzaffar,False,
1770,FBMCL-00215,CH IMRAN SB JPS,MB NO.10801,True,2026-07-20,0,0,PAID,False,2026-07-20 14:58,Shujaat Muzaffar,False,
1771,FBMCL-00167,CH MUHAMMAD AKRAM RIHANIA SB JPS,MB NO.10803,True,2026-07-20,0,0,PAID,False,2026-07-20 15:21,Shujaat Muzaffar,False,
1772,FBMCL-00215,CH IMRAN SB JPS,MB NO.10806,True,2026-07-20,0,0,PAID,False,2026-07-20 15:47,Shujaat Muzaffar,False,
1773,FBMCL-00191,MIRZA REHMAN SB JPS,MB NO.10049,True,2026-07-02,141611,141611,OPEN,False,2026-07-02 16:32,Shujaat Muzaffar,False,
1774,FBMCL-00216,SAGHEER BAIG SB KOANKH,MB NO.10812,True,2026-07-20,2460,2460,OPEN,False,2026-07-20 17:34,Shujaat Muzaffar,False,
1775,FBMCL-00124,ARIF BAIG SB KOANKH (ASIM BAIG),MB NO.10813,True,2026-07-20,2180,2180,OPEN,False,2026-07-20 17:39,Shujaat Muzaffar,False,
1776,FBMCL-00026,MASJID PANJTAN PAK JPS(QARI ANSAR SB),MB NO.10814,True,2026-07-20,0,0,PAID,False,2026-07-20 17:44,Shujaat Muzaffar,False,
1777,FBMCL-00066,SUBEDAR MUHAMMAD ARSHAD SB KHANPUR KHOKHAR,MB NO.10816,True,2026-07-20,25245,25245,OPEN,False,2026-07-20 09:14,Shujaat Muzaffar,False,
1778,FBMCL-00066,SUBEDAR MUHAMMAD ARSHAD SB KHANPUR KHOKHAR,MB NO.10816/2,True,2026-07-20,0,0,PAID,False,2026-07-20 09:21,Shujaat Muzaffar,False,
1779,FBMCL-00278,EHSAN SB LOADER PARSUWAL,MB NO.10817,True,2026-07-20,0,0,PAID,False,2026-07-20 09:24,Shujaat Muzaffar,False,
1780,FBMCL-00088,FAISAL SB AJNALA,MB NO.10820,True,2026-07-22,0,0,PAID,False,2026-07-22 09:26,Shujaat Muzaffar,False,
1781,FBMCL-00243,ALI SHAN SB RANGRA,MB NO.10826,True,2026-07-23,0,0,PAID,False,2026-07-23 09:31,Shujaat Muzaffar,False,
1782,FBMCL-00203,WAJID SB AJNALA,MB NO.10827,True,2026-07-23,0,0,PAID,False,2026-07-23 09:35,Shujaat Muzaffar,False,
1783,FBMCL-00013,JAWAD SB AJNALA JPS,MB NO.10819,True,2026-07-21,2750,2750,OPEN,False,2026-07-21 10:21,Shujaat Muzaffar,False,
1784,FBMCL-00013,JAWAD SB AJNALA JPS,MB NO.10819/2,True,2026-07-23,1550,1550,OPEN,False,2026-07-23 10:23,Shujaat Muzaffar,False,
1785,FBMCL-00278,EHSAN SB LOADER PARSUWAL,MB NO.10764,True,2026-07-19,4814.4,4814.4,OPEN,False,2026-07-19 10:29,Shujaat Muzaffar,False,
1786,FBMCL-00202,HAFIZ ABDUL JABBAR SB RANGPUR,MB NO.1234567890,True,2026-07-16,0,0,PAID,False,2026-07-16 10:53,Shujaat Muzaffar,False,
1787,FBMCL-00202,HAFIZ ABDUL JABBAR SB RANGPUR,MB NO.10644/2,True,2026-07-17,3000,3000,OPEN,False,2026-07-17 10:56,Shujaat Muzaffar,False,
1788,FBMCL-00202,HAFIZ ABDUL JABBAR SB RANGPUR,MB NO.8222/21,True,2026-02-06,0,0,PAID,False,2026-02-06 10:58,Shujaat Muzaffar,False,
1789,FBMCL-00209,SHABEEB SB KANIYAN,MB NO.9299,True,2026-06-14,24183.20000000003,24183.20000000003,OPEN,False,2026-06-14 11:02,Shujaat Muzaffar,False,
1790,FBMCL-00209,SHABEEB SB KANIYAN,MB NO.9302/2,True,2026-06-14,1500,1500,OPEN,False,2026-06-14 11:16,Shujaat Muzaffar,False,
1791,FBMCL-00071,HAJI WARIS SB JPS,MB NO.10828,True,2026-07-23,50148,50148,OPEN,False,2026-07-23 11:26,Shujaat Muzaffar,False,
1792,FBMCL-00064,SULEIMAN SB AJNALA,MB NO.9307,True,2026-07-23,7296,7296,OPEN,False,2026-07-23 11:28,Shujaat Muzaffar,False,
1793,FBMCL-00216,SAGHEER BAIG SB KOANKH,MB NO.10831,True,2026-07-23,0,0,PAID,False,2026-07-23 11:44,Shujaat Muzaffar,False,
1794,FBMCL-00154,MUHAMMAD ABID SB KOANKH,MB NO.10832,True,2026-07-23,0,0,PAID,False,2026-07-23 11:48,Shujaat Muzaffar,False,
1795,FBMCL-00029,RAZA ULLAH SB MALAK PUR,MB NO.9312,True,2026-06-14,0,0,PAID,False,2026-06-14 12:03,Shujaat Muzaffar,False,
1796,FBMCL-00129,QARI EJAZ SB HOME KOANKH,MB NO.9316,True,2026-06-14,43700,43700,OPEN,False,2026-06-14 12:06,Shujaat Muzaffar,False,
1797,FBMCL-00224,ATIF BAIG SB KOANKH,MB NO.9319,True,2026-06-15,0,0,PAID,False,2026-06-15 12:12,Shujaat Muzaffar,False,
1798,FBMCL-00038,TAHIR SB AJNALA,MB NO.9373,True,2026-06-16,0,0,PAID,False,2026-06-16 12:14,Shujaat Muzaffar,False,
1799,FBMCL-00224,ATIF BAIG SB KOANKH,MB NO.9374,True,2026-06-16,0,0,PAID,False,2026-06-16 12:20,Shujaat Muzaffar,False,
1800,FBMCL-00224,ATIF BAIG SB KOANKH,MB NO.9363,True,2026-06-16,0,0,PAID,False,2026-06-16 12:21,Shujaat Muzaffar,False,
1801,FBMCL-00208,MIRZA YOUNUS SB JPS,MB NO.9385,True,2026-06-16,19877.2,19877.2,OPEN,False,2026-06-16 12:23,Shujaat Muzaffar,False,
1802,FBMCL-00259,ASIM SB KOANKH,MB NO.9390,True,2026-06-16,52.59999999999981,52.59999999999981,OPEN,False,2026-06-16 12:47,Shujaat Muzaffar,False,
1803,FBMCL-00169,MUHAMMAD SHABEER SB CONT TIBBA AJNALA,MB NO.10823,True,2026-07-23,7800,7800,OPEN,False,2026-07-23 13:36,Shujaat Muzaffar,False,
1804,FBMCL-00063,ABDULLAH SB KOANKH,MB NO.9539/2,True,2026-07-23,1500,1500,OPEN,False,2026-07-23 14:47,Shujaat Muzaffar,False,
1805,FBMCL-00209,SHABEEB SB KANIYAN,MB NO.10837,True,2026-07-23,0,0,PAID,False,2026-07-23 14:49,Shujaat Muzaffar,False,
1806,FBMCL-00200,HDC SYED TASSAWAR SHAH SB MALIKPUR SITE,MB NO.3515,True,2025-11-11,1000,1000,OPEN,False,2025-11-11 16:04,Shujaat Muzaffar,False,
1807,FBMCL-00145,MASTER ZAHOOR SB JPS,MB NO.10800,True,2026-07-20,37250,37250,OPEN,False,2026-07-20 16:18,Shujaat Muzaffar,False,
1808,FBMCL-00200,HDC SYED TASSAWAR SHAH SB MALIKPUR SITE,MB NO.3554,True,2025-11-11,0,0,PAID,False,2025-11-11 16:26,Shujaat Muzaffar,False,
1809,FBMCL-00200,HDC SYED TASSAWAR SHAH SB MALIKPUR SITE,MB NO.3589,True,2025-11-13,0,0,PAID,False,2025-11-13 16:28,Shujaat Muzaffar,False,
1810,FBMCL-00178,ZEESHAN ATTARI SB JPS,MB NO.10841,True,2026-07-23,800,800,OPEN,False,2026-07-23 16:34,Shujaat Muzaffar,False,
1811,FBMCL-00026,MASJID PANJTAN PAK JPS(QARI ANSAR SB),MB NO.10842,True,2026-07-23,0,0,PAID,False,2026-07-23 16:51,Shujaat Muzaffar,False,
1812,FBMCL-00200,HDC SYED TASSAWAR SHAH SB MALIKPUR SITE,MB NO.3645,True,2025-11-15,50000,50000,OPEN,False,2025-11-15 17:06,Shujaat Muzaffar,False,
1813,FBMCL-00200,HDC SYED TASSAWAR SHAH SB MALIKPUR SITE,MB NO.3705,True,2025-11-06,11792,11792,OPEN,False,2025-11-06 17:09,Shujaat Muzaffar,False,
1814,FBMCL-00200,HDC SYED TASSAWAR SHAH SB MALIKPUR SITE,MB NO.4645,True,2025-12-27,0,0,PAID,False,2025-12-27 17:13,Shujaat Muzaffar,False,
1815,FBMCL-00200,HDC SYED TASSAWAR SHAH SB MALIKPUR SITE,MB NO.4678,True,2025-12-28,0,0,PAID,False,2025-12-28 17:18,Shujaat Muzaffar,False,
1816,FBMCL-00200,HDC SYED TASSAWAR SHAH SB MALIKPUR SITE,MB NO.4723,True,2025-12-30,0,0,PAID,False,2025-12-30 17:21,Shujaat Muzaffar,False,
1817,FBMCL-00200,HDC SYED TASSAWAR SHAH SB MALIKPUR SITE,MB NO.4825,True,2026-07-23,0,0,PAID,False,2026-07-23 17:35,Shujaat Muzaffar,False,
1818,FBMCL-00200,HDC SYED TASSAWAR SHAH SB MALIKPUR SITE,MB NO.4844,True,2026-01-05,0,0,PAID,False,2026-01-05 17:37,Shujaat Muzaffar,False,
1819,FBMCL-00200,HDC SYED TASSAWAR SHAH SB MALIKPUR SITE,MB NO.4868,True,2026-01-05,0,0,PAID,False,2026-01-05 17:38,Shujaat Muzaffar,False,
1820,FBMCL-00200,HDC SYED TASSAWAR SHAH SB MALIKPUR SITE,MB NO.4928,True,2025-10-15,0,0,PAID,False,2025-10-15 17:41,Shujaat Muzaffar,False,
1821,FBLCL;00394,COMPANY LOADER,MB NO.10853,True,2026-07-24,0,0,PAID,False,2026-07-24 12:14,Shujaat Muzaffar,False,
1822,FBLCL;00394,COMPANY LOADER,MB NO.10854,True,2026-07-24,2135,2135,OPEN,False,2026-07-24 12:58,Shujaat Muzaffar,False,
1823,FBMCL-00266,HAFIZ ZEESHAN SB GHURAIRA,MB NO.10855,True,2026-07-24,0,0,PAID,False,2026-07-24 14:00,Shujaat Muzaffar,False,
1824,FBMCL-00215,CH IMRAN SB JPS,MB NO.10857,True,2026-07-25,0,0,PAID,False,2026-07-25 09:02,Shujaat Muzaffar,False,
1825,FBMCL-00167,CH MUHAMMAD AKRAM RIHANIA SB JPS,MB NO.10859,True,2026-07-25,0,0,PAID,False,2026-07-25 09:14,Shujaat Muzaffar,False,
1826,FBMCL-00279,FAROOQ SB GHURAIRA,MB NO.10858,True,2026-07-25,22800,22800,OPEN,False,2026-07-25 09:16,Shujaat Muzaffar,False,
1827,FBMCL-00111,RAJA PARWEZ SB RANGPUR,MB NO.10861,True,2026-07-25,12000,12000,OPEN,False,2026-07-25 10:00,Shujaat Muzaffar,False,
1828,FBMCL-00018,NAZAKAT MOBILE SHOP JPS,MB NO.10862/2,True,2026-07-04,280,280,OPEN,False,2026-07-04 10:21,Shujaat Muzaffar,False,
1829,FBMCL-00018,NAZAKAT MOBILE SHOP JPS,MB NO.10834,True,2026-07-23,285,285,OPEN,False,2026-07-23 10:24,Shujaat Muzaffar,False,
1830,FBMCL-00247,YOUNIS GHAFFARI SB JPS,MB NO.9196,True,2026-06-11,1400,1400,OPEN,False,2026-06-11 10:36,Shujaat Muzaffar,False,
1831,FBMCL-00247,YOUNIS GHAFFARI SB JPS,MB NO.9232,True,2026-06-13,3580,3580,OPEN,False,2026-06-13 10:37,Shujaat Muzaffar,False,
1832,FBMCL-00247,YOUNIS GHAFFARI SB JPS,MB NO.9232/2,True,2026-06-14,2180,2180,OPEN,False,2026-06-14 10:43,Shujaat Muzaffar,False,
1833,FBMCL-00031,SALEEM CONT JPS,MB NO.9318,True,2026-06-14,8650,8650,OPEN,False,2026-06-14 11:34,Shujaat Muzaffar,False,
1834,FBMCL-00031,SALEEM CONT JPS,MB NO.9348,True,2026-06-15,700,700,OPEN,False,2026-06-15 11:49,Shujaat Muzaffar,False,
1835,FBMCL-00031,SALEEM CONT JPS,MB NO.9653,True,2026-06-22,1625,1625,OPEN,False,2026-06-22 11:55,Shujaat Muzaffar,False,
1836,FBMCL-00031,SALEEM CONT JPS,MB NO.9766,True,2026-06-25,1375,1375,OPEN,False,2026-06-25 11:58,Shujaat Muzaffar,False,
1837,FBMCL-00162,SHERAZ SB MALIK PUR,MB NO.10856,True,2026-07-25,0,0,PAID,False,2026-07-25 12:24,Shujaat Muzaffar,False,
1838,FBMCL-00182,IBRAR ASHRAF SB MALIKPUR,MB NO.7744/2,True,2026-04-26,0,0,PAID,False,2026-04-26 13:21,Shujaat Muzaffar,False,
1839,FBMCL-00033,AHMED SUBHANI SB AJNALA,MB NO.6457,True,2026-02-03,0,0,PAID,False,2026-02-03 13:24,Shujaat Muzaffar,False,
1840,FBMCL-00013,JAWAD SB AJNALA JPS,MB NO.10867,True,2026-07-25,1550,1550,OPEN,False,2026-07-25 17:23,Shujaat Muzaffar,False,
1841,FBMCL-00275,UMER HAYAT SB AJNALA,MB NO.10869,True,2026-07-26,0,0,PAID,False,2026-07-26 09:05,Shujaat Muzaffar,False,
1842,FBMCL-00216,SAGHEER BAIG SB KOANKH,MB NO.10870,True,2026-07-26,0,0,PAID,False,2026-07-26 09:06,Shujaat Muzaffar,False,
1843,FBMCL-00154,MUHAMMAD ABID SB KOANKH,MB NO.10871,True,2026-07-26,0,0,PAID,False,2026-07-26 09:06,Shujaat Muzaffar,False,
1844,FBMCL-00088,FAISAL SB AJNALA,MB NO.10872,True,2026-07-26,0,0,PAID,False,2026-07-26 09:08,Shujaat Muzaffar,False,
1845,FBMCL-00147,MUHAMMAD RAZAQ SB JPS,MB NO.10874,True,2026-07-26,31000,31000,OPEN,False,2026-07-26 09:14,Shujaat Muzaffar,False,
1846,FBMCL-00138,FAROOQ KALAS SB PARSUWAL,MB NO.10878,True,2026-07-26,0,0,PAID,False,2026-07-26 10:34,Shujaat Muzaffar,False,
1847,FBMCL-00124,ARIF BAIG SB KOANKH (ASIM BAIG),MB NO.10881,True,2026-07-26,560,560,OPEN,False,2026-07-26 11:11,Shujaat Muzaffar,False,
1848,FBMCL-00047,HAJI IQBAL SB JPS,MB NO.10749,True,2026-07-19,2150,2150,OPEN,False,2026-07-19 12:09,Shujaat Muzaffar,False,
1849,FBMCL-00047,HAJI IQBAL SB JPS,MB NO.10880,True,2026-07-26,37835.2,37833,OPEN,False,2026-07-26 12:19,Shujaat Muzaffar,False,
1850,FBMCL-00047,HAJI IQBAL SB JPS,MB NO.10886,True,2026-07-26,8600,8600,OPEN,False,2026-07-26 12:41,Shujaat Muzaffar,False,
1851,FBMCL-00047,HAJI IQBAL SB JPS,MB NO.10887,True,2026-07-26,0,0,PAID,False,2026-07-26 12:44,Shujaat Muzaffar,False,
1852,FBMCL-00200,HDC SYED TASSAWAR SHAH SB MALIKPUR SITE,MB NO.5128,True,2026-07-26,4800,4800,OPEN,False,2026-07-26 12:56,Shujaat Muzaffar,False,
1853,FBMCL-00200,HDC SYED TASSAWAR SHAH SB MALIKPUR SITE,MB NO.5299,True,2026-01-21,0,0,PAID,False,2026-01-21 13:34,Shujaat Muzaffar,False,
1854,FBMCL-00200,HDC SYED TASSAWAR SHAH SB MALIKPUR SITE,MB NO.5437,True,2026-01-26,0,0,PAID,False,2026-01-26 13:35,Shujaat Muzaffar,False,
1855,FBMCL-00200,HDC SYED TASSAWAR SHAH SB MALIKPUR SITE,MB NO.5510,True,2026-01-28,2158,2158,OPEN,False,2026-01-28 13:40,Shujaat Muzaffar,False,
1856,FBMCL-00200,HDC SYED TASSAWAR SHAH SB MALIKPUR SITE,MB NO.5594,True,2026-01-31,0,0,PAID,False,2026-01-31 13:45,Shujaat Muzaffar,False,
1857,FBMCL-00200,HDC SYED TASSAWAR SHAH SB MALIKPUR SITE,MB NO.5710,True,2026-02-04,0,0,PAID,False,2026-02-04 13:47,Shujaat Muzaffar,False,
1858,FBMCL-00212,MIRZA NAZAR BAIG SB KOANKH,MB NO.10890,True,2026-07-26,0,0,PAID,False,2026-07-26 13:57,Shujaat Muzaffar,False,
1859,FBMCL-00241,RAJA MUDASIR SB JPS,MB NO.10894,True,2026-07-26,0,0,PAID,False,2026-07-26 15:21,Shujaat Muzaffar,False,
1860,FBMCL-00150,MUHAMMAD AKRAM SB SANTAL SURKHIYAN,MB NO.10888,True,2026-07-26,32818.1,32817,OPEN,False,2026-07-26 15:37,Shujaat Muzaffar,False,
1861,FBMCL-00200,HDC SYED TASSAWAR SHAH SB MALIKPUR SITE,MB NO.5875,True,2026-02-10,0,0,PAID,False,2026-02-10 15:42,Shujaat Muzaffar,False,
1862,FBMCL-00200,HDC SYED TASSAWAR SHAH SB MALIKPUR SITE,MB NO.6115,True,2026-02-17,10000,10000,OPEN,False,2026-02-17 16:03,Shujaat Muzaffar,False,
1863,FBMCL-00200,HDC SYED TASSAWAR SHAH SB MALIKPUR SITE,MB NO.6139,True,2026-02-18,55339.5,55339,OPEN,False,2026-02-18 16:06,Shujaat Muzaffar,False,
1864,FBMCL-00200,HDC SYED TASSAWAR SHAH SB MALIKPUR SITE,MB NO.6184,True,2026-02-19,0,0,PAID,False,2026-02-19 16:23,Shujaat Muzaffar,False,
1865,FBMCL-00200,HDC SYED TASSAWAR SHAH SB MALIKPUR SITE,MB NO.6240,True,2026-02-22,10000,10000,OPEN,False,2026-02-22 16:26,Shujaat Muzaffar,False,
1866,FBMCL-00200,HDC SYED TASSAWAR SHAH SB MALIKPUR SITE,MB NO.6255,True,2026-02-22,0,0,PAID,False,2026-02-22 16:31,Shujaat Muzaffar,False,
1867,FBMCL-00200,HDC SYED TASSAWAR SHAH SB MALIKPUR SITE,MB NO.6270,True,2026-02-23,10000,10000,OPEN,False,2026-02-23 16:35,Shujaat Muzaffar,False,
1868,FBMCL-00200,HDC SYED TASSAWAR SHAH SB MALIKPUR SITE,MB NO.6329,True,2026-07-26,20000,20000,OPEN,False,2026-07-26 16:41,Shujaat Muzaffar,False,
1869,FBMCL-00200,HDC SYED TASSAWAR SHAH SB MALIKPUR SITE,MB NO.6356,True,2026-02-26,20000,20000,OPEN,False,2026-02-26 16:41,Shujaat Muzaffar,False,
1870,FBMCL-00200,HDC SYED TASSAWAR SHAH SB MALIKPUR SITE,MB NO.6821,True,2026-03-14,3344.499999998003,3344.499999998003,OPEN,False,2026-03-14 16:45,Shujaat Muzaffar,False,
1871,FBMCL-00200,HDC SYED TASSAWAR SHAH SB MALIKPUR SITE,MB NO.6896,True,2026-03-13,0,0,PAID,False,2026-03-13 16:52,Shujaat Muzaffar,False,
1872,FBMCL-00212,MIRZA NAZAR BAIG SB KOANKH,MB NO.10898,True,2026-07-26,0,0,PAID,False,2026-07-26 17:08,Shujaat Muzaffar,False,
1873,FBMCL-00200,HDC SYED TASSAWAR SHAH SB MALIKPUR SITE,MB NO.6952/2,True,2026-07-26,0,0,PAID,False,2026-07-26 17:13,Shujaat Muzaffar,False,
1874,FBMCL-00200,HDC SYED TASSAWAR SHAH SB MALIKPUR SITE,MB NO.7134,True,2026-04-01,1014,1014,OPEN,False,2026-04-01 17:13,Shujaat Muzaffar,False,
1875,FBMCL-00212,MIRZA NAZAR BAIG SB KOANKH,MB NO.10900,True,2026-07-26,0,0,PAID,False,2026-07-26 17:16,Shujaat Muzaffar,False,
1876,FBMCL-00200,HDC SYED TASSAWAR SHAH SB MALIKPUR SITE,MB NO.7302,True,2026-04-08,0,0,PAID,False,2026-04-08 17:18,Shujaat Muzaffar,False,
1877,FBMCL-00200,HDC SYED TASSAWAR SHAH SB MALIKPUR SITE,MB NO.7329,True,2026-04-09,0,0,PAID,False,2026-04-09 17:21,Shujaat Muzaffar,False,
1878,FBMCL-00200,HDC SYED TASSAWAR SHAH SB MALIKPUR SITE,MB NO.7343,True,2026-04-09,0,0,PAID,False,2026-04-09 17:24,Shujaat Muzaffar,False,
1879,FBMCL-00200,HDC SYED TASSAWAR SHAH SB MALIKPUR SITE,MB NO.7410,True,2026-04-12,416,416,OPEN,False,2026-04-12 17:31,Shujaat Muzaffar,False,
1880,FBMCL-00013,JAWAD SB AJNALA JPS,MB NO.10891,True,2026-07-26,1550,1550,OPEN,False,2026-07-26 09:52,Shujaat Muzaffar,False,
1881,FBMCL-00272,SHAMRAIZ SB HANDA STOP,MB NO.10897,True,2026-07-27,0,0,PAID,False,2026-07-27 10:37,Shujaat Muzaffar,False,
1882,FBMCL-00047,HAJI IQBAL SB JPS,MB NO.10901,True,2026-07-26,0,0,PAID,False,2026-07-26 10:43,Shujaat Muzaffar,False,
1883,FBMCL-00281,MEHAR SHAFIQ HARDWARE STORE JPS,MB NO.10902,True,2026-07-26,9700,9700,OPEN,False,2026-07-26 11:10,Shujaat Muzaffar,False,
1884,FBMCL-00177,MUHAMMAD ARIF BAIG SB KOANKH (KAMRAN NUMBERDAR),MB NO.10903,True,2026-07-26,0,0,PAID,False,2026-07-26 11:13,Shujaat Muzaffar,False,
1885,FBMCL-00047,HAJI IQBAL SB JPS,MB NO.10906,True,2026-07-27,0,0,PAID,False,2026-07-27 13:37,Shujaat Muzaffar,False,
1886,FBMCL-00013,JAWAD SB AJNALA JPS,MB NO.10919,True,2026-07-27,3100,3100,OPEN,False,2026-07-27 13:50,Shujaat Muzaffar,False,
1887,FBMCL-00047,HAJI IQBAL SB JPS,MB NO.10924,True,2026-07-27,0,0,PAID,False,2026-07-27 14:23,Shujaat Muzaffar,False,
1888,FBMCL-00212,MIRZA NAZAR BAIG SB KOANKH,MB NO.10928,True,2026-07-27,3500,3500,OPEN,False,2026-07-27 14:31,Shujaat Muzaffar,False,
1889,FBMCL-00067,MUHAMMAD BASHEER SB CONT KOANKH,MB NO.7971/2,True,2026-04-05,0,0,PAID,False,2026-04-05 15:13,Shujaat Muzaffar,False,
1890,FBMCL-00212,MIRZA NAZAR BAIG SB KOANKH,MB NO.10935,True,2026-07-27,34900,34900,OPEN,False,2026-07-27 15:19,Shujaat Muzaffar,False,
1891,FBMCL-00241,RAJA MUDASIR SB JPS,MB NO.10936,True,2026-07-27,0,0,PAID,False,2026-07-27 15:24,Shujaat Muzaffar,False,
1892,FBMCL-00066,SUBEDAR MUHAMMAD ARSHAD SB KHANPUR KHOKHAR,MB NO.10937,True,2026-07-27,0,0,PAID,False,2026-07-27 15:27,Shujaat Muzaffar,False,
1893,FBMCL-00009,MAZHAR SB RUPOWAL DERA,MB NO.10938,True,2026-07-27,39250,39250,OPEN,False,2026-07-27 15:30,Shujaat Muzaffar,False,
1894,FBMCL-00051,FAZAL ILAHI SB JALPUWAL,MB NO.10939,True,2026-07-27,15700,15700,OPEN,False,2026-07-27 15:35,Shujaat Muzaffar,False,
1895,FBMCL-00175,MUHAMMAD ARSHAD SB GHURAL (SUBEDAR QADAR DAD SB),MB NO.10941,True,2026-07-27,99237.59999999996,99236.99999999996,OPEN,False,2026-07-27 15:40,Shujaat Muzaffar,False,
1896,FBMCL-00047,HAJI IQBAL SB JPS,MB NO.10942,True,2026-07-27,0,0,PAID,False,2026-07-27 15:41,Shujaat Muzaffar,False,
1897,FBMCL-00244,SHAMRAIZ SB JAGUWAN,MB NO.10945,True,2026-07-27,0,0,PAID,False,2026-07-27 16:21,Shujaat Muzaffar,False,
1898,FBMCL-00067,MUHAMMAD BASHEER SB CONT KOANKH,MB NO.10947,True,2026-07-27,0,0,PAID,False,2026-07-27 16:40,Shujaat Muzaffar,False,
1899,FBMCL-00066,SUBEDAR MUHAMMAD ARSHAD SB KHANPUR KHOKHAR,MB NO.10937/2,True,2026-07-27,4000,4000,OPEN,False,2026-07-27 16:44,Shujaat Muzaffar,False,
1900,FBMCL-00150,MUHAMMAD AKRAM SB SANTAL SURKHIYAN,MB NO.10888/2,True,2026-07-26,8000,8000,OPEN,False,2026-07-26 16:46,Shujaat Muzaffar,False,
1901,FBMCL-00100,HAJI YOUSUF BUTT JPS,MB NO.10952,True,2026-07-28,0,0,PAID,False,2026-07-28 08:53,Shujaat Muzaffar,False,
1902,FBMCL-00274,HAJI AMANAT SB KHARANA,MB NO.10953,True,2026-07-28,0,0,PAID,False,2026-07-28 08:59,Shujaat Muzaffar,False,
1903,FBMCL-00047,HAJI IQBAL SB JPS,MB NO.10957/2,True,2026-07-27,0,0,PAID,False,2026-07-27 16:30,Shujaat Muzaffar,False,
1904,FBMCL-00013,JAWAD SB AJNALA JPS,MB NO.10960,True,2026-07-28,6200,6200,OPEN,False,2026-07-28 16:36,Shujaat Muzaffar,False,
1905,FBMCL-00175,MUHAMMAD ARSHAD SB GHURAL (SUBEDAR QADAR DAD SB),MB NO.10965,True,2026-07-28,0,0,PAID,False,2026-07-28 16:52,Shujaat Muzaffar,False,
1906,FBMCL-00260,HDC MEHAR MEHDI SB JPS,MB NO.10966,True,2026-07-28,456,456,OPEN,False,2026-07-28 16:53,Shujaat Muzaffar,False,
1907,FBMCL-00228,SHEHBAZ SB RANGPUR,MB NO.10970,True,2026-07-28,0,0,PAID,False,2026-07-28 16:56,Shujaat Muzaffar,False,
1908,FBMCL-00209,SHABEEB SB KANIYAN,MB NO.10974,True,2026-07-28,0,0,PAID,False,2026-07-28 17:00,Shujaat Muzaffar,False,
1909,FBMCL-00205,IRFAN SB DEDHAR SHARIF,MB NO.10979,True,2026-07-28,0,0,PAID,False,2026-07-28 17:07,Shujaat Muzaffar,False,
1910,FBMCL-00100,HAJI YOUSUF BUTT JPS,MB NO.10979/2,True,2026-07-28,0,0,PAID,False,2026-07-28 17:16,Shujaat Muzaffar,False,
1911,FBMCL-00175,MUHAMMAD ARSHAD SB GHURAL (SUBEDAR QADAR DAD SB),MB NO.10980,True,2026-07-28,0,0,PAID,False,2026-07-28 17:17,Shujaat Muzaffar,False,
1912,FBMCL-00216,SAGHEER BAIG SB KOANKH,MB NO.10982,True,2026-07-28,0,0,PAID,False,2026-07-28 09:11,Shujaat Muzaffar,False,
1913,FBMCL-00047,HAJI IQBAL SB JPS,MB NO.10983,True,2026-07-28,0,0,PAID,False,2026-07-28 09:14,Shujaat Muzaffar,False,
1914,FBMCL-00026,MASJID PANJTAN PAK JPS(QARI ANSAR SB),MB NO.10984,True,2026-07-29,0,0,PAID,False,2026-07-29 09:19,Shujaat Muzaffar,False,
1915,FBMCL-00260,HDC MEHAR MEHDI SB JPS,MB NO.10966/2,True,2026-07-29,3828,3828,OPEN,False,2026-07-29 10:44,Shujaat Muzaffar,False,
1916,FBMCL-00200,HDC SYED TASSAWAR SHAH SB MALIKPUR SITE,MB NO.7842,True,2026-04-30,0,0,PAID,False,2026-04-30 10:46,Shujaat Muzaffar,False,
1917,FBMCL-00216,SAGHEER BAIG SB KOANKH,MB NO.10990,True,2026-07-29,0,0,PAID,False,2026-07-29 11:10,Shujaat Muzaffar,False,
1918,FBMCL-00200,HDC SYED TASSAWAR SHAH SB MALIKPUR SITE,MB NO.8273,True,2026-05-14,0,0,PAID,False,2026-05-14 11:20,Shujaat Muzaffar,False,
1919,FBMCL-00200,HDC SYED TASSAWAR SHAH SB MALIKPUR SITE,MB NO.8260,True,2026-07-29,12894,12894,OPEN,False,2026-07-29 11:45,Shujaat Muzaffar,False,
1920,FBMCL-00200,HDC SYED TASSAWAR SHAH SB MALIKPUR SITE,MB NO.8295,True,2026-05-15,11970,11970,OPEN,False,2026-05-15 11:46,Shujaat Muzaffar,False,
1921,FBMCL-00200,HDC SYED TASSAWAR SHAH SB MALIKPUR SITE,MB NO.8329/2,True,2026-07-29,0,0,PAID,False,2026-07-29 12:11,Shujaat Muzaffar,False,
1922,FBMCL-00200,HDC SYED TASSAWAR SHAH SB MALIKPUR SITE,MB NO.9287,True,2026-06-14,0,0,PAID,False,2026-06-14 12:17,Shujaat Muzaffar,False,BILAL SB LY KR GY
1923,FBMCL-00200,HDC SYED TASSAWAR SHAH SB MALIKPUR SITE,MB NO.9414,True,2026-06-17,0,0,PAID,False,2026-06-17 12:24,Shujaat Muzaffar,False,
1924,FBMCL-00200,HDC SYED TASSAWAR SHAH SB MALIKPUR SITE,MB NO.9721,True,2026-07-29,0,0,PAID,False,2026-07-29 12:27,Shujaat Muzaffar,False,
1925,FBMCL-00200,HDC SYED TASSAWAR SHAH SB MALIKPUR SITE,MB NO.9884,True,2026-06-29,2000,2000,OPEN,False,2026-06-29 12:28,Shujaat Muzaffar,False,
1926,FBMCL-00200,HDC SYED TASSAWAR SHAH SB MALIKPUR SITE,MB NO.9918,True,2026-06-30,0,0,PAID,False,2026-06-30 12:33,Shujaat Muzaffar,False,
1927,FBMCL-00200,HDC SYED TASSAWAR SHAH SB MALIKPUR SITE,MB NO.9998,True,2026-07-01,2197.6,2197.6,OPEN,False,2026-07-01 12:42,Shujaat Muzaffar,False,
1928,FBMCL-00200,HDC SYED TASSAWAR SHAH SB MALIKPUR SITE,MB NO.10011,True,2026-07-01,0,0,PAID,False,2026-07-01 12:47,Shujaat Muzaffar,False,
1929,FBMCL-00200,HDC SYED TASSAWAR SHAH SB MALIKPUR SITE,MB NO.10088,True,2026-07-04,0,0,PAID,False,2026-07-04 12:49,Shujaat Muzaffar,False,
1930,FBMCL-00200,HDC SYED TASSAWAR SHAH SB MALIKPUR SITE,MB NO.10123,True,2026-07-04,0,0,PAID,False,2026-07-04 13:06,Shujaat Muzaffar,False,
1931,FBMCL-00200,HDC SYED TASSAWAR SHAH SB MALIKPUR SITE,MB NO.10163,True,2026-07-05,0,0,PAID,False,2026-07-05 13:08,Shujaat Muzaffar,False,
1932,FBMCL-00200,HDC SYED TASSAWAR SHAH SB MALIKPUR SITE,MB NO.10272,True,2026-07-29,0,0,PAID,False,2026-07-29 13:12,Shujaat Muzaffar,False,
1933,FBMCL-00200,HDC SYED TASSAWAR SHAH SB MALIKPUR SITE,MB NO.10779,True,2026-07-29,0,0,PAID,False,2026-07-29 13:15,Shujaat Muzaffar,False,
1934,FBMCL-00205,IRFAN SB DEDHAR SHARIF,MB NO.10994,True,2026-07-29,45664,45664,OPEN,False,2026-07-29 13:36,Shujaat Muzaffar,False,
1935,FBMCL-00200,HDC SYED TASSAWAR SHAH SB MALIKPUR SITE,MB NO.10946,True,2026-07-29,24580.4,24580.4,OPEN,False,2026-07-29 13:54,Shujaat Muzaffar,False,
1936,FBMCL-00147,MUHAMMAD RAZAQ SB JPS,MB NO.10993,True,2026-07-29,4560,4560,OPEN,False,2026-07-29 15:01,Shujaat Muzaffar,False,
1937,FBMCL-00098,NABEEL ILLAHI KOANKH,MB NO.8332,True,2026-05-16,61490,61490,OPEN,False,2026-05-16 15:17,Shujaat Muzaffar,False,
1938,FBMCL-00098,NABEEL ILLAHI KOANKH,MB NO.8346,True,2026-05-16,5720,5720,OPEN,False,2026-05-16 15:19,Shujaat Muzaffar,False,
1939,FBMCL-00098,NABEEL ILLAHI KOANKH,MB NO.8390,True,2026-05-18,8580,8580,OPEN,False,2026-05-18 15:23,Shujaat Muzaffar,False,
1940,FBMCL-00260,HDC MEHAR MEHDI SB JPS,MB NO.11001,True,2026-07-29,0,0,PAID,False,2026-07-29 17:24,Shujaat Muzaffar,False,
1941,FBMCL-00100,HAJI YOUSUF BUTT JPS,MB NO.11004,True,2026-07-30,0,0,PAID,False,2026-07-30 10:32,Shujaat Muzaffar,False,
1942,FBMCL-00080,ADNAN SB DOIYAN,MB NO.11017,True,2026-07-30,38750,38750,OPEN,False,2026-07-30 11:24,Shujaat Muzaffar,False,
1943,FBMCL-00216,SAGHEER BAIG SB KOANKH,MB NO.11007,True,2026-07-30,106379.9,106379,OPEN,False,2026-07-30 11:47,Shujaat Muzaffar,False,
1944,FBMCL-00271,SAJID SB GHURAL ( BOBY DRIVER ),MB NO.11008,True,2026-07-30,0,0,PAID,False,2026-07-30 11:50,Shujaat Muzaffar,False,
1945,FBMCL-00163,YASIR YAQOOB SB DILAWARPUR,MB NO.11009,True,2026-07-30,0,0,PAID,False,2026-07-30 13:09,Shujaat Muzaffar,False,
1946,FBMCL-00272,SHAMRAIZ SB HANDA STOP,MB NO.11015,True,2026-07-30,11137.5,11137,OPEN,False,2026-07-30 13:30,Shujaat Muzaffar,False,
1947,FBMCL-00215,CH IMRAN SB JPS,MB NO.11016,True,2026-07-30,0,0,PAID,False,2026-07-30 13:33,Shujaat Muzaffar,False,
1948,FBMCL-00242,KHALIL AHMED SB DHINDA KALAAN,MB NO.11018,True,2026-07-30,0,0,PAID,False,2026-07-30 13:35,Shujaat Muzaffar,False,
1949,FBMCL-00275,UMER HAYAT SB AJNALA,MB NO.11022,True,2026-07-30,0,0,PAID,False,2026-07-30 13:43,Shujaat Muzaffar,False,
1950,FBMCL-00274,HAJI AMANAT SB KHARANA,MB NO.11023,True,2026-07-30,0,0,PAID,False,2026-07-30 13:44,Shujaat Muzaffar,False,
1951,FBMCL-00285,MUHAMMAD YOUSUF SB GHURAIRA,MB NO.11024,True,2026-07-30,0,0,PAID,False,2026-07-30 13:50,Shujaat Muzaffar,False,
1952,FBMCL-00163,YASIR YAQOOB SB DILAWARPUR,MB NO.11009/2,True,2026-07-30,4500,4500,OPEN,False,2026-07-30 14:14,Shujaat Muzaffar,False,
1953,FBMCL-00216,SAGHEER BAIG SB KOANKH,MB NO.11007/2,True,2026-07-30,0,0,PAID,False,2026-07-30 14:24,Shujaat Muzaffar,False,
1954,FBMCL-00262,GHULAM MURTZA SB KOANKH,MB NO.11027,True,2026-07-30,14388.6,14388.6,OPEN,False,2026-07-30 14:57,Shujaat Muzaffar,False,
1955,FBMCL-00192,DR AMIN SB JPS,MB NO.11026,True,2026-07-30,7350,7350,OPEN,False,2026-07-30 15:31,Shujaat Muzaffar,False,
1956,FBMCL-00145,MASTER ZAHOOR SB JPS,MB NO.11029,True,2026-07-30,0,0,PAID,False,2026-07-30 15:41,Shujaat Muzaffar,False,
1957,FBMCL-00274,HAJI AMANAT SB KHARANA,MB NO.11031,True,2026-07-30,0,0,PAID,False,2026-07-30 15:47,Shujaat Muzaffar,False,
1958,FBMCL-00186,SAFDAR ALI SB AJNALA (ASLAM CONT),MB NO.11036,True,2026-07-30,2552.5,2552.5,OPEN,False,2026-07-30 12:57,Shujaat Muzaffar,False,
1959,FBMCL-00274,HAJI AMANAT SB KHARANA,MB NO.11039,True,2026-07-31,0,0,PAID,False,2026-07-31 13:36,Shujaat Muzaffar,False,
1960,FBMCL-00202,HAFIZ ABDUL JABBAR SB RANGPUR,MB NO.11042,True,2026-07-31,10430.4,10430.4,OPEN,False,2026-07-31 14:21,Shujaat Muzaffar,False,
1961,FBMCL-00100,HAJI YOUSUF BUTT JPS,MB NO.11043,True,2026-07-31,0,0,PAID,False,2026-07-31 14:29,Shujaat Muzaffar,False,
1962,FBMCL-00100,HAJI YOUSUF BUTT JPS,MB NO.11044,True,2026-08-01,0,0,PAID,False,2026-08-01 14:31,Shujaat Muzaffar,False,
1963,FBMCL-00147,MUHAMMAD RAZAQ SB JPS,MB NO.11046,True,2026-08-01,18240,18240,OPEN,False,2026-08-01 14:33,Shujaat Muzaffar,False,
1964,FBMCL-00274,HAJI AMANAT SB KHARANA,MB NO.110047,True,2026-08-01,0,0,PAID,False,2026-08-01 14:39,Shujaat Muzaffar,False,
1965,FBMCL-00026,MASJID PANJTAN PAK JPS(QARI ANSAR SB),MB NO.11049,True,2026-08-01,0,0,PAID,False,2026-08-01 14:45,Shujaat Muzaffar,False,
1966,FBMCL-00228,SHEHBAZ SB RANGPUR,MB NO.11052,True,2026-08-01,0,0,PAID,False,2026-08-01 15:01,Shujaat Muzaffar,False,
1967,FBMCL-00150,MUHAMMAD AKRAM SB SANTAL SURKHIYAN,MB NO.11054,True,2026-08-01,0,0,PAID,False,2026-08-01 15:08,Shujaat Muzaffar,False,
1968,FBMCL-00108,TARIQ BUTT SB JPS,MB NO.11056,True,2026-08-01,12320,12320,OPEN,False,2026-08-01 15:11,Shujaat Muzaffar,False,
1969,FBMCL-00191,MIRZA REHMAN SB JPS,MB NO.11057,True,2026-08-01,31000,31000,OPEN,False,2026-08-01 15:14,Shujaat Muzaffar,False,
1970,FBMCL-00008,TALHA SB JPS,MB NO.11059,True,2026-08-01,22723.79999999997,22723.79999999997,OPEN,False,2026-08-01 15:17,Shujaat Muzaffar,False,
1971,FBMCL-00261,MUSHTAQ SB JPS,MB NO.11061,True,2026-08-01,0,0,PAID,False,2026-08-01 15:21,Shujaat Muzaffar,False,
1972,FBMCL-00167,CH MUHAMMAD AKRAM RIHANIA SB JPS,MB NO.11062,True,2026-08-01,0,0,PAID,False,2026-08-01 15:23,Shujaat Muzaffar,False,
1973,FBMCL-00100,HAJI YOUSUF BUTT JPS,MB NO.11063,True,2026-08-01,7256.4,7256,OPEN,False,2026-08-01 15:24,Shujaat Muzaffar,False,
1974,FBMCL-00216,SAGHEER BAIG SB KOANKH,MB NO.11075,True,2026-08-01,0,0,PAID,False,2026-08-01 15:45,Shujaat Muzaffar,False,
1975,FBMCL-00287,ASIF SB LOADER JPS,MB NO.11082,True,2026-08-01,0,0,PAID,False,2026-08-01 15:56,Shujaat Muzaffar,False,
1976,FBMCL-00260,HDC MEHAR MEHDI SB JPS,MB NO.11025,True,2026-07-30,0,0,PAID,False,2026-07-30 16:59,Shujaat Muzaffar,False,
1977,FBMCL-00260,HDC MEHAR MEHDI SB JPS,MB NO.11084,True,2026-08-01,0,0,PAID,False,2026-08-01 17:02,Shujaat Muzaffar,False,
1978,FBMCL-00262,GHULAM MURTZA SB KOANKH,MB NO.11091,True,2026-08-01,0,0,PAID,False,2026-08-01 15:05,Shujaat Muzaffar,False,
1979,FBMCL-00286,MUJEEB KHAN SB KOANKH,MB NO.11092,True,2026-08-01,0,0,PAID,False,2026-08-01 15:15,Shujaat Muzaffar,False,
1980,FBMCL-00278,EHSAN SB LOADER PARSUWAL,MB NO.11093,True,2026-08-01,0,0,PAID,False,2026-08-01 15:17,Shujaat Muzaffar,False,
1981,FBMCL-00261,MUSHTAQ SB JPS,MB NO.11097,True,2026-08-01,23836,136,PARTIAL,False,2026-08-01 15:18,Shujaat Muzaffar,False,
1982,FBMCL-00088,FAISAL SB AJNALA,MB NO.11100,True,2026-08-02,0,0,PAID,False,2026-08-02 15:37,Shujaat Muzaffar,False,
1983,FBMCL-00277,TANVEER SB DHINDA,MB NO.11102,True,2026-08-02,0,0,PAID,False,2026-08-02 16:35,Shujaat Muzaffar,False,
1984,FBMCL-00177,MUHAMMAD ARIF BAIG SB KOANKH (KAMRAN NUMBERDAR),MB NO.11103,True,2026-08-02,0,0,PAID,False,2026-08-02 16:38,Shujaat Muzaffar,False,
1985,FBMCL-00100,HAJI YOUSUF BUTT JPS,MB NO.11107,True,2026-08-02,2750,2750,OPEN,False,2026-08-02 16:40,Shujaat Muzaffar,False,
1986,FBMCL-00178,ZEESHAN ATTARI SB JPS,MB NO.11113,True,2026-08-02,121257,121257,OPEN,False,2026-08-02 16:50,Shujaat Muzaffar,False,
1987,FBMCL-00273,KHAYAM SB MALIKPUR,MB NO.11116,True,2026-08-02,0,0,PAID,False,2026-08-02 16:52,Shujaat Muzaffar,False,
1988,FBMCL-00208,MIRZA YOUNUS SB JPS,MB NO.11117,True,2026-08-02,12370,12370,OPEN,False,2026-08-02 16:55,Shujaat Muzaffar,False,
1989,FBMCL-00008,TALHA SB JPS,MB NO.11125,True,2026-08-02,0,0,PAID,False,2026-08-02 17:44,Shujaat Muzaffar,False,
1990,FBMCL-00216,SAGHEER BAIG SB KOANKH,MB NO.11126,True,2026-08-03,600,600,OPEN,False,2026-08-03 10:24,Rehman Ahmed,False,
1991,FBMCL-00266,HAFIZ ZEESHAN SB GHURAIRA,MB NO.11127,True,2026-08-02,0,0,PAID,False,2026-08-02 09:00,Shujaat Muzaffar,False,
1992,FBMCL-00064,SULEIMAN SB AJNALA,MB NO.11129,True,2026-08-02,13413.6,13413.6,OPEN,False,2026-08-02 10:26,Shujaat Muzaffar,False,
1993,FBMCL-00203,WAJID SB AJNALA,MB NO.11130/3,True,2026-07-27,0,0,PAID,False,2026-07-27 10:32,Shujaat Muzaffar,False,
1994,FBMCL-00191,MIRZA REHMAN SB JPS,MB NO.11134,True,2026-08-03,31000,31000,OPEN,False,2026-08-03 10:35,Shujaat Muzaffar,False,
1995,FBMCL-00262,GHULAM MURTZA SB KOANKH,MB NO.11135,True,2026-08-03,0,0,PAID,False,2026-08-03 10:36,Shujaat Muzaffar,False,
1996,FBMCL-00215,CH IMRAN SB JPS,MB NO.11136,True,2026-08-03,155300.4,155300.4,OPEN,False,2026-08-03 10:38,Shujaat Muzaffar,False,
1997,FBMCL-00050,MAJID HUSSAIN SB AJNALA,MB NO.11137,True,2026-08-03,0,0,PAID,False,2026-08-03 10:39,Shujaat Muzaffar,False,
1998,FBMCL-00285,MUHAMMAD YOUSUF SB GHURAIRA,MB NO.11138,True,2026-08-03,2550,2550,OPEN,False,2026-08-03 10:41,Shujaat Muzaffar,False,
1999,FBMCL-00191,MIRZA REHMAN SB JPS,MB NO.10309,True,2026-07-08,0,0,PAID,False,2026-07-08 10:44,Rehman Ahmed,False,
2000,FBMCL-00191,MIRZA REHMAN SB JPS,MB NO.10175,True,2026-07-05,0,0,PAID,False,2026-07-05 11:06,Rehman Ahmed,False,
2001,FBMCL-00191,MIRZA REHMAN SB JPS,MB NO.9478,True,2026-06-18,0,0,PAID,False,2026-06-18 11:11,Rehman Ahmed,False,
2002,FBMCL-00047,HAJI IQBAL SB JPS,MB NO.11141,True,2026-08-03,0,0,PAID,False,2026-08-03 11:34,Shujaat Muzaffar,False,
2003,FBMCL-00100,HAJI YOUSUF BUTT JPS,MB NO.11142,True,2026-08-03,0,0,PAID,False,2026-08-03 11:36,Shujaat Muzaffar,False,
2004,FBMCL-00243,ALI SHAN SB RANGRA,MB NO.11144,True,2026-08-03,0,0,PAID,False,2026-08-03 11:37,Shujaat Muzaffar,False,
2005,FBMCL-00209,SHABEEB SB KANIYAN,MB NO.11146,True,2026-08-03,0,0,PAID,False,2026-08-03 12:33,Shujaat Muzaffar,False,
2006,FBMCL-00051,FAZAL ILAHI SB JALPUWAL,MB NO.11147,True,2026-08-03,31400,31400,OPEN,False,2026-08-03 12:34,Shujaat Muzaffar,False,
2007,FBMCL-00215,CH IMRAN SB JPS,MB NO.11145,True,2026-08-03,3014,3014,OPEN,False,2026-08-03 13:11,Shujaat Muzaffar,False,
2008,FBMCL-00192,DR AMIN SB JPS,MB NO.11150,True,2026-08-03,860,860,OPEN,False,2026-08-03 17:11,Shujaat Muzaffar,False,
2009,FBMCL-00215,CH IMRAN SB JPS,MB NO.11152,True,2026-08-03,0,0,PAID,False,2026-08-03 17:13,Shujaat Muzaffar,False,
2010,FBMCL-00145,MASTER ZAHOOR SB JPS,MB NO.11154,True,2026-08-03,0,0,PAID,False,2026-08-03 17:14,Shujaat Muzaffar,False,
2011,FBMCL-00100,HAJI YOUSUF BUTT JPS,MB NO.11159,True,2026-08-03,0,0,PAID,False,2026-08-03 17:16,Shujaat Muzaffar,False,
2012,FBMCL-00241,RAJA MUDASIR SB JPS,MB NO.11169,True,2026-08-04,430,430,OPEN,False,2026-08-04 10:41,Shujaat Muzaffar,False,
2013,FBMCL-00273,KHAYAM SB MALIKPUR,MB NO.11172,True,2026-08-04,0,0,PAID,False,2026-08-04 10:47,Shujaat Muzaffar,False,
2014,FBMCL-00100,HAJI YOUSUF BUTT JPS,MB NO.11173,True,2026-08-04,0,0,PAID,False,2026-08-04 10:48,Shujaat Muzaffar,False,
2015,FBMCL-00212,MIRZA NAZAR BAIG SB KOANKH,MB NO.11175,True,2026-08-04,31400,31400,OPEN,False,2026-08-04 10:50,Shujaat Muzaffar,False,
2016,FBMCL-00289,ALI SHAN SB HANDA,MB NO.11160,True,2026-08-03,0,0,PAID,False,2026-08-03 11:58,Shujaat Muzaffar,False,
2017,FBMCL-00145,MASTER ZAHOOR SB JPS,MB NO.11158,True,2026-08-04,0,0,PAID,False,2026-08-04 12:01,Shujaat Muzaffar,False,
2018,FBMCL-00010,BILAL SB KOANKH (QARI EJAZ SB),MB NO.11181,True,2026-08-04,0,0,PAID,False,2026-08-04 15:16,Shujaat Muzaffar,False,
2019,FBMCL-00278,EHSAN SB LOADER PARSUWAL,MB NO.11182,True,2026-08-04,0,0,PAID,False,2026-08-04 15:18,Shujaat Muzaffar,False,
2020,FBMCL-00047,HAJI IQBAL SB JPS,MB NO.11183,True,2026-08-04,0,0,PAID,False,2026-08-04 15:52,Shujaat Muzaffar,False,
2021,FBMCL-00150,MUHAMMAD AKRAM SB SANTAL SURKHIYAN,MB NO.11188/2,True,2026-08-04,1500,1500,OPEN,False,2026-08-04 16:45,Shujaat Muzaffar,False,
2022,FBMCL-00150,MUHAMMAD AKRAM SB SANTAL SURKHIYAN,MB NO.11191,True,2026-08-04,0,0,PAID,False,2026-08-04 16:59,Shujaat Muzaffar,False,
2023,FBMCL-00147,MUHAMMAD RAZAQ SB JPS,MB NO.11194,True,2026-08-05,7700,7700,OPEN,False,2026-08-05 11:51,Shujaat Muzaffar,False,
2024,FBMCL-00145,MASTER ZAHOOR SB JPS,MB NO.11195,True,2026-08-05,0,0,PAID,False,2026-08-05 11:52,Shujaat Muzaffar,False,
2025,FBMCL-00205,IRFAN SB DEDHAR SHARIF,MB NO.11196,True,2026-08-05,0,0,PAID,False,2026-08-05 11:53,Shujaat Muzaffar,False,
2026,FBMCL-00167,CH MUHAMMAD AKRAM RIHANIA SB JPS,MB NO.11197,True,2026-08-05,0,0,PAID,False,2026-08-05 11:54,Shujaat Muzaffar,False,
2027,FBMCL-00200,HDC SYED TASSAWAR SHAH SB MALIKPUR SITE,MB NO.11199,True,2026-08-05,0,0,PAID,False,2026-08-05 11:59,Shujaat Muzaffar,False,
2028,FBMCL-00260,HDC MEHAR MEHDI SB JPS,MB NO.11200,True,2026-08-05,0,0,PAID,False,2026-08-05 12:00,Shujaat Muzaffar,False,
2029,FBMCL-00228,SHEHBAZ SB RANGPUR,MB NO.11201,True,2026-08-05,0,0,PAID,False,2026-08-05 13:08,Shujaat Muzaffar,False,
2030,FBMCL-00260,HDC MEHAR MEHDI SB JPS,MB NO.11201/2,True,2026-08-05,350,350,OPEN,False,2026-08-05 13:09,Shujaat Muzaffar,False,
2031,FBMCL-00242,KHALIL AHMED SB DHINDA KALAAN,MB NO.11202,True,2026-08-05,10510,10510,OPEN,False,2026-08-05 13:17,Shujaat Muzaffar,False,
2032,FBMCL-00047,HAJI IQBAL SB JPS,MB NO.11210,True,2026-08-05,4297.6,4297.6,OPEN,False,2026-08-05 13:43,Shujaat Muzaffar,False,
2033,FBMCL-00287,ASIF SB LOADER JPS,MB NO.11203,True,2026-08-05,2511,2511,OPEN,False,2026-08-05 14:37,Shujaat Muzaffar,False,
2034,FBMCL-00289,ALI SHAN SB HANDA,MB NO.11205,True,2026-08-05,1500,1500,OPEN,False,2026-08-05 14:58,Shujaat Muzaffar,False,
2035,FBMCL-00157,MIRZA NAGHMAN SB TIBBA,MB NO.11215,True,2026-08-05,85148.2,85148.2,OPEN,False,2026-08-05 15:12,Shujaat Muzaffar,False,
2036,FBMCL-00100,HAJI YOUSUF BUTT JPS,MB NO.11217,True,2026-08-05,1720,0,PAID,False,2026-08-05 16:19,Shujaat Muzaffar,False,
2037,FBMCL-00026,MASJID PANJTAN PAK JPS(QARI ANSAR SB),MB NO.11220,True,2026-08-05,0,0,PAID,False,2026-08-05 16:22,Shujaat Muzaffar,False,
2038,00446,AKAS AMJAD RANG PUR,MB NO.11218,True,2026-08-05,39000,39000,OPEN,False,2026-08-05 16:32,Shujaat Muzaffar,False,
2039,FBMCL-00241,RAJA MUDASIR SB JPS,MB NO.11221,True,2026-08-05,0,0,PAID,False,2026-08-05 16:45,Shujaat Muzaffar,False,
2040,FBMCL-00241,RAJA MUDASIR SB JPS,MB NO.11223,True,2026-08-05,0,0,PAID,False,2026-08-05 17:42,Shujaat Muzaffar,False,
2041,FBMCL-00216,SAGHEER BAIG SB KOANKH,MB NO.11075/2,True,2026-08-01,0,0,PAID,False,2026-08-01 17:58,Shujaat Muzaffar,False,
2042,FBMCL-00111,RAJA PARWEZ SB RANGPUR,MB NO.11226,True,2026-08-05,15000,15000,OPEN,False,2026-08-05 10:56,Shujaat Muzaffar,False,
2043,FBMCL-00241,RAJA MUDASIR SB JPS,MB NO.11228,True,2026-08-05,1842.5,1645.5,OPEN,False,2026-08-05 13:05,Mohsan Javed,False,
2044,FBMCL-00134,MUHAMMAD QASIM SB MALIKPUR,MB NO.11233,True,2026-08-06,14105.9,14105.9,OPEN,False,2026-08-06 13:13,Mohsan Javed,False,
2045,FBMCL-00191,MIRZA REHMAN SB JPS,MB NO.11235,True,2026-08-06,31000,31000,OPEN,False,2026-08-06 13:20,Mohsan Javed,False,
2046,FBMCL-00163,YASIR YAQOOB SB DILAWARPUR,MB NO.11241,True,2026-08-06,0,0,PAID,False,2026-08-06 14:22,Mohsan Javed,False,
2047,FBMCL-00200,HDC SYED TASSAWAR SHAH SB MALIKPUR SITE,MB NO.11242,True,2026-08-06,0,0,PAID,False,2026-08-06 14:24,Mohsan Javed,False,
2048,FBMCL-00134,MUHAMMAD QASIM SB MALIKPUR,MB NO.11243,True,2026-08-06,1400,1400,OPEN,False,2026-08-06 14:26,Mohsan Javed,False,
2049,FBMCL-00261,MUSHTAQ SB JPS,MB NO.11245,True,2026-08-06,0,0,PAID,False,2026-08-06 15:03,Mohsan Javed,False,
2050,FBMCL-00100,HAJI YOUSUF BUTT JPS,MB NO.11248,True,2026-08-06,0,0,PAID,False,2026-08-06 15:05,Mohsan Javed,False,
2051,FBMCL-00192,DR AMIN SB JPS,MB NO.11253,True,2026-08-06,4900.4,4900.4,OPEN,False,2026-08-06 15:10,Mohsan Javed,False,
2052,FBMCL-00080,ADNAN SB DOIYAN,MB NO.11255,True,2026-08-06,39875,39875,OPEN,False,2026-08-06 15:12,Mohsan Javed,False,
2053,FBMCL-00271,SAJID SB GHURAL ( BOBY DRIVER ),MB NO.11256,True,2026-08-06,0,0,PAID,False,2026-08-06 15:14,Mohsan Javed,False,
2054,FBMCL-00150,MUHAMMAD AKRAM SB SANTAL SURKHIYAN,MB NO.11258,True,2026-08-05,0,0,PAID,False,2026-08-05 15:15,Mohsan Javed,False,
2055,FBMCL-00134,MUHAMMAD QASIM SB MALIKPUR,MB NO.11260,True,2026-08-06,0,0,PAID,False,2026-08-06 15:20,Mohsan Javed,False,
2056,FBMCL-00255,MALIK SHEHBAZ SB DHINDA,MB NO.11261,True,2026-08-06,15500,15500,OPEN,False,2026-08-06 15:22,Mohsan Javed,False,
2057,FBMCL-00147,MUHAMMAD RAZAQ SB JPS,MB NO.11229,True,2026-08-06,6040,0,PAID,False,2026-08-06 16:24,Mohsan Javed,False,
2058,FBMCL-00150,MUHAMMAD AKRAM SB SANTAL SURKHIYAN,MB NO.11266,True,2026-08-06,0,0,PAID,False,2026-08-06 16:40,Mohsan Javed,False,
2059,FBMCL-00100,HAJI YOUSUF BUTT JPS,MB NO.11269,True,2026-08-06,0,0,PAID,False,2026-08-06 17:08,Mohsan Javed,False,
2060,FBMCL-00178,ZEESHAN ATTARI SB JPS,MB NO.11270,True,2026-08-04,0,0,PAID,False,2026-08-04 17:09,Mohsan Javed,False,
2061,FBMCL-00178,ZEESHAN ATTARI SB JPS,MB NO.10014-1,True,2026-07-02,19032,19032,OPEN,False,2026-07-02 18:22,Rehman Ahmed,False,
2062,FBMCL-00178,ZEESHAN ATTARI SB JPS,MB NO.10014-22,True,2026-08-06,0,0,PAID,False,2026-08-06 18:50,Rehman Ahmed,False,
2063,FBMCL-00290,SHEHZAD KHAN SB DHINDA,MB NO.11289,True,2026-08-07,0,0,PAID,False,2026-08-07 11:05,Rehman Ahmed,False,
2064,FBMCL-00150,MUHAMMAD AKRAM SB SANTAL SURKHIYAN,MB NO.11276,True,2026-08-06,75750,75750,OPEN,False,2026-08-06 12:50,Mohsan Javed,False,
2065,FBMCL-00105,DR EHSAN SB DHINDA,MB NO.11277,True,2026-08-07,46188.5,46188.5,OPEN,False,2026-08-07 12:53,Mohsan Javed,False,
2066,FBMCL-00262,GHULAM MURTZA SB KOANKH,MB NO.11278,True,2026-08-07,93407.5,93407.5,OPEN,False,2026-08-07 12:56,Mohsan Javed,False,
2067,FBMCL-00192,DR AMIN SB JPS,MB NO.11279,True,2026-08-07,634.3999999999986,634.3999999999986,OPEN,False,2026-08-07 12:59,Mohsan Javed,False,
2068,FBMCL-00228,SHEHBAZ SB RANGPUR,MB NO.11281,True,2026-08-07,0,0,PAID,False,2026-08-07 13:10,Mohsan Javed,False,
2069,FBMCL-00105,DR EHSAN SB DHINDA,MB NO.11283,True,2026-08-07,0,0,PAID,False,2026-08-07 13:12,Mohsan Javed,False,
2070,FBMCL-00197,RAOOF SB GHURAL,MB NO.11284,True,2026-08-07,0,0,PAID,False,2026-08-07 14:22,Mohsan Javed,False,
2071,FBMCL-00100,HAJI YOUSUF BUTT JPS,MB NO.11285,True,2026-08-07,0,0,PAID,False,2026-08-07 14:23,Mohsan Javed,False,
2072,FBMCL-00103,RAJA AMEER HAMZA SB JPS,MB NO.11291,True,2026-08-07,155884.3,155884.3,OPEN,False,2026-08-07 14:26,Mohsan Javed,False,
2073,FBMCL-00028,MIRZA AMJAD JAVED SB AJNALA SITE,MB NO.11292,True,2026-08-07,0,0,PAID,False,2026-08-07 14:29,Mohsan Javed,False,
2074,FBMCL-00262,GHULAM MURTZA SB KOANKH,MB NO.11293,True,2026-08-07,0,0,PAID,False,2026-08-07 14:30,Mohsan Javed,False,
2075,FBMCL-00290,SHEHZAD KHAN SB DHINDA,MB NO.11294,True,2026-08-07,0,0,PAID,False,2026-08-07 14:33,Mohsan Javed,False,
2076,FBMCL-00192,DR AMIN SB JPS,MB NO.11297,True,2026-08-07,0,0,PAID,False,2026-08-07 14:36,Mohsan Javed,False,
2077,FBMCL-00192,DR AMIN SB JPS,MB NO.11298,True,2026-08-07,31000,31000,OPEN,False,2026-08-07 14:43,Mohsan Javed,False,
2078,FBMCL-00290,SHEHZAD KHAN SB DHINDA,MB NO.11301,True,2026-08-07,0,0,PAID,False,2026-08-07 10:31,Shujaat Muzaffar,False,
2079,FBMCL-00100,HAJI YOUSUF BUTT JPS,MB NO.11303,True,2026-08-08,15600,15600,OPEN,False,2026-08-08 12:24,Mohsan Javed,False,
2080,FBMCL-00080,ADNAN SB DOIYAN,MB NO.11305,True,2026-08-08,38750,38750,OPEN,False,2026-08-08 12:27,Mohsan Javed,False,
2081,FBMCL-00285,MUHAMMAD YOUSUF SB GHURAIRA,MB NO.11308,True,2026-08-08,3763,3763,OPEN,False,2026-08-08 12:59,Mohsan Javed,False,
2082,FBMCL-00047,HAJI IQBAL SB JPS,MB NO.11313,True,2026-08-08,0,0,PAID,False,2026-08-08 13:02,Mohsan Javed,False,
2083,FBMCL-00260,HDC MEHAR MEHDI SB JPS,MB NO.11314,True,2026-08-08,2888.4,2888.4,OPEN,False,2026-08-08 13:03,Mohsan Javed,False,
2084,FBMCL-00105,DR EHSAN SB DHINDA,MB NO.11317,True,2026-08-06,0,0,PAID,False,2026-08-06 13:05,Mohsan Javed,False,
2085,FBMCL-00275,UMER HAYAT SB AJNALA,MB NO.11318,True,2026-08-08,0,0,PAID,False,2026-08-08 13:06,Mohsan Javed,False,
2086,FBMCL-00132,TUFAIL ABBAS SB RANGPUR,MB NO.11320,True,2026-08-08,4590,0,PAID,False,2026-08-08 14:35,Mohsan Javed,False,
2087,FBMCL-00178,ZEESHAN ATTARI SB JPS,MB NO.11328,True,2026-08-08,112612.7,112612.7,OPEN,False,2026-08-08 14:44,Mohsan Javed,False,
2088,FBMCL-00134,MUHAMMAD QASIM SB MALIKPUR,MB NO.11329,True,2026-08-08,0,0,PAID,False,2026-08-08 14:48,Mohsan Javed,False,
2089,FBMCL-00260,HDC MEHAR MEHDI SB JPS,MB NO.11332,True,2026-08-08,3087.6,3087.6,OPEN,False,2026-08-08 14:51,Mohsan Javed,False,
2090,FBMCL-00188,RAFAQAT HUSSAIN SB MALIK (MASJID),MB NO.11333,True,2026-08-08,15456.99999999996,15456.99999999996,OPEN,False,2026-08-08 16:40,Mohsan Javed,False,
2091,FBMCL-00197,RAOOF SB GHURAL,MB NO.11234,True,2026-08-06,7961.799999999995,7961.799999999995,OPEN,False,2026-08-06 16:51,Rehman Ahmed,False,
2092,FBMCL-00028,MIRZA AMJAD JAVED SB AJNALA SITE,MB NO.11337,True,2026-08-08,11250,11250,OPEN,False,2026-08-08 17:33,Mohsan Javed,False,
2093,FBMCL-00028,MIRZA AMJAD JAVED SB AJNALA SITE,MB NO.11339,True,2026-08-08,40500,40500,OPEN,False,2026-08-08 17:37,Mohsan Javed,False,
2094,FBMCL-00009,MAZHAR SB RUPOWAL DERA,MB NO.11340,True,2026-08-08,40000,40000,OPEN,False,2026-08-08 08:44,Mohsan Javed,False,
2095,FBMCL-00028,MIRZA AMJAD JAVED SB AJNALA SITE,MB NO.11345,True,2026-08-09,40500,40500,OPEN,False,2026-08-09 11:38,Mohsan Javed,False,
2096,FBMCL-00191,MIRZA REHMAN SB JPS,MB NO.11346,True,2026-08-09,31000,31000,OPEN,False,2026-08-09 11:56,Mohsan Javed,False,
2097,FBMCL-00154,MUHAMMAD ABID SB KOANKH,MB NO.11347,True,2026-08-09,1290,1290,OPEN,False,2026-08-09 11:59,Mohsan Javed,False,
2098,FBMCL-00211,ALI AKBAR SB DHINDA,MB NO.11348,True,2026-08-09,0,0,PAID,False,2026-08-09 12:43,Mohsan Javed,False,
2099,FBMCL-00167,CH MUHAMMAD AKRAM RIHANIA SB JPS,MB NO.11349,True,2026-08-09,0,0,PAID,False,2026-08-09 12:46,Mohsan Javed,False,
2100,FBMCL-00255,MALIK SHEHBAZ SB DHINDA,MB NO.11351,True,2026-08-09,5681.599999999999,5681.599999999999,OPEN,False,2026-08-09 12:49,Mohsan Javed,False,
2101,FBMCL-00164,MUHAMMMAD AWAIS SB PARSUWAL,MB NO.11352,True,2026-08-09,0,0,PAID,False,2026-08-09 12:52,Mohsan Javed,False,
2102,FBMCL-00278,EHSAN SB LOADER PARSUWAL,MB NO.11353,True,2026-08-09,0,0,PAID,False,2026-08-09 12:53,Mohsan Javed,False,
2103,FBMCL-00277,TANVEER SB DHINDA,MB NO.11354,True,2026-08-09,0,0,PAID,False,2026-08-09 13:09,Mohsan Javed,False,
2104,FBMCL-00013,JAWAD SB AJNALA JPS,MB NO.11355,True,2026-08-09,1520,1520,OPEN,False,2026-08-09 13:10,Mohsan Javed,False,
2105,FBMCL-00290,SHEHZAD KHAN SB DHINDA,MB NO.11357,True,2026-08-09,0,0,PAID,False,2026-08-09 13:12,Mohsan Javed,False,
2106,FBMCL-00243,ALI SHAN SB RANGRA,MB NO.11358,True,2026-08-09,0,0,PAID,False,2026-08-09 13:14,Mohsan Javed,False,
2107,FBMCL-00285,MUHAMMAD YOUSUF SB GHURAIRA,MB NO.11360,True,2026-08-09,0,0,PAID,False,2026-08-09 13:16,Mohsan Javed,False,
2108,FBMCL-00262,GHULAM MURTZA SB KOANKH,MB NO.11362/2,True,2026-08-09,500,500,OPEN,False,2026-08-09 14:14,Mohsan Javed,False,
2109,FBMCL-00273,KHAYAM SB MALIKPUR,MB NO.11366,True,2026-08-09,0,0,PAID,False,2026-08-09 15:13,Mohsan Javed,False,
2110,FBMCL-00273,KHAYAM SB MALIKPUR,MB NO.11116/2,True,2026-08-02,860,860,OPEN,False,2026-08-02 15:18,Mohsan Javed,False,
2111,FBMCL-00215,CH IMRAN SB JPS,MB NO.11361,True,2026-08-09,0,0,PAID,False,2026-08-09 15:40,Mohsan Javed,False,
2112,FBMCL-00272,SHAMRAIZ SB HANDA STOP,MB NO.11368,True,2026-08-09,0,0,PAID,False,2026-08-09 15:42,Mohsan Javed,False,
2113,FBMCL-00177,MUHAMMAD ARIF BAIG SB KOANKH (KAMRAN NUMBERDAR),MB NO.11369,True,2026-08-09,0,0,PAID,False,2026-08-09 16:02,Mohsan Javed,False,
2114,FBMCL-00177,MUHAMMAD ARIF BAIG SB KOANKH (KAMRAN NUMBERDAR),MB NO.11103/2,True,2026-08-09,56458,56458,OPEN,False,2026-08-09 16:09,Mohsan Javed,False,
2115,FBMCL-00047,HAJI IQBAL SB JPS,MB NO.11371,True,2026-08-09,400,400,OPEN,False,2026-08-09 16:20,Mohsan Javed,False,
2116,FBMCL-00212,MIRZA NAZAR BAIG SB KOANKH,MB NO.11370,True,2026-08-09,31200,31200,OPEN,False,2026-08-09 16:24,Mohsan Javed,False,
2117,FBMCL-00051,FAZAL ILAHI SB JALPUWAL,MB NO.11372,True,2026-08-09,31400,31400,OPEN,False,2026-08-09 16:26,Mohsan Javed,False,
2118,FBMCL-00028,MIRZA AMJAD JAVED SB AJNALA SITE,MB NO.11367,True,2026-08-09,40500,40500,OPEN,False,2026-08-09 16:29,Mohsan Javed,False,
2119,FBMCL-00260,HDC MEHAR MEHDI SB JPS,MB NO.11373,True,2026-08-09,0,0,PAID,False,2026-08-09 16:39,Mohsan Javed,False,
2120,FBMCL-00260,HDC MEHAR MEHDI SB JPS,MB NO.11314/2,True,2026-08-08,0,0,PAID,False,2026-08-08 16:53,Mohsan Javed,False,
2121,FBMCL-00164,MUHAMMMAD AWAIS SB PARSUWAL,MB NO.8058/2,True,2026-05-07,0,0,PAID,False,2026-05-07 17:00,Mohsan Javed,False,
2122,FBMCL-00200,HDC SYED TASSAWAR SHAH SB MALIKPUR SITE,MB NO.11375,True,2026-08-11,980,980,OPEN,False,2026-08-11 11:11,Mohsan Javed,False,
2123,FBMCL-00262,GHULAM MURTZA SB KOANKH,MB NO.11377/2,True,2026-08-09,1500,1500,OPEN,False,2026-08-09 11:14,Mohsan Javed,False,30 PIONEER RETURN RENT
2124,FBMCL-00161,EJAZ SB DUKANDAR JALPUWAL,MB NO.11378,True,2026-08-09,29800,19800,PARTIAL,False,2026-08-09 11:24,Mohsan Javed,False,
2125,FBMCL-00290,SHEHZAD KHAN SB DHINDA,MB NO.11379,True,2026-08-09,0,0,PAID,False,2026-08-09 11:41,Mohsan Javed,False,
2126,FBMCL-00197,RAOOF SB GHURAL,MB NO.11380,True,2026-08-10,0,0,PAID,False,2026-08-10 11:42,Mohsan Javed,False,
2127,FBMCL-00208,MIRZA YOUNUS SB JPS,MB NO.11381,True,2026-08-10,0,0,PAID,False,2026-08-10 12:03,Mohsan Javed,False,
2128,FBMCL-00290,SHEHZAD KHAN SB DHINDA,MB NO.11382,True,2026-08-10,0,0,PAID,False,2026-08-10 12:15,Mohsan Javed,False,
2129,FBMCL-00278,EHSAN SB LOADER PARSUWAL,MB NO.11385,True,2026-08-10,0,0,PAID,False,2026-08-10 12:17,Mohsan Javed,False,
2130,FBMCL-00105,DR EHSAN SB DHINDA,MB NO.11401,True,2026-08-10,18480,18480,OPEN,False,2026-08-10 12:23,Shujaat Muzaffar,False,
2131,FBMCL-00228,SHEHBAZ SB RANGPUR,MB NO.11403,True,2026-08-11,2200,2200,OPEN,False,2026-08-11 12:27,Shujaat Muzaffar,False,
2132,FBMCL-00274,HAJI AMANAT SB KHARANA,MB NO.11404,True,2026-08-11,0,0,PAID,False,2026-08-11 12:30,Shujaat Muzaffar,False,
2133,FBMCL-00178,ZEESHAN ATTARI SB JPS,MB NO.11407,True,2026-08-11,0,0,PAID,False,2026-08-11 12:31,Shujaat Muzaffar,False,
2134,FBMCL-00103,RAJA AMEER HAMZA SB JPS,MB NO.11408,True,2026-08-11,15000,15000,OPEN,False,2026-08-11 12:32,Shujaat Muzaffar,False,
2135,FBMCL-00026,MASJID PANJTAN PAK JPS(QARI ANSAR SB),MB NO.11409,True,2026-08-11,0,0,PAID,False,2026-08-11 12:38,Shujaat Muzaffar,False,
2136,FBMCL-00175,MUHAMMAD ARSHAD SB GHURAL (SUBEDAR QADAR DAD SB),MB NO.11412,True,2026-08-11,1500,1500,OPEN,False,2026-08-11 12:39,Shujaat Muzaffar,False,
2137,FBMCL-00013,JAWAD SB AJNALA JPS,MB NO.11415,True,2026-08-11,3040,3040,OPEN,False,2026-08-11 12:42,Shujaat Muzaffar,False,
2138,FBMCL-00103,RAJA AMEER HAMZA SB JPS,MB NO.11422,True,2026-08-11,11750,11750,OPEN,False,2026-08-11 12:48,Shujaat Muzaffar,False,
2139,FBMCL-00268,SHAHZAIB FAROOQ SB ALAM GARH,MB NO.11423,True,2026-08-11,39750,39750,OPEN,False,2026-08-11 12:49,Shujaat Muzaffar,False,
2140,FBMCL-00212,MIRZA NAZAR BAIG SB KOANKH,MB NO.11424,True,2026-08-11,3500,3500,OPEN,False,2026-08-11 12:50,Shujaat Muzaffar,False,
2141,FBMCL-00244,SHAMRAIZ SB JAGUWAN,MB NO.11425,True,2026-08-11,5423.4,5423.4,OPEN,False,2026-08-11 12:52,Shujaat Muzaffar,False,
2142,FBMCL-00290,SHEHZAD KHAN SB DHINDA,MB NO.11390,True,2026-08-10,0,0,PAID,False,2026-08-10 13:08,Shujaat Muzaffar,False,
2143,FBMCL-00167,CH MUHAMMAD AKRAM RIHANIA SB JPS,MB NO.11391,True,2026-08-11,0,0,PAID,False,2026-08-11 13:11,Shujaat Muzaffar,False,
2144,FBMCL-00290,SHEHZAD KHAN SB DHINDA,MB NO.11392,True,2026-08-10,0,0,PAID,False,2026-08-10 13:13,Shujaat Muzaffar,False,
2145,FBMCL-00213,HAFIZ NASIR SB GHURAL,MB NO.11395,True,2026-08-11,12702.3,12702.3,OPEN,False,2026-08-11 13:14,Shujaat Muzaffar,False,
2146,FBMCL-00105,DR EHSAN SB DHINDA,MB NO.11396,True,2026-08-10,0,0,PAID,False,2026-08-10 13:18,Shujaat Muzaffar,False,
2147,FBMCL-00242,KHALIL AHMED SB DHINDA KALAAN,MB NO.11393,True,2026-08-10,12470.5,3470.5,PARTIAL,False,2026-08-10 12:18,Mohsan Javed,False,
2148,FBMCL-00228,SHEHBAZ SB RANGPUR,MB NO.11428,True,2026-08-11,0,0,PAID,False,2026-08-11 14:42,Shujaat Muzaffar,False,
2149,FBMCL-00213,HAFIZ NASIR SB GHURAL,MB NO.11429,True,2026-08-11,10400,10400,OPEN,False,2026-08-11 14:43,Shujaat Muzaffar,False,
2150,FBMCL-00188,RAFAQAT HUSSAIN SB MALIK (MASJID),MB NO.11397,True,2026-08-11,72146.59999999999,72146.59999999999,OPEN,False,2026-08-11 14:44,Mohsan Javed,False,
2151,FBMCL-00177,MUHAMMAD ARIF BAIG SB KOANKH (KAMRAN NUMBERDAR),MB NO.11432,True,2026-08-11,7304,7304,OPEN,False,2026-08-11 14:45,Shujaat Muzaffar,False,
2152,FBMCL-00286,MUJEEB KHAN SB KOANKH,MB NO.11437,True,2026-08-11,0,0,PAID,False,2026-08-11 14:52,Mohsan Javed,False,
2153,FBMCL-00205,IRFAN SB DEDHAR SHARIF,MB NO.11398,True,2026-08-11,0,0,PAID,False,2026-08-11 14:55,Mohsan Javed,False,
2154,FBMCL-00047,HAJI IQBAL SB JPS,MB NO.11434,True,2026-08-11,0,0,PAID,False,2026-08-11 14:55,Shujaat Muzaffar,False,
2155,FBMCL-00191,MIRZA REHMAN SB JPS,MB NO.11399,True,2026-08-11,30400,30400,OPEN,False,2026-08-11 14:57,Mohsan Javed,False,
2156,FBMCL-00188,RAFAQAT HUSSAIN SB MALIK (MASJID),MB NO.11435,True,2026-08-11,31000,31000,OPEN,False,2026-08-11 14:56,Shujaat Muzaffar,False,
2157,FBMCL-00260,HDC MEHAR MEHDI SB JPS,MB NO.11444,True,2026-08-11,0,0,PAID,False,2026-08-11 16:06,Shujaat Muzaffar,False,
2158,FBMCL-00241,RAJA MUDASIR SB JPS,MB NO.11443,True,2026-08-10,0,0,PAID,False,2026-08-10 16:09,Shujaat Muzaffar,False,
2159,FBMCL-00013,JAWAD SB AJNALA JPS,MB NO.11442,True,2026-08-10,1520,1520,OPEN,False,2026-08-10 16:11,Shujaat Muzaffar,False,
2160,FBMCL-00010,BILAL SB KOANKH (QARI EJAZ SB),MB NO.11447,True,2026-08-11,0,0,PAID,False,2026-08-11 16:36,Shujaat Muzaffar,False,
2161,FBMCL-00216,SAGHEER BAIG SB KOANKH,MB NO.11451,True,2026-08-11,10400,10400,OPEN,False,2026-08-11 17:55,Shujaat Muzaffar,False,
2162,FBMCL-00178,ZEESHAN ATTARI SB JPS,MB NO.11099,True,2026-08-01,265885.1999999998,265885.1999999998,OPEN,False,2026-08-01 09:20,Mohsan Javed,False,
2163,FBMCL-00178,ZEESHAN ATTARI SB JPS,MB NO.11090/2,True,2026-08-12,265885.1999999998,265885.1999999998,OPEN,False,2026-08-12 10:35,Shujaat Muzaffar,False,
2164,FBMCL-00154,MUHAMMAD ABID SB KOANKH,MB NO.11450,True,2026-08-11,0,0,PAID,False,2026-08-11 11:12,Shujaat Muzaffar,False,
2165,FBMCL-00154,MUHAMMAD ABID SB KOANKH,MB NO.11452,True,2026-08-11,0,0,PAID,False,2026-08-11 11:13,Shujaat Muzaffar,False,
2166,FBMCL-00216,SAGHEER BAIG SB KOANKH,MB NO.11454,True,2026-08-11,11400,11400,OPEN,False,2026-08-11 11:19,Shujaat Muzaffar,False,
2167,FBMCL-00088,FAISAL SB AJNALA,MB NO.11457,True,2026-08-12,0,0,PAID,False,2026-08-12 11:22,Shujaat Muzaffar,False,
2168,FBMCL-00191,MIRZA REHMAN SB JPS,MB NO.11458,True,2026-08-12,30400,30400,OPEN,False,2026-08-12 11:30,Shujaat Muzaffar,False,
2169,FBMCL-00277,TANVEER SB DHINDA,MB NO.11464,True,2026-08-12,0,0,PAID,False,2026-08-12 11:34,Shujaat Muzaffar,False,
2170,FBMCL-00080,ADNAN SB DOIYAN,MB NO.11465,True,2026-08-12,39250,39250,OPEN,False,2026-08-12 11:35,Shujaat Muzaffar,False,
2171,00446,AKAS AMJAD RANG PUR,MB NO.11468,True,2026-08-12,1250,1250,OPEN,False,2026-08-12 14:51,Shujaat Muzaffar,False,
2172,FBMCL-00200,HDC SYED TASSAWAR SHAH SB MALIKPUR SITE,MB NO.11472,True,2026-08-12,3050,3050,OPEN,False,2026-08-12 15:41,Shujaat Muzaffar,False,
2173,FBMCL-00211,ALI AKBAR SB DHINDA,MB NO.11476,True,2026-08-12,0,0,PAID,False,2026-08-12 15:43,Shujaat Muzaffar,False,
2174,FBMCL-00013,JAWAD SB AJNALA JPS,MB NO.11477,True,2026-08-12,3040,3040,OPEN,False,2026-08-12 15:45,Shujaat Muzaffar,False,
2175,FBMCL-00013,JAWAD SB AJNALA JPS,MB NO.11483,True,2026-08-12,4540,4540,OPEN,False,2026-08-12 15:46,Shujaat Muzaffar,False,
2176,FBMCL-00076,IMRAN SB MALAK PUR,MB NO.11431,True,2026-08-11,3100,3100,OPEN,False,2026-08-11 16:23,Shujaat Muzaffar,False,
2177,FBMCL-00154,MUHAMMAD ABID SB KOANKH,MB NO.11488,True,2026-08-13,0,0,PAID,False,2026-08-13 12:34,Shujaat Muzaffar,False,
2178,FBMCL-00013,JAWAD SB AJNALA JPS,MB NO.11490,True,2026-08-12,1500,1500,OPEN,False,2026-08-12 12:44,Shujaat Muzaffar,False,
2179,FBMCL-00216,SAGHEER BAIG SB KOANKH,MB NO.11492,True,2026-08-13,0,0,PAID,False,2026-08-13 12:46,Shujaat Muzaffar,False,
2180,FBMCL-00242,KHALIL AHMED SB DHINDA KALAAN,MB NO.11495,True,2026-08-13,25300,1000,PARTIAL,False,2026-08-13 12:47,Shujaat Muzaffar,False,
2181,FBMCL-00282,MUHMMAD SHAREEF SB DHINDA,MB NO.11496,True,2026-08-13,15800,15800,OPEN,False,2026-08-13 12:53,Shujaat Muzaffar,False,
2182,FBMCL-00208,MIRZA YOUNUS SB JPS,MB NO.11497,True,2026-08-13,0,0,PAID,False,2026-08-13 12:56,Shujaat Muzaffar,False,
2183,FBMCL-00163,YASIR YAQOOB SB DILAWARPUR,MB NO.11502,True,2026-08-13,0,0,PAID,False,2026-08-13 13:12,Shujaat Muzaffar,False,
2184,FBMCL-00209,SHABEEB SB KANIYAN,MB NO.11504,True,2026-08-13,0,0,PAID,False,2026-08-13 13:13,Shujaat Muzaffar,False,
2185,FBMCL-00290,SHEHZAD KHAN SB DHINDA,MB NO.11512,True,2026-08-13,14433.3,33,PARTIAL,False,2026-08-13 14:15,Shujaat Muzaffar,False,
2186,FBMCL-00263,QAISER SB JPS,MB NO.11513,True,2026-08-13,1520,1520,OPEN,False,2026-08-13 14:18,Shujaat Muzaffar,False,
2187,FBMCL-00274,HAJI AMANAT SB KHARANA,MB NO.11514,True,2026-08-13,0,0,PAID,False,2026-08-13 14:20,Shujaat Muzaffar,False,
2188,FBMCL-00293,ISHTAIQ BOUCH,MB NO.11516,True,2026-08-13,0,0,PAID,False,2026-08-13 14:23,Shujaat Muzaffar,False,
2189,FBMCL-00289,ALI SHAN SB HANDA,MB NO.11520,True,2026-08-13,1000,1000,OPEN,False,2026-08-13 14:29,Shujaat Muzaffar,False,
2190,FBMCL-00290,SHEHZAD KHAN SB DHINDA,MB NO.11521,True,2026-08-13,0,0,PAID,False,2026-08-13 14:31,Shujaat Muzaffar,False,
2191,FBMCL-00229,SARWAR SB MASON,MB NO.10182,True,2026-07-05,328.9999999999947,328.9999999999947,OPEN,False,2026-07-05 14:54,Shujaat Muzaffar,False,
2192,FBMCL-00260,HDC MEHAR MEHDI SB JPS,MB NO.11499,True,2026-08-12,0,0,PAID,False,2026-08-12 17:02,Shujaat Muzaffar,False,
2193,FBMCL-00282,MUHMMAD SHAREEF SB DHINDA,MB NO.11523,True,2026-08-13,12760,12760,OPEN,False,2026-08-13 08:45,Shujaat Muzaffar,False,
2194,FBMCL-00260,HDC MEHAR MEHDI SB JPS,MB NO.11528,True,2026-08-14,0,0,PAID,False,2026-08-14 09:10,Shujaat Muzaffar,False,
2195,FBMCL-00299,JHANGIR SB MALIKPUR,MB NO.11456,True,2026-08-12,0,0,PAID,False,2026-08-12 11:19,Shujaat Muzaffar,False,
2196,FBMCL-00300,SUFYAN BAIG SB HAJIA KOANKH,MB NO.11389,True,2026-08-10,0,0,PAID,False,2026-08-10 11:44,Shujaat Muzaffar,False,
2197,FBMCL-00300,SUFYAN BAIG SB HAJIA KOANKH,MB NO.11430,True,2026-08-11,0,0,PAID,False,2026-08-11 11:48,Shujaat Muzaffar,False,
2199,FBMCL-00111,RAJA PARWEZ SB RANGPUR,MB NO.11536,True,2026-08-15,17820,17820,OPEN,False,2026-08-15 08:53,Shujaat Muzaffar,False,
2200,FBMCL-00277,TANVEER SB DHINDA,MB NO.11535,True,2026-08-15,0,0,PAID,False,2026-08-15 09:05,Shujaat Muzaffar,False,
2201,FBMCL-00215,CH IMRAN SB JPS,MB NO.11537,True,2026-08-15,0,0,PAID,False,2026-08-15 09:11,Shujaat Muzaffar,False,
2202,FBMCL-00067,MUHAMMAD BASHEER SB CONT KOANKH,MB NO.11538,True,2026-08-15,23250,23250,OPEN,False,2026-08-15 09:17,Shujaat Muzaffar,False,
2203,FBMCL-00167,CH MUHAMMAD AKRAM RIHANIA SB JPS,MB NO.11539,True,2026-08-15,0,0,PAID,False,2026-08-15 09:19,Shujaat Muzaffar,False,
2204,FBMCL-00145,MASTER ZAHOOR SB JPS,MB NO.11541,True,2026-08-15,0,0,PAID,False,2026-08-15 09:38,Shujaat Muzaffar,False,
2205,FBMCL-00263,QAISER SB JPS,MB NO.11542,True,2026-08-15,6740.800000000001,6740.800000000001,OPEN,False,2026-08-15 09:59,Shujaat Muzaffar,False,
2206,FBMCL-00228,SHEHBAZ SB RANGPUR,MB NO.11546,True,2026-08-15,0,0,PAID,False,2026-08-15 10:09,Shujaat Muzaffar,False,
2207,FBMCL-00191,MIRZA REHMAN SB JPS,MB NO.11547,True,2026-08-15,30400,30400,OPEN,False,2026-08-15 10:10,Shujaat Muzaffar,False,
2208,FBMCL-00145,MASTER ZAHOOR SB JPS,MB NO.11549,True,2026-08-15,0,0,PAID,False,2026-08-15 10:13,Shujaat Muzaffar,False,
2209,FBMCL-00296,MALIK IQBAL SB MALIKPUR,MB NO.11548,True,2026-08-15,1010.799999999999,1010.799999999999,OPEN,False,2026-08-15 10:41,Shujaat Muzaffar,False,
2210,FBMCL-00285,MUHAMMAD YOUSUF SB GHURAIRA,MB NO.11551,True,2026-08-15,0,0,PAID,False,2026-08-15 10:53,Shujaat Muzaffar,False,
2211,FBMCL-00244,SHAMRAIZ SB JAGUWAN,MB NO.11120/2,True,2026-08-15,0,0,PAID,False,2026-08-15 11:41,Shujaat Muzaffar,False,
2212,FBMCL-00244,SHAMRAIZ SB JAGUWAN,MB NO.11533,True,2026-08-15,30900,30900,OPEN,False,2026-08-15 11:42,Shujaat Muzaffar,False,
2213,FBMCL-00256,MUHAMMAD ARSHAD SB DHINDA POTAN WALAY,MB NO.11555,True,2026-08-15,0,0,PAID,False,2026-08-15 12:16,Mohsan Javed,False,
2215,FBMCL-00145,MASTER ZAHOOR SB JPS,MB NO.11558,True,2026-08-15,0,0,PAID,False,2026-08-15 12:35,Mohsan Javed,False,
2216,FBMCL-00202,HAFIZ ABDUL JABBAR SB RANGPUR,MB NO.11166/2,True,2026-08-15,1520,1520,OPEN,False,2026-08-15 12:43,Mohsan Javed,False,
2217,FBMCL-00296,MALIK IQBAL SB MALIKPUR,MB NO.11559,True,2026-08-15,0,0,PAID,False,2026-08-15 14:53,Mohsan Javed,False,
2218,FBMCL-00273,KHAYAM SB MALIKPUR,MB NO.11561,True,2026-08-15,0,0,PAID,False,2026-08-15 14:57,Mohsan Javed,False,
2219,FBMCL-00028,MIRZA AMJAD JAVED SB AJNALA SITE,MB NO.1567,True,2026-08-15,40000,40000,OPEN,False,2026-08-15 15:17,Mohsan Javed,False,
2220,FBMCL-00175,MUHAMMAD ARSHAD SB GHURAL (SUBEDAR QADAR DAD SB),MB NO.11568,True,2026-08-15,0,0,PAID,False,2026-08-15 15:19,Mohsan Javed,False,
2221,FBMCL-00051,FAZAL ILAHI SB JALPUWAL,MB NO.11563,True,2026-08-15,31000,31000,OPEN,False,2026-08-15 16:19,Mohsan Javed,False,
2222,FBMCL-00047,HAJI IQBAL SB JPS,MB NO.11540,True,2026-08-15,3481.6,3481.6,OPEN,False,2026-08-15 09:17,Shujaat Muzaffar,False,
2223,FBMCL-00047,HAJI IQBAL SB JPS,MB NO.11583,True,2026-08-16,0,0,PAID,False,2026-08-16 09:31,Shujaat Muzaffar,False,
2224,FBMCL-00047,HAJI IQBAL SB JPS,MB NO.11434/2,True,2026-08-11,0,0,PAID,False,2026-08-11 10:05,Shujaat Muzaffar,False,
2225,FBMCL-00145,MASTER ZAHOOR SB JPS,MB NO.11573,True,2026-08-15,0,0,PAID,False,2026-08-15 10:08,Shujaat Muzaffar,False,
2226,FBMCL-00241,RAJA MUDASIR SB JPS,MB NO.11574,True,2026-08-15,0,0,PAID,False,2026-08-15 10:15,Shujaat Muzaffar,False,
2227,FBMCL-00263,QAISER SB JPS,MB NO.11576,True,2026-08-16,43332,43332,OPEN,False,2026-08-16 10:18,Shujaat Muzaffar,False,
2228,FBMCL-00263,QAISER SB JPS,MB NO.11565/2,True,2026-08-15,2313,2313,OPEN,False,2026-08-15 17:39,Shujaat Muzaffar,False,
2229,FBMCL-00197,RAOOF SB GHURAL,MB NO.11580,True,2026-08-16,1250,1250,OPEN,False,2026-08-16 10:46,Shujaat Muzaffar,False,
2230,FBMCL-00235,NASAR IQBAL BUTT SB JPS,MB NO.9990,True,2026-07-01,0,0,PAID,False,2026-07-01 11:31,Shujaat Muzaffar,False,
2231,FBMCL-00235,NASAR IQBAL BUTT SB JPS,MB NO.11582,True,2026-08-16,610,610,OPEN,False,2026-08-16 11:37,Shujaat Muzaffar,False,
2232,FBMCL-00241,RAJA MUDASIR SB JPS,MB NO.11510,True,2026-08-13,0,0,PAID,False,2026-08-13 11:38,Shujaat Muzaffar,False,
2233,FBMCL-00096,YOUSUF BUTT SB KOANKH,MB NO.11586/2,True,2026-08-16,0,0,PAID,False,2026-08-16 12:53,Shujaat Muzaffar,False,
2234,FBMCL-00262,GHULAM MURTZA SB KOANKH,MB NO.11596,True,2026-08-16,15800,15800,OPEN,False,2026-08-16 13:46,Shujaat Muzaffar,False,
2235,FBMCL-00010,BILAL SB KOANKH (QARI EJAZ SB),MB NO.11597,True,2026-08-16,9936,9936,OPEN,False,2026-08-16 13:48,Shujaat Muzaffar,False,
2236,FBMCL-00277,TANVEER SB DHINDA,MB NO.11600,True,2026-08-16,0,0,PAID,False,2026-08-16 13:55,Shujaat Muzaffar,False,
2237,FBMCL-00287,ASIF SB LOADER JPS,MB NO.11604,True,2026-08-16,0,0,PAID,False,2026-08-16 14:53,Shujaat Muzaffar,False,
2238,FBMCL-00301,FAUJI EJAZ AHMED SB JPS,MB NO.11608,True,2026-08-16,0,0,PAID,False,2026-08-16 16:11,Shujaat Muzaffar,False,
2239,FBMCL-00243,ALI SHAN SB RANGRA,MB NO.11619,True,2026-08-17,0,0,PAID,False,2026-08-17 08:58,Mohsan Javed,False,
2240,FBMCL-00035,EHSAN SB CHAUHAN,MB NO.11617,True,2026-08-17,0,0,PAID,False,2026-08-17 09:00,Mohsan Javed,False,
2241,FBMCL-00215,CH IMRAN SB JPS,MB NO.11618,True,2026-08-17,574,574,OPEN,False,2026-08-17 09:25,Mohsan Javed,False,
2242,FBMCL-00035,EHSAN SB CHAUHAN,MB NO.11623,True,2026-08-17,0,0,PAID,False,2026-08-17 09:33,Mohsan Javed,False,
2243,FBMCL-00205,IRFAN SB DEDHAR SHARIF,MB NO.11621,True,2026-08-17,7729.5,7729.5,OPEN,False,2026-08-17 09:34,Mohsan Javed,False,
2244,FBMCL-00282,MUHMMAD SHAREEF SB DHINDA,MB NO.11622,True,2026-08-16,9920,9920,OPEN,False,2026-08-16 22:21,Mohsan Javed,False,
2245,FBMCL-00160,MALIK MUHAMMAD ASHRAF SB JPS,MB NO.11625,True,2026-08-16,0,0,PAID,False,2026-08-16 22:24,Mohsan Javed,False,
2246,FBMCL-00096,YOUSUF BUTT SB KOANKH,MB NO.11626,True,2026-08-16,0,0,PAID,False,2026-08-16 22:40,Mohsan Javed,False,
2247,FBMCL-00275,UMER HAYAT SB AJNALA,MB NO.11609,True,2026-08-16,0,0,PAID,False,2026-08-16 22:44,Mohsan Javed,False,
2248,FBMCL-00038,TAHIR SB AJNALA,MB NO.11631,True,2026-08-17,0,0,PAID,False,2026-08-17 11:03,Mohsan Javed,False,
2249,FBMCL-00208,MIRZA YOUNUS SB JPS,MB NO.11633,True,2026-08-17,0,0,PAID,False,2026-08-17 11:14,Mohsan Javed,False,
2250,FBMCL-00035,EHSAN SB CHAUHAN,MB NO.11627,True,2026-08-17,0,0,PAID,False,2026-08-17 11:15,Mohsan Javed,False,
2251,FBMCL-00290,SHEHZAD KHAN SB DHINDA,MB NO.11634,True,2026-08-17,0,0,PAID,False,2026-08-17 11:54,Mohsan Javed,False,
2252,FBMCL-00300,SUFYAN BAIG SB HAJIA KOANKH,MB NO.11637,True,2026-08-17,0,0,PAID,False,2026-08-17 11:56,Mohsan Javed,False,
2253,FBMCL-00241,RAJA MUDASIR SB JPS,MB NO.11169/2,True,2026-08-04,430,430,OPEN,False,2026-08-04 12:57,Shujaat Muzaffar,False,
2254,FBMCL-00241,RAJA MUDASIR SB JPS,INV-20260819131333,False,2026-08-17,6200,6200,OPEN,False,2026-08-17 13:09,Shujaat Muzaffar,False,
2255,FBMCL-00150,MUHAMMAD AKRAM SB SANTAL SURKHIYAN,MB NO.11640,True,2026-08-17,31300,31300,OPEN,False,2026-08-17 13:14,Shujaat Muzaffar,False,
2256,FBMCL-00051,FAZAL ILAHI SB JALPUWAL,MB NO.11641,True,2026-08-17,30800,30800,OPEN,False,2026-08-17 13:15,Shujaat Muzaffar,False,
2257,FBMCL-00241,RAJA MUDASIR SB JPS,MB NO.11643,True,2026-08-17,4600,4600,OPEN,False,2026-08-17 13:26,Shujaat Muzaffar,False,
2258,FBMCL-00299,JHANGIR SB MALIKPUR,MB NO.11388,True,2026-08-10,366,366,OPEN,False,2026-08-10 13:28,Shujaat Muzaffar,False,
2259,FBMCL-00175,MUHAMMAD ARSHAD SB GHURAL (SUBEDAR QADAR DAD SB),MB NO.11655,True,2026-08-18,3500,3500,OPEN,False,2026-08-18 15:08,Admin,False,
2260,FBMCL-00186,SAFDAR ALI SB AJNALA (ASLAM CONT),MB NO.11663,True,2026-08-17,9166.400000000001,9166.400000000001,OPEN,False,2026-08-17 15:58,Admin,False,
2261,FBMCL-00103,RAJA AMEER HAMZA SB JPS,MB NO.11665,True,2026-08-18,400,400,OPEN,False,2026-08-18 15:59,Admin,False,
2262,FBMCL-00209,SHABEEB SB KANIYAN,MB NO.11666,True,2026-08-18,14000,14000,OPEN,False,2026-08-18 16:00,Admin,False,
2263,FBMCL-00244,SHAMRAIZ SB JAGUWAN,MB NO.11673,True,2026-08-18,39635,39635,OPEN,False,2026-08-18 16:11,Admin,False,
2264,FBMCL-00103,RAJA AMEER HAMZA SB JPS,MB NO.11674,True,2026-08-18,15400,15400,OPEN,False,2026-08-18 16:15,Admin,False,
2265,FBMCL-00273,KHAYAM SB MALIKPUR,MB NO.11676,True,2026-08-18,70959.20000000006,70959.20000000006,OPEN,False,2026-08-18 16:18,Admin,False,
2266,FBMCL-00191,MIRZA REHMAN SB JPS,MB NO.11679,True,2026-08-18,15300,15300,OPEN,False,2026-08-18 16:22,Admin,False,
2269,FBMCL-00260,HDC MEHAR MEHDI SB JPS,MB NO.11528/2,True,2026-08-13,2808,2808,OPEN,False,2026-08-13 09:39,Shujaat Muzaffar,False,
2270,FBMCL-00205,IRFAN SB DEDHAR SHARIF,MB NO.11697,True,2026-08-19,40003.69999999999,40003.69999999999,OPEN,False,2026-08-19 11:11,Admin,False,
2271,FBMCL-00277,TANVEER SB DHINDA,MB NO.11486,True,2026-08-12,2000,2000,OPEN,False,2026-08-12 11:46,Shujaat Muzaffar,False,
2272,FBMCL-00025,MALIK JAVED SB KHAN PUR KHOKHAR,MB NO.11109,True,2026-08-02,31800,31800,OPEN,False,2026-08-02 12:06,Shujaat Muzaffar,False,
2273,00446,AKAS AMJAD RANG PUR,MB NO.11681,True,2026-08-18,519093.1,519093.1,OPEN,False,2026-08-18 16:57,Shujaat Muzaffar,False,
2274,FBMCL-00290,SHEHZAD KHAN SB DHINDA,MB NO.11732,True,2026-08-21,20588.4,20588.4,OPEN,False,2026-08-21 11:54,Admin,False,
2275,FBMCL-00205,IRFAN SB DEDHAR SHARIF,MB NO.11742,True,2026-08-21,24375,24375,OPEN,False,2026-08-21 12:26,Shujaat Muzaffar,False,
2276,FBMCL-00138,FAROOQ KALAS SB PARSUWAL,MB NO.11754,True,2026-08-22,6425.8,6425.8,OPEN,False,2026-08-22 13:13,Mohsan Javed,False,
2278,FBMCL-00009,MAZHAR SB RUPOWAL DERA,MB NO.11758,True,2026-08-22,39500,39500,OPEN,False,2026-08-22 13:19,Mohsan Javed,False,
2279,FBMCL-00301,FAUJI EJAZ AHMED SB JPS,MB NO.111739/2,True,2026-08-20,14400,14400,OPEN,False,2026-08-20 13:48,Shujaat Muzaffar,False,
2280,FBMCL-00228,SHEHBAZ SB RANGPUR,MB NO.11772,True,2026-08-22,2200,2200,OPEN,False,2026-08-22 14:36,Shujaat Muzaffar,False,
2281,FBMCL-00282,MUHMMAD SHAREEF SB DHINDA,MB NO.11776,True,2026-08-22,600,600,OPEN,False,2026-08-22 14:49,Shujaat Muzaffar,False,
2282,FBMCL-00191,MIRZA REHMAN SB JPS,MB NO.11784,True,2026-08-23,30600,30600,OPEN,False,2026-08-23 15:34,Shujaat Muzaffar,False,
2283,FBMCL-00256,MUHAMMAD ARSHAD SB DHINDA POTAN WALAY,MB NO.11785,True,2026-08-23,31600,31600,OPEN,False,2026-08-23 15:39,Shujaat Muzaffar,False,
2284,FBMCL-00290,SHEHZAD KHAN SB DHINDA,MB NO.11684,True,2026-08-18,163461.4,163461.4,OPEN,False,2026-08-18 15:50,Shujaat Muzaffar,False,
2285,FBMCL-00302,MALIK ARSHAD SB JPS,MB NO.11791,True,2026-08-23,12414.6,12414.6,OPEN,False,2026-08-23 16:03,Shujaat Muzaffar,False,
2286,FBMCL-00186,SAFDAR ALI SB AJNALA (ASLAM CONT),MB NO.11793,True,2026-08-23,73344,73344,OPEN,False,2026-08-23 16:25,Shujaat Muzaffar,False,
2287,FBMCL-00150,MUHAMMAD AKRAM SB SANTAL SURKHIYAN,MB NO.11796,True,2026-08-23,125933.4000000003,125931.5000000003,OPEN,False,2026-08-23 16:35,Shujaat Muzaffar,False,
2288,FBMCL-00228,SHEHBAZ SB RANGPUR,MB NO.11799,True,2026-08-23,1000,1000,OPEN,False,2026-08-23 16:38,Mohsan Javed,False,
2289,FBMCL-00018,NAZAKAT MOBILE SHOP JPS,MB NO.11800,True,2026-08-23,3000,3000,OPEN,False,2026-08-23 16:40,Mohsan Javed,False,
2290,FBMCL-00302,MALIK ARSHAD SB JPS,MB NO.11804,True,2026-08-23,790,790,OPEN,False,2026-08-23 17:09,Shujaat Muzaffar,False,
2291,FBMCL-00277,TANVEER SB DHINDA,MB NO.11805,True,2026-08-23,7450,7450,OPEN,False,2026-08-23 17:09,Shujaat Muzaffar,False,
2292,FBMCL-00290,SHEHZAD KHAN SB DHINDA,MB NO.11812,True,2026-08-24,2660,2660,OPEN,False,2026-08-24 13:23,Shujaat Muzaffar,False,
2293,FBMCL-00103,RAJA AMEER HAMZA SB JPS,MB NO.11820,True,2026-08-24,32900,32900,OPEN,False,2026-08-24 13:34,Shujaat Muzaffar,False,
2294,FBMCL-00013,JAWAD SB AJNALA JPS,MB NO.11822,True,2026-08-24,750,750,OPEN,False,2026-08-24 13:43,Shujaat Muzaffar,False,
2295,FBMCL-00296,MALIK IQBAL SB MALIKPUR,MB NO.11823,True,2026-08-24,5905.2,5905.2,OPEN,False,2026-08-24 13:45,Shujaat Muzaffar,False,
2296,FBMCL-00260,HDC MEHAR MEHDI SB JPS,MB NO.11825,True,2026-08-24,3477.3,3477.3,OPEN,False,2026-08-24 14:09,Shujaat Muzaffar,False,
2297,FBMCL-00302,MALIK ARSHAD SB JPS,MB NO.11828,True,2026-08-24,592.5,592,OPEN,False,2026-08-24 14:32,Shujaat Muzaffar,False,
2298,FBMCL-00302,MALIK ARSHAD SB JPS,MB NO.11830,True,2026-08-24,1400,1400,OPEN,False,2026-08-24 15:23,Shujaat Muzaffar,False,
2299,00446,AKAS AMJAD RANG PUR,MB NO.11836,True,2026-08-24,31300,31300,OPEN,False,2026-08-24 16:54,Shujaat Muzaffar,False,
2300,FBMCL-00296,MALIK IQBAL SB MALIKPUR,MB NO.11842,True,2026-08-25,10438.4,10438.4,OPEN,False,2026-08-25 11:03,Mohsan Javed,False,
2301,FBMCL-00290,SHEHZAD KHAN SB DHINDA,MB NO.11840,True,2026-08-25,11055.2,0,PAID,False,2026-08-25 11:09,Mohsan Javed,False,
2302,FBMCL-00178,ZEESHAN ATTARI SB JPS,MB NO.11099/2,True,2026-08-01,169262.0999999998,169262.0999999998,OPEN,False,2026-08-01 10:07,Shujaat Muzaffar,False,
2303,FBMCL-00178,ZEESHAN ATTARI SB JPS,MB NO.11273,True,2026-08-06,29183.7,29183.7,OPEN,False,2026-08-06 12:09,Shujaat Muzaffar,False,
2304,FBMCL-00178,ZEESHAN ATTARI SB JPS,MB NO.11170,True,2026-08-04,600,600,OPEN,False,2026-08-04 12:27,Shujaat Muzaffar,False,
2305,FBMCL-00178,ZEESHAN ATTARI SB JPS,INV-20260825123237,False,2026-08-25,58745.6,58741.3,OPEN,False,2026-08-25 12:31,Shujaat Muzaffar,False,
2306,FBMCL-00008,TALHA SB JPS,MB NO.11854,True,2026-08-25,12400,12400,OPEN,False,2026-08-25 12:52,Mohsan Javed,False,
2307,FBMCL-00256,MUHAMMAD ARSHAD SB DHINDA POTAN WALAY,MB NO.11862,True,2026-08-25,31600,31600,OPEN,False,2026-08-25 11:40,Mohsan Javed,False,
2308,FBMCL-00051,FAZAL ILAHI SB JALPUWAL,MB NO.11870/2,True,2026-08-25,968.4,968.4,OPEN,False,2026-08-25 11:55,Mohsan Javed,False,
2309,FBMCL-00191,MIRZA REHMAN SB JPS,MB NO.11872,True,2026-08-25,15300,15300,OPEN,False,2026-08-25 11:58,Mohsan Javed,False,
2310,FBMCL-00215,CH IMRAN SB JPS,MB NO.11875,True,2026-08-25,3200,3200,OPEN,False,2026-08-25 12:02,Mohsan Javed,False,
2311,FBMCL-00080,ADNAN SB DOIYAN,MB NO.11879,True,2026-08-27,38250,38250,OPEN,False,2026-08-27 12:11,Mohsan Javed,False,
2312,FBMCL-00268,SHAHZAIB FAROOQ SB ALAM GARH,MB NO.11892,True,2026-08-27,31200,31200,OPEN,False,2026-08-27 12:23,Mohsan Javed,False,
2313,FBMCL-00177,MUHAMMAD ARIF BAIG SB KOANKH (KAMRAN NUMBERDAR),MB NO.11908,True,2026-08-27,21359,21359,OPEN,False,2026-08-27 10:38,Mohsan Javed,False,
2314,FBMCL-00290,SHEHZAD KHAN SB DHINDA,MB NO.11909,True,2026-08-28,760,760,OPEN,False,2026-08-28 10:44,Mohsan Javed,False,
