id,client_id,client_name,amount,amount_minor,method,payment_type,source_type,source_id,manual_bill_no,auto_bill_no,photo_path,photo_url,date_posted,is_void,note,discount,discount_minor,discount_reason,bank_name,account_name,account_no,payment_account_id,idempotency_key,idempotency_payload_hash,revision,created_by,updated_by,created_at,updated_at
1,1,ABDUL AZEEM SB KHAN PUR KHOKHAR,832000,83200000,Bank,Receipt,,,MB NO.None,SB-CP-1000,,,2026-03-09T09:33:17.491855,False,,0,0,,ALFALAH,RIZWAN SB,1234.0,,,,1,,,2026-08-17T14:03:45.359219,2026-08-17T14:03:45.359232
2,8,TALHA SB JPS,50000,5000000,Cash,Receipt,,,,SB-CP-1001,,,2026-03-09T15:19:04.577936,False,,0,0,,,,,,,,1,,,2026-08-17T14:03:45.360813,2026-08-17T14:03:45.360820
3,11,GUL SHER SB CHAK BEHRAM,270640,27064000,Cash,Receipt,,,,SB-CP-1002,,,2026-03-09T17:04:45.814210,False,,0,0,,,,,,,,1,,,2026-08-17T14:03:45.361935,2026-08-17T14:03:45.361941
4,25,MALIK JAVED SB KHAN PUR KHOKHAR,150000,15000000,Cash,Receipt,,,MB NO.6707,SB-CP-1003,,,2026-03-10T11:53:11.514785,False,,0,0,,,,,,,,1,,,2026-08-17T14:03:45.363049,2026-08-17T14:03:45.363056
5,44,NADEEM SB DHINDA,-7152,-715200,Cash,Refund,,,,SB-CP-1004,,,2026-03-10T15:36:01.319042,False,AHMED CHAUGATH,0,0,,,,,,,,2,,,2026-08-17T14:03:45.364177,2026-08-17T14:10:33.963620
6,47,HAJI IQBAL SB JPS,1000000,100000000,Bank,Receipt,,,,SB-CP-1005,,,2026-03-10T16:54:42.752712,False,,0,0,,BANK ALHABIB,ADNAN AHMED,2607.0,,,,1,,,2026-08-17T14:03:45.365212,2026-08-17T14:03:45.365218
7,17,ASHRAF SB AJNALA(SALEEM CONT),30000,3000000,Cash,Receipt,,,,SB-CP-1006,,,2026-03-12T13:10:30.937235,False,,0,0,,,,,,,,1,,,2026-08-17T14:03:45.366071,2026-08-17T14:03:45.366077
9,47,HAJI IQBAL SB JPS,1000000,100000000,Bank,Receipt,,,,SB-CP-1008,,,2026-03-12T15:29:00,False,,0,0,,AL HABIB,ADNAN AHMED,2607.0,,,,1,,,2026-08-17T14:03:45.367065,2026-08-17T14:03:45.367071
10,66,SUBEDAR MUHAMMAD ARSHAD SB KHANPUR KHOKHAR,457400,45740000,Cash,Receipt,,,,SB-CP-1009,,,2026-03-12T16:10:37.621845,False,,0,0,,,,,,,,1,,,2026-08-17T14:03:45.367977,2026-08-17T14:03:45.367982
11,16,MALIK ANSAR SB KHORI,-1000,-100000,Cash,Refund,,,MB NO.6792,SB-CP-1010,,,2026-03-14T10:58:00.411960,False,MARBLE FILLING COLOR,0,0,,,,,,,,2,,,2026-08-17T14:03:45.368807,2026-08-17T14:10:33.964545
12,54,RASHID SB RUPOWAL,220000,22000000,Bank,Receipt,,,,SB-CP-1011,,,2026-03-14T11:05:59.919130,False,,0,0,,ALFALAH,FBM,37737.0,,,,1,,,2026-08-17T14:03:45.369924,2026-08-17T14:03:45.369930
13,47,HAJI IQBAL SB JPS,500000,50000000,Bank,Receipt,,,,SB-CP-1012,,,2026-03-14T12:51:23.668897,False,,0,0,,BANK ALHABIB,ADNAN AHMED,2607.0,,,,1,,,2026-08-17T14:03:45.370975,2026-08-17T14:03:45.370981
14,48,RANA ZAHEER SB JPS,-100,-10000,Cash,Refund,,,,SB-CP-1013,,,2026-03-14T13:20:39.620114,False,,0,0,,,,,,,,2,,,2026-08-17T14:03:45.371820,2026-08-17T14:10:33.964610
15,10,BILAL SB KOANKH (QARI EJAZ SB),200000,20000000,Bank,Receipt,,,,SB-CP-1014,,,2026-03-14T14:49:48.099544,False,,0,0,,MCB,RIZWAN SB,5789.0,,,,1,,,2026-08-17T14:03:45.372646,2026-08-17T14:03:45.372652
16,10,BILAL SB KOANKH (QARI EJAZ SB),100000,10000000,Cash,Receipt,,,,SB-CP-1015,,,2026-03-14T14:53:20.800698,False,9-3-26,0,0,,,,,,,,1,,,2026-08-17T14:03:45.373449,2026-08-17T14:03:45.373454
17,10,BILAL SB KOANKH (QARI EJAZ SB),300000,30000000,Bank,Receipt,,,,SB-CP-1016,,,2026-03-14T15:51:15.261952,False,10-3-26,0,0,,MCB,RIZWAN SB,5789.0,,,,1,,,2026-08-17T14:03:45.374412,2026-08-17T14:03:45.374419
18,54,RASHID SB RUPOWAL,2000,200000,Cash,Receipt,,,,SB-CP-1017,,,2026-03-14T15:24:50.991037,False,ahmed,0,0,,,,,,,,1,,,2026-08-17T14:03:45.375249,2026-08-17T14:03:45.375254
19,85,MEHAR LIAQAT SB TEA STALL JPS,50000,5000000,Cash,Receipt,,,,SB-CP-1018,,,2026-03-14T15:52:32.436084,False,,0,0,,,,,,,,1,,,2026-08-17T14:03:45.376117,2026-08-17T14:03:45.376122
20,66,SUBEDAR MUHAMMAD ARSHAD SB KHANPUR KHOKHAR,0,0,Cash,Waive-Off,,,,SB-CP-1019,,,2026-03-15T10:32:53.475272,False,,1100,110000,,,,,,,,2,,,2026-08-17T14:03:45.376937,2026-08-17T14:10:33.964654
21,1,ABDUL AZEEM SB KHAN PUR KHOKHAR,1000,100000,Cash,Receipt,,,,SB-CP-1020,,,2026-03-13T00:00:00,False,,200,20000,,,,,,,,1,,,2026-08-17T14:03:45.377889,2026-08-17T14:03:45.377894
22,11,GUL SHER SB CHAK BEHRAM,-2000,-200000,Cash,Refund,,,,SB-CP-1021,,,2026-03-11T00:00:00,False,,0,0,,,,,,,,2,,,2026-08-17T14:03:45.378814,2026-08-17T14:10:33.964690
23,103,RAJA AMEER HAMZA SB JPS,29400,2940000,Cash,Receipt,,,,SB-CP-1022,,,2026-03-16T11:33:14.184446,False,,0,0,,,,,,,,1,,,2026-08-17T14:03:45.379667,2026-08-17T14:03:45.379672
24,104,WAHEED SB RUPOWAL (SEP CLIENT),31700,3170000,Cash,Receipt,,,,SB-CP-1023,,,2026-03-16T12:19:45.976385,False,,180,18000,TILE DISCOUNT,,,,,,,1,,,2026-08-17T14:03:45.380638,2026-08-17T14:03:45.380644
26,106,WALEED ULLAH SB DILAWAR PUR,40500,4050000,Cash,Receipt,,,,SB-CP-1025,,,2026-03-16T15:18:00.388598,False,,108,10800,,,,,,,,1,,,2026-08-17T14:03:45.381946,2026-08-17T14:03:45.381952
27,90,MAZHAR BUTT SB JPS,-16800,-1680000,Cash,Refund,,,,SB-CP-1026,,,2026-03-16T15:42:46.642330,False,WAQAS ACCOUNT BANK TRANSFER,0,0,,,,,,,,2,,,2026-08-17T14:03:45.382921,2026-08-17T14:10:33.964721
28,96,YOUSUF BUTT SB KOANKH,500,50000,Cash,Receipt,,,,SB-CP-1027,,,2026-03-16T17:17:08.228979,False,RENT,0,0,,,,,,,,1,,,2026-08-17T14:03:45.383761,2026-08-17T14:03:45.383766
29,27,EHSAN ULLAH SB PERO SHAH,40000,4000000,Cash,Receipt,,,,SB-CP-1028,,,2026-03-16T00:00:00,False,,0,0,,,,,,,,1,,,2026-08-17T14:03:45.384687,2026-08-17T14:03:45.384693
30,110,NAZIM SB JPS,7350,735000,Cash,Receipt,,,,SB-CP-1029,,,2026-03-17T09:59:55.920230,False,,0,0,,,,,,,,1,,,2026-08-17T14:03:45.385538,2026-08-17T14:03:45.385543
31,52,GHULAM SARWAR SB JPS(HAJI JAVED SB),-650,-65000,Cash,Refund,,,,SB-CP-1030,,,2026-03-17T10:13:00.044609,False,HAJI AHMED RENT,0,0,,,,,,,,2,,,2026-08-17T14:03:45.386530,2026-08-17T14:10:33.964762
32,78,ASIF BHAI MALAK PUR(MADNI BHAI),50000,5000000,Cash,Receipt,,,,SB-CP-1031,,,2026-03-17T10:48:52.985111,False,COMMITTEE CUTTING,0,0,,,,,,,,1,,,2026-08-17T14:03:45.387596,2026-08-17T14:03:45.387602
33,53,MUHAMMAD ALI SB MULL,50000,5000000,Cash,Receipt,,,MB NO.6874,SB-CP-1032,,,2026-03-17T12:44:21.984514,False,,0,0,,,,,,,,1,,,2026-08-17T14:03:45.388446,2026-08-17T14:03:45.388452
34,113,MUHAMMAD SALEEM SB RUPOWAL,30200,3020000,Cash,Receipt,,,,SB-CP-1033,,,2026-03-17T13:48:08.430607,False,,0,0,,,,,,,,1,,,2026-08-17T14:03:45.389234,2026-08-17T14:03:45.389238
35,108,TARIQ BUTT SB JPS,-4500,-450000,Cash,Refund,,,,SB-CP-1034,,,2026-03-17T14:47:11.681605,False,,25,2500,,,,,,,,2,,,2026-08-17T14:03:45.390073,2026-08-17T14:10:33.964796
36,87,ARIF SB JPS(HAJI ASHFAQ S),64000,6400000,Cash,Receipt,,,,SB-CP-1035,,,2026-03-17T16:15:32.566151,False,,787,78700,,,,,,,,1,,,2026-08-17T14:03:45.391085,2026-08-17T14:03:45.391090
37,105,DR EHSAN SB DHINDA,13586,1358600,Bank,Receipt,,,,SB-CP-1036,,,2026-03-17T16:18:29.834919,False,,0.2,20,,ALFALAH,FBM,37737.0,,,,1,,,2026-08-17T14:03:45.391955,2026-08-17T14:03:45.391960
38,55,FIYAZ BAIG SB KOANKH,2200,220000,Cash,Receipt,,,,SB-CP-1037,,,2026-03-17T16:19:04.698547,False,,88,8800,,,,,,,,1,,,2026-08-17T14:03:45.393031,2026-08-17T14:03:45.393037
39,5,GHULAM ABBAS SB HAZARA MUGHLAN,55000,5500000,Bank,Receipt,,,,SB-CP-1038,,,2026-03-07T00:00:00,False,,0,0,,BANK ALHABIB,ADNAN AHMED,2607.0,,,,1,,,2026-08-17T14:03:45.394005,2026-08-17T14:03:45.394011
40,11,GUL SHER SB CHAK BEHRAM,780,78000,Cash,Receipt,,,,SB-CP-1039,,,2026-03-16T00:00:00,False,,10,1000,,,,,,,,1,,,2026-08-17T14:03:45.394959,2026-08-17T14:03:45.394965
41,109,IMRAN SB KHATANA,1250,125000,Cash,Receipt,,,,SB-CP-1040,,,2026-03-08T00:00:00,False,,0,0,,,,,,,,1,,,2026-08-17T14:03:45.395806,2026-08-17T14:03:45.395812
42,62,MUFTI YAQOOB ALAM SB KOANKH,10000,1000000,Cash,Receipt,,,,SB-CP-1041,,,2026-03-17T16:33:51.620895,False,IN OFFFICE,0,0,,,,,,,,1,,,2026-08-17T14:03:45.396825,2026-08-17T14:03:45.396831
43,30,MUHAMMAD ASHRAF SB AJNALA,26920,2692000,Cash,Receipt,,,,SB-CP-1042,,,2026-02-16T00:00:00,False,,0,0,,,,,,,,1,,,2026-08-17T14:03:45.397780,2026-08-17T14:03:45.397786
44,30,MUHAMMAD ASHRAF SB AJNALA,0,0,Cash,Waive-Off,,,,SB-CP-1043,,,2026-03-17T16:56:33.035591,False,,2780,278000,1 BAG RETURNED AND 1400 DISCOUNT,,,,,,,2,,,2026-08-17T14:03:45.398720,2026-08-17T14:10:33.964830
45,60,MUNAZAR HUSSAIN SB JPS(CONT),7847,784700,Cash,Receipt,,,MB NO.6947,SB-CP-1044,,,2026-03-22T00:00:00,False,,0,0,,,,,,,,1,,,2026-08-17T14:03:45.399555,2026-08-17T14:03:45.399561
46,100,HAJI YOUSUF BUTT JPS,26000,2600000,Cash,Receipt,,,MB NO.6949,SB-CP-1045,,,2026-03-24T12:30:48.858717,False,,0,0,,,,,,,,1,,,2026-08-17T14:03:45.400515,2026-08-17T14:03:45.400521
47,21,RANA ZAHID SB JPS,60000,6000000,Cash,Receipt,,,MB NO.6908/2,SB-CP-1046,,,2026-03-19T00:00:00,False,,0,0,,,,,,,,1,,,2026-08-17T14:03:45.401302,2026-08-17T14:03:45.401307
48,16,MALIK ANSAR SB KHORI,100000,10000000,Bank,Receipt,,,,SB-CP-1047,,,2026-03-23T00:00:00,False,,0,0,,MCB,RIZWAN SB,5789.0,,,,1,,,2026-08-17T14:03:45.402115,2026-08-17T14:03:45.402120
49,22,MALIK ILYAS SB JPS,20000,2000000,Cash,Receipt,,,,SB-CP-1048,,,2026-03-24T14:52:30.726602,False,CASH IN OFFICE,0,0,,,,,,,,1,,,2026-08-17T14:03:45.403036,2026-08-17T14:03:45.403041
50,135,BASHEER SHAH SB GHURAIRA( KAKU SHAH),200000,20000000,Cash,Receipt,,,MB NO.6956/2,SB-CP-1049,,,2026-03-24T16:13:07.713741,False,,0,0,,,,,,,,1,,,2026-08-17T14:03:45.404004,2026-08-17T14:03:45.404010
51,137,AHMED SB DHINDA,20000,2000000,Cash,Receipt,,,MB NO.6962,SB-CP-1050,,,2026-03-24T00:00:00,False,,0,0,,,,,,,,1,,,2026-08-17T14:03:45.404996,2026-08-17T14:03:45.405002
52,44,NADEEM SB DHINDA,33602,3360200,Cash,Receipt,,,MB NO.6962/2,SB-CP-1051,,,2026-03-24T00:00:00,False,SHIFTED TO AHMED DHINDA ACOOUNT,0,0,,,,,,,,1,,,2026-08-17T14:03:45.405853,2026-08-17T14:03:45.405859
53,136,MUZAFFAR SB RUPOWAL,27980,2798000,Cash,Receipt,,,MB NO.6968/2,SB-CP-1052,,,2026-03-25T16:35:59.605626,False,,0,0,,,,,,,,1,,,2026-08-17T14:03:45.406735,2026-08-17T14:03:45.406740
54,65,SAJID BAIG MAKKI KOANKH,440,44000,Cash,Receipt,,,MB NO.6984,SB-CP-1053,,,2026-03-26T09:58:58.385225,False,ZERO CHIPS RETURN,0,0,,,,,,,,1,,,2026-08-17T14:03:45.407697,2026-08-17T14:03:45.407702
55,65,SAJID BAIG MAKKI KOANKH,200,20000,Cash,Receipt,,,MB NO.6984/2,SB-CP-1054,,,2026-03-26T10:00:58.326206,False,RENT DISCOUNT ZERO CHIPS RENT FROM BILL NO 6521,0,0,,,,,,,,1,,,2026-08-17T14:03:45.408533,2026-08-17T14:03:45.408538
56,72,EHSAN ATTARI SB JPS,39600,3960000,Cash,Receipt,,,MB NO.6985,SB-CP-1055,,,2026-03-26T10:35:09.577809,False,,400,40000,DG/KOHAT RATE DIFRENCE,,,,,,,1,,,2026-08-17T14:03:45.409296,2026-08-17T14:03:45.409299
57,138,FAROOQ KALAS SB PARSUWAL,131500,13150000,Cash,Receipt,,,,SB-CP-1056,,,2026-02-22T00:00:00,False,CASH IN OFFICE ADNAN SB,0,0,,,,,,,,1,,,2026-08-17T14:03:45.410110,2026-08-17T14:03:45.410114
58,119,HAFIZ MUHAMMAD ARSHAD SB AJANALA (PERSONAL),-10000,-1000000,Cash,Refund,,,,SB-CP-1057,,,2026-03-19T00:00:00,False,,0,0,,,,,,,,2,,,2026-08-17T14:03:45.411083,2026-08-17T14:10:33.964868
59,102,JABBAR SB BHUCH,23000,2300000,Cash,Receipt,,,,SB-CP-1058,,,2026-03-19T00:00:00,False,RECEIVE BY RIZWAN SB,0,0,,,,,,,,1,,,2026-08-17T14:03:45.411952,2026-08-17T14:03:45.411957
60,21,RANA ZAHID SB JPS,50000,5000000,Cash,Receipt,,,MB NO.6993/2,SB-CP-1059,,,2026-03-26T16:06:01.622549,False,,0,0,,,,,,,,1,,,2026-08-17T14:03:45.412756,2026-08-17T14:03:45.412761
61,71,HAJI WARIS SB JPS,26500,2650000,Cash,Receipt,,,,SB-CP-1060,,,2026-03-28T14:59:51.543640,False,,36,3600,,,,,,,,1,,,2026-08-17T14:03:45.413563,2026-08-17T14:03:45.413568
62,145,MASTER ZAHOOR SB JPS,787000,78700000,Cash,Receipt,,,MB NO.6997/2,SB-CP-1061,,,2026-03-27T00:00:00,False,,900,90000,,,,,,,,1,,,2026-08-17T14:03:45.414553,2026-08-17T14:03:45.414559
63,150,MUHAMMAD AKRAM SB SANTAL SURKHIYAN,57000,5700000,Cash,Receipt,,,MB NO.5692/2,SB-CP-1062,,,2026-03-28T16:57:50.923619,False,,100,10000,,,,,,,,1,,,2026-08-17T14:03:45.415394,2026-08-17T14:03:45.415399
64,150,MUHAMMAD AKRAM SB SANTAL SURKHIYAN,200000,20000000,Bank,Receipt,,,,SB-CP-1063,,,2026-03-11T00:00:00,False,,0,0,,AL FALAH,FBM,37737.0,,,,1,,,2026-08-17T14:03:45.416189,2026-08-17T14:03:45.416194
65,149,NAEEM SB KHANPUR KHOKHAR,145000,14500000,Cash,Receipt,,,MB NO.7026/2,SB-CP-1064,,,2026-03-28T00:00:00,False,RECEIVED BY HAFIZ SHOAIB,0,0,,,,,,,,1,,,2026-08-17T14:03:45.417133,2026-08-17T14:03:45.417138
66,1,ABDUL AZEEM SB KHAN PUR KHOKHAR,34626,3462600,Bank,Receipt,,,MB NO.7036/2,SB-CP-1065,,,2026-03-29T17:25:55.492362,False,,0,0,,AL FALAH,FBM,37737.0,,,,1,,,2026-08-17T14:03:45.418149,2026-08-17T14:03:45.418192
67,130,REHMAN SB AJNALA(WAJID BROTHER),2400,240000,Cash,Receipt,,,MB NO.5786,SB-CP-1066,,,2026-02-06T00:00:00,False,,0,0,,,,,,,,1,,,2026-08-17T14:03:45.419091,2026-08-17T14:03:45.419096
68,48,RANA ZAHEER SB JPS,0,0,Cash,Waive-Off,,,,SB-CP-1067,,,2026-03-30T13:03:27.757581,False,,100,10000,,,,,,,,2,,,2026-08-17T14:03:45.419930,2026-08-17T14:10:33.964897
69,158,JAMEEL SB JAGWAN,0,0,Cash,Waive-Off,,,,SB-CP-1068,,,2026-03-30T17:14:32.869860,False,,250,25000,BOOKING DISCOUNT,,,,,,,2,,,2026-08-17T14:03:45.420904,2026-08-17T14:10:33.964933
70,14,RAJA ADEEL SB,18500,1850000,Cash,Receipt,,,,SB-CP-1069,,,2026-03-30T00:00:00,False,,260,26000,,,,,,,,1,,,2026-08-17T14:03:45.421880,2026-08-17T14:03:45.421886
71,53,MUHAMMAD ALI SB MULL,64000,6400000,Cash,Receipt,,,,SB-CP-1070,,,2026-03-31T13:57:05.384223,False,,0,0,,,,,,,,1,,,2026-08-17T14:03:45.422825,2026-08-17T14:03:45.422831
72,48,RANA ZAHEER SB JPS,-250000,-25000000,Cash,Refund,,,MB NO.7105,SB-CP-1071,,,2026-03-31T15:49:24.205339,False,,0,0,,,,,,,,2,,,2026-08-17T14:03:45.423672,2026-08-17T14:10:33.964961
73,97,HAFIZ GHULAM HUSSAIN JPS,25000,2500000,Cash,Receipt,,,MB NO.7110,SB-CP-1072,,,2026-03-31T17:31:57.383730,False,,0,0,,,,,,,,1,,,2026-08-17T14:03:45.424497,2026-08-17T14:03:45.424502
74,154,MUHAMMAD ABID SB KOANKH,500000,50000000,Bank,Receipt,,,MB NO.7113,SB-CP-1073,,,2026-03-31T00:00:00,False,,0,0,,AL HABIB,ADNAN SB,2607.0,,,,1,,,2026-08-17T14:03:45.425277,2026-08-17T14:03:45.425281
75,47,HAJI IQBAL SB JPS,300000,30000000,Bank,Receipt,,,,SB-CP-1074,,,2026-04-01T13:41:21.886552,False,,0,0,,AL FALAH,FBM,37737.0,,,,1,,,2026-08-17T14:03:45.426099,2026-08-17T14:03:45.426103
76,47,HAJI IQBAL SB JPS,10000,1000000,Cash,Receipt,,,,SB-CP-1075,,,2026-04-01T13:42:12.336366,False,,0,0,,,,,,,,1,,,2026-08-17T14:03:45.426958,2026-08-17T14:03:45.426962
77,28,MIRZA AMJAD JAVED SB AJNALA SITE,100000,10000000,Cash,Receipt,,,MB NO.7114/2,SB-CP-1076,,,2026-03-31T00:00:00,False,,0,0,,,,,,,,1,,,2026-08-17T14:03:45.427900,2026-08-17T14:03:45.427907
78,130,REHMAN SB AJNALA(WAJID BROTHER),50000,5000000,Bank,Receipt,,,MB NO.7142,SB-CP-1077,,,2026-04-01T16:22:02.334833,False,,0,0,,AL FALAH,FBM,37737.0,,,,1,,,2026-08-17T14:03:45.429225,2026-08-17T14:03:45.429231
79,153,RAJA ALTAF SB JPS,370000,37000000,Cash,Receipt,,,MB NO.7149,SB-CP-1078,,,2026-04-02T10:27:17.332719,False,,0,0,,,,,,,,1,,,2026-08-17T14:03:45.430066,2026-08-17T14:03:45.430072
80,154,MUHAMMAD ABID SB KOANKH,500000,50000000,Cash,Receipt,,,MB NO.7147,SB-CP-1079,,,2026-04-01T00:00:00,False,,0,0,,,,,,,,1,,,2026-08-17T14:03:45.431093,2026-08-17T14:03:45.431098
81,66,SUBEDAR MUHAMMAD ARSHAD SB KHANPUR KHOKHAR,25500,2550000,Cash,Receipt,,,MB NO.7144/3,SB-CP-1080,,,2026-04-02T11:00:31.747733,False,79 RUPES CHOGATH REMAING 0.3 INCLUDED IN DISCOUT,1082,108200,,,,,,,,1,,,2026-08-17T14:03:45.431944,2026-08-17T14:03:45.431949
82,159,MUHAMMAD ASGHAR SB DEDHAR SHARIF,6000,600000,Cash,Receipt,,,MB NO.7133/2,SB-CP-1081,,,2026-04-02T11:39:04.038840,False,,0,0,,,,,,,,1,,,2026-08-17T14:03:45.432959,2026-08-17T14:03:45.432965
83,51,FAZAL ILAHI SB JALPUWAL,400000,40000000,Bank,Receipt,,,MB NO.7164,SB-CP-1082,,,2026-04-02T15:28:48.881659,False,,0,0,,MCB,ADNAN SB,7761.0,,,,1,,,2026-08-17T14:03:45.433861,2026-08-17T14:03:45.433866
84,125,HAFIZ TAUSEEF SB AJNALA,8860,886000,Cash,Receipt,,,MB NO.7041/3,SB-CP-1083,,,2026-04-02T16:14:39.757342,False,,0,0,,,,,,,,1,,,2026-08-17T14:03:45.434759,2026-08-17T14:03:45.434765
85,119,HAFIZ MUHAMMAD ARSHAD SB AJANALA (PERSONAL),-15000,-1500000,Cash,Refund,,,,SB-CP-1084,,,2026-03-26T00:00:00,False,PAID TO PLUMBER,0,0,,,,,,,,2,,,2026-08-17T14:03:45.435574,2026-08-17T14:10:33.964987
86,119,HAFIZ MUHAMMAD ARSHAD SB AJANALA (PERSONAL),45000,4500000,Cash,Receipt,,,,SB-CP-1085,,,2026-03-30T00:00:00,False,,0,0,,,,,,,,1,,,2026-08-17T14:03:45.436381,2026-08-17T14:03:45.436387
87,119,HAFIZ MUHAMMAD ARSHAD SB AJANALA (PERSONAL),-25000,-2500000,Cash,Refund,,,,SB-CP-1086,,,2026-03-30T00:00:00,False,PAID TO TARIQ MASOON,0,0,,,,,,,,2,,,2026-08-17T14:03:45.437375,2026-08-17T14:10:33.965021
88,119,HAFIZ MUHAMMAD ARSHAD SB AJANALA (PERSONAL),50000,5000000,Cash,Receipt,,,,SB-CP-1087,,,2026-04-01T00:00:00,False,,0,0,,,,,,,,1,,,2026-08-17T14:03:45.438155,2026-08-17T14:03:45.438224
89,119,HAFIZ MUHAMMAD ARSHAD SB AJANALA (PERSONAL),-20000,-2000000,Cash,Refund,,,,SB-CP-1088,,,2026-04-01T00:00:00,False,PAID TO MASOON,0,0,,,,,,,,2,,,2026-08-17T14:03:45.439657,2026-08-17T14:10:33.965048
90,119,HAFIZ MUHAMMAD ARSHAD SB AJANALA (PERSONAL),-30000,-3000000,Cash,Refund,,,,SB-CP-1089,,,2026-04-02T16:22:49.702228,False,PAID TO TARIQ MASOON,0,0,,,,,,,,2,,,2026-08-17T14:03:45.440555,2026-08-17T14:10:33.965079
91,119,HAFIZ MUHAMMAD ARSHAD SB AJANALA (PERSONAL),-10000,-1000000,Cash,Refund,,,,SB-CP-1090,,,2026-04-02T16:33:40.428646,False,PAID TO KHALID PLUMBER,0,0,,,,,,,,2,,,2026-08-17T14:03:45.441549,2026-08-17T14:10:33.965105
92,119,HAFIZ MUHAMMAD ARSHAD SB AJANALA (PERSONAL),30000,3000000,Cash,Receipt,,,,SB-CP-1091,,,2026-04-03T15:38:15.835655,False,,0,0,,,,,,,,1,,,2026-08-17T14:03:45.442435,2026-08-17T14:03:45.442441
93,119,HAFIZ MUHAMMAD ARSHAD SB AJANALA (PERSONAL),-30000,-3000000,Cash,Refund,,,,SB-CP-1092,,,2026-04-03T15:39:21.388719,False,PAID TO TARIQ MASOON,0,0,,,,,,,,2,,,2026-08-17T14:03:45.443426,2026-08-17T14:10:33.965132
94,168,ABDUL REHMAN SB JPS(ZAFAR CONT),100000,10000000,Cash,Receipt,,,MB NO.6922,SB-CP-1093,,,2026-03-20T00:00:00,False,,0,0,,,,,,,,1,,,2026-08-17T14:03:45.444206,2026-08-17T14:03:45.444210
96,16,MALIK ANSAR SB KHORI,-2700,-270000,Cash,Refund,,,MB NO.7177,SB-CP-1095,,,2026-04-03T16:21:50.919666,False,GLU FROM FATEHPUR+PETROL+LOADER RENT,0,0,,,,,,,,2,,,2026-08-17T14:03:45.445191,2026-08-17T14:10:33.965160
97,154,MUHAMMAD ABID SB KOANKH,300000,30000000,Bank,Receipt,,,MB NO.7179,SB-CP-1096,,,2026-04-03T16:34:07.235003,False,,0,0,,AL HABIB,ADNAN SB,2607.0,,,,1,,,2026-08-17T14:03:45.446059,2026-08-17T14:03:45.446064
98,158,JAMEEL SB JAGWAN,381000,38100000,Cash,Receipt,,,MB NO.7201/3,SB-CP-1097,,,2026-04-04T15:15:05.659955,False,,214,21400,,,,,,,,1,,,2026-08-17T14:03:45.446998,2026-08-17T14:03:45.447004
99,132,TUFAIL ABBAS SB RANGPUR,-5700,-570000,Cash,Refund,,,MB NO.6686,SB-CP-1098,,,2026-04-04T15:24:49.415597,False,4 FT KOHAT PAYMENT QASIM PARSUWAL,0,0,,,,,,,,2,,,2026-08-17T14:03:45.447924,2026-08-17T14:10:33.965185
100,152,GULZAAR SB GHURAIRA,38000,3800000,Cash,Receipt,,,MB NO.7203,SB-CP-1099,,,2026-04-04T15:49:29.632756,False,RECEIVE BY ZAIN SB FT SHOP,239,23900,,,,,,,,1,,,2026-08-17T14:03:45.448762,2026-08-17T14:03:45.448767
101,48,RANA ZAHEER SB JPS,1520,152000,Cash,Receipt,,,,SB-CP-1100,,,2026-04-05T13:08:01.300563,False,THIS PAYMENT IS FOR 1 BAG EXTRA WHICH WAS DISCOUNT TERM,0,0,,,,,,,,1,,,2026-08-17T14:03:45.449633,2026-08-17T14:03:45.449639
102,17,ASHRAF SB AJNALA(SALEEM CONT),5500,550000,Cash,Receipt,,,MB NO.7222/2,SB-CP-1101,,,2026-04-05T14:29:18.771462,False,,0,0,,,,,,,,1,,,2026-08-17T14:03:45.450651,2026-08-17T14:03:45.450657
103,100,HAJI YOUSUF BUTT JPS,24000,2400000,Cash,Receipt,,,MB NO.7242,SB-CP-1102,,,2026-04-06T09:39:12.390299,False,,0,0,,,,,,,,1,,,2026-08-17T14:03:45.451524,2026-08-17T14:03:45.451529
104,100,HAJI YOUSUF BUTT JPS,1000,100000,Cash,Receipt,,,MB NO.7242/2,SB-CP-1103,,,2026-04-06T10:06:31.385039,False,500 CASH RECEIVE 500 CONCRET SPACER RETURN,213,21300,,,,,,,,1,,,2026-08-17T14:03:45.452285,2026-08-17T14:03:45.452289
105,46,MEHBOOB ALAM SB KOANKH,9028,902800,Cash,Receipt,,,MB NO.6806,SB-CP-1104,,,2026-04-06T10:47:49.699279,False,STEEL 6MM RETURN,0,0,,,,,,,,1,,,2026-08-17T14:03:45.453105,2026-08-17T14:03:45.453110
106,111,RAJA PARWEZ SB RANGPUR,43500,4350000,Cash,Receipt,,,MB NO.7058/2,SB-CP-1105,,,2026-04-06T10:48:43.822041,False,,0,0,,,,,,,,1,,,2026-08-17T14:03:45.454077,2026-08-17T14:03:45.454083
107,46,MEHBOOB ALAM SB KOANKH,150000,15000000,Cash,Receipt,,,MB NO.7254/2,SB-CP-1106,,,2026-04-05T00:00:00,False,,0,0,,,,,,,,1,,,2026-08-17T14:03:45.455003,2026-08-17T14:03:45.455008
108,169,MUHAMMAD SHABEER SB CONT TIBBA AJNALA,200800,20080000,Cash,Receipt,,,MB NO.7218/2,SB-CP-1107,,,2026-04-06T13:57:33.287559,False,,75,7500,,,,,,,,1,,,2026-08-17T14:03:45.455894,2026-08-17T14:03:45.455900
109,119,HAFIZ MUHAMMAD ARSHAD SB AJANALA (PERSONAL),50000,5000000,Cash,Receipt,,,,SB-CP-1108,,,2026-04-06T14:05:40.587766,False,,0,0,,,,,,,,1,,,2026-08-17T14:03:45.456714,2026-08-17T14:03:45.456719
110,171,FAKHAR SHAH SB AJNALA,40350,4035000,Cash,Receipt,,,MB NO.7262/2,SB-CP-1109,,,2026-04-06T15:30:49.525586,False,,0,0,,,,,,,,1,,,2026-08-17T14:03:45.457644,2026-08-17T14:03:45.457650
111,126,NAWAZ SB DHINDA (RIZWAN CONT),31600,3160000,Cash,Receipt,,,MB NO.7264/2,SB-CP-1110,,,2026-04-06T15:34:09.950340,False,,0,0,,,,,,,,1,,,2026-08-17T14:03:45.458546,2026-08-17T14:03:45.458551
112,160,MALIK MUHAMMAD ASHRAF SB JPS,50000,5000000,Cash,Receipt,,,MB NO.7274,SB-CP-1111,,,2026-04-06T00:00:00,False,,0,0,,,,,,,,1,,,2026-08-17T14:03:45.459382,2026-08-17T14:03:45.459387
113,48,RANA ZAHEER SB JPS,-78500,-7850000,Cash,Refund,,,MB NO.7105/3,SB-CP-1112,,,2026-03-31T00:00:00,False,,0,0,,,,,,,,2,,,2026-08-17T14:03:45.460152,2026-08-17T14:10:33.965216
114,155,ANSAR SB DOIYAN,0,0,Cash,Waive-Off,,,,SB-CP-1113,,,2026-04-07T10:51:12.901986,False,6000 DISCOUNT IN RENT,6000,600000,,,,,,,,2,,,2026-08-17T14:03:45.461107,2026-08-17T14:10:33.965260
115,9,MAZHAR SB RUPOWAL DERA,800000,80000000,Cash,Receipt,,,MB NO.7285/6683/6851,SB-CP-1114,,,2026-04-07T13:26:53.015340,False,,0,0,,,,,,,,1,,,2026-08-17T14:03:45.461952,2026-08-17T14:03:45.461957
116,64,SULEIMAN SB AJNALA,20000,2000000,Cash,Receipt,,,MB NO.7291,SB-CP-1115,,,2026-04-07T14:02:03.861001,False,RATE DIF +RENT RECEIVE,1000,100000,,,,,,,,1,,,2026-08-17T14:03:45.462830,2026-08-17T14:03:45.462835
117,46,MEHBOOB ALAM SB KOANKH,150000,15000000,Cash,Receipt,,,,SB-CP-1116,,,2026-04-08T11:35:16.816505,False,,0,0,,,,,,,,1,,,2026-08-17T14:03:45.463655,2026-08-17T14:03:45.463661
118,154,MUHAMMAD ABID SB KOANKH,200000,20000000,Cash,Receipt,,,MB NO.7306,SB-CP-1117,,,2026-04-04T00:00:00,False,,0,0,,,,,,,,1,,,2026-08-17T14:03:45.464449,2026-08-17T14:03:45.464454
119,79,ISHTIAQ CONT KOANKH,50000,5000000,Cash,Receipt,,,MB NO.7311,SB-CP-1118,,,2026-04-08T12:54:24.526793,False,,0,0,,,,,,,,1,,,2026-08-17T14:03:45.465431,2026-08-17T14:03:45.465437
120,77,MUHAMMAD ARSHAD SB SALOON JPS,32000,3200000,Cash,Receipt,,,,SB-CP-1119,,,2026-04-08T15:15:06.347054,False,,120,12000,,,,,,,,1,,,2026-08-17T14:03:45.466355,2026-08-17T14:03:45.466361
121,138,FAROOQ KALAS SB PARSUWAL,11480,1148000,Cash,Receipt,,,,SB-CP-1120,,,2026-04-07T00:00:00,False,,0,0,,,,,,,,1,,,2026-08-17T14:03:45.467262,2026-08-17T14:03:45.467268
122,55,FIYAZ BAIG SB KOANKH,5000,500000,Cash,Receipt,,,,SB-CP-1121,,,2026-04-08T15:17:10.270601,False,,3000,300000,,,,,,,,1,,,2026-08-17T14:03:45.468121,2026-08-17T14:03:45.468128
123,147,MUHAMMAD RAZAQ SB JPS,71240,7124000,Cash,Receipt,,,MB NO.7283/2,SB-CP-1122,,,2026-04-09T09:41:53.778470,False,,0,0,,,,,,,,1,,,2026-08-17T14:03:45.469072,2026-08-17T14:03:45.469077
124,69,MUHAMMAD ASGHAR GUJJAR SB JPS,56000,5600000,Cash,Receipt,,,MB NO.7339,SB-CP-1123,,,2026-04-09T11:36:23.364088,False,,210,21000,,,,,,,,1,,,2026-08-17T14:03:45.469942,2026-08-17T14:03:45.469948
125,51,FAZAL ILAHI SB JALPUWAL,150000,15000000,Cash,Receipt,,,MB NO.7310/2,SB-CP-1124,,,2026-04-09T12:33:25.082332,False,,0,0,,,,,,,,1,,,2026-08-17T14:03:45.470946,2026-08-17T14:03:45.470952
126,147,MUHAMMAD RAZAQ SB JPS,2780,278000,Cash,Receipt,,,MB NO.7283/3,SB-CP-1125,,,2026-04-09T13:22:10.342341,False,,5,500,,,,,,,,1,,,2026-08-17T14:03:45.471785,2026-08-17T14:03:45.471791
127,48,RANA ZAHEER SB JPS,31700,3170000,Bank,Receipt,,,MB NO.7279/2,SB-CP-1126,,,2026-04-09T13:32:21.297629,False,,0,0,,MCB,ADNAN SB,7761.0,,,,1,,,2026-08-17T14:03:45.472622,2026-08-17T14:03:45.472627
128,115,HAFIZ M ALI JPS,6500,650000,Cash,Receipt,,,,SB-CP-1127,,,2026-04-08T00:00:00,False,CASH IN OFFICE,0,0,,,,,,,,1,,,2026-08-17T14:03:45.473519,2026-08-17T14:03:45.473524
130,171,FAKHAR SHAH SB AJNALA,39850,3985000,Cash,Receipt,,,MB NO.7336/2,SB-CP-1129,,,2026-04-09T14:46:05.138890,False,,0,0,,,,,,,,1,,,2026-08-17T14:03:45.474562,2026-08-17T14:03:45.474568
131,119,HAFIZ MUHAMMAD ARSHAD SB AJANALA (PERSONAL),50000,5000000,Cash,Receipt,,,,SB-CP-1130,,,2026-04-08T00:00:00,False,PAID TO TARIQ MASON,0,0,,,,,,,,1,,,2026-08-17T14:03:45.475423,2026-08-17T14:03:45.475428
132,119,HAFIZ MUHAMMAD ARSHAD SB AJANALA (PERSONAL),-50000,-5000000,Cash,Refund,,,,SB-CP-1131,,,2026-04-09T15:10:37.930213,False,,0,0,,,,,,,,2,,,2026-08-17T14:03:45.476216,2026-08-17T14:10:33.965287
133,90,MAZHAR BUTT SB JPS,-31250,-3125000,Cash,Refund,,,,SB-CP-1132,,,2026-03-20T00:00:00,False,HBL TRANSFER WAQAS LAHORE,0,0,,,,,,,,2,,,2026-08-17T14:03:45.477175,2026-08-17T14:10:33.965392
134,90,MAZHAR BUTT SB JPS,-50000,-5000000,Cash,Refund,,,MB NO.None11111,SB-CP-1133,,,2026-03-27T00:00:00,False,TO RANA EJAZ,0,0,,,,,,,,2,,,2026-08-17T14:03:45.478051,2026-08-17T14:10:33.965440
135,90,MAZHAR BUTT SB JPS,30000,3000000,Cash,Receipt,,,,SB-CP-1134,,,2026-03-27T00:00:00,False,JAZZ CASH KHURAM SHEHZAD,0,0,,,,,,,,1,,,2026-08-17T14:03:45.479038,2026-08-17T14:03:45.479044
136,90,MAZHAR BUTT SB JPS,-30000,-3000000,Cash,Refund,,,,SB-CP-1135,,,2026-03-28T00:00:00,False,,0,0,,,,,,,,2,,,2026-08-17T14:03:45.479873,2026-08-17T14:10:33.965479
137,90,MAZHAR BUTT SB JPS,-200000,-20000000,Cash,Refund,,,,SB-CP-1136,,,2026-03-23T00:00:00,False,FOR DIESEL,0,0,,,,,,,,2,,,2026-08-17T14:03:45.480816,2026-08-17T14:10:33.965513
138,90,MAZHAR BUTT SB JPS,-100000,-10000000,Cash,Refund,,,,SB-CP-1137,,,2026-04-09T15:26:20.745782,False,BANK TRANSFER IN FIYAZ ACOOUNT,0,0,,,,,,,,2,,,2026-08-17T14:03:45.481663,2026-08-17T14:10:33.965548
139,90,MAZHAR BUTT SB JPS,-52000,-5200000,Cash,Refund,,,,SB-CP-1138,,,2026-03-31T00:00:00,False,MAZHAR SB KHUD,50,5000,,,,,,,,2,,,2026-08-17T14:03:45.482559,2026-08-17T14:10:33.965582
140,90,MAZHAR BUTT SB JPS,12000,1200000,Bank,Receipt,,,MB NO.122211,SB-CP-1139,,,2026-04-07T00:00:00,False,,0,0,,MCB,RIZWAN SB,5789.0,,,,1,,,2026-08-17T14:03:45.483440,2026-08-17T14:03:45.483445
141,90,MAZHAR BUTT SB JPS,-12000,-1200000,Cash,Refund,,,,SB-CP-1140,,,2026-04-08T00:00:00,False,SHAREEF AUTO WALA,0,0,,,,,,,,2,,,2026-08-17T14:03:45.484419,2026-08-17T14:10:33.965615
142,90,MAZHAR BUTT SB JPS,-100000,-10000000,Cash,Refund,,,,SB-CP-1141,,,2026-04-08T00:00:00,False,SHAREEF AUTO WALAY KO DIYE,0,0,,,,,,,,2,,,2026-08-17T14:03:45.485209,2026-08-17T14:10:33.965647
143,2,TAHIR ABBAS SB KOANKH,200000,20000000,Cash,Receipt,,,MB NO.7348,SB-CP-1142,,,2026-04-09T15:50:49.130841,False,,2.8,280,,,,,,,,1,,,2026-08-17T14:03:45.486054,2026-08-17T14:03:45.486059
144,154,MUHAMMAD ABID SB KOANKH,100000,10000000,Bank,Receipt,,,MB NO.7368,SB-CP-1143,,,2026-04-10T14:48:05.066809,False,,0,0,,AL HABIB,ADNAN SB,2607.0,,,,1,,,2026-08-17T14:03:45.486928,2026-08-17T14:03:45.486933
145,85,MEHAR LIAQAT SB TEA STALL JPS,15000,1500000,Cash,Receipt,,,,SB-CP-1144,,,2026-04-11T12:40:21.385943,False,RIZWAN SB REC FROM SHOP,0,0,,,,,,,,1,,,2026-08-17T14:03:45.487887,2026-08-17T14:03:45.487893
146,126,NAWAZ SB DHINDA (RIZWAN CONT),81000,8100000,Cash,Receipt,,,MB NO.7393/4,SB-CP-1145,,,2026-04-12T00:00:00,False,,0,0,,,,,,,,1,,,2026-08-17T14:03:45.488721,2026-08-17T14:03:45.488726
147,17,ASHRAF SB AJNALA(SALEEM CONT),8357,835700,Cash,Receipt,,,MB NO.7098,SB-CP-1146,,,2026-03-31T00:00:00,False,CHAUGATH RETURN,0,0,,,,,,,,1,,,2026-08-17T14:03:45.489521,2026-08-17T14:03:45.489526
148,39,ATEEQ UR REHMAN SB DHINDA,3000,300000,Cash,Receipt,,,MB NO.7412,SB-CP-1147,,,2026-04-12T00:00:00,False,BIKE REPAIR,0,0,,,,,,,,1,,,2026-08-17T14:03:45.490670,2026-08-17T14:03:45.490677
149,160,MALIK MUHAMMAD ASHRAF SB JPS,44000,4400000,Cash,Receipt,,,MB NO.7417,SB-CP-1148,,,2026-04-12T00:00:00,False,,0,0,,,,,,,,1,,,2026-08-17T14:03:45.491742,2026-08-17T14:03:45.491748
150,130,REHMAN SB AJNALA(WAJID BROTHER),-13680,-1368000,Cash,Refund,,,MB NO.7433/2,SB-CP-1149,,,2026-04-13T00:00:00,False,CHAUGATH NAFI CASH NAFI CEMENT BOOKING NAFI CASH RETURN,0,0,,,,,,,,2,,,2026-08-17T14:03:45.492790,2026-08-17T14:10:33.965681
151,62,MUFTI YAQOOB ALAM SB KOANKH,10000,1000000,Cash,Receipt,,,,SB-CP-1150,,,2026-04-14T11:31:18.860582,False,,0,0,,,,,,,,1,,,2026-08-17T14:03:45.493884,2026-08-17T14:03:45.493890
152,71,HAJI WARIS SB JPS,12000,1200000,Cash,Receipt,,,MB NO.7443,SB-CP-1151,,,2026-04-14T11:53:27.347705,False,,0,0,,,,,,,,1,,,2026-08-17T14:03:45.494968,2026-08-17T14:03:45.494974
153,72,EHSAN ATTARI SB JPS,-14000,-1400000,Cash,Refund,,,MB NO.7461,SB-CP-1152,,,2026-04-14T14:41:59.869716,False,,0,0,,,,,,,,2,,,2026-08-17T14:03:45.496029,2026-08-17T14:10:33.965734
154,47,HAJI IQBAL SB JPS,357000,35700000,Bank,Receipt,,,,SB-CP-1153,,,2026-04-12T00:00:00,False,,0,0,,AL HABIB,ADNAN AHMED,2607.0,,,,1,,,2026-08-17T14:03:45.499919,2026-08-17T14:03:45.499926
155,16,MALIK ANSAR SB KHORI,-3510,-351000,Cash,Refund,,,MB NO.7330/2,SB-CP-1154,,,2026-04-09T00:00:00,False,,0,0,,,,,,,,2,,,2026-08-17T14:03:45.500946,2026-08-17T14:10:33.965770
156,16,MALIK ANSAR SB KHORI,100000,10000000,Cash,Receipt,,,,SB-CP-1155,,,2026-04-04T00:00:00,False,,0,0,,,,,,,,1,,,2026-08-17T14:03:45.501821,2026-08-17T14:03:45.501827
157,48,RANA ZAHEER SB JPS,15350,1535000,Cash,Receipt,,,MB NO.7499,SB-CP-1156,,,2026-04-15T00:00:00,False,,0,0,,,,,,,,1,,,2026-08-17T14:03:45.502753,2026-08-17T14:03:45.502759
158,9,MAZHAR SB RUPOWAL DERA,200000,20000000,Cash,Receipt,,,MB NO.7500,SB-CP-1157,,,2026-04-15T00:00:00,False,,0,0,,,,,,,,1,,,2026-08-17T14:03:45.503834,2026-08-17T14:03:45.503840
159,9,MAZHAR SB RUPOWAL DERA,50000,5000000,Cash,Receipt,,,MB NO.7500/2,SB-CP-1158,,,2026-04-16T10:18:51.308356,False,,0,0,,,,,,,,1,,,2026-08-17T14:03:45.504886,2026-08-17T14:03:45.504892
160,23,MALIK ADNAN,3000,300000,Material Return,Material Return,MaterialReturn,1,,SB-CP-1159,,,2026-04-16T11:46:00,False,[MATERIAL_RETURN:1] MB NO.7505,0,0,,,,,,,,2,,,2026-08-17T14:03:45.505795,2026-08-17T14:10:33.966156
161,119,HAFIZ MUHAMMAD ARSHAD SB AJANALA (PERSONAL),-10000,-1000000,Cash,Refund,,,,SB-CP-1160,,,2026-04-09T00:00:00,False,KHALID PLUMBER,0,0,,,,,,,,2,,,2026-08-17T14:03:45.506732,2026-08-17T14:10:33.966579
162,119,HAFIZ MUHAMMAD ARSHAD SB AJANALA (PERSONAL),-50000,-5000000,Cash,Refund,,,,SB-CP-1161,,,2026-04-16T12:31:36.746059,False,TARIQ MASSSON,0,0,,,,,,,,2,,,2026-08-17T14:03:45.507735,2026-08-17T14:10:33.966641
163,17,ASHRAF SB AJNALA(SALEEM CONT),20000,2000000,Cash,Receipt,,,MB NO.7508,SB-CP-1162,,,2026-04-16T12:58:01.809738,False,,0,0,,,,,,,,1,,,2026-08-17T14:03:45.508825,2026-08-17T14:03:45.508831
164,1,ABDUL AZEEM SB KHAN PUR KHOKHAR,2000,200000,Cash,Receipt,,,,SB-CP-1163,,,2026-04-13T00:00:00,False,,400,40000,DISCOUNT,,,,,,,1,,,2026-08-17T14:03:45.509821,2026-08-17T14:03:45.509827
165,52,GHULAM SARWAR SB JPS(HAJI JAVED SB),46348,4634800,Material Return,Material Return,MaterialReturn,2,,SB-CP-1164,,,2026-04-15T18:27:00,False,[MATERIAL_RETURN:2] MB NO.7511,0,0,,,,,,,,2,,,2026-08-17T14:03:45.510848,2026-08-17T14:10:33.967468
166,52,GHULAM SARWAR SB JPS(HAJI JAVED SB),200000,20000000,Bank,Receipt,,,MB NO.7521/2,SB-CP-1165,,,2026-04-16T00:00:00,False,,0,0,,MCB,RIZWAN SB,7761.0,,,,1,,,2026-08-17T14:03:45.511704,2026-08-17T14:03:45.511710
167,47,HAJI IQBAL SB JPS,500000,50000000,Bank,Receipt,,,MB NO.7551,SB-CP-1166,,,2026-04-18T17:11:32.863142,False,BANK AL HABIB RECEIVED ONLINE,0,0,,BANK ALHABIB,ADNAN AHMED,2607.0,,,,1,,,2026-08-17T14:03:45.512563,2026-08-17T14:03:45.512569
168,111,RAJA PARWEZ SB RANGPUR,60600,6060000,Cash,Receipt,,,MB NO.7528/2,SB-CP-1167,,,2026-04-18T00:00:00,False,,0,0,,,,,,,,1,,,2026-08-17T14:03:45.513373,2026-08-17T14:03:45.513378
169,155,ANSAR SB DOIYAN,50000,5000000,Cash,Receipt,,,,SB-CP-1168,,,2026-04-18T00:00:00,False,,378,37800,DISCOUNT,,,,,,,1,,,2026-08-17T14:03:45.514397,2026-08-17T14:03:45.514403
170,140,ABDUL GHAFFAR SB JPS,182996.5,18299650,Cash,Receipt,,,MB NO.7560,SB-CP-1169,,,2026-04-19T15:37:14.344286,False,,0,0,,,,,,,,1,,,2026-08-17T14:03:45.515218,2026-08-17T14:03:45.515222
171,116,NAUMAN RIHANIA SB JPS,60000,6000000,Cash,Receipt,,,,SB-CP-1170,,,2026-03-19T00:00:00,False,,0,0,,,,,,,,1,,,2026-08-17T14:03:45.516037,2026-08-17T14:03:45.516042
172,52,GHULAM SARWAR SB JPS(HAJI JAVED SB),47866,4786600,Cash,Receipt,,,MB NO.7569,SB-CP-1171,,,2026-04-19T16:12:46.704085,False,RATE DIFRENCE CEMENT STEEL,0,0,,,,,,,,1,,,2026-08-17T14:03:45.516844,2026-08-17T14:03:45.516849
173,52,GHULAM SARWAR SB JPS(HAJI JAVED SB),127000,12700000,Cash,Receipt,,,MB NO.7569/2,SB-CP-1172,,,2026-04-19T16:13:41.265186,False,,343,34300,DISCOUNT,,,,,,,1,,,2026-08-17T14:03:45.517808,2026-08-17T14:03:45.517813
174,108,TARIQ BUTT SB JPS,30000,3000000,Cash,Receipt,,,MB NO.7568,SB-CP-1173,,,2026-04-19T16:16:06.549181,False,,0,0,,,,,,,,1,,,2026-08-17T14:03:45.518872,2026-08-17T14:03:45.518878
175,181,ASIF SB KOANKH ADNAN SB CLASS MATE,37500,3750000,Cash,Receipt,,,MB NO.7574,SB-CP-1174,,,2026-04-19T17:23:04.377094,False,,0,0,,,,,,,,1,,,2026-08-17T14:03:45.519740,2026-08-17T14:03:45.519745
176,48,RANA ZAHEER SB JPS,25000,2500000,Cash,Receipt,,,MB NO.7571/2,SB-CP-1175,,,2026-04-19T17:48:50.608308,False,,0,0,,,,,,,,1,,,2026-08-17T14:03:45.520718,2026-08-17T14:03:45.520724
177,103,RAJA AMEER HAMZA SB JPS,78900,7890000,Cash,Receipt,,,MB NO.7569/4,SB-CP-1176,,,2026-04-19T00:00:00,False,,18.5,1850,DISCOUNT,,,,,,,1,,,2026-08-17T14:03:45.521661,2026-08-17T14:03:45.521667
178,147,MUHAMMAD RAZAQ SB JPS,32716,3271600,Cash,Receipt,,,,SB-CP-1177,,,2026-04-20T13:40:48.956125,False,,0,0,,,,,,,,1,,,2026-08-17T14:03:45.522598,2026-08-17T14:03:45.522603
179,171,FAKHAR SHAH SB AJNALA,34700,3470000,Bank,Receipt,,,MB NO.7581/3,SB-CP-1178,,,2026-04-21T11:40:14.868147,False,,0,0,,AL FALAH,FBM,37737.0,,,,1,,,2026-08-17T14:03:45.523480,2026-08-17T14:03:45.523486
180,10,BILAL SB KOANKH (QARI EJAZ SB),100000,10000000,Bank,Receipt,,,MB NO.7615,SB-CP-1179,,,2026-04-21T11:46:53.815189,False,,0,0,,MCB,RIZWAN SB,5789.0,,,,1,,,2026-08-17T14:03:45.524265,2026-08-17T14:03:45.524270
181,39,ATEEQ UR REHMAN SB DHINDA,750,75000,Cash,Receipt,,,,SB-CP-1180,,,2026-04-21T14:08:53.591851,False,OIL CHANGE 5384,0,0,,,,,,,,1,,,2026-08-17T14:03:45.525074,2026-08-17T14:03:45.525080
182,17,ASHRAF SB AJNALA(SALEEM CONT),3775,377500,Material Return,Material Return,MaterialReturn,3,,SB-CP-1181,,,2026-04-21T23:46:00,False,[MATERIAL_RETURN:3] MB NO.7607 | EXTRA,0,0,,,,,,,,2,,,2026-08-17T14:03:45.525903,2026-08-17T14:10:33.967527
183,167,CH MUHAMMAD AKRAM RIHANIA SB JPS,2000,200000,Cash,Receipt,,,,SB-CP-1182,,,2026-04-20T00:00:00,False,RENT,0,0,,,,,,,,1,,,2026-08-17T14:03:45.526768,2026-08-17T14:03:45.526773
184,9,MAZHAR SB RUPOWAL DERA,25000,2500000,Cash,Receipt,,,,SB-CP-1183,,,2026-04-22T12:26:36.676820,False,,0,0,,,,,,,,1,,,2026-08-17T14:03:45.527710,2026-08-17T14:03:45.527716
185,47,HAJI IQBAL SB JPS,1000000,100000000,Bank,Receipt,,,MB NO.7654,SB-CP-1184,,,2026-04-22T00:00:00,False,,0,0,,AL HABIB,ADNAN AHMED,2607.0,3,,,1,,,2026-08-17T14:03:45.528582,2026-08-17T14:03:45.528587
186,28,MIRZA AMJAD JAVED SB AJNALA SITE,38740,3874000,Material Return,Material Return,MaterialReturn,4,,SB-CP-1185,,,2026-04-23T13:56:00,False,[MATERIAL_RETURN:4] MB NO.7664,0,0,,,,,,,,2,,,2026-08-17T14:03:45.529429,2026-08-17T14:10:33.967644
187,28,MIRZA AMJAD JAVED SB AJNALA SITE,100000,10000000,Cash,Receipt,,,,SB-CP-1186,,,2026-04-16T00:00:00,False,,0,0,,,,,,,,1,,,2026-08-17T14:03:45.530427,2026-08-17T14:03:45.530433
188,177,MUHAMMAD ARIF BAIG SB KOANKH (KAMRAN NUMBERDAR),15500,1550000,Cash,Receipt,,,,SB-CP-1187,,,2026-04-23T14:51:16.409339,False,,0,0,,,,,,,,1,,,2026-08-17T14:03:45.532503,2026-08-17T14:03:45.532511
189,108,TARIQ BUTT SB JPS,11500,1150000,Cash,Receipt,,,MB NO.7671,SB-CP-1188,,,2026-04-23T17:11:41.584486,False,,0,0,,,,,,,,1,,,2026-08-17T14:03:45.535695,2026-08-17T14:03:45.535703
190,21,RANA ZAHID SB JPS,50000,5000000,Cash,Receipt,,,MB NO.7670,SB-CP-1189,,,2026-04-23T17:12:46.046558,False,,0,0,,,,,,,,1,,,2026-08-17T14:03:45.539769,2026-08-17T14:03:45.539777
191,183,NAEEM ABBAS SB PARSUWAL,225900,22590000,Cash,Receipt,,,MB NO.7673,SB-CP-1190,,,2026-04-24T10:56:52.669466,False,,29.95,2995,discount,,,,,,,1,,,2026-08-17T14:03:45.540779,2026-08-17T14:03:45.540785
192,126,NAWAZ SB DHINDA (RIZWAN CONT),40000,4000000,Cash,Receipt,,,MB NO.7691,SB-CP-1191,,,2026-04-25T13:06:00.784315,False,,0,0,,,,,,,,1,,,2026-08-17T14:03:45.541670,2026-08-17T14:03:45.541676
193,196,FBM WHERE HOUSE,-300,-30000,Cash,Refund,,,,SB-CP-1192,,,2026-04-25T16:00:54.229584,False,,0,0,,,,,,,,2,,,2026-08-17T14:03:45.542572,2026-08-17T14:10:33.967769
194,168,ABDUL REHMAN SB JPS(ZAFAR CONT),150000,15000000,Cash,Receipt,,,MB NO.7710,SB-CP-1193,,,2026-04-25T00:00:00,False,,0,0,,,,,,,,1,,,2026-08-17T14:03:45.543473,2026-08-17T14:03:45.543479
195,67,MUHAMMAD BASHEER SB CONT KOANKH,40000,4000000,Cash,Receipt,,,MB NO.7715/2,SB-CP-1194,,,2026-04-26T12:04:29.930603,False,,0,0,,,,,,,,1,,,2026-08-17T14:03:45.544280,2026-08-17T14:03:45.544285
196,183,NAEEM ABBAS SB PARSUWAL,-62229.95,-6222995,Cash,Refund,,,MB NO.7726,SB-CP-1195,,,2026-04-26T12:36:11.248358,False,,0,0,,,,,,,,2,,,2026-08-17T14:03:45.548421,2026-08-17T14:10:33.967807
197,46,MEHBOOB ALAM SB KOANKH,148078.2,14807820,Material Return,Material Return,MaterialReturn,5,,SB-CP-1196,,,2026-04-07T10:08:00,False,[MATERIAL_RETURN:5] MB NO.7293,0,0,,,,,,,,2,,,2026-08-17T14:03:45.549219,2026-08-17T14:10:33.967981
198,191,MIRZA REHMAN SB JPS,460000,46000000,Cash,Receipt,,,MB NO.7748,SB-CP-1197,,,2026-04-26T00:00:00,False,,0,0,,,,,,,,1,,,2026-08-17T14:03:45.550053,2026-08-17T14:03:45.550058
199,137,AHMED SB DHINDA,15000,1500000,Cash,Receipt,,,MB NO.7757,SB-CP-1198,,,2026-04-27T12:38:42.371976,False,,0,0,,,,,,,,1,,,2026-08-17T14:03:45.551003,2026-08-17T14:03:45.551009
200,164,MUHAMMMAD AWAIS SB PARSUWAL,106000,10600000,Cash,Receipt,,,MB NO.7759,SB-CP-1199,,,2026-04-27T12:45:29.570361,False,,0,0,,,,,,,,1,,,2026-08-17T14:03:45.551850,2026-08-17T14:03:45.551855
201,194,DR LATEEF SB JPS,2400,240000,Material Return,Material Return,MaterialReturn,6,,SB-CP-1200,,,2026-04-27T13:15:14.926834,False,[MATERIAL_RETURN:6] SB-RTN-1005,0,0,,,,,,,,2,,,2026-08-17T14:03:45.552675,2026-08-17T14:10:33.968034
202,194,DR LATEEF SB JPS,50000,5000000,Cash,Receipt,,,MB NO.7735/2,SB-CP-1201,,,2026-04-26T00:00:00,False,,0,0,,,,,,,,1,,,2026-08-17T14:03:45.554805,2026-08-17T14:03:45.554812
203,48,RANA ZAHEER SB JPS,25500,2550000,Cash,Receipt,,,MB NO.1111,SB-CP-1202,,,2026-04-27T00:00:00,False,,153,15300,DISCOUNT,,,,,,,1,,,2026-08-17T14:03:45.556439,2026-08-17T14:03:45.556446
205,194,DR LATEEF SB JPS,50000,5000000,Cash,Receipt,,,MB NO.7768/2,SB-CP-1204,,,2026-04-27T00:00:00,False,,0,0,,,,,,,,1,,,2026-08-17T14:03:45.557395,2026-08-17T14:03:45.557401
206,9,MAZHAR SB RUPOWAL DERA,19000,1900000,Cash,Receipt,,,MB NO.7791,SB-CP-1205,,,2026-04-28T13:50:15.631956,False,,938,93800,DISCOUNT,,,,,,,1,,,2026-08-17T14:03:45.559047,2026-08-17T14:03:45.559054
207,9,MAZHAR SB RUPOWAL DERA,0,0,Cash,Waive-Off,,,MB NO.7791/3,SB-CP-1206,,,2026-04-28T13:56:01.111656,False,,298,29800,DISCOUNT,,,,,,,2,,,2026-08-17T14:03:45.559981,2026-08-17T14:10:33.968376
208,186,SAFDAR ALI SB AJNALA (ASLAM CONT),230000,23000000,Cash,Receipt,,,MB NO.7813,SB-CP-1207,,,2026-04-28T00:00:00,False,,269.8,26980,DISCOUNT,,,,,,,1,,,2026-08-17T14:03:45.565067,2026-08-17T14:03:45.565073
209,152,GULZAAR SB GHURAIRA,1200,120000,Cash,Receipt,,,,SB-CP-1208,,,2026-04-15T00:00:00,False,,0,0,,,,,,,,1,,,2026-08-17T14:03:45.566009,2026-08-17T14:03:45.566015
210,51,FAZAL ILAHI SB JALPUWAL,11330,1133000,Cash,Receipt,,,,SB-CP-1209,,,2026-04-28T00:00:00,False,STEEL RETURN PAYMENT,0,0,,,,,,,,1,,,2026-08-17T14:03:45.566917,2026-08-17T14:03:45.566922
211,119,HAFIZ MUHAMMAD ARSHAD SB AJANALA (PERSONAL),50000,5000000,Cash,Receipt,,,,SB-CP-1210,,,2026-04-23T00:00:00,False,,0,0,,,,,,,,1,,,2026-08-17T14:03:45.567823,2026-08-17T14:03:45.567828
212,119,HAFIZ MUHAMMAD ARSHAD SB AJANALA (PERSONAL),-50000,-5000000,Cash,Refund,,,MB NO.None11,SB-CP-1211,,,2026-04-29T16:09:55.745374,False,TO TARIQ MASON,0,0,,,,,,,,2,,,2026-08-17T14:03:45.568650,2026-08-17T14:10:33.968426
213,119,HAFIZ MUHAMMAD ARSHAD SB AJANALA (PERSONAL),46000,4600000,Cash,Receipt,,,,SB-CP-1212,,,2026-04-27T00:00:00,False,,0,0,,,,,,,,1,,,2026-08-17T14:03:45.569475,2026-08-17T14:03:45.569481
214,194,DR LATEEF SB JPS,40000,4000000,Cash,Receipt,,,,SB-CP-1213,,,2026-04-29T00:00:00,False,,0,0,,,,,,,,1,,,2026-08-17T14:03:45.570391,2026-08-17T14:03:45.570396
216,200,HDC SYED TASSAWAR SHAH SB MALIKPUR SITE,3269448,326944800,Cash,Receipt,,,,SB-CP-1215,,,2025-06-20T00:00:00,False,,0,0,,,,,,,,1,,,2026-08-17T14:03:45.571237,2026-08-17T14:03:45.571242
217,151,MALIK MEHMOOD SB PARSUWAL,31400,3140000,Cash,Receipt,,,,SB-CP-1216,,,2026-05-01T12:22:49.717813,False,,0,0,,,,,,,,1,,,2026-08-17T14:03:45.572065,2026-08-17T14:03:45.572070
218,64,SULEIMAN SB AJNALA,18000,1800000,Cash,Receipt,,,MB NO.7861,SB-CP-1217,,,2026-05-01T00:00:00,False,,424,42400,DISCOUNT,,,,,,,1,,,2026-08-17T14:03:45.572875,2026-08-17T14:03:45.572879
219,146,ABDUL SATTAR SB DHINDA FARM,47500,4750000,Cash,Receipt,,,,SB-CP-1218,,,2026-05-02T11:05:21.963767,False,,0,0,,,,,,,,1,,,2026-08-17T14:03:45.573734,2026-08-17T14:03:45.573739
220,36,MALIK MEHDI KHAN SB JPS,15300,1530000,Cash,Receipt,,,MB NO.7879/2,SB-CP-1219,,,2026-05-02T11:22:58.117393,False,,0,0,,,,,,,,1,,,2026-08-17T14:03:45.574593,2026-08-17T14:03:45.574598
221,195,SALMAAN SB GHURAL (GOGA SB GHURAL),104000,10400000,Cash,Receipt,,,MB NO.7927,SB-CP-1220,,,2026-05-03T13:22:29.204040,False,,180,18000,DISCOUNT,,,,,,,1,,,2026-08-17T14:03:45.575399,2026-08-17T14:03:45.575404
222,6,SHEHBAZ BAIG SB KOANKH,45423,4542300,Material Return,Material Return,MaterialReturn,7,,SB-CP-1221,,,2026-05-03T10:05:00,False,[MATERIAL_RETURN:7] MB NO.7937,0,0,,,,,,,,2,,,2026-08-17T14:03:45.576167,2026-08-17T14:10:33.969679
223,205,IRFAN SB DEDHAR SHARIF,108465,10846500,Bank,Receipt,,,MB NO.7955/2,SB-CP-1222,,,2026-05-04T12:38:54.138717,False,,0,0,,MCB,ADNAN SB,7761.0,,,,1,,,2026-08-17T14:03:45.579155,2026-08-17T14:03:45.579160
224,204,SHEHZAD SB GHURAIRA,61500,6150000,Cash,Receipt,,,MB NO.7954/2,SB-CP-1223,,,2026-05-04T12:51:53.017083,False,,0,0,,,,,,,,1,,,2026-08-17T14:03:45.580050,2026-08-17T14:03:45.580055
225,1,ABDUL AZEEM SB KHAN PUR KHOKHAR,159200,15920000,Bank,Receipt,,,MB NO.7960,SB-CP-1224,,,2026-05-04T14:38:35.257923,False,,16.2,1620,DISCOUNT,AL FALAH,FBM,37737.0,,,,1,,,2026-08-17T14:03:45.580955,2026-08-17T14:03:45.580960
226,146,ABDUL SATTAR SB DHINDA FARM,50000,5000000,Cash,Receipt,,,MB NO.7967/2,SB-CP-1225,,,2026-05-05T10:02:51.512989,False,,0,0,,,,,,,,1,,,2026-08-17T14:03:45.581803,2026-08-17T14:03:45.581808
227,44,NADEEM SB DHINDA,33000,3300000,Cash,Receipt,,,MB NO.7982,SB-CP-1226,,,2026-05-05T12:54:02.996606,False,,450,45000,DISCOUNT,,,,,,,1,,,2026-08-17T14:03:45.582710,2026-08-17T14:03:45.582716
231,186,SAFDAR ALI SB AJNALA (ASLAM CONT),800000,80000000,Bank Transfer,Receipt,,,,SB-CP-1228,,,2026-05-06T13:49:00,False,,0,0,Accounts receive transaction,MCB,ADNAN AHMED,7761.0,1,,,1,,,2026-08-17T14:03:45.583576,2026-08-17T14:03:45.583582
232,175,MUHAMMAD ARSHAD SB GHURAL (SUBEDAR QADAR DAD SB),141180,14118000,Cash,Receipt,,,,SB-CP-1229,,,2026-05-06T09:54:00,False,,0,0,Accounts receive transaction,,FBM DRAWER CASH,,2,,,1,,,2026-08-17T14:03:45.584613,2026-08-17T14:03:45.584619
233,207,MALIK NAVEED SB KHAN PUR KHOKHAR,295000,29500000,Cash,Receipt,,,,SB-CP-1230,,,2026-05-09T09:02:00,False,,0,0,Accounts receive transaction,,FBM DRAWER CASH,,2,,,1,,,2026-08-17T14:03:45.585441,2026-08-17T14:03:45.585446
234,207,MALIK NAVEED SB KHAN PUR KHOKHAR,100000,10000000,Cash,Receipt,,,,SB-CP-1231,,,2026-05-09T09:03:00,False,,0,0,Accounts receive transaction,,FBM DRAWER CASH,,2,,,1,,,2026-08-17T14:03:45.586340,2026-08-17T14:03:45.586345
235,207,MALIK NAVEED SB KHAN PUR KHOKHAR,80500,8050000,Cash,Receipt,,,,SB-CP-1232,,,2026-05-09T09:04:00,False,8086-B 200 DISCOUNT,200,20000,Accounts receive transaction,,FBM DRAWER CASH,,2,,,1,,,2026-08-17T14:03:45.587277,2026-08-17T14:03:45.587283
236,120,DILDAAR HUSSAIN SB PARSUWAL,31900,3190000,Cash,Receipt,,,,SB-CP-1233,,,2026-05-09T12:12:00,False,,0,0,Accounts receive transaction,,FBM DRAWER CASH,,2,,,1,,,2026-08-17T14:03:45.588154,2026-08-17T14:03:45.588159
237,199,SAEED KHAN SN JPS KOANKH,1000,100000,Cash,Receipt,,,,SB-CP-1234,,,2026-05-09T12:34:00,False,,0,0,Accounts receive transaction,,FBM DRAWER CASH,,2,,,1,,,2026-08-17T14:03:45.588986,2026-08-17T14:03:45.588991
238,167,CH MUHAMMAD AKRAM RIHANIA SB JPS,50000,5000000,Cash,Receipt,,,,SB-CP-1235,,,2026-05-09T16:46:00,False,,0,0,Accounts receive transaction,,FBM DRAWER CASH,,2,,,1,,,2026-08-17T14:03:45.589785,2026-08-17T14:03:45.589790
239,65,SAJID BAIG MAKKI KOANKH,1309.1,130910,Material Return,Material Return,MaterialReturn,8,,SB-CP-1236,,,2026-05-10T11:01:00,False,[MATERIAL_RETURN:8] MB NO.8129,0,0,,,,,,,,2,,,2026-08-17T14:03:45.592848,2026-08-17T14:10:33.969725
240,71,HAJI WARIS SB JPS,9250,925000,Cash,Receipt,,,,SB-CP-1237,,,2026-05-10T11:22:00,False,,0,0,Accounts receive transaction,,FBM DRAWER CASH,,2,,,1,,,2026-08-17T14:03:45.593776,2026-08-17T14:03:45.593782
241,116,NAUMAN RIHANIA SB JPS,26000,2600000,Cash,Receipt,,,,SB-CP-1238,,,2026-05-11T11:19:00,False,,0,0,Accounts receive transaction,,FBM DRAWER CASH,,2,,,1,,,2026-08-17T14:03:45.594714,2026-08-17T14:03:45.594720
242,28,MIRZA AMJAD JAVED SB AJNALA SITE,100000,10000000,Check,Receipt,,,,SB-CP-1239,,,2026-05-11T17:20:00,False,,0,0,Accounts receive transaction,MCB,ADNAN AHMED,7761.0,1,,,1,,,2026-08-17T14:03:45.595565,2026-08-17T14:03:45.595570
243,23,MALIK ADNAN,42725,4272500,Cash,Receipt,,,,SB-CP-1240,,,2026-05-11T17:32:00,False,,0,0,Accounts receive transaction,,FBM DRAWER CASH,,2,,,1,,,2026-08-17T14:03:45.596491,2026-08-17T14:03:45.596496
244,22,MALIK ILYAS SB JPS,2275,227500,Cash,Receipt,,,,SB-CP-1241,,,2026-05-11T17:32:00,False,,0,0,Accounts receive transaction,,FBM DRAWER CASH,,2,,,1,,,2026-08-17T14:03:45.597411,2026-08-17T14:03:45.597417
245,146,ABDUL SATTAR SB DHINDA FARM,50000,5000000,Cash,Receipt,,,,SB-CP-1242,,,2026-05-11T17:34:00,False,,0,0,Accounts receive transaction,,FBM DRAWER CASH,,2,,,1,,,2026-08-17T14:03:45.598355,2026-08-17T14:03:45.598361
246,207,MALIK NAVEED SB KHAN PUR KHOKHAR,49500,4950000,Cash,Receipt,,,,SB-CP-1243,,,2026-05-11T10:00:00,False,,596,59600,Accounts receive transaction,,FBM DRAWER CASH,,2,,,1,,,2026-08-17T14:03:45.599153,2026-08-17T14:03:45.599157
247,125,HAFIZ TAUSEEF SB AJNALA,10150,1015000,Cash,Receipt,,,,SB-CP-1244,,,2026-05-11T10:18:00,False,,0,0,Accounts receive transaction,,FBM DRAWER CASH,,2,,,1,,,2026-08-17T14:03:45.599957,2026-08-17T14:03:45.599962
248,199,SAEED KHAN SN JPS KOANKH,3000,300000,Cash,Receipt,,,,SB-CP-1245,,,2026-05-12T10:50:00,False,,0,0,Accounts receive transaction,,FBM DRAWER CASH,,2,,,1,,,2026-08-17T14:03:45.600842,2026-08-17T14:03:45.600847
249,175,MUHAMMAD ARSHAD SB GHURAL (SUBEDAR QADAR DAD SB),25850,2585000,Cash,Receipt,,,,SB-CP-1246,,,2026-05-12T10:56:00,False,M.B.N 8196,30,3000,Accounts receive transaction,,FBM DRAWER CASH,,2,,,1,,,2026-08-17T14:03:45.601672,2026-08-17T14:03:45.601677
250,169,MUHAMMAD SHABEER SB CONT TIBBA AJNALA,145500,14550000,Cash,Receipt,,,,SB-CP-1247,,,2026-05-12T16:41:00,False,,625,62500,Accounts receive transaction,,FBM DRAWER CASH,,2,,,1,,,2026-08-17T14:03:45.602590,2026-08-17T14:03:45.602595
251,13,JAWAD SB AJNALA JPS,50000,5000000,Cash,Receipt,,,,SB-CP-1248,,,2026-05-13T13:45:00,False,,0,0,Accounts receive transaction,,FBM DRAWER CASH,,2,,,1,,,2026-08-17T14:03:45.603432,2026-08-17T14:03:45.603437
252,47,HAJI IQBAL SB JPS,200000,20000000,Cash,Receipt,,,,SB-CP-1249,,,2026-05-14T15:19:00,False,,0,0,Accounts receive transaction,AL HABIB,ADNAN AHMED,2607.0,1,,,1,,,2026-08-17T14:03:45.604202,2026-08-17T14:03:45.604207
253,33,AHMED SUBHANI SB AJNALA,22000,2200000,Cash,Receipt,,,,SB-CP-1250,,,2026-05-14T15:56:00,False,,473,47300,Accounts receive transaction,,FBM DRAWER CASH,,2,,,1,,,2026-08-17T14:03:45.607143,2026-08-17T14:03:45.607148
254,66,SUBEDAR MUHAMMAD ARSHAD SB KHANPUR KHOKHAR,10000,1000000,Cash,Receipt,,,,SB-CP-1251,,,2026-05-14T16:20:00,False,,0,0,Accounts receive transaction,,FBM DRAWER CASH,,2,,,1,,,2026-08-17T14:03:45.608080,2026-08-17T14:03:45.608085
255,192,DR AMIN SB JPS,90000,9000000,Cash,Receipt,,,,SB-CP-1252,,,2026-05-14T16:47:00,False,,0,0,Accounts receive transaction,,FBM DRAWER CASH,,2,,,1,,,2026-08-17T14:03:45.609015,2026-08-17T14:03:45.609020
256,21,RANA ZAHID SB JPS,50000,5000000,Cash,Receipt,,,,SB-CP-1253,,,2026-05-14T09:39:00,False,,0,0,Accounts receive transaction,,FBM DRAWER CASH,,2,,,1,,,2026-08-17T14:03:45.609862,2026-08-17T14:03:45.609867
257,66,SUBEDAR MUHAMMAD ARSHAD SB KHANPUR KHOKHAR,30000,3000000,Cash,Receipt,,,,SB-CP-1254,,,2026-05-15T09:40:00,False,,350,35000,Accounts receive transaction,,FBM DRAWER CASH,,2,,,1,,,2026-08-17T14:03:45.610788,2026-08-17T14:03:45.610794
258,146,ABDUL SATTAR SB DHINDA FARM,30000,3000000,Cash,Receipt,,,,SB-CP-1255,,,2026-05-17T11:02:00,False,,0,0,Accounts receive transaction,,FBM DRAWER CASH,,2,,,1,,,2026-08-17T14:03:45.611633,2026-08-17T14:03:45.611639
259,209,SHABEEB SB KANIYAN,12600,1260000,Cash,Receipt,,,,SB-CP-1256,,,2026-05-16T13:26:00,False,,8.5,850,Accounts receive transaction,,FBM DRAWER CASH,,2,,,1,,,2026-08-17T14:03:45.612452,2026-08-17T14:03:45.612457
260,126,NAWAZ SB DHINDA (RIZWAN CONT),35000,3500000,Cash,Receipt,,,,SB-CP-1257,,,2026-05-17T14:28:00,False,,281,28100,Accounts receive transaction,,FBM DRAWER CASH,,2,,,1,,,2026-08-17T14:03:45.613263,2026-08-17T14:03:45.613267
261,47,HAJI IQBAL SB JPS,90000,9000000,Bank,Receipt,,,,SB-CP-1258,,,2026-05-15T10:16:00,False,8403,0,0,Accounts receive transaction,AL HABIB,ADNAN AHMED,2607.0,2,,,1,,,2026-08-17T14:03:45.614102,2026-08-17T14:03:45.614107
262,116,NAUMAN RIHANIA SB JPS,30000,3000000,Cash,Receipt,,,,SB-CP-1259,,,2026-05-17T15:19:00,False,,0,0,Accounts receive transaction,,FBM DRAWER CASH,,2,,,1,,,2026-08-17T14:03:45.615100,2026-08-17T14:03:45.615106
263,203,WAJID SB AJNALA,40000,4000000,Cash,Receipt,,,,SB-CP-1260,,,2026-05-17T15:19:00,False,,0,0,Accounts receive transaction,,FBM DRAWER CASH,,2,,,1,,,2026-08-17T14:03:45.615919,2026-08-17T14:03:45.615924
264,151,MALIK MEHMOOD SB PARSUWAL,2480,248000,Cash,Receipt,,,,SB-CP-1261,,,2026-05-18T15:30:00,False,,0,0,Accounts receive transaction,,FBM DRAWER CASH,,2,,,1,,,2026-08-17T14:03:45.617187,2026-08-17T14:03:45.617193
265,1,ABDUL AZEEM SB KHAN PUR KHOKHAR,15750,1575000,Bank Transfer,Receipt,,,,SB-CP-1262,,,2026-05-18T15:42:00,False,,0,0,Accounts receive transaction,MCB,ADNAN AHMED,7761.0,1,,,1,,,2026-08-17T14:03:45.618581,2026-08-17T14:03:45.618588
266,146,ABDUL SATTAR SB DHINDA FARM,30000,3000000,Cash,Receipt,,,,SB-CP-1263,,,2026-05-19T09:44:00,False,,0,0,Accounts receive transaction,,FBM DRAWER CASH,,2,,,1,,,2026-08-17T14:03:45.619937,2026-08-17T14:03:45.619944
267,189,IRFAN SB JPS (ATEEQ SB),50000,5000000,Cash,Receipt,,,,SB-CP-1264,,,2026-05-18T12:27:00,False,,0,0,Accounts receive transaction,,FBM DRAWER CASH,,2,,,1,,,2026-08-17T14:03:45.621042,2026-08-17T14:03:45.621048
268,217,MIRZA SHAMSHEED SB BHUCH,86000,8600000,Cash,Receipt,,,,SB-CP-1265,,,2026-05-19T12:49:00,False,,0,0,Accounts receive transaction,,FBM DRAWER CASH,,2,,,1,,,2026-08-17T14:03:45.621917,2026-08-17T14:03:45.621922
269,217,MIRZA SHAMSHEED SB BHUCH,400000,40000000,Cash,Receipt,,,,SB-CP-1266,,,2026-05-19T13:31:00,False,,330,33000,Accounts receive transaction,MCB,ADNAN AHMED,7761.0,1,,,1,,,2026-08-17T14:03:45.623393,2026-08-17T14:03:45.623401
270,145,MASTER ZAHOOR SB JPS,50000,5000000,Bank Transfer,Receipt,,,,SB-CP-1267,,,2026-05-20T10:37:00,False,,0,0,Accounts receive transaction,MCB,(MCB 77661 )ADNAN AHMED,7761.0,1,,,1,,,2026-08-17T14:03:45.624499,2026-08-17T14:03:45.624507
271,165,SHEHZAD BAIG SB KOANKH,41654.5,4165450,Material Return,Material Return,MaterialReturn,9,,SB-CP-1268,,,2026-05-20T10:42:53.391843,False,[MATERIAL_RETURN:9] MB NO.8472,0,0,,,,,,,,2,,,2026-08-17T14:03:45.626398,2026-08-17T14:10:33.969785
272,116,NAUMAN RIHANIA SB JPS,30000,3000000,Cash,Receipt,,,,SB-CP-1269,,,2026-05-21T12:56:00,False,,0,0,Accounts receive transaction,,FBM DRAWER CASH,,2,,,1,,,2026-08-17T14:03:45.627635,2026-08-17T14:03:45.627642
273,176,TARIQ MEHMOOD SB MALIKPUR,21300.6,2130060,Material Return,Material Return,MaterialReturn,10,,SB-CP-1270,,,2026-04-28T14:19:00,False,[MATERIAL_RETURN:10] MB NO.7793,0,0,,,,,,,,2,,,2026-08-17T14:03:45.628542,2026-08-17T14:10:33.969836
274,219,MUHAMMAD ARSHAD SB MARRIAGE HALL JPS,47350,4735000,Cash,Receipt,,,,SB-CP-1271,,,2026-05-22T13:03:00,False,59 DISCOUNTED AND REST NILL,59,5900,Accounts receive transaction,,FBM DRAWER CASH,,2,,,1,,,2026-08-17T14:03:45.629509,2026-08-17T14:03:45.629515
275,212,MIRZA NAZAR BAIG SB KOANKH,960,96000,Cash,Receipt,,,,SB-CP-1272,,,2026-05-21T13:47:00,False,,0,0,Accounts receive transaction,,FBM DRAWER CASH,,2,,,1,,,2026-08-17T14:03:45.630715,2026-08-17T14:03:45.630721
276,216,SAGHEER BAIG SB KOANKH,120000,12000000,Bank Transfer,Receipt,,,,SB-CP-1273,,,2026-05-21T13:51:00,False,,0,0,Accounts receive transaction,MCB,(MCB 77661 )ADNAN AHMED,7761.0,1,,,1,,,2026-08-17T14:03:45.631761,2026-08-17T14:03:45.631768
277,65,SAJID BAIG MAKKI KOANKH,387000,38700000,Bank,Receipt,,,,SB-CP-1274,,,2026-05-21T00:00:00,False,,0,0,,MCB,ADNAN AHMED,7761.0,1,,,1,,,2026-08-17T14:03:45.632660,2026-08-17T14:03:45.632666
278,52,GHULAM SARWAR SB JPS(HAJI JAVED SB),2420.5,242050,Material Return,Material Return,MaterialReturn,11,,SB-CP-1275,,,2026-05-22T03:27:00,False,[MATERIAL_RETURN:11] MB NO.8561,0,0,,,,,,,,2,,,2026-08-17T14:03:45.633681,2026-08-17T14:10:33.969878
279,21,RANA ZAHID SB JPS,40000,4000000,Bank Transfer,Receipt,,,,SB-CP-1276,,,2026-05-23T16:04:00,False,,0,0,Accounts receive transaction,MCB,(MCB 77661 )ADNAN AHMED,7761.0,1,,,1,,,2026-08-17T14:03:45.634922,2026-08-17T14:03:45.634928
280,1,ABDUL AZEEM SB KHAN PUR KHOKHAR,1300,130000,Cash,Receipt,,,,SB-CP-1277,,,2026-05-23T16:14:00,False,,0,0,Accounts receive transaction,,FBM DRAWER CASH,,2,,,1,,,2026-08-17T14:03:45.636362,2026-08-17T14:03:45.636369
281,65,SAJID BAIG MAKKI KOANKH,0,0,Material Return,Material Return,MaterialReturn,12,,SB-CP-1278,,,2026-05-23T23:04:00,False,[MATERIAL_RETURN:12] MB NO.8593,0,0,,,,,,,,2,,,2026-08-17T14:03:45.637273,2026-08-17T14:10:33.969910
282,175,MUHAMMAD ARSHAD SB GHURAL (SUBEDAR QADAR DAD SB),117000,11700000,Cash,Receipt,,,,SB-CP-1279,,,2026-05-24T16:17:00,False,,0,0,Accounts receive transaction,,FBM DRAWER CASH,,2,,,1,,,2026-08-17T14:03:45.640612,2026-08-17T14:03:45.640621
283,73,MUHAMMAD ASHRAF SB JPS NEAR SCHOOL (SALEEM CONT),32500,3250000,Cash,Receipt,,,,SB-CP-1280,,,2026-05-24T16:22:00,False,,79,7900,Accounts receive transaction,,FBM DRAWER CASH,,2,,,1,,,2026-08-17T14:03:45.641682,2026-08-17T14:03:45.641689
284,47,HAJI IQBAL SB JPS,200000,20000000,Bank Transfer,Receipt,,,,SB-CP-1281,,,2026-05-24T16:28:00,False,,0,0,Accounts receive transaction,AL HABIB,(AL HABIB 2607)ADNAN AHMED,2607.0,3,,,1,,,2026-08-17T14:03:45.642660,2026-08-17T14:03:45.642667
285,215,CH IMRAN SB JPS,50000,5000000,Bank Transfer,Receipt,,,,SB-CP-1282,,,2026-05-21T16:36:00,False,,0,0,Accounts receive transaction,MCB,(MCB 77661 )ADNAN AHMED,7761.0,1,,,1,,,2026-08-17T14:03:45.643559,2026-08-17T14:03:45.643565
286,146,ABDUL SATTAR SB DHINDA FARM,40000,4000000,Cash,Receipt,,,,SB-CP-1283,,,2026-05-24T16:38:00,False,,0,0,Accounts receive transaction,,FBM DRAWER CASH,,2,,,1,,,2026-08-17T14:03:45.644493,2026-08-17T14:03:45.644498
287,202,HAFIZ ABDUL JABBAR SB RANGPUR,80000,8000000,Cash,Receipt,,,,SB-CP-1284,,,2026-05-24T16:52:00,False,,0,0,Accounts receive transaction,,FBM DRAWER CASH,,2,,,1,,,2026-08-17T14:03:45.645281,2026-08-17T14:03:45.645285
288,216,SAGHEER BAIG SB KOANKH,88000,8800000,Bank Transfer,Receipt,,,,SB-CP-1285,,,2026-05-24T16:55:00,False,,289,28900,Accounts receive transaction,MCB,(MCB 77661 )ADNAN AHMED,7761.0,1,,,1,,,2026-08-17T14:03:45.646142,2026-08-17T14:03:45.646147
289,62,MUFTI YAQOOB ALAM SB KOANKH,10000,1000000,Cash,Receipt,,,,SB-CP-1286,,,2026-05-24T16:55:00,False,,4425,442500,Accounts receive transaction,,FBM DRAWER CASH,,2,,,1,,,2026-08-17T14:03:45.647140,2026-08-17T14:03:45.647145
290,178,ZEESHAN ATTARI SB JPS,6,600,Cash,Receipt,,,,SB-CP-1287,,,2026-05-24T16:56:00,False,,21100,2110000,Accounts receive transaction,,FBM DRAWER CASH,,2,,,1,,,2026-08-17T14:03:45.648113,2026-08-17T14:03:45.648118
292,158,JAMEEL SB JAGWAN,9588,958800,Material Return,Material Return,MaterialReturn,13,,SB-CP-1289,,,2026-05-24T11:53:00,False,[MATERIAL_RETURN:13] MB NO.8626,0,0,,,,,,,,2,,,2026-08-17T14:03:45.649061,2026-08-17T14:10:33.969955
293,186,SAFDAR ALI SB AJNALA (ASLAM CONT),170560,17056000,Bank,Receipt,,,,SB-CP-1290,,,2026-05-25T00:00:00,False,,0,0,,MCB,ADNAN AHMED,7761.0,1,,,1,,,2026-08-17T14:03:45.649968,2026-08-17T14:03:45.649973
294,221,Test Refund Client,-11788,-1178800,Refund,Refund,,,,,,,2026-05-26T12:29:12.477419,False,Automated test refund,0,0,Client refund,,Test Cash Account,,6,,,2,,,2026-08-17T14:03:45.650918,2026-08-17T14:10:33.970512
295,221,Test Refund Client,-11788,-1178800,Refund,Refund,,,,,,,2026-05-26T12:29:23.629910,False,Automated test refund,0,0,Client refund,,Test Cash Account,,6,,,2,,,2026-08-17T14:03:45.651750,2026-08-17T14:10:33.970566
296,221,Test Refund Client,-11788,-1178800,Refund,Refund,,,,,,,2026-05-26T12:29:52.663691,False,Automated test refund,0,0,Client refund,,Test Cash Account,,6,,,2,,,2026-08-17T14:03:45.654287,2026-08-17T14:10:33.970597
297,221,Test Refund Client,-11788,-1178800,Refund,Refund,,,,,,,2026-05-26T12:32:25.316267,False,Quick refund,0,0,,,Test Cash Account,,6,,,2,,,2026-08-17T14:03:45.657636,2026-08-17T14:10:33.970647
298,221,Test Refund Client,-11788,-1178800,Refund,Refund,,,,,,,2026-05-26T12:33:22.222297,False,Integration test refund,0,0,,,Test Cash Account,,6,,,2,,,2026-08-17T14:03:45.658968,2026-08-17T14:10:33.970692
299,223,Test Refund Full 20260526123818,-11788,-1178800,Refund,Refund,,,,,,,2026-05-26T12:38:18.842009,False,Full verification refund,0,0,,,Test Cash Account Full 20260526123818,,8,,,2,,,2026-08-17T14:03:45.659891,2026-08-17T14:10:33.970722
300,195,SALMAAN SB GHURAL (GOGA SB GHURAL),-11788,-1178800,Refund,Refund,,,,,,,2026-05-26T14:34:00,False,,0,0,Client refund,,FBM DRAWER CASH,,2,,,2,,,2026-08-17T14:03:45.662146,2026-08-17T14:10:33.970750
301,71,HAJI WARIS SB JPS,30000,3000000,Cash,Receipt,,,,SB-CP-1291,,,2026-05-25T14:39:00,False,,0,0,Accounts receive transaction,,FBM DRAWER CASH,,2,,,1,,,2026-08-17T14:03:45.663675,2026-08-17T14:03:45.663682
302,212,MIRZA NAZAR BAIG SB KOANKH,780,78000,Cash,Receipt,,,,SB-CP-1292,,,2026-05-25T14:43:00,False,,0,0,Accounts receive transaction,,FBM DRAWER CASH,,2,,,1,,,2026-08-17T14:03:45.664713,2026-08-17T14:03:45.664721
303,51,FAZAL ILAHI SB JALPUWAL,100000,10000000,Bank,Receipt,,,,SB-CP-1293,,,2026-05-25T00:00:00,False,,0,0,,MCB,ADNAN AHMED,7761.0,1,,,1,,,2026-08-17T14:03:45.665664,2026-08-17T14:03:45.665670
304,205,IRFAN SB DEDHAR SHARIF,59000,5900000,Cash,Receipt,,,,SB-CP-1294,,,2026-05-25T15:48:00,False,,898,89800,Accounts receive transaction,,FBM DRAWER CASH,,2,,,1,,,2026-08-17T14:03:45.666731,2026-08-17T14:03:45.666738
305,76,IMRAN SB MALAK PUR,50000,5000000,Cash,Receipt,,,,SB-CP-1295,,,2026-05-25T16:08:00,False,,0,0,Accounts receive transaction,,FBM DRAWER CASH,,2,,,1,,,2026-08-17T14:03:45.667597,2026-08-17T14:03:45.667603
308,58,NASIR SUBHANI SB AJNALA,8500,850000,Cash,Receipt,,,,SB-CP-1298,,,2026-05-25T16:43:00,False,,363,36300,Accounts receive transaction,,FBM DRAWER CASH,,2,,,1,,,2026-08-17T14:03:45.668433,2026-08-17T14:03:45.668439
309,113,MUHAMMAD SALEEM SB RUPOWAL,150000,15000000,Cash,Receipt,,,,SB-CP-1299,,,2026-05-26T00:00:00,False,,0,0,,,FBM DRAWER CASH,,2,,,1,,,2026-08-17T14:03:45.669405,2026-08-17T14:03:45.669411
310,225,ILYAS RIHANIA SB JPS,5000,500000,Cash,Receipt,,,,SB-CP-1300,,,2026-05-30T17:15:00,False,,0,0,Accounts receive transaction,,FBM DRAWER CASH,,2,,,1,,,2026-08-17T14:03:45.670483,2026-08-17T14:03:45.670489
311,146,ABDUL SATTAR SB DHINDA FARM,74500,7450000,Cash,Receipt,,,,SB-CP-1301,,,2026-05-30T17:24:00,False,,0,0,Accounts receive transaction,,FBM DRAWER CASH,,2,,,1,,,2026-08-17T14:03:45.671492,2026-08-17T14:03:45.671498
312,171,FAKHAR SHAH SB AJNALA,51450,5145000,Cash,Receipt,,,,SB-CP-1302,,,2026-05-17T18:16:00,False,,20,2000,Accounts receive transaction,,FBM DRAWER CASH,,2,,,1,,,2026-08-17T14:03:45.672281,2026-08-17T14:03:45.672285
313,1,ABDUL AZEEM SB KHAN PUR KHOKHAR,8741,874100,Bank Transfer,Receipt,,,,SB-CP-1303,,,2026-05-30T10:30:00,False,,0,0,Accounts receive transaction,AL FALAH,(ALFALAH 37737) FAZAL BUILDING MATERIAL JPS,37737.0,4,,,1,,,2026-08-17T14:03:45.673096,2026-08-17T14:03:45.673101
314,151,MALIK MEHMOOD SB PARSUWAL,1,100,Cash,Receipt,,,,SB-CP-1304,,,2026-05-30T10:31:00,False,,1999,199900,Accounts receive transaction,,FBM DRAWER CASH,,2,,,1,,,2026-08-17T14:03:45.674549,2026-08-17T14:03:45.674556
315,194,DR LATEEF SB JPS,56500,5650000,Cash,Receipt,,,,SB-CP-1305,,,2026-05-03T10:49:00,False,,270,27000,Accounts receive transaction,,FBM DRAWER CASH,,2,,,1,,,2026-08-17T14:03:45.675631,2026-08-17T14:03:45.675637
316,89,ASIF HUSSAIN JPS (ALI ALMUNIUM),10455,1045500,Material Return,Material Return,MaterialReturn,16,,SB-CP-1306,,,2026-05-31T11:01:45.934968,False,[MATERIAL_RETURN:16] MB NO.8726,0,0,,,,,,,,2,,,2026-08-17T14:03:45.676576,2026-08-17T14:10:33.970941
317,227,ATIF BAIG SB KOANKH,87470,8747000,Bank Transfer,Receipt,,,,SB-CP-1307,,,2026-05-31T13:23:00,False,,0,0,Accounts receive transaction,MCB,(MCB 77661 )ADNAN AHMED,7761.0,1,,,1,,,2026-08-17T14:03:45.677541,2026-08-17T14:03:45.677547
318,220,GHULAM GHOUS SB JPS,10000,1000000,Cash,Receipt,,,,SB-CP-1308,,,2026-05-26T13:47:00,False,,0,0,Accounts receive transaction,,FBM DRAWER CASH,,2,,,1,,,2026-08-17T14:03:45.678447,2026-08-17T14:03:45.678453
319,111,RAJA PARWEZ SB RANGPUR,56400,5640000,Cash,Receipt,,,,SB-CP-1309,,,2026-05-26T15:01:00,False,,0,0,Accounts receive transaction,,FBM DRAWER CASH,,2,,,1,,,2026-08-17T14:03:45.679347,2026-08-17T14:03:45.679353
320,167,CH MUHAMMAD AKRAM RIHANIA SB JPS,3379.6,337960,Material Return,Material Return,MaterialReturn,17,,SB-CP-1310,,,2026-05-26T15:30:00,False,[MATERIAL_RETURN:17] MB NO.8691/2,0,0,,,,,,,,2,,,2026-08-17T14:03:45.680183,2026-08-17T14:10:33.971065
321,168,ABDUL REHMAN SB JPS(ZAFAR CONT),2599.2,259920,Material Return,Material Return,MaterialReturn,18,,SB-CP-1311,,,2026-05-31T09:54:00,False,[MATERIAL_RETURN:18] MB NO.8746,0,0,,,,,,,,2,,,2026-08-17T14:03:45.681120,2026-08-17T14:10:33.971116
322,225,ILYAS RIHANIA SB JPS,13800,1380000,Cash,Receipt,,,,SB-CP-1312,,,2026-06-01T12:47:00,False,,20,2000,Accounts receive transaction,,FBM DRAWER CASH,,2,,,1,,,2026-08-17T14:03:45.681953,2026-08-17T14:03:45.681958
323,228,SIKANDAR SB JAGUWAN,500000,50000000,Bank Transfer,Receipt,,,,SB-CP-1313,,,2026-05-31T12:53:00,False,,0,0,Accounts receive transaction,MCB,(MCB 77661 )ADNAN AHMED,7761.0,1,,,1,,,2026-08-17T14:03:45.683036,2026-08-17T14:03:45.683042
324,228,SIKANDAR SB JAGUWAN,200000,20000000,Bank Transfer,Receipt,,,,SB-CP-1314,,,2026-05-31T12:26:00,False,,0,0,Accounts receive transaction,MCB,(MCB 77661 )ADNAN AHMED,7761.0,1,,,1,,,2026-08-17T14:03:45.684237,2026-08-17T14:03:45.684244
325,66,SUBEDAR MUHAMMAD ARSHAD SB KHANPUR KHOKHAR,200000,20000000,Cash,Receipt,,,,SB-CP-1315,,,2026-06-01T13:21:00,False,,1,100,Accounts receive transaction,,FBM DRAWER CASH,,2,,,1,,,2026-08-17T14:03:45.685564,2026-08-17T14:03:45.685570
326,227,ATIF BAIG SB KOANKH,-170,-17000,Refund,Refund,,,,,,,2026-05-31T16:00:00,False,,0,0,Client refund,,FBM DRAWER CASH,,2,,,2,,,2026-08-17T14:03:45.686660,2026-08-17T14:10:33.971221
327,227,ATIF BAIG SB KOANKH,1,100,Cash,Receipt,,,,SB-CP-1316,,,2026-05-31T16:04:00,False,,6,600,Accounts receive transaction,,FBM DRAWER CASH,,2,,,1,,,2026-08-17T14:03:45.687654,2026-08-17T14:03:45.687660
328,165,SHEHZAD BAIG SB KOANKH,200000,20000000,Cash,Receipt,,,,SB-CP-1317,,,2026-06-01T10:58:00,False,,0,0,Accounts receive transaction,,FBM DRAWER CASH,,2,,,1,,,2026-08-17T14:03:45.688652,2026-08-17T14:03:45.688658
329,66,SUBEDAR MUHAMMAD ARSHAD SB KHANPUR KHOKHAR,50000,5000000,Cash,Receipt,,,,SB-CP-1318,,,2026-06-02T12:19:00,False,,0,0,Accounts receive transaction,,FBM DRAWER CASH,,2,,,1,,,2026-08-17T14:03:45.689569,2026-08-17T14:03:45.689574
330,47,HAJI IQBAL SB JPS,39312,3931200,Material Return,Material Return,MaterialReturn,19,,SB-CP-1319,,,2026-06-02T12:57:23.118953,False,[MATERIAL_RETURN:19] MB NO.8808,0,0,,,,,,,,2,,,2026-08-17T14:03:45.690677,2026-08-17T14:10:33.971447
331,163,YASIR YAQOOB SB DILAWARPUR,180000,18000000,Bank Transfer,Receipt,,,,SB-CP-1320,,,2026-06-02T16:24:00,False,,0,0,Accounts receive transaction,AL FALAH,(ALFALAH 37737) FAZAL BUILDING MATERIAL JPS,37737.0,4,,,1,,,2026-08-17T14:03:45.691720,2026-08-17T14:03:45.691726
332,163,YASIR YAQOOB SB DILAWARPUR,19000,1900000,Cash,Receipt,,,,SB-CP-1321,,,2026-05-23T00:00:00,False,,0,0,,,FBM DRAWER CASH,,2,,,1,,,2026-08-17T14:03:45.692623,2026-08-17T14:03:45.692628
333,202,HAFIZ ABDUL JABBAR SB RANGPUR,1,100,Cash,Receipt,,,,SB-CP-1322,,,2026-06-02T17:37:00,False,,38370,3837000,Accounts receive transaction,,FBM DRAWER CASH,,2,,,1,,,2026-08-17T14:03:45.693685,2026-08-17T14:03:45.693691
334,89,ASIF HUSSAIN JPS (ALI ALMUNIUM),60000,6000000,Bank Transfer,Receipt,,,,SB-CP-1323,,,2026-06-02T09:48:00,False,,0,0,Accounts receive transaction,MCB,(MCB 77661 )ADNAN AHMED,7761.0,1,,,1,,,2026-08-17T14:03:45.694743,2026-08-17T14:03:45.694749
335,224,MIRZA AKHTAR BAIG SB KOANKH,100000,10000000,Bank Transfer,Receipt,,,,SB-CP-1324,,,2026-06-02T10:03:00,False,,0,0,Accounts receive transaction,MCB,(MCB 77661 )ADNAN AHMED,7761.0,1,,,1,,,2026-08-17T14:03:45.695775,2026-08-17T14:03:45.695781
336,153,RAJA ALTAF SB JPS,80000,8000000,Cash,Receipt,,,,SB-CP-1325,,,2026-06-02T10:04:00,False,,0,0,Accounts receive transaction,,FBM DRAWER CASH,,2,,,1,,,2026-08-17T14:03:45.696669,2026-08-17T14:03:45.696674
337,28,MIRZA AMJAD JAVED SB AJNALA SITE,100000,10000000,Bank Transfer,Receipt,,,,SB-CP-1326,,,2026-06-03T17:47:00,False,direct paid to supplier 8874,0,0,Accounts receive transaction,MCB,(MCB 77661 )ADNAN AHMED,7761.0,1,,,1,,,2026-08-17T14:03:45.698513,2026-08-17T14:03:45.698519
338,207,MALIK NAVEED SB KHAN PUR KHOKHAR,2447.5,244750,Material Return,Material Return,MaterialReturn,20,,SB-CP-1327,,,2026-05-12T08:49:00,False,[MATERIAL_RETURN:20] MB NO.8206 | return,0,0,,,,,,,,2,,,2026-08-17T14:03:45.699536,2026-08-17T14:10:33.971487
339,207,MALIK NAVEED SB KHAN PUR KHOKHAR,-2500,-250000,Refund,Refund,,,,,,,2026-06-03T08:50:00,False,return,0,0,Client refund,,FBM  CASH,,2,,,2,,,2026-08-17T14:03:45.700515,2026-08-17T14:10:33.971624
340,207,MALIK NAVEED SB KHAN PUR KHOKHAR,1,100,Cash,Receipt,,,,SB-CP-1328,,,2026-06-03T08:51:00,False,discount,167.5,16750,Accounts receive transaction,,FBM  CASH,,2,,,1,,,2026-08-17T14:03:45.701299,2026-08-17T14:03:45.701303
341,209,SHABEEB SB KANIYAN,2500,250000,Cash,Receipt,,,,SB-CP-1329,,,2026-06-04T12:39:00,False,8889,0,0,Accounts receive transaction,,FBM  CASH,,2,,,1,,,2026-08-17T14:03:45.702269,2026-08-17T14:03:45.702277
342,9,MAZHAR SB RUPOWAL DERA,50000,5000000,Cash,Receipt,,,,SB-CP-1330,,,2026-06-04T13:04:00,False,8895,0,0,Accounts receive transaction,,FBM  CASH,,2,,,1,,,2026-08-17T14:03:45.703498,2026-08-17T14:03:45.703505
343,113,MUHAMMAD SALEEM SB RUPOWAL,200000,20000000,Cash,Receipt,,,,SB-CP-1331,,,2026-06-04T13:09:00,False,8897,0,0,Accounts receive transaction,,FBM  CASH,,2,,,1,,,2026-08-17T14:03:45.704435,2026-08-17T14:03:45.704441
344,195,SALMAAN SB GHURAL (GOGA SB GHURAL),65587.5,6558750,Material Return,Material Return,MaterialReturn,21,,SB-CP-1332,,,2026-06-04T13:59:00,False,[MATERIAL_RETURN:21] MB NO.8905 | return,0,0,,,,,,,,2,,,2026-08-17T14:03:45.705234,2026-08-17T14:10:33.971664
346,195,SALMAAN SB GHURAL (GOGA SB GHURAL),-50600,-5060000,Refund,Refund,,,,,,,2026-06-04T14:09:00,False,RETURN PAYMENT 8905,0,0,Client refund,,FBM  CASH,,2,,,2,,,2026-08-17T14:03:45.706355,2026-08-17T14:10:33.971758
347,195,SALMAAN SB GHURAL (GOGA SB GHURAL),0,0,Waive-Off,Waive-Off,,,,SB-CP-1334,,,2026-06-04T14:10:00,False,,12.5,1250,Accounts receive transaction,,,,,,,2,,,2026-08-17T14:03:45.707291,2026-08-17T14:10:33.971789
348,190,AZHAR BUTT SB JPS BUTT SWEETS,100000,10000000,Cash,Receipt,,,,SB-CP-1335,,,2026-06-05T17:27:00,False,,0,0,Accounts receive transaction,,FBM  CASH,,2,,,1,,,2026-08-17T14:03:45.708284,2026-08-17T14:03:45.708290
349,215,CH IMRAN SB JPS,40000,4000000,Cash,Receipt,,,,SB-CP-1336,,,2026-06-02T09:59:00,False,PAYMENT RECEIVED,0,0,Accounts receive transaction,,FBM  CASH,,2,,,1,,,2026-08-17T14:03:45.709127,2026-08-17T14:03:45.709131
351,178,ZEESHAN ATTARI SB JPS,0,0,Material Return,Material Return,MaterialReturn,23,,SB-CP-1338,,,2026-05-25T10:39:00,False,[MATERIAL_RETURN:23] MB NO.8661,0,0,,,,,,,,2,,,2026-08-17T14:03:45.709991,2026-08-17T14:10:33.972235
352,178,ZEESHAN ATTARI SB JPS,22221.5,2222150,Material Return,Material Return,MaterialReturn,24,,SB-CP-1339,,,2026-05-25T10:40:00,False,[MATERIAL_RETURN:24] SB-RTN-1023 | return,0,0,,,,,,,,2,,,2026-08-17T14:03:45.711268,2026-08-17T14:10:33.972275
353,146,ABDUL SATTAR SB DHINDA FARM,50000,5000000,Cash,Receipt,,,,SB-CP-1340,,,2026-06-06T11:49:00,False,8932,0,0,Accounts receive transaction,,FBM  CASH,,2,,,1,,,2026-08-17T14:03:45.712208,2026-08-17T14:03:45.712214
354,228,SIKANDAR SB JAGUWAN,1,100,Cash,Receipt,,,,SB-CP-1341,,,2026-06-09T13:29:00,False,,879,87900,Accounts receive transaction,,FBM  CASH,,2,,,1,,,2026-08-17T14:03:45.713104,2026-08-17T14:03:45.713109
356,242,AURANGZEB SB KOANKH,22600,2260000,Cash,Receipt,,,,SB-CP-1343,,,2026-06-09T15:20:00,False,,32,3200,Accounts receive transaction,,FBM  CASH,,2,,,1,,,2026-08-17T14:03:45.714102,2026-08-17T14:03:45.714107
357,39,ATEEQ UR REHMAN SB DHINDA,4400,440000,Cash,Receipt,,,,SB-CP-1344,,,2026-06-09T12:05:00,False,BIKE REPAIR,0,0,Accounts receive transaction,,FBM  CASH,,2,,,1,,,2026-08-17T14:03:45.715096,2026-08-17T14:03:45.715102
358,228,SIKANDAR SB JAGUWAN,60000,6000000,Bank Transfer,Receipt,,,,SB-CP-1345,,,2026-06-10T12:56:00,False,,0,0,Accounts receive transaction,MCB,(MCB 77661 )ADNAN AHMED,7761.0,1,,,1,,,2026-08-17T14:03:45.715932,2026-08-17T14:03:45.715937
359,215,CH IMRAN SB JPS,30000,3000000,Cash,Receipt,,,,SB-CP-1346,,,2026-06-10T15:02:00,False,,0,0,Accounts receive transaction,,FBM  CASH,,2,,,1,,,2026-08-17T14:03:45.716740,2026-08-17T14:03:45.716745
360,215,CH IMRAN SB JPS,300000,30000000,Cash,Receipt,,,,SB-CP-1347,,,2026-06-10T15:02:00,False,,0,0,Accounts receive transaction,,FBM  CASH,,2,,,1,,,2026-08-17T14:03:45.717744,2026-08-17T14:03:45.717750
362,202,HAFIZ ABDUL JABBAR SB RANGPUR,62104.8,6210480,Material Return,Material Return,MaterialReturn,25,,SB-CP-1349,,,2026-06-06T12:45:00,False,[MATERIAL_RETURN:25] MB NO.8943,0,0,,,,,,,,2,,,2026-08-17T14:03:45.718659,2026-08-17T14:10:33.972363
363,83,JAVED NUMBERDAR SB JPS,0,0,Material Return,Material Return,MaterialReturn,26,,SB-CP-1350,,,2026-06-15T12:51:28.601389,False,[MATERIAL_RETURN:26] MB NO.8945,0,0,,,,,,,,2,,,2026-08-17T14:03:45.719531,2026-08-17T14:10:33.972563
364,25,MALIK JAVED SB KHAN PUR KHOKHAR,1,100,Cash,Receipt,,,,SB-CP-1351,,,2026-06-06T14:06:00,False,,3489,348900,Accounts receive transaction,,FBM  CASH,,2,,,1,,,2026-08-17T14:03:45.720547,2026-08-17T14:03:45.720553
365,207,MALIK NAVEED SB KHAN PUR KHOKHAR,123500,12350000,Cash,Receipt,,,,SB-CP-1352,,,2026-06-06T15:18:00,False,,415.2,41520,Accounts receive transaction,,FBM  CASH,,2,,,1,,,2026-08-17T14:03:45.721417,2026-08-17T14:03:45.721423
366,178,ZEESHAN ATTARI SB JPS,1,100,Cash,Receipt,,,,SB-CP-1353,,,2026-06-06T16:20:00,False,,6099,609900,Accounts receive transaction,,FBM  CASH,,2,,,1,,,2026-08-17T14:03:45.722412,2026-08-17T14:03:45.722418
367,250,YOUNIS GHAFFARI SB JPS,10000,1000000,Cash,Receipt,,,,SB-CP-1354,,,2026-06-07T10:13:00,False,8979,0,0,Accounts receive transaction,,FBM  CASH,,2,,,1,,,2026-08-17T14:03:45.723273,2026-08-17T14:03:45.723278
368,66,SUBEDAR MUHAMMAD ARSHAD SB KHANPUR KHOKHAR,100000,10000000,Cash,Receipt,,,,SB-CP-1355,,,2026-06-07T10:47:00,False,8984,0,0,Accounts receive transaction,,FBM  CASH,,2,,,1,,,2026-08-17T14:03:45.724084,2026-08-17T14:03:45.724089
369,232,SARWAR SB MASON,50000,5000000,Bank Transfer,Receipt,,,,SB-CP-1356,,,2026-06-07T11:33:00,False,8990,0,0,Accounts receive transaction,AL FALAH,(ALFALAH 37737) FAZAL BUILDING MATERIAL JPS,37737.0,4,,,1,,,2026-08-17T14:03:45.724932,2026-08-17T14:03:45.724936
370,145,MASTER ZAHOOR SB JPS,50000,5000000,Bank,Receipt,,,,SB-CP-1357,,,2026-06-07T00:00:00,False,9015,0,0,,MCB,ADNAN AHMED,7761.0,1,,,1,,,2026-08-17T14:03:45.725745,2026-08-17T14:03:45.725750
371,35,EHSAN SB CHAUHAN,31000,3100000,Cash,Receipt,,,,SB-CP-1358,,,2026-06-07T15:31:00,False,9017,589,58900,Accounts receive transaction,,FBM  CASH,,2,,,1,,,2026-08-17T14:03:45.726625,2026-08-17T14:03:45.726631
372,191,MIRZA REHMAN SB JPS,0,0,Material Return,Material Return,MaterialReturn,27,,SB-CP-1359,,,2026-06-08T09:06:00,False,[MATERIAL_RETURN:27] MB NO.9030 | return,0,0,,,,,,,,2,,,2026-08-17T14:03:45.727660,2026-08-17T14:10:33.972612
373,48,RANA ZAHEER SB JPS,22550,2255000,Cash,Receipt,,,,SB-CP-1360,,,2026-05-07T00:00:00,False,,0,0,,,FBM  CASH,,2,,,1,,,2026-08-17T14:03:45.728503,2026-08-17T14:03:45.728508
374,55,FIYAZ BAIG SB KOANKH,35000,3500000,Cash,Receipt,,,,SB-CP-1361,,,2026-06-08T12:13:00,False,9039,465,46500,Accounts receive transaction,,FBM  CASH,,2,,,1,,,2026-08-17T14:03:45.729278,2026-08-17T14:03:45.729282
375,190,AZHAR BUTT SB JPS BUTT SWEETS,30000,3000000,Cash,Receipt,,,,SB-CP-1362,,,2026-06-08T15:15:00,False,9062,0,0,Accounts receive transaction,,FBM  CASH,,2,,,1,,,2026-08-17T14:03:45.730082,2026-08-17T14:03:45.730087
377,220,GHULAM GHOUS SB JPS,45000,4500000,Cash,Receipt,,,,SB-CP-1364,,,2026-06-10T00:00:00,False,9109,0,0,,,FBM  CASH,,2,,,1,,,2026-08-17T14:03:45.731088,2026-08-17T14:03:45.731093
378,87,ARIF SB JPS(HAJI ASHFAQ S),2500,250000,Cash,Receipt,,,,SB-CP-1365,,,2026-06-17T09:56:00,False,,99,9900,Accounts receive transaction,,FBM  CASH,,2,,,1,,,2026-08-17T14:03:45.732810,2026-08-17T14:03:45.732817
379,87,ARIF SB JPS(HAJI ASHFAQ S),-24.5,-2450,Refund,Refund,,,,,,,2026-06-17T09:58:00,False,,0,0,Client refund,,FBM  CASH,,2,,,2,,,2026-08-17T14:03:45.735745,2026-08-17T14:10:33.972779
380,48,RANA ZAHEER SB JPS,21750,2175000,Cash,Receipt,,,,SB-CP-1366,,,2026-06-17T10:50:00,False,,0,0,Accounts receive transaction,,FBM  CASH,,2,,,1,,,2026-08-17T14:03:45.736827,2026-08-17T14:03:45.736833
381,63,ABDULLAH SB KOANKH,8000,800000,Cash,Receipt,,,,SB-CP-1367,,,2026-06-03T00:00:00,False,,0,0,,,FBM  CASH,,2,,,1,,,2026-08-17T14:03:45.737915,2026-08-17T14:03:45.737943
382,63,ABDULLAH SB KOANKH,0.2,20,Cash,Receipt,,,,SB-CP-1368,,,2026-06-03T10:58:00,False,,332,33200,Accounts receive transaction,,FBM  CASH,,2,,,1,,,2026-08-17T14:03:45.738915,2026-08-17T14:03:45.738921
383,231,SHEHBAZ SB RANGPUR,50000,5000000,Cash,Receipt,,,,SB-CP-1369,,,2026-06-10T11:46:00,False,9127,0,0,Accounts receive transaction,,FBM  CASH,,2,,,1,,,2026-08-17T14:03:45.739955,2026-08-17T14:03:45.739961
384,25,MALIK JAVED SB KHAN PUR KHOKHAR,-60860,-6086000,Refund,Refund,,,,,,,2026-06-10T11:53:00,False,9131,0,0,Client refund,,FBM  CASH,,2,,,2,,,2026-08-17T14:03:45.744561,2026-08-17T14:10:33.972827
385,224,MIRZA AKHTAR BAIG SB KOANKH,55500,5550000,Cash,Receipt,,,,SB-CP-1370,,,2026-06-10T12:15:00,False,9146,86,8600,Accounts receive transaction,,FBM  CASH,,2,,,1,,,2026-08-17T14:03:45.745691,2026-08-17T14:03:45.745698
386,256,KHALID SB HANDA DERHA,11000,1100000,Cash,Receipt,,,,SB-CP-1371,,,2026-06-07T12:22:00,False,9148,236,23600,Accounts receive transaction,,FBM  CASH,,2,,,1,,,2026-08-17T14:03:45.746695,2026-08-17T14:03:45.746701
387,259,MUHAMMAD ARSHAD SB DHINDA POTAN WALAY,36792,3679200,Material Return,Material Return,MaterialReturn,29,,SB-CP-1372,,,2026-06-17T12:58:00,False,[MATERIAL_RETURN:29] MB NO.9438,0,0,,,,,,,,2,,,2026-08-17T14:03:45.747734,2026-08-17T14:10:33.973020
388,191,MIRZA REHMAN SB JPS,250000,25000000,Cash,Receipt,,,,SB-CP-1373,,,2026-06-18T13:28:00,False,,0,0,Accounts receive transaction,,FBM  CASH,,2,,,1,,,2026-08-17T14:03:45.748792,2026-08-17T14:03:45.748799
389,145,MASTER ZAHOOR SB JPS,50000,5000000,Cash,Receipt,,,,SB-CP-1374,,,2026-06-17T13:29:00,False,,0,0,Accounts receive transaction,,FBM  CASH,,2,,,1,,,2026-08-17T14:03:45.749867,2026-08-17T14:03:45.749873
390,23,MALIK ADNAN,22000,2200000,Cash,Receipt,,,,SB-CP-1375,,,2026-06-17T13:38:00,False,9446,450,45000,Accounts receive transaction,,FBM  CASH,,2,,,1,,,2026-08-17T14:03:45.750972,2026-08-17T14:03:45.750978
391,167,CH MUHAMMAD AKRAM RIHANIA SB JPS,20000,2000000,Cash,Receipt,,,,SB-CP-1376,,,2026-06-18T14:47:00,False,9432,0,0,Accounts receive transaction,,FBM  CASH,,2,,,1,,,2026-08-17T14:03:45.751890,2026-08-17T14:03:45.751896
392,190,AZHAR BUTT SB JPS BUTT SWEETS,10000,1000000,Cash,Receipt,,,,SB-CP-1377,,,2026-06-10T15:36:00,False,9152,0,0,Accounts receive transaction,,FBM  CASH,,2,,,1,,,2026-08-17T14:03:45.752767,2026-08-17T14:03:45.752773
394,251,HAJI AKRAM SB CONT DOYIAN,532500,53250000,Cash,Receipt,,,,SB-CP-1378,,,2026-06-19T09:27:00,False,9494,232.6,23260,Accounts receive transaction,,FBM  CASH,,2,,,1,,,2026-08-17T14:03:45.753622,2026-08-17T14:03:45.753627
395,22,MALIK ILYAS SB JPS,50000,5000000,Cash,Receipt,,,,SB-CP-1379,,,2026-06-11T11:57:00,False,9166,0,0,Accounts receive transaction,,FBM  CASH,,2,,,1,,,2026-08-17T14:03:45.754667,2026-08-17T14:03:45.754673
398,263,HDC MEHAR MEHDI SB JPS,1500000,150000000,Bank Transfer,Receipt,,,,SB-CP-1382,,,2026-06-18T12:35:00,False,9491,0,0,Accounts receive transaction,MCB,(MCB 77661 )ADNAN AHMED,7761.0,1,,,1,,,2026-08-17T14:03:45.755537,2026-08-17T14:03:45.755542
400,220,GHULAM GHOUS SB JPS,14592,1459200,Material Return,Material Return,MaterialReturn,32,,SB-CP-1384,,,2026-06-10T11:10:00,False,[MATERIAL_RETURN:32] MB NO.9149,0,0,,,,,,,,2,,,2026-08-17T14:03:45.756385,2026-08-17T14:10:33.973077
401,220,GHULAM GHOUS SB JPS,-6060,-606000,Refund,Refund,,,,,,,2026-06-10T11:12:00,False,9149,0,0,Client refund,,FBM  CASH,,2,,,2,,,2026-08-17T14:03:45.757300,2026-08-17T14:10:33.973138
402,238,NASAR IQBAL BUTT SB JPS,34000,3400000,Cash,Receipt,,,,SB-CP-1385,,,2026-06-19T13:19:00,False,,264,26400,Accounts receive transaction,,FBM  CASH,,2,,,1,,,2026-08-17T14:03:45.758443,2026-08-17T14:03:45.758451
404,251,HAJI AKRAM SB CONT DOYIAN,7117.6,711760,Material Return,Material Return,MaterialReturn,34,,SB-CP-1387,,,2026-06-21T12:02:45.646236,False,[MATERIAL_RETURN:34] MB NO.9570/2,0,0,,,,,,,,2,,,2026-08-17T14:03:45.759417,2026-08-17T14:10:33.973479
405,251,HAJI AKRAM SB CONT DOYIAN,-6537.6,-653760,Refund,Refund,,,,,,,2026-06-21T12:08:00,False,,0,0,Client refund,,FBM  CASH,,2,,,2,,,2026-08-17T14:03:45.760544,2026-08-17T14:10:33.973602
406,259,MUHAMMAD ARSHAD SB DHINDA POTAN WALAY,-35988,-3598800,Refund,Refund,,,,,,,2026-06-17T12:43:00,False,9438,0,0,Client refund,,FBM  CASH,,2,,,2,,,2026-08-17T14:03:45.761601,2026-08-17T14:10:33.973672
407,242,AURANGZEB SB KOANKH,131390.7,13139070,Material Return,Material Return,MaterialReturn,35,,SB-CP-1388,,,2026-06-16T13:35:00,False,[MATERIAL_RETURN:35] MB NO.9403,0,0,,,,,,,,2,,,2026-08-17T14:03:45.762633,2026-08-17T14:10:33.974039
408,242,AURANGZEB SB KOANKH,1,100,Cash,Receipt,,,,SB-CP-1389,,,2026-06-21T13:56:00,False,9592,6299,629900,Accounts receive transaction,,FBM  CASH,,2,,,1,,,2026-08-17T14:03:45.763535,2026-08-17T14:03:45.763540
409,9,MAZHAR SB RUPOWAL DERA,375000,37500000,Cash,Receipt,,,,SB-CP-1390,,,2026-06-21T15:04:00,False,,0,0,Accounts receive transaction,,FBM  CASH,,2,,,1,,,2026-08-17T14:03:45.764597,2026-08-17T14:03:45.764605
410,154,MUHAMMAD ABID SB KOANKH,100000,10000000,Cash,Receipt,,,,SB-CP-1391,,,2026-06-21T16:34:00,False,,0,0,Accounts receive transaction,,FBM  CASH,,2,,,1,,,2026-08-17T14:03:45.765592,2026-08-17T14:03:45.765598
411,218,RAZAQ SB KHANPUR KHOKHAR,44000,4400000,Cash,Receipt,,,,SB-CP-1392,,,2026-06-22T11:19:00,False,,0.8,80,Accounts receive transaction,,FBM  CASH,,2,,,1,,,2026-08-17T14:03:45.766587,2026-08-17T14:03:45.766594
412,9,MAZHAR SB RUPOWAL DERA,26616,2661600,Material Return,Material Return,MaterialReturn,36,,SB-CP-1393,,,2026-06-22T12:35:11.670824,False,[MATERIAL_RETURN:36] MB NO.9610/2,0,0,,,,,,,,2,,,2026-08-17T14:03:45.767547,2026-08-17T14:10:33.974075
413,212,MIRZA NAZAR BAIG SB KOANKH,11150,1115000,Cash,Receipt,,,,SB-CP-1394,,,2026-05-31T13:48:00,False,,0,0,Accounts receive transaction,,FBM  CASH,,2,,,1,,,2026-08-17T14:03:45.768438,2026-08-17T14:03:45.768445
415,175,MUHAMMAD ARSHAD SB GHURAL (SUBEDAR QADAR DAD SB),53000,5300000,Cash,Receipt,,,,SB-CP-1396,,,2026-06-22T14:30:00,False,,607,60700,Accounts receive transaction,,FBM  CASH,,2,,,1,,,2026-08-17T14:03:45.769639,2026-08-17T14:03:45.769644
416,105,DR EHSAN SB DHINDA,43375,4337500,Bank Transfer,Receipt,,,,SB-CP-1397,,,2026-06-22T17:43:00,False,,0,0,Accounts receive transaction,MCB,(MCB 77661 )ADNAN AHMED,7761.0,1,,,1,,,2026-08-17T14:03:45.771065,2026-08-17T14:03:45.771072
417,162,SHERAZ SB MALIK PUR,1,100,Cash,Receipt,,,,SB-CP-1398,,,2026-06-22T17:44:00,False,,12810,1281000,Accounts receive transaction,,FBM  CASH,,2,,,1,,,2026-08-17T14:03:45.772438,2026-08-17T14:03:45.772445
418,145,MASTER ZAHOOR SB JPS,50000,5000000,Bank Transfer,Receipt,,,,SB-CP-1399,,,2026-06-22T09:27:00,False,,0,0,Accounts receive transaction,MCB,(MCB 77661 )ADNAN AHMED,7761.0,1,,,1,,,2026-08-17T14:03:45.773635,2026-08-17T14:03:45.773642
419,70,MUHAMMAD ASGHAR FAUJI SB JPS,20000,2000000,Cash,Receipt,,,,SB-CP-1400,,,2026-06-22T09:28:00,False,9655,0,0,Accounts receive transaction,,FBM  CASH,,2,,,1,,,2026-08-17T14:03:45.774753,2026-08-17T14:03:45.774759
420,6,SHEHBAZ BAIG SB KOANKH,14500,1450000,Cash,Receipt,,,,SB-CP-1401,,,2026-06-23T13:09:00,False,,0,0,Accounts receive transaction,,FBM  CASH,,2,,,1,,,2026-08-17T14:03:45.775624,2026-08-17T14:03:45.775629
422,169,MUHAMMAD SHABEER SB CONT TIBBA AJNALA,1,100,Cash,Receipt,,,,SB-CP-1403,,,2026-06-23T15:03:00,False,DISCOUNT CEMENT BILL NUMBER 9696,449,44900,Accounts receive transaction,,FBM  CASH,,2,,,1,,,2026-08-17T14:03:45.776548,2026-08-17T14:03:45.776554
423,243,ABDUL AZIZ SB DEDHAR SHARIF,29500,2950000,Bank Transfer,Receipt,,,,SB-CP-1404,,,2026-06-24T09:23:00,False,9718,0,0,Accounts receive transaction,MCB,(MCB 77661 )ADNAN AHMED,7761.0,1,,,1,,,2026-08-17T14:03:45.777544,2026-08-17T14:03:45.777550
424,9,MAZHAR SB RUPOWAL DERA,100000,10000000,Cash,Receipt,,,,SB-CP-1405,,,2026-06-23T10:21:00,False,9724,0.2,20,Accounts receive transaction,,FBM  CASH,,2,,,1,,,2026-08-17T14:03:45.778528,2026-08-17T14:03:45.778534
425,212,MIRZA NAZAR BAIG SB KOANKH,50000,5000000,Cash,Receipt,,,,SB-CP-1406,,,2026-06-22T10:30:00,False,9710,0,0,Accounts receive transaction,,FBM  CASH,,2,,,1,,,2026-08-17T14:03:45.779448,2026-08-17T14:03:45.779453
426,266,QAISER SB JPS,5000,500000,Cash,Receipt,,,,SB-CP-1407,,,2026-06-20T10:58:00,False,,0,0,Accounts receive transaction,,FBM  CASH,,2,,,1,,,2026-08-17T14:03:45.780262,2026-08-17T14:03:45.780267
428,147,MUHAMMAD RAZAQ SB JPS,14500,1450000,Cash,Receipt,,,,SB-CP-1409,,,2026-06-21T14:20:00,False,9529,0,0,Accounts receive transaction,,FBM  CASH,,2,,,1,,,2026-08-17T14:03:45.781252,2026-08-17T14:03:45.781258
429,216,SAGHEER BAIG SB KOANKH,5724,572400,Material Return,Material Return,MaterialReturn,37,,SB-CP-1410,,,2026-06-16T15:38:00,False,[MATERIAL_RETURN:37] MB NO.9389,0,0,,,,,,,,2,,,2026-08-17T14:03:45.782086,2026-08-17T14:10:33.974108
430,263,HDC MEHAR MEHDI SB JPS,5823.2,582320,Material Return,Material Return,MaterialReturn,38,,SB-CP-1411,,,2026-06-24T16:31:00,False,[MATERIAL_RETURN:38] MB NO.9717/2,0,0,,,,,,,,2,,,2026-08-17T14:03:45.783004,2026-08-17T14:10:33.974354
431,147,MUHAMMAD RAZAQ SB JPS,13040,1304000,Cash,Receipt,,,,SB-CP-1412,,,2026-06-25T10:15:00,False,9741,4,400,Accounts receive transaction,,FBM  CASH,,2,,,1,,,2026-08-17T14:03:45.783824,2026-08-17T14:03:45.783829
432,210,AFGHAN SB GHURAL,-42600,-4260000,Refund,Refund,,,,,,,2026-06-25T12:32:00,False,9760,0,0,Client refund,,FBM  CASH,,2,,,2,,,2026-08-17T14:03:45.784686,2026-08-17T14:10:33.974433
433,236,NAZIM GUJJAR SB JPS,41546.2,4154620,Material Return,Material Return,MaterialReturn,39,,SB-CP-1413,,,2026-06-25T13:20:00,False,[MATERIAL_RETURN:39] MB NO.9761,0,0,,,,,,,,2,,,2026-08-17T14:03:45.785563,2026-08-17T14:10:33.974489
434,44,NADEEM SB DHINDA,-20000,-2000000,Refund,Refund,,,,,,,2026-06-23T13:57:00,False,,0,0,Client refund,,FBM  CASH,,2,,,2,,,2026-08-17T14:03:45.786660,2026-08-17T14:10:33.974696
435,44,NADEEM SB DHINDA,-8000,-800000,Refund,Refund,,,,,,,2026-06-25T13:58:00,False,,0,0,Client refund,,FBM  CASH,,2,,,2,,,2026-08-17T14:03:45.787717,2026-08-17T14:10:33.974740
436,111,RAJA PARWEZ SB RANGPUR,32000,3200000,Cash,Receipt,,,,SB-CP-1414,,,2026-06-25T15:25:00,False,,0,0,Accounts receive transaction,,FBM  CASH,,2,,,1,,,2026-08-17T14:03:45.789008,2026-08-17T14:03:45.789014
437,267,RAJA ARSHAD SB JAGUWAN,121480,12148000,Cash,Receipt,,,,SB-CP-1415,,,2026-06-25T15:30:00,False,,4,400,Accounts receive transaction,,FBM  CASH,,2,,,1,,,2026-08-17T14:03:45.790468,2026-08-17T14:03:45.790475
438,242,AURANGZEB SB KOANKH,-50325.6,-5032560,Refund,Refund,,,,,,,2026-06-25T10:33:00,False,9770,0,0,Client refund,,FBM  CASH,,2,,,2,,,2026-08-17T14:03:45.791691,2026-08-17T14:10:33.974776
439,189,IRFAN SB JPS (ATEEQ SB),50000,5000000,Cash,Receipt,,,,SB-CP-1416,,,2026-06-25T10:35:00,False,9773,0,0,Accounts receive transaction,,FBM  CASH,,2,,,1,,,2026-08-17T14:03:45.792826,2026-08-17T14:03:45.792832
440,266,QAISER SB JPS,9000,900000,Cash,Receipt,,,,SB-CP-1417,,,2026-06-25T12:00:00,False,,0,0,Accounts receive transaction,,FBM  CASH,,2,,,1,,,2026-08-17T14:03:45.793815,2026-08-17T14:03:45.793820
441,71,HAJI WARIS SB JPS,-250503,-25050300,Refund,Refund,,,,,,,2026-06-08T12:07:00,False,,0,0,Client refund,,FBM  CASH,,2,,,2,,,2026-08-17T14:03:45.794789,2026-08-17T14:10:33.974812
442,220,GHULAM GHOUS SB JPS,2340,234000,Material Return,Material Return,MaterialReturn,40,,SB-CP-1418,,,2026-06-27T12:46:59.889242,False,[MATERIAL_RETURN:40] MB NO.9794,0,0,,,,,,,,2,,,2026-08-17T14:03:45.795670,2026-08-17T14:10:33.975679
445,169,MUHAMMAD SHABEER SB CONT TIBBA AJNALA,14000,1400000,Cash,Receipt,,,,SB-CP-1421,,,2026-06-25T15:27:00,False,,450,45000,Accounts receive transaction,,FBM  CASH,,2,,,1,,,2026-08-17T14:03:45.796646,2026-08-17T14:03:45.796653
446,44,NADEEM SB DHINDA,130000,13000000,Bank Transfer,Receipt,,,,SB-CP-1422,,,2026-06-23T15:59:00,False,,0,0,Accounts receive transaction,MCB,(MCB 77661 )ADNAN AHMED,7761.0,1,,,1,,,2026-08-17T14:03:45.797647,2026-08-17T14:03:45.797654
447,43,KASHIF SB DHINDA,32000,3200000,Cash,Receipt,,,,SB-CP-1423,,,2026-06-23T16:00:00,False,,0,0,Accounts receive transaction,,FBM  CASH,,2,,,1,,,2026-08-17T14:03:45.798883,2026-08-17T14:03:45.798956
448,145,MASTER ZAHOOR SB JPS,35000,3500000,Bank Transfer,Receipt,,,,SB-CP-1424,,,2026-06-27T16:21:00,False,,0,0,Accounts receive transaction,MCB,(MCB 77661 )ADNAN AHMED,7761.0,1,,,1,,,2026-08-17T14:03:45.799892,2026-08-17T14:03:45.799897
449,227,ATIF BAIG SB KOANKH,31250,3125000,Bank Transfer,Receipt,,,,SB-CP-1425,,,2026-06-22T11:33:00,False,9451,0,0,Accounts receive transaction,MCB,(MCB 77661 )ADNAN AHMED,7761.0,1,,,1,,,2026-08-17T14:03:45.800935,2026-08-17T14:03:45.800941
450,100,HAJI YOUSUF BUTT JPS,71000,7100000,Cash,Receipt,,,,SB-CP-1426,,,2026-06-28T13:52:00,False,9846,0,0,Accounts receive transaction,,FBM  CASH,,2,,,1,,,2026-08-17T14:03:45.801943,2026-08-17T14:03:45.801949
451,246,ALI SHAN SB RANGRA,3268,326800,Material Return,Material Return,MaterialReturn,41,,SB-CP-1427,,,2026-06-28T14:18:00,False,[MATERIAL_RETURN:41] MB NO.9849,0,0,,,,,,,,2,,,2026-08-17T14:03:45.802948,2026-08-17T14:10:33.975759
452,197,RAOOF SB GHURAL,1,100,Cash,Receipt,,,,SB-CP-1428,,,2026-06-14T14:43:00,False,CHAUGATH LABOUR NAFI,499,49900,Accounts receive transaction,,FBM  CASH,,2,,,1,,,2026-08-17T14:03:45.804025,2026-08-17T14:03:45.804031
453,71,HAJI WARIS SB JPS,27400,2740000,Cash,Receipt,,,,SB-CP-1429,,,2026-06-28T14:53:00,False,,0,0,Accounts receive transaction,,FBM  CASH,,2,,,1,,,2026-08-17T14:03:45.805509,2026-08-17T14:03:45.805516
454,246,ALI SHAN SB RANGRA,12500,1250000,Cash,Receipt,,,,SB-CP-1430,,,2026-06-28T14:54:00,False,,0,0,Accounts receive transaction,,FBM  CASH,,2,,,1,,,2026-08-17T14:03:45.806647,2026-08-17T14:03:45.806653
455,197,RAOOF SB GHURAL,1,100,Cash,Receipt,,,,SB-CP-1431,,,2026-06-28T15:03:00,False,DISCOUNT CEMENT STEEL,4969,496900,Accounts receive transaction,,FBM  CASH,,2,,,1,,,2026-08-17T14:03:45.807750,2026-08-17T14:03:45.807756
456,111,RAJA PARWEZ SB RANGPUR,27700,2770000,Cash,Receipt,,,,SB-CP-1432,,,2026-06-28T16:49:00,False,,83,8300,Accounts receive transaction,,FBM  CASH,,2,,,1,,,2026-08-17T14:03:45.808661,2026-08-17T14:03:45.808667
457,111,RAJA PARWEZ SB RANGPUR,119000,11900000,Cash,Receipt,,,,SB-CP-1433,,,2026-05-07T16:55:00,False,,0,0,Accounts receive transaction,,FBM  CASH,,2,,,1,,,2026-08-17T14:03:45.809547,2026-08-17T14:03:45.809552
458,270,ASIF SB KOANKH,100000,10000000,Cash,Receipt,,,,SB-CP-1434,,,2026-06-29T10:50:00,False,,0,0,Accounts receive transaction,,FBM  CASH,,2,,,1,,,2026-08-17T14:03:45.810615,2026-08-17T14:03:45.810621
459,22,MALIK ILYAS SB JPS,24000,2400000,Cash,Receipt,,,,SB-CP-1435,,,2026-06-29T13:27:00,False,,0,0,Accounts receive transaction,,FBM  CASH,,2,,,1,,,2026-08-17T14:03:45.811611,2026-08-17T14:03:45.811618
460,150,MUHAMMAD AKRAM SB SANTAL SURKHIYAN,120000,12000000,Bank Transfer,Receipt,,,,SB-CP-1436,,,2026-06-29T13:35:00,False,,0,0,Accounts receive transaction,AL FALAH,(ALFALAH 37737) FAZAL BUILDING MATERIAL JPS,37737.0,4,,,1,,,2026-08-17T14:03:45.812571,2026-08-17T14:03:45.812577
461,186,SAFDAR ALI SB AJNALA (ASLAM CONT),1,100,Cash,Receipt,,,,SB-CP-1437,,,2026-06-29T15:03:00,False,CEMENT DISCOUNT MB NO 9902,5499,549900,Accounts receive transaction,,FBM  CASH,,2,,,1,,,2026-08-17T14:03:45.813441,2026-08-17T14:03:45.813446
462,197,RAOOF SB GHURAL,0,0,Material Return,Material Return,MaterialReturn,42,,SB-CP-1438,,,2026-06-14T15:20:00,False,[MATERIAL_RETURN:42] MB NO.9303,0,0,,,,,,,,2,,,2026-08-17T14:03:45.814520,2026-08-17T14:10:33.975808
463,158,JAMEEL SB JAGWAN,1,100,Cash,Receipt,,,,SB-CP-1439,,,2026-06-12T15:58:00,False,,6999,699900,Accounts receive transaction,,FBM  CASH,,2,,,1,,,2026-08-17T14:03:45.815734,2026-08-17T14:03:45.815740
464,158,JAMEEL SB JAGWAN,29250,2925000,Bank Transfer,Receipt,,,,SB-CP-1440,,,2026-06-29T15:59:00,False,,0,0,Accounts receive transaction,AL FALAH,(ALFALAH 37737) FAZAL BUILDING MATERIAL JPS,37737.0,4,,,1,,,2026-08-17T14:03:45.816756,2026-08-17T14:03:45.816761
465,105,DR EHSAN SB DHINDA,1506.4,150640,Material Return,Material Return,MaterialReturn,43,,SB-CP-1441,,,2026-06-11T16:30:00,False,[MATERIAL_RETURN:43] MB NO.9189,0,0,,,,,,,,2,,,2026-08-17T14:03:45.818245,2026-08-17T14:10:33.975848
466,89,ASIF HUSSAIN JPS (ALI ALMUNIUM),40000,4000000,Cash,Receipt,,,,SB-CP-1442,,,2026-06-11T16:38:00,False,,0,0,Accounts receive transaction,,FBM  CASH,,2,,,1,,,2026-08-17T14:03:45.819560,2026-08-17T14:03:45.819567
467,66,SUBEDAR MUHAMMAD ARSHAD SB KHANPUR KHOKHAR,90000,9000000,Cash,Receipt,,,,SB-CP-1443,,,2026-06-11T17:02:00,False,,0,0,Accounts receive transaction,,FBM  CASH,,2,,,1,,,2026-08-17T14:03:45.821049,2026-08-17T14:03:45.821057
468,66,SUBEDAR MUHAMMAD ARSHAD SB KHANPUR KHOKHAR,50000,5000000,Cash,Receipt,,,,SB-CP-1444,,,2026-06-21T17:03:00,False,,0,0,Accounts receive transaction,,FBM  CASH,,2,,,1,,,2026-08-17T14:03:45.822281,2026-08-17T14:03:45.822289
469,8,TALHA SB JPS,1,100,Cash,Receipt,,,,SB-CP-1445,,,2026-06-11T17:16:00,False,,1999,199900,Accounts receive transaction,,FBM  CASH,,2,,,1,,,2026-08-17T14:03:45.823286,2026-08-17T14:03:45.823292
470,266,QAISER SB JPS,5000,500000,Cash,Receipt,,,,SB-CP-1446,,,2026-06-30T11:28:00,False,,0,0,Accounts receive transaction,,FBM  CASH,,2,,,1,,,2026-08-17T14:03:45.825086,2026-08-17T14:03:45.825214
471,238,NASAR IQBAL BUTT SB JPS,790,79000,Cash,Receipt,,,,SB-CP-1447,,,2026-06-14T11:45:00,False,,0,0,Accounts receive transaction,,FBM  CASH,,2,,,1,,,2026-08-17T14:03:45.826934,2026-08-17T14:03:45.826942
472,52,GHULAM SARWAR SB JPS(HAJI JAVED SB),16800,1680000,Cash,Receipt,,,,SB-CP-1448,,,2026-06-30T12:32:00,False,,0,0,Accounts receive transaction,,FBM  CASH,,2,,,1,,,2026-08-17T14:03:45.829405,2026-08-17T14:03:45.829413
473,167,CH MUHAMMAD AKRAM RIHANIA SB JPS,9635,963500,Material Return,Material Return,MaterialReturn,44,,SB-CP-1449,,,2026-06-30T13:41:00,False,[MATERIAL_RETURN:44] MB NO.9935,0,0,,,,,,,,2,,,2026-08-17T14:03:45.830497,2026-08-17T14:10:33.975921
474,172,SAIF ULLAH SB KOANKH,14800,1480000,Cash,Receipt,,,,SB-CP-1450,,,2026-06-11T14:32:00,False,,15,1500,Accounts receive transaction,,FBM  CASH,,2,,,1,,,2026-08-17T14:03:45.831740,2026-08-17T14:03:45.831747
475,154,MUHAMMAD ABID SB KOANKH,2973.6,297360,Material Return,Material Return,MaterialReturn,45,,SB-CP-1451,,,2026-06-30T14:52:28.972566,False,[MATERIAL_RETURN:45] MB NO.9926/2,0,0,,,,,,,,2,,,2026-08-17T14:03:45.832634,2026-08-17T14:10:33.975972
476,246,ALI SHAN SB RANGRA,142000,14200000,Cash,Receipt,,,,SB-CP-1452,,,2026-06-30T15:19:00,False,,136.9,13690,Accounts receive transaction,,FBM  CASH,,2,,,1,,,2026-08-17T14:03:45.834146,2026-08-17T14:03:45.834153
477,39,ATEEQ UR REHMAN SB DHINDA,7550,755000,Cash,Receipt,,,,SB-CP-1453,,,2026-06-30T15:42:00,False,,0,0,Accounts receive transaction,,FBM  CASH,,2,,,1,,,2026-08-17T14:03:45.835124,2026-08-17T14:03:45.835130
478,39,ATEEQ UR REHMAN SB DHINDA,-4000,-400000,Refund,Refund,,,,,,,2026-06-30T15:43:00,False,,0,0,Client refund,,FBM  CASH,,2,,,2,,,2026-08-17T14:03:45.836031,2026-08-17T14:10:33.976251
479,245,KHALIL AHMED SB DHINDA KALAAN,35000,3500000,Cash,Receipt,,,,SB-CP-1454,,,2026-06-30T16:15:00,False,9920,136,13600,Accounts receive transaction,,FBM  CASH,,2,,,1,,,2026-08-17T14:03:45.836913,2026-08-17T14:03:45.836918
480,238,NASAR IQBAL BUTT SB JPS,7500,750000,Cash,Receipt,,,,SB-CP-1455,,,2026-06-30T17:09:00,False,,360,36000,Accounts receive transaction,,FBM  CASH,,2,,,1,,,2026-08-17T14:03:45.837889,2026-08-17T14:03:45.837924
481,146,ABDUL SATTAR SB DHINDA FARM,25000,2500000,Cash,Receipt,,,,SB-CP-1456,,,2026-06-30T17:18:00,False,9954,0,0,Accounts receive transaction,,FBM  CASH,,2,,,1,,,2026-08-17T14:03:45.842929,2026-08-17T14:03:45.842935
482,205,IRFAN SB DEDHAR SHARIF,200000,20000000,Cash,Receipt,,,,SB-CP-1457,,,2026-06-12T12:46:00,False,9220,0,0,Accounts receive transaction,,FBM  CASH,,2,,,1,,,2026-08-17T14:03:45.843980,2026-08-17T14:03:45.843987
483,205,IRFAN SB DEDHAR SHARIF,170000,17000000,Cash,Receipt,,,,SB-CP-1458,,,2026-06-16T12:47:00,False,9398,500,50000,Accounts receive transaction,,FBM  CASH,,2,,,1,,,2026-08-17T14:03:45.844966,2026-08-17T14:03:45.844972
484,71,HAJI WARIS SB JPS,23300,2330000,Cash,Receipt,,,,SB-CP-1459,,,2026-07-01T13:18:00,False,,49.99,4999,Accounts receive transaction,,FBM  CASH,,2,,,1,,,2026-08-17T14:03:45.846235,2026-08-17T14:03:45.846241
485,47,HAJI IQBAL SB JPS,1,100,Cash,Receipt,,,,SB-CP-1460,,,2026-06-11T13:35:00,False,,1197,119700,Accounts receive transaction,,FBM  CASH,,2,,,1,,,2026-08-17T14:03:45.847457,2026-08-17T14:03:45.847464
486,265,GHULAM MURTZA SB KOANKH,21400,2140000,Cash,Receipt,,,,SB-CP-1461,,,2026-07-01T13:36:00,False,,50,5000,Accounts receive transaction,,FBM  CASH,,2,,,1,,,2026-08-17T14:03:45.848997,2026-08-17T14:03:45.849004
487,66,SUBEDAR MUHAMMAD ARSHAD SB KHANPUR KHOKHAR,50000,5000000,Cash,Receipt,,,,SB-CP-1462,,,2026-07-01T14:32:00,False,9994,0,0,Accounts receive transaction,,FBM  CASH,,2,,,1,,,2026-08-17T14:03:45.850241,2026-08-17T14:03:45.850250
488,247,SHAMRAIZ SB JAGUWAN,75350,7535000,Bank Transfer,Receipt,,,,SB-CP-1463,,,2026-07-01T14:51:00,False,,0,0,Accounts receive transaction,MCB,(MCB 77661 )ADNAN AHMED,7761.0,1,,,1,,,2026-08-17T14:03:45.851552,2026-08-17T14:03:45.851560
489,167,CH MUHAMMAD AKRAM RIHANIA SB JPS,2867.2,286720,Material Return,Material Return,MaterialReturn,46,,SB-CP-1464,,,2026-07-01T16:55:00,False,[MATERIAL_RETURN:46] MB NO.10005,0,0,,,,,,,,2,,,2026-08-17T14:03:45.853013,2026-08-17T14:10:33.976435
490,212,MIRZA NAZAR BAIG SB KOANKH,27554,2755400,Material Return,Material Return,MaterialReturn,47,,SB-CP-1465,,,2026-07-02T11:10:53.812260,False,[MATERIAL_RETURN:47] SB-RTN-1046,0,0,,,,,,,,2,,,2026-08-17T14:03:45.854596,2026-08-17T14:10:33.976513
491,89,ASIF HUSSAIN JPS (ALI ALMUNIUM),50000,5000000,Cash,Receipt,,,,SB-CP-1466,,,2026-07-02T11:48:00,False,10012,0,0,Accounts receive transaction,,FBM  CASH,,2,,,1,,,2026-08-17T14:03:45.859107,2026-08-17T14:03:45.859114
492,114,MUHAMMAD RAFEEQ SB AJNALA,41700,4170000,Cash,Receipt,,,,SB-CP-1467,,,2026-07-02T12:25:00,False,,1900,190000,Accounts receive transaction,,FBM  CASH,,2,,,1,,,2026-08-17T14:03:45.861578,2026-08-17T14:03:45.861585
493,114,MUHAMMAD RAFEEQ SB AJNALA,1,100,Cash,Receipt,,,,SB-CP-1468,,,2026-07-02T12:26:00,False,,299,29900,Accounts receive transaction,,FBM  CASH,,2,,,1,,,2026-08-17T14:03:45.862976,2026-08-17T14:03:45.862982
494,267,RAJA ARSHAD SB JAGUWAN,25500,2550000,Cash,Receipt,,,,SB-CP-1469,,,2026-07-02T13:01:00,False,,210.37,21037,Accounts receive transaction,,FBM  CASH,,2,,,1,,,2026-08-17T14:03:45.864142,2026-08-17T14:03:45.864148
495,212,MIRZA NAZAR BAIG SB KOANKH,-2813,-281300,Refund,Refund,,,,,,,2026-07-02T13:02:00,False,,0,0,Client refund,,FBM  CASH,,2,,,2,,,2026-08-17T14:03:45.866079,2026-08-17T14:10:33.977091
496,121,MAQSOOD SB MALAK PUR,34000,3400000,Cash,Receipt,,,,SB-CP-1470,,,2026-07-03T10:51:00,False,CEMENT STEEL DISCOUNT,3077,307700,Accounts receive transaction,,FBM  CASH,,2,,,1,,,2026-08-17T14:03:45.867741,2026-08-17T14:03:45.867748
497,44,NADEEM SB DHINDA,76500,7650000,Cash,Receipt,,,,SB-CP-1471,,,2026-07-03T11:02:00,False,,340,34000,Accounts receive transaction,,FBM  CASH,,2,,,1,,,2026-08-17T14:03:45.869670,2026-08-17T14:03:45.869677
498,192,DR AMIN SB JPS,150000,15000000,Cash,Receipt,,,,SB-CP-1472,,,2026-06-10T11:38:00,False,,0,0,Accounts receive transaction,,FBM  CASH,,2,,,1,,,2026-08-17T14:03:45.871055,2026-08-17T14:03:45.871062
499,192,DR AMIN SB JPS,1,100,Cash,Receipt,,,,SB-CP-1473,,,2026-06-12T11:39:00,False,9206,11611,1161100,Accounts receive transaction,,FBM  CASH,,2,,,1,,,2026-08-17T14:03:45.872041,2026-08-17T14:03:45.872047
500,71,HAJI WARIS SB JPS,39500,3950000,Cash,Receipt,,,,SB-CP-1474,,,2026-07-04T16:05:00,False,,120.51,12051,Accounts receive transaction,,FBM  CASH,,2,,,1,,,2026-08-17T14:03:45.875250,2026-08-17T14:03:45.875256
501,248,SYED SHAFQAT ABBAS SB GHURAIRA,3600,360000,Cash,Receipt,,,,SB-CP-1475,,,2026-07-04T16:06:00,False,,0,0,Accounts receive transaction,,FBM  CASH,,2,,,1,,,2026-08-17T14:03:45.876601,2026-08-17T14:03:45.876614
502,265,GHULAM MURTZA SB KOANKH,14600,1460000,Cash,Receipt,,,,SB-CP-1476,,,2026-07-04T17:06:00,False,,0,0,Accounts receive transaction,,FBM  CASH,,2,,,1,,,2026-08-17T14:03:45.877763,2026-08-17T14:03:45.877768
503,88,FAISAL SB AJNALA,4622,462200,Cash,Receipt,,,,SB-CP-1477,,,2026-07-04T17:07:00,False,,0,0,Accounts receive transaction,,FBM  CASH,,2,,,1,,,2026-08-17T14:03:45.878737,2026-08-17T14:03:45.878743
504,256,KHALID SB HANDA DERHA,37278,3727800,Cash,Receipt,,,,SB-CP-1478,,,2026-07-01T13:01:00,False,,0.1,10,Accounts receive transaction,,FBM  CASH,,2,,,1,,,2026-08-17T14:03:45.880775,2026-08-17T14:03:45.880781
505,9,MAZHAR SB RUPOWAL DERA,47380,4738000,Cash,Receipt,,,,SB-CP-1479,,,2026-07-05T14:24:00,False,,0,0,Accounts receive transaction,,FBM  CASH,,2,,,1,,,2026-08-17T14:03:45.881715,2026-08-17T14:03:45.881722
506,146,ABDUL SATTAR SB DHINDA FARM,28000,2800000,Cash,Receipt,,,,SB-CP-1480,,,2026-07-07T15:15:00,False,,0,0,Accounts receive transaction,,FBM  CASH,,2,,,1,,,2026-08-17T14:03:45.882676,2026-08-17T14:03:45.882682
507,235,SHABEER HUSSAIN SB PARSUWAL,34000,3400000,Cash,Receipt,,,,SB-CP-1481,,,2026-07-08T12:27:00,False,,0,0,Accounts receive transaction,,FBM  CASH,,2,,,1,,,2026-08-17T14:03:45.883530,2026-08-17T14:03:45.883536
508,272,NADEEM BUTT SB JPS,650000,65000000,Bank Transfer,Receipt,,,,SB-CP-1482,,,2026-07-08T15:17:00,False,,0,0,Accounts receive transaction,MCB,(MCB 77661 )ADNAN AHMED,7761.0,1,,,1,,,2026-08-17T14:03:45.884384,2026-08-17T14:03:45.884499
509,63,ABDULLAH SB KOANKH,10000,1000000,Cash,Receipt,,,,SB-CP-1483,,,2026-06-18T15:47:00,False,,0,0,Accounts receive transaction,,FBM  CASH,,2,,,1,,,2026-08-17T14:03:45.885403,2026-08-17T14:03:45.885408
510,246,ALI SHAN SB RANGRA,1,100,Cash,Receipt,,,,SB-CP-1484,,,2026-07-08T10:08:00,False,,1999,199900,Accounts receive transaction,,FBM  CASH,,2,,,1,,,2026-08-17T14:03:45.886293,2026-08-17T14:03:45.886298
511,272,NADEEM BUTT SB JPS,400000,40000000,Cash,Receipt,,,,SB-CP-1485,,,2026-07-09T11:19:00,False,,0,0,Accounts receive transaction,,FBM  CASH,,2,,,1,,,2026-08-17T14:03:45.887220,2026-08-17T14:03:45.887226
512,42,HAJI ASHFAQ SB JPS,50000,5000000,Cash,Receipt,,,,SB-CP-1486,,,2026-07-09T11:27:00,False,,0,0,Accounts receive transaction,,FBM  CASH,,2,,,1,,,2026-08-17T14:03:45.888131,2026-08-17T14:03:45.888136
513,231,SHEHBAZ SB RANGPUR,50000,5000000,Cash,Receipt,,,,SB-CP-1487,,,2026-06-17T00:00:00,False,,0,0,,,FBM  CASH,,2,,,1,,,2026-08-17T14:03:45.889028,2026-08-17T14:03:45.889034
514,245,KHALIL AHMED SB DHINDA KALAAN,104500,10450000,Cash,Receipt,,,,SB-CP-1488,,,2026-07-09T13:20:00,False,10353,310,31000,Accounts receive transaction,,FBM  CASH,,2,,,1,,,2026-08-17T14:03:45.889929,2026-08-17T14:03:45.889935
515,43,KASHIF SB DHINDA,6000,600000,Cash,Receipt,,,,SB-CP-1489,,,2026-07-09T13:29:00,False,RENT PAYMENT OF HDC LABOUR ROOM,0,0,Accounts receive transaction,,FBM  CASH,,2,,,1,,,2026-08-17T14:03:45.891190,2026-08-17T14:03:45.891196
516,232,SARWAR SB MASON,14200,1420000,Cash,Material Return,MaterialReturn,48,,SB-CP-1490,,,2026-07-09T16:52:00,False,[MATERIAL_RETURN:48] MB NO.10368,0,0,,,,,,,,2,,,2026-08-17T14:03:45.893261,2026-08-17T14:10:33.978048
517,272,NADEEM BUTT SB JPS,300000,30000000,Cash,Receipt,,,,SB-CP-1491,,,2026-07-10T12:49:00,False,,0,0,Accounts receive transaction,,FBM  CASH,,2,,,1,,,2026-08-17T14:03:45.895745,2026-08-17T14:03:45.895752
518,124,ARIF BAIG SB KOANKH (ASIM BAIG),50000,5000000,Cash,Receipt,,,,SB-CP-1492,,,2026-07-10T13:04:00,False,,0,0,Accounts receive transaction,,FBM  CASH,,2,,,1,,,2026-08-17T14:03:45.897019,2026-08-17T14:03:45.897026
519,272,NADEEM BUTT SB JPS,150000,15000000,Bank Transfer,Receipt,,,,SB-CP-1493,,,2026-07-10T09:39:00,False,,0,0,Accounts receive transaction,MCB,(MCB 77661 )ADNAN AHMED,7761.0,1,,,1,,,2026-08-17T14:03:45.898563,2026-08-17T14:03:45.898571
520,171,FAKHAR SHAH SB AJNALA,52450,5245000,Cash,Receipt,,,,SB-CP-1494,,,2026-06-13T09:44:00,False,,0,0,Accounts receive transaction,,FBM  CASH,,2,,,1,,,2026-08-17T14:03:45.899869,2026-08-17T14:03:45.899876
521,264,MUSHTAQ SB JPS,3159,315900,Material Return,Material Return,MaterialReturn,49,,SB-CP-1495,,,2026-07-11T12:48:09.079378,False,[MATERIAL_RETURN:49] MB NO.10402/2,0,0,,,,,,,,2,,,2026-08-17T14:03:45.900876,2026-08-17T14:10:33.978281
522,66,SUBEDAR MUHAMMAD ARSHAD SB KHANPUR KHOKHAR,50000,5000000,Cash,Receipt,,,,SB-CP-1496,,,2026-07-11T12:53:00,False,,0,0,Accounts receive transaction,,FBM  CASH,,2,,,1,,,2026-08-17T14:03:45.901899,2026-08-17T14:03:45.901905
523,127,CHAND SB CONT KOANKH,64250,6425000,Cash,Receipt,,,,SB-CP-1497,,,2026-07-11T14:40:00,False,,0,0,Accounts receive transaction,,FBM  CASH,,2,,,1,,,2026-08-17T14:03:45.902953,2026-08-17T14:03:45.902960
524,150,MUHAMMAD AKRAM SB SANTAL SURKHIYAN,189000,18900000,Cash,Receipt,,,,SB-CP-1498,,,2026-07-11T14:41:00,False,,0,0,Accounts receive transaction,,FBM  CASH,,2,,,1,,,2026-08-17T14:03:45.903994,2026-08-17T14:03:45.904000
525,265,GHULAM MURTZA SB KOANKH,37000,3700000,Cash,Receipt,,,,SB-CP-1499,,,2026-07-11T15:30:00,False,,250,25000,Accounts receive transaction,,FBM  CASH,,2,,,1,,,2026-08-17T14:03:45.905031,2026-08-17T14:03:45.905037
526,1,ABDUL AZEEM SB KHAN PUR KHOKHAR,72841,7284100,Bank Transfer,Receipt,,,,SB-CP-1500,,,2026-07-11T15:31:00,False,RATE DIFRENCE DISCOUNT,1270,127000,Accounts receive transaction,AL FALAH,(ALFALAH 37737) FAZAL BUILDING MATERIAL JPS,37737.0,4,,,1,,,2026-08-17T14:03:45.907931,2026-08-17T14:03:45.907937
529,197,RAOOF SB GHURAL,1,100,Cash,Receipt,,,,SB-CP-1503,,,2026-07-11T17:11:00,False,,28536.99,2853699,Accounts receive transaction,,FBM  CASH,,2,,,1,,,2026-08-17T14:03:45.908876,2026-08-17T14:03:45.908882
530,171,FAKHAR SHAH SB AJNALA,45200,4520000,Bank Transfer,Receipt,,,,SB-CP-1504,,,2026-07-11T15:53:00,False,,70,7000,Accounts receive transaction,AL FALAH,(ALFALAH 37737) FAZAL BUILDING MATERIAL JPS,37737.0,4,,,1,,,2026-08-17T14:03:45.911091,2026-08-17T14:03:45.911098
531,105,DR EHSAN SB DHINDA,0,0,Material Return,Material Return,MaterialReturn,50,,SB-CP-1505,,,2026-07-10T17:01:00,False,[MATERIAL_RETURN:50] MB NO.10380,0,0,,,,,,,,2,,,2026-08-17T14:03:45.912271,2026-08-17T14:10:33.978369
532,227,ATIF BAIG SB KOANKH,29000,2900000,Bank Transfer,Receipt,,,,SB-CP-1506,,,2026-07-12T17:13:00,False,,0,0,Accounts receive transaction,MCB,(MCB 77661 )ADNAN AHMED,7761.0,1,,,1,,,2026-08-17T14:03:45.913616,2026-08-17T14:03:45.913622
533,270,ASIF SB KOANKH,100000,10000000,Cash,Receipt,,,,SB-CP-1507,,,2026-07-07T17:14:00,False,,0,0,Accounts receive transaction,,FBM  CASH,,2,,,1,,,2026-08-17T14:03:45.914811,2026-08-17T14:03:45.914818
534,167,CH MUHAMMAD AKRAM RIHANIA SB JPS,1575,157500,Material Return,Material Return,MaterialReturn,51,,SB-CP-1508,,,2026-07-12T17:27:46.344544,False,[MATERIAL_RETURN:51] MB NO.10449,0,0,,,,,,,,2,,,2026-08-17T14:03:45.915850,2026-08-17T14:10:33.978418
535,188,RAFAQAT HUSSAIN SB MALIK (MASJID),100000,10000000,Cash,Receipt,,,,SB-CP-1509,,,2026-07-13T10:19:00,False,,0,0,Accounts receive transaction,,FBM  CASH,,2,,,1,,,2026-08-17T14:03:45.916695,2026-08-17T14:03:45.916700
536,87,ARIF SB JPS(HAJI ASHFAQ S),6000,600000,Cash,Receipt,,,,SB-CP-1510,,,2026-07-05T10:20:00,False,,292,29200,Accounts receive transaction,,FBM  CASH,,2,,,1,,,2026-08-17T14:03:45.917705,2026-08-17T14:03:45.917711
537,191,MIRZA REHMAN SB JPS,200000,20000000,Cash,Receipt,,,,SB-CP-1511,,,2026-07-13T10:57:00,False,RECIVED BY HAFIZ SHOAIB LOADER,0,0,Accounts receive transaction,,FBM  CASH,,2,,,1,,,2026-08-17T14:03:45.918704,2026-08-17T14:03:45.918709
538,150,MUHAMMAD AKRAM SB SANTAL SURKHIYAN,1,100,Cash,Receipt,,,,SB-CP-1512,,,2026-07-11T12:43:00,False,,2849,284900,Accounts receive transaction,,FBM  CASH,,2,,,1,,,2026-08-17T14:03:45.919614,2026-08-17T14:03:45.919620
539,28,MIRZA AMJAD JAVED SB AJNALA SITE,100000,10000000,Bank Transfer,Receipt,,,,SB-CP-1513,,,2026-07-06T12:43:00,False,,0,0,Accounts receive transaction,AL FALAH,(ALFALAH 37737) FAZAL BUILDING MATERIAL JPS,37737.0,4,,,1,,,2026-08-17T14:03:45.920545,2026-08-17T14:03:45.920550
540,270,ASIF SB KOANKH,86000,8600000,Cash,Receipt,,,,SB-CP-1514,,,2026-07-13T15:12:00,False,,150,15000,Accounts receive transaction,,FBM  CASH,,2,,,1,,,2026-08-17T14:03:45.921597,2026-08-17T14:03:45.921604
541,8,TALHA SB JPS,58368,5836800,Material Return,Material Return,MaterialReturn,52,,SB-CP-1515,,,2026-06-13T15:22:00,False,[MATERIAL_RETURN:52] MB NO.9264,0,0,,,,,,,,2,,,2026-08-17T14:03:45.922613,2026-08-17T14:10:33.978483
542,273,YASIR JAVED SB  JPS,250000,25000000,Cash,Receipt,,,,SB-CP-1516,,,2026-07-12T09:02:00,False,,0,0,Accounts receive transaction,,FBM  CASH,,2,,,1,,,2026-08-17T14:03:45.923909,2026-08-17T14:03:45.923916
543,105,DR EHSAN SB DHINDA,1506.4,150640,Material Return,Material Return,MaterialReturn,53,,SB-CP-1517,,,2026-06-12T09:39:00,False,[MATERIAL_RETURN:53] MB NO.9212,0,0,,,,,,,,2,,,2026-08-17T14:03:45.924932,2026-08-17T14:10:33.978530
544,258,MALIK SHEHBAZ SB DHINDA,25000,2500000,Cash,Receipt,,,,SB-CP-1518,,,2026-07-14T09:03:00,False,10528,0,0,Accounts receive transaction,,FBM  CASH,,2,,,1,,,2026-08-17T14:03:45.926093,2026-08-17T14:03:45.926099
545,256,KHALID SB HANDA DERHA,48000,4800000,Cash,Receipt,,,,SB-CP-1519,,,2026-07-07T11:38:00,False,,70,7000,Accounts receive transaction,,FBM  CASH,,2,,,1,,,2026-08-17T14:03:45.927244,2026-08-17T14:03:45.927250
547,215,CH IMRAN SB JPS,650000,65000000,Cash,Receipt,,,,SB-CP-1521,,,2026-06-11T13:16:00,False,,0,0,Accounts receive transaction,,FBM  CASH,,2,,,1,,,2026-08-17T14:03:45.928107,2026-08-17T14:03:45.928112
548,21,RANA ZAHID SB JPS,50000,5000000,Bank Transfer,Receipt,,,,SB-CP-1522,,,2026-07-14T16:36:00,False,,0,0,Accounts receive transaction,MCB,(MCB 77661 )ADNAN AHMED,7761.0,1,,,1,,,2026-08-17T14:03:45.929012,2026-08-17T14:03:45.929017
549,21,RANA ZAHID SB JPS,50000,5000000,Bank Transfer,Receipt,,,,SB-CP-1523,,,2026-06-17T17:08:00,False,,0,0,Accounts receive transaction,MCB,(MCB 77661 )ADNAN AHMED,7761.0,1,,,1,,,2026-08-17T14:03:45.929873,2026-08-17T14:03:45.929878
550,178,ZEESHAN ATTARI SB JPS,12936,1293600,Material Return,Material Return,MaterialReturn,55,,SB-CP-1524,,,2026-07-06T09:52:00,False,[MATERIAL_RETURN:55] MB NO.10259,0,0,,,,,,,,2,,,2026-08-17T14:03:45.930900,2026-08-17T14:10:33.978569
551,178,ZEESHAN ATTARI SB JPS,0,0,Material Return,Material Return,MaterialReturn,56,,SB-CP-1525,,,2026-07-06T09:53:00,False,[MATERIAL_RETURN:56] MB NO.10259/2,0,0,,,,,,,,2,,,2026-08-17T14:03:45.931770,2026-08-17T14:10:33.978624
552,178,ZEESHAN ATTARI SB JPS,1,100,Cash,Receipt,,,,SB-CP-1526,,,2026-07-07T09:56:00,False,,53589,5358900,Accounts receive transaction,,FBM  CASH,,2,,,1,,,2026-08-17T14:03:45.933566,2026-08-17T14:03:45.933572
553,25,MALIK JAVED SB KHAN PUR KHOKHAR,40000,4000000,Cash,Receipt,,,,SB-CP-1527,,,2026-07-01T09:58:00,False,,0,0,Accounts receive transaction,,FBM  CASH,,2,,,1,,,2026-08-17T14:03:45.934698,2026-08-17T14:03:45.934704
554,171,FAKHAR SHAH SB AJNALA,76000,7600000,Bank Transfer,Receipt,,,,SB-CP-1528,,,2026-07-15T10:01:00,False,,0,0,Accounts receive transaction,AL FALAH,(ALFALAH 37737) FAZAL BUILDING MATERIAL JPS,37737.0,4,,,1,,,2026-08-17T14:03:45.935816,2026-08-17T14:03:45.935822
555,205,IRFAN SB DEDHAR SHARIF,77000,7700000,Cash,Receipt,,,,SB-CP-1529,,,2026-07-15T10:08:00,False,RECEIVED BY SHOAIB LOADER,146,14600,Accounts receive transaction,,FBM  CASH,,2,,,1,,,2026-08-17T14:03:45.936977,2026-08-17T14:03:45.936984
556,103,RAJA AMEER HAMZA SB JPS,-18078,-1807800,Refund,Refund,,,,,,,2026-07-15T10:45:00,False,,0,0,Client refund,,FBM  CASH,,2,,,2,,,2026-08-17T14:03:45.938248,2026-08-17T14:10:33.978786
557,48,RANA ZAHEER SB JPS,9500,950000,Cash,Receipt,,,,SB-CP-1530,,,2026-07-15T15:39:00,False,RECIVED BY HAFIZ SHOAIB,10,1000,Accounts receive transaction,,FBM  CASH,,2,,,1,,,2026-08-17T14:03:45.939145,2026-08-17T14:03:45.939150
558,48,RANA ZAHEER SB JPS,21900,2190000,Cash,Receipt,,,,SB-CP-1531,,,2026-07-09T15:41:00,False,,50,5000,Accounts receive transaction,,FBM  CASH,,2,,,1,,,2026-08-17T14:03:45.940130,2026-08-17T14:03:45.940136
559,276,KHAYAM SB MALIKPUR,31000,3100000,Cash,Receipt,,,,SB-CP-1532,,,2026-07-15T15:43:00,False,10587,79.2,7920,Accounts receive transaction,,FBM  CASH,,2,,,1,,,2026-08-17T14:03:45.941228,2026-08-17T14:03:45.941233
560,124,ARIF BAIG SB KOANKH (ASIM BAIG),1525.4,152540,Material Return,Material Return,MaterialReturn,57,,SB-CP-1533,,,2026-07-15T16:13:00.418103,False,[MATERIAL_RETURN:57] MB NO.10588/2,0,0,,,,,,,,2,,,2026-08-17T14:03:45.942094,2026-08-17T14:10:33.979091
561,100,HAJI YOUSUF BUTT JPS,150000,15000000,Cash,Receipt,,,,SB-CP-1534,,,2026-07-15T16:17:00,False,10579,0,0,Accounts receive transaction,,FBM  CASH,,2,,,1,,,2026-08-17T14:03:45.943530,2026-08-17T14:03:45.943537
562,190,AZHAR BUTT SB JPS BUTT SWEETS,43380,4338000,Material Return,Material Return,MaterialReturn,58,,SB-CP-1535,,,2026-06-08T16:35:00,False,[MATERIAL_RETURN:58] MB NO.9065/3,0,0,,,,,,,,2,,,2026-08-17T14:03:45.946076,2026-08-17T14:10:33.979143
563,215,CH IMRAN SB JPS,100000,10000000,Bank Transfer,Receipt,,,,SB-CP-1536,,,2026-07-15T09:47:00,False,,0,0,Accounts receive transaction,MCB,(MCB 77661 )ADNAN AHMED,7761.0,1,,,1,,,2026-08-17T14:03:45.947006,2026-08-17T14:03:45.947011
564,256,KHALID SB HANDA DERHA,44950,4495000,Cash,Receipt,,,,SB-CP-1537,,,2026-07-16T09:48:00,False,,0,0,Accounts receive transaction,,FBM  CASH,,2,,,1,,,2026-08-17T14:03:45.947990,2026-08-17T14:03:45.947995
565,134,MUHAMMAD QASIM SB MALIKPUR,1800,180000,Cash,Receipt,,,,SB-CP-1538,,,2026-07-13T10:11:00,False,,0,0,Accounts receive transaction,,FBM  CASH,,2,,,1,,,2026-08-17T14:03:45.948815,2026-08-17T14:03:45.948821
566,202,HAFIZ ABDUL JABBAR SB RANGPUR,1344,134400,Material Return,Material Return,MaterialReturn,59,,SB-CP-1539,,,2026-06-06T10:14:00,False,[MATERIAL_RETURN:59] MB NO.10598,0,0,,,,,,,,2,,,2026-08-17T14:03:45.949650,2026-08-17T14:10:33.979218
567,111,RAJA PARWEZ SB RANGPUR,58000,5800000,Cash,Receipt,,,,SB-CP-1540,,,2026-07-16T10:56:00,False,,0,0,Accounts receive transaction,,FBM  CASH,,2,,,1,,,2026-08-17T14:03:45.950643,2026-08-17T14:03:45.950649
568,245,KHALIL AHMED SB DHINDA KALAAN,31230,3123000,Cash,Receipt,,,,SB-CP-1541,,,2026-07-15T10:57:00,False,,0,0,Accounts receive transaction,,FBM  CASH,,2,,,1,,,2026-08-17T14:03:45.952303,2026-08-17T14:03:45.952334
569,274,SAJID SB GHURAL ( BOBY DRIVER ),100000,10000000,Cash,Receipt,,,,SB-CP-1542,,,2026-07-16T11:21:00,False,10609,0,0,Accounts receive transaction,,FBM  CASH,,2,,,1,,,2026-08-17T14:03:45.953187,2026-08-17T14:03:45.953192
570,25,MALIK JAVED SB KHAN PUR KHOKHAR,35000,3500000,Cash,Receipt,,,,SB-CP-1543,,,2026-07-16T11:29:00,False,10616,0,0,Accounts receive transaction,,FBM  CASH,,2,,,1,,,2026-08-17T14:03:45.954126,2026-08-17T14:03:45.954131
571,154,MUHAMMAD ABID SB KOANKH,1,100,Cash,Receipt,,,,SB-CP-1544,,,2026-07-16T13:50:00,False,M.B.N 10624     CEMENT LABOUR NAFI,13198.99,1319899,Accounts receive transaction,,FBM  CASH,,2,,,1,,,2026-08-17T14:03:45.955429,2026-08-17T14:03:45.955436
572,162,SHERAZ SB MALIK PUR,-12811,-1281100,Refund,Refund,,,,,,,2026-06-22T13:52:00,False,,0,0,Client refund,,FBM  CASH,,2,,,2,,,2026-08-17T14:03:45.956241,2026-08-17T14:10:33.979293
573,277,HAJI AMANAT SB KHARANA,860000,86000000,Bank Transfer,Receipt,,,,SB-CP-1545,,,2026-07-16T14:27:00,False,,0,0,Accounts receive transaction,AL FALAH,(ALFALAH 37737) FAZAL BUILDING MATERIAL JPS,37737.0,4,,,1,,,2026-08-17T14:03:45.957128,2026-08-17T14:03:45.957134
574,263,HDC MEHAR MEHDI SB JPS,0,0,Material Return,Material Return,MaterialReturn,60,,SB-CP-1546,,,2026-07-16T17:10:00,False,[MATERIAL_RETURN:60] MB NO.10636,0,0,,,,,,,,2,,,2026-08-17T14:03:45.958430,2026-08-17T14:10:33.979771
575,124,ARIF BAIG SB KOANKH (ASIM BAIG),22500,2250000,Cash,Receipt,,,,SB-CP-1547,,,2026-07-18T11:38:00,False,,57,5700,Accounts receive transaction,,FBM  CASH,,2,,,1,,,2026-08-17T14:03:45.959980,2026-08-17T14:03:45.959986
576,256,KHALID SB HANDA DERHA,162800,16280000,Cash,Receipt,,,,SB-CP-1548,,,2026-07-17T12:59:00,False,,0,0,Accounts receive transaction,,FBM  CASH,,2,,,1,,,2026-08-17T14:03:45.960973,2026-08-17T14:03:45.960979
577,158,JAMEEL SB JAGWAN,38000,3800000,Cash,Receipt,,,,SB-CP-1549,,,2026-07-12T13:00:00,False,,0,0,Accounts receive transaction,,FBM  CASH,,2,,,1,,,2026-08-17T14:03:45.961973,2026-08-17T14:03:45.961978
578,175,MUHAMMAD ARSHAD SB GHURAL (SUBEDAR QADAR DAD SB),224798,22479800,Cash,Receipt,,,,SB-CP-1550,,,2026-07-15T15:56:00,False,,0,0,Accounts receive transaction,,FBM  CASH,,2,,,1,,,2026-08-17T14:03:45.963926,2026-08-17T14:03:45.963935
579,103,RAJA AMEER HAMZA SB JPS,32200,3220000,Cash,Receipt,,,,SB-CP-1551,,,2026-07-18T13:06:00,False,,55,5500,Accounts receive transaction,,FBM  CASH,,2,,,1,,,2026-08-17T14:03:45.965192,2026-08-17T14:03:45.965197
580,259,MUHAMMAD ARSHAD SB DHINDA POTAN WALAY,15000,1500000,Cash,Receipt,,,,SB-CP-1552,,,2026-07-18T13:23:00,False,,0,0,Accounts receive transaction,,FBM  CASH,,2,,,1,,,2026-08-17T14:03:45.966101,2026-08-17T14:03:45.966107
581,228,SIKANDAR SB JAGUWAN,20000,2000000,Cash,Receipt,,,,SB-CP-1553,,,2026-06-30T13:24:00,False,,14,1400,Accounts receive transaction,,FBM  CASH,,2,,,1,,,2026-08-17T14:03:45.967153,2026-08-17T14:03:45.967159
582,228,SIKANDAR SB JAGUWAN,78000,7800000,Cash,Receipt,,,,SB-CP-1554,,,2026-07-19T15:56:00,False,,0.4,40,Accounts receive transaction,,FBM  CASH,,2,,,1,,,2026-08-17T14:03:45.968209,2026-08-17T14:03:45.968215
583,61,RANA SHEHBAZ SB JPS,20000,2000000,Cash,Receipt,,,,SB-CP-1555,,,2026-07-02T16:08:00,False,,0,0,Accounts receive transaction,,FBM  CASH,,2,,,1,,,2026-08-17T14:03:45.969106,2026-08-17T14:03:45.969112
584,281,EHSAN SB LOADER PARSUWAL,500000,50000000,Bank Transfer,Receipt,,,,SB-CP-1556,,,2026-07-19T17:42:00,False,,0,0,Accounts receive transaction,MCB,(MCB 77661 )ADNAN AHMED,7761.0,1,,,1,,,2026-08-17T14:03:45.970023,2026-08-17T14:03:45.970028
585,281,EHSAN SB LOADER PARSUWAL,354800,35480000,Cash,Receipt,,,,SB-CP-1557,,,2026-07-19T17:42:00,False,,0,0,Accounts receive transaction,,FBM  CASH,,2,,,1,,,2026-08-17T14:03:45.971259,2026-08-17T14:03:45.971265
586,9,MAZHAR SB RUPOWAL DERA,37800,3780000,Cash,Receipt,,,,SB-CP-1558,,,2026-07-20T17:43:00,False,,0,0,Accounts receive transaction,,FBM  CASH,,2,,,1,,,2026-08-17T14:03:45.972187,2026-08-17T14:03:45.972192
587,263,HDC MEHAR MEHDI SB JPS,0,0,Material Return,Material Return,MaterialReturn,61,,SB-CP-1559,,,2026-07-19T12:14:00,False,[MATERIAL_RETURN:61] MB NO.10785/2,0,0,,,,,,,,2,,,2026-08-17T14:03:45.974433,2026-08-17T14:10:33.979839
588,263,HDC MEHAR MEHDI SB JPS,6805.6,680560,Material Return,Material Return,MaterialReturn,62,,SB-CP-1560,,,2026-07-19T12:55:00,False,[MATERIAL_RETURN:62] MB NO.10785/3 | OPEN CEMENT ADDED AS WIRE BECASUE OF WE DIDNT SALE OPEN CEMENT TO MEHNDI SB,0,0,,,,,,,,2,,,2026-08-17T14:03:45.976368,2026-08-17T14:10:33.979911
589,280,TANVEER SB DHINDA,1024000,102400000,Cash,Receipt,,,,SB-CP-1561,,,2026-07-20T13:27:00,False,,0,0,Accounts receive transaction,,FBM  CASH,,2,,,1,,,2026-08-17T14:03:45.977476,2026-08-17T14:03:45.977483
590,265,GHULAM MURTZA SB KOANKH,48000,4800000,Cash,Receipt,,,,SB-CP-1562,,,2026-07-20T13:29:00,False,,0,0,Accounts receive transaction,,FBM  CASH,,2,,,1,,,2026-08-17T14:03:45.978696,2026-08-17T14:03:45.978702
591,280,TANVEER SB DHINDA,40000,4000000,Cash,Receipt,,,,SB-CP-1563,,,2026-07-20T13:31:00,False,,200,20000,Accounts receive transaction,,FBM  CASH,,2,,,1,,,2026-08-17T14:03:45.979747,2026-08-17T14:03:45.979754
592,228,SIKANDAR SB JAGUWAN,-71672.4,-7167240,Refund,Refund,,,,,,,2026-07-20T16:19:00,False,,0,0,Client refund,MCB,(MCB 77661 )ADNAN AHMED,7761.0,1,,,2,,,2026-08-17T14:03:45.980754,2026-08-17T14:10:33.980041
593,259,MUHAMMAD ARSHAD SB DHINDA POTAN WALAY,16500,1650000,Cash,Receipt,,,,SB-CP-1564,,,2026-07-20T16:20:00,False,,100,10000,Accounts receive transaction,,FBM  CASH,,2,,,1,,,2026-08-17T14:03:45.981643,2026-08-17T14:03:45.981648
594,26,MASJID PANJTAN PAK JPS(QARI ANSAR SB),1390,139000,Cash,Receipt,,,,SB-CP-1565,,,2026-07-20T17:01:00,False,,0,0,Accounts receive transaction,,COMPANY CASH,,12,,,1,,,2026-08-17T14:03:45.982588,2026-08-17T14:03:45.982594
595,191,MIRZA REHMAN SB JPS,10372.4,1037240,Material Return,Material Return,MaterialReturn,63,,SB-CP-1566,,,2026-07-05T17:11:00,False,[MATERIAL_RETURN:63] MB NO.10178 | RING RETURN ADDED AS 6MM,0,0,,,,,,,,2,,,2026-08-17T14:03:45.983570,2026-08-17T14:10:33.981280
596,191,MIRZA REHMAN SB JPS,200000,20000000,Cash,Receipt,,,,SB-CP-1567,,,2026-07-05T17:23:00,False,,0,0,Accounts receive transaction,,FBM  CASH,,2,,,1,,,2026-08-17T14:03:45.985578,2026-08-17T14:03:45.985586
597,246,ALI SHAN SB RANGRA,28000,2800000,Cash,Receipt,,,,SB-CP-1568,,,2026-07-13T09:34:00,False,,100,10000,Accounts receive transaction,,FBM  CASH,,2,,,1,,,2026-08-17T14:03:45.986777,2026-08-17T14:03:45.986784
598,124,ARIF BAIG SB KOANKH (ASIM BAIG),2180,218000,Cash,Receipt,,,,SB-CP-1569,,,2026-07-23T10:32:00,False,,0.1,10,Accounts receive transaction,,FBM  CASH,,2,,,1,,,2026-08-17T14:03:45.987865,2026-08-17T14:03:45.987872
599,209,SHABEEB SB KANIYAN,3240,324000,Material Return,Material Return,MaterialReturn,64,,SB-CP-1570,,,2026-06-14T11:13:00,False,[MATERIAL_RETURN:64] MB NO.9304,0,0,,,,,,,,2,,,2026-08-17T14:03:45.988798,2026-08-17T14:10:33.982079
600,209,SHABEEB SB KANIYAN,37000,3700000,Bank Transfer,Receipt,,,,SB-CP-1571,,,2026-06-14T11:19:00,False,,0,0,Accounts receive transaction,MCB,(MCB 77661 )ADNAN AHMED,7761.0,1,,,1,,,2026-08-17T14:03:45.989696,2026-08-17T14:03:45.989701
601,64,SULEIMAN SB AJNALA,7300,730000,Cash,Receipt,,,,SB-CP-1572,,,2026-06-14T11:58:00,False,,0,0,Accounts receive transaction,,FBM  CASH,,2,,,1,,,2026-08-17T14:03:45.991012,2026-08-17T14:03:45.991018
602,71,HAJI WARIS SB JPS,50000,5000000,Cash,Receipt,,,,SB-CP-1573,,,2026-07-23T12:07:00,False,,148,14800,Accounts receive transaction,,FBM  CASH,,2,,,1,,,2026-08-17T14:03:45.992343,2026-08-17T14:03:45.992349
603,208,MIRZA YOUNUS SB JPS,15000,1500000,Cash,Receipt,,,,SB-CP-1574,,,2026-06-13T12:40:00,False,,0,0,Accounts receive transaction,,FBM  CASH,,2,,,1,,,2026-08-17T14:03:45.993283,2026-08-17T14:03:45.993289
604,208,MIRZA YOUNUS SB JPS,9000,900000,Cash,Receipt,,,,SB-CP-1575,,,2026-06-16T14:34:00,False,,53,5300,Accounts receive transaction,,FBM  CASH,,2,,,1,,,2026-08-17T14:03:45.995390,2026-08-17T14:03:45.995397
605,169,MUHAMMAD SHABEER SB CONT TIBBA AJNALA,28800,2880000,Cash,Receipt,,,,SB-CP-1576,,,2026-07-07T14:30:00,False,,0,0,Accounts receive transaction,,FBM  CASH,,2,,,1,,,2026-08-17T14:03:45.996305,2026-08-17T14:03:45.996355
606,171,FAKHAR SHAH SB AJNALA,78200,7820000,Bank Transfer,Receipt,,,,SB-CP-1577,,,2026-07-23T16:11:00,False,,50,5000,Accounts receive transaction,AL FALAH,(ALFALAH 37737) FAZAL BUILDING MATERIAL JPS,37737.0,4,,,1,,,2026-08-17T14:03:45.997575,2026-08-17T14:03:45.997582
607,145,MASTER ZAHOOR SB JPS,15000,1500000,Bank Transfer,Receipt,,,,SB-CP-1578,,,2026-07-18T16:13:00,False,,0,0,Accounts receive transaction,MCB,(MCB 77661 )ADNAN AHMED,7761.0,1,,,1,,,2026-08-17T14:03:45.998728,2026-08-17T14:03:45.998735
608,145,MASTER ZAHOOR SB JPS,37000,3700000,Bank Transfer,Receipt,,,,SB-CP-1579,,,2026-07-22T16:15:00,False,,0,0,Accounts receive transaction,MCB,(MCB 77661 )ADNAN AHMED,7761.0,1,,,1,,,2026-08-17T14:03:45.999704,2026-08-17T14:03:45.999710
609,144,GALI CONCRETE MALIKPUR MIRZA,36000,3600000,Cash,Receipt,,,,SB-CP-1580,,,2026-01-05T16:21:00,False,,0,0,Accounts receive transaction,,FBM  CASH,,2,,,1,,,2026-08-17T14:03:46.000801,2026-08-17T14:03:46.000807
610,26,MASJID PANJTAN PAK JPS(QARI ANSAR SB),200000,20000000,Cash,Receipt,,,,SB-CP-1581,,,2026-07-23T17:01:00,False,10844,0,0,Accounts receive transaction,,FBM  CASH,,2,,,1,,,2026-08-17T14:03:46.001815,2026-08-17T14:03:46.001821
611,283,FAROOQ SB GHURAIRA,22800,2280000,Cash,Receipt,,,,SB-CP-1582,,,2026-07-25T10:05:00,False,,0,0,Accounts receive transaction,,FBM  CASH,,2,,,1,,,2026-08-17T14:03:46.003766,2026-08-17T14:03:46.003772
612,18,NAZAKAT MOBILE SHOP JPS,24000,2400000,Cash,Receipt,,,,SB-CP-1583,,,2026-07-05T10:22:00,False,,342,34200,Accounts receive transaction,,FBM  CASH,,2,,,1,,,2026-08-17T14:03:46.005197,2026-08-17T14:03:46.005203
613,111,RAJA PARWEZ SB RANGPUR,12400,1240000,Cash,Receipt,,,,SB-CP-1584,,,2026-07-25T12:06:00,False,,0,0,Accounts receive transaction,,FBM  CASH,,2,,,1,,,2026-08-17T14:03:46.006604,2026-08-17T14:03:46.006611
614,162,SHERAZ SB MALIK PUR,4000,400000,Cash,Receipt,,,,SB-CP-1585,,,2026-07-25T12:18:00,False,,0,0,Accounts receive transaction,,FBM  CASH,,2,,,1,,,2026-08-17T14:03:46.007660,2026-08-17T14:03:46.007666
615,83,JAVED NUMBERDAR SB JPS,1,100,Cash,Receipt,,,,SB-CP-1586,,,2026-07-25T14:09:00,False,,296,29600,Accounts receive transaction,,FBM  CASH,,2,,,1,,,2026-08-17T14:03:46.008825,2026-08-17T14:03:46.008832
616,37,RANA EJAZ SB JPS,50000,5000000,Cash,Receipt,,,,SB-CP-1587,,,2026-03-27T14:09:00,False,,0,0,Accounts receive transaction,,FBM  CASH,,2,,,1,,,2026-08-17T14:03:46.011295,2026-08-17T14:03:46.011302
617,46,MEHBOOB ALAM SB KOANKH,0,0,Material Return,Material Return,MaterialReturn,65,,SB-CP-1588,,,2026-04-27T15:37:00,False,[MATERIAL_RETURN:65] MB NO.7753,0,0,,,,,,,,2,,,2026-08-17T14:03:46.012659,2026-08-17T14:10:33.982247
619,256,KHALID SB HANDA DERHA,1,100,Cash,Receipt,,,,SB-CP-1590,,,2026-06-11T16:30:00,False,,12963,1296300,Accounts receive transaction,,FBM  CASH,,2,,,1,,,2026-08-17T14:03:46.013883,2026-08-17T14:03:46.013891
620,16,MALIK ANSAR SB KHORI,100000,10000000,Bank Transfer,Receipt,,,,SB-CP-1591,,,2026-05-02T17:06:00,False,,0,0,Accounts receive transaction,MCB,(MCB 77661 )ADNAN AHMED,7761.0,1,,,1,,,2026-08-17T14:03:46.015268,2026-08-17T14:03:46.015275
621,284,HAFIZ IFTIKHAR SB JPS,1000000,100000000,Cash,Receipt,,,,SB-CP-1592,,,2026-07-17T17:19:00,False,,0,0,Accounts receive transaction,,FBM  CASH,,2,,,1,,,2026-08-17T14:03:46.016561,2026-08-17T14:03:46.016569
622,138,FAROOQ KALAS SB PARSUWAL,0,0,Material Return,Material Return,MaterialReturn,66,,SB-CP-1593,,,2026-06-20T10:40:00,False,[MATERIAL_RETURN:66] MB NO.9543/2,0,0,,,,,,,,2,,,2026-08-17T14:03:46.018196,2026-08-17T14:10:33.982299
623,124,ARIF BAIG SB KOANKH (ASIM BAIG),560,56000,Cash,Receipt,,,,SB-CP-1594,,,2026-07-26T11:43:00,False,,0,0,Accounts receive transaction,,COMPANY CASH,,12,,,1,,,2026-08-17T14:03:46.019365,2026-08-17T14:03:46.019371
624,200,HDC SYED TASSAWAR SHAH SB MALIKPUR SITE,338,33800,Material Return,Material Return,MaterialReturn,67,,SB-CP-1595,,,2026-02-08T14:29:00,False,[MATERIAL_RETURN:67] MB NO.5832,0,0,,,,,,,,2,,,2026-08-17T14:03:46.020550,2026-08-17T14:10:33.982372
625,200,HDC SYED TASSAWAR SHAH SB MALIKPUR SITE,0,0,Material Return,Material Return,MaterialReturn,68,,SB-CP-1596,,,2026-02-22T16:33:00,False,[MATERIAL_RETURN:68] MB NO.6240/2,0,0,,,,,,,,2,,,2026-08-17T14:03:46.023576,2026-08-17T14:10:33.982502
626,145,MASTER ZAHOOR SB JPS,45000,4500000,Cash,Receipt,,,,SB-CP-1597,,,2026-07-27T14:22:00,False,10923,0,0,Accounts receive transaction,,FBM  CASH,,2,,,1,,,2026-08-17T14:03:46.024985,2026-08-17T14:03:46.024992
627,67,MUHAMMAD BASHEER SB CONT KOANKH,36000,3600000,Cash,Receipt,,,,SB-CP-1598,,,2026-07-27T15:12:00,False,,381,38100,Accounts receive transaction,,FBM  CASH,,2,,,1,,,2026-08-17T14:03:46.026360,2026-08-17T14:03:46.026366
628,212,MIRZA NAZAR BAIG SB KOANKH,30000,3000000,Cash,Receipt,,,,SB-CP-1599,,,2026-07-27T15:23:00,False,,0,0,Accounts receive transaction,,FBM  CASH,,2,,,1,,,2026-08-17T14:03:46.027752,2026-08-17T14:03:46.027759
629,244,RAJA MUDASIR SB JPS,3200,320000,Cash,Receipt,,,,SB-CP-1600,,,2026-07-28T16:28:00,False,,56.99,5699,Accounts receive transaction,,FBM  CASH,,2,,,1,,,2026-08-17T14:03:46.028685,2026-08-17T14:03:46.028691
630,47,HAJI IQBAL SB JPS,0,0,Material Return,Material Return,MaterialReturn,69,,SB-CP-1601,,,2026-07-27T16:29:00,False,[MATERIAL_RETURN:69] MB NO.10957,0,0,,,,,,,,2,,,2026-08-17T14:03:46.029774,2026-08-17T14:10:33.982548
631,47,HAJI IQBAL SB JPS,100000,10000000,Bank Transfer,Receipt,,,,SB-CP-1602,,,2026-07-27T16:31:00,False,,0,0,Accounts receive transaction,MCB,(MCB 77661 )ADNAN AHMED,7761.0,1,,,1,,,2026-08-17T14:03:46.031118,2026-08-17T14:03:46.031124
632,275,SHAMRAIZ SB HANDA STOP,617500,61750000,Bank Transfer,Receipt,,,,SB-CP-1603,,,2026-07-28T16:32:00,False,,0,0,Accounts receive transaction,MCB,(MCB 77661 )ADNAN AHMED,7761.0,1,,,1,,,2026-08-17T14:03:46.032749,2026-08-17T14:03:46.032755
633,13,JAWAD SB AJNALA JPS,15000,1500000,Cash,Receipt,,,,SB-CP-1604,,,2026-07-28T16:37:00,False,,0,0,Accounts receive transaction,,FBM  CASH,,2,,,1,,,2026-08-17T14:03:46.034130,2026-08-17T14:03:46.034137
634,231,SHEHBAZ SB RANGPUR,50000,5000000,Cash,Receipt,,,,SB-CP-1605,,,2026-07-28T16:57:00,False,,0,0,Accounts receive transaction,,FBM  CASH,,2,,,1,,,2026-08-17T14:03:46.035096,2026-08-17T14:03:46.035102
635,212,MIRZA NAZAR BAIG SB KOANKH,13800,1380000,Cash,Receipt,,,,SB-CP-1606,,,2026-07-28T16:58:00,False,,0,0,Accounts receive transaction,,FBM  CASH,,2,,,1,,,2026-08-17T14:03:46.035944,2026-08-17T14:03:46.035949
636,66,SUBEDAR MUHAMMAD ARSHAD SB KHANPUR KHOKHAR,4000,400000,Cash,Receipt,,,,SB-CP-1607,,,2026-07-28T17:00:00,False,10976,0,0,Accounts receive transaction,,FBM  CASH,,2,,,1,,,2026-08-17T14:03:46.036967,2026-08-17T14:03:46.036973
637,200,HDC SYED TASSAWAR SHAH SB MALIKPUR SITE,0,0,Material Return,Material Return,MaterialReturn,70,,SB-CP-1608,,,2026-05-15T11:51:00,False,[MATERIAL_RETURN:70] MB NO.8295/2,0,0,,,,,,,,2,,,2026-08-17T14:03:46.038127,2026-08-17T14:10:33.982603
638,200,HDC SYED TASSAWAR SHAH SB MALIKPUR SITE,1474,147400,Material Return,Material Return,MaterialReturn,71,,SB-CP-1609,,,2026-07-04T13:05:00,False,[MATERIAL_RETURN:71] MB NO.10111,0,0,,,,,,,,2,,,2026-08-17T14:03:46.039282,2026-08-17T14:10:33.982635
639,200,HDC SYED TASSAWAR SHAH SB MALIKPUR SITE,30552,3055200,Cash,Receipt,,,,SB-CP-1610,,,2025-07-24T14:28:00,False,,0,0,Accounts receive transaction,,FBM  CASH,,2,,,1,,,2026-08-17T14:03:46.040152,2026-08-17T14:03:46.040157
641,147,MUHAMMAD RAZAQ SB JPS,31000,3100000,Cash,Receipt,,,,SB-CP-1612,,,2026-07-27T15:02:00,False,,0,0,Accounts receive transaction,,FBM  CASH,,2,,,1,,,2026-08-17T14:03:46.041132,2026-08-17T14:03:46.041138
642,98,NABEEL ILLAHI KOANKH,61490,6149000,Cash,Receipt,,,,SB-CP-1613,,,2026-05-16T15:22:00,False,,0,0,Accounts receive transaction,,FBM  CASH,,2,,,1,,,2026-08-17T14:03:46.042458,2026-08-17T14:03:46.042465
643,98,NABEEL ILLAHI KOANKH,14300,1430000,Cash,Receipt,,,,SB-CP-1614,,,2026-05-18T15:25:00,False,,0,0,Accounts receive transaction,,FBM  CASH,,2,,,1,,,2026-08-17T14:03:46.043287,2026-08-17T14:03:46.043291
644,288,KHAWAR SB CONT DHINDA,100000,10000000,Cash,Receipt,,,,SB-CP-1615,,,2026-05-17T15:26:00,False,,0,0,Accounts receive transaction,,FBM  CASH,,2,,,1,,,2026-08-17T14:03:46.044620,2026-08-17T14:03:46.044627
645,289,MUHAMMAD YOUSUF SB GHURAIRA,100000,10000000,Bank Transfer,Receipt,,,,SB-CP-1616,,,2026-07-29T16:39:00,False,,0,0,Accounts receive transaction,MCB,(MCB 77661 )ADNAN AHMED,7761.0,1,,,1,,,2026-08-17T14:03:46.045813,2026-08-17T14:03:46.045819
646,289,MUHAMMAD YOUSUF SB GHURAIRA,100000,10000000,Bank Transfer,Receipt,,,,SB-CP-1617,,,2026-07-27T17:27:00,False,,0,0,Accounts receive transaction,MCB,(MCB 77661 )ADNAN AHMED,7761.0,1,,,1,,,2026-08-17T14:03:46.046795,2026-08-17T14:03:46.046801
647,205,IRFAN SB DEDHAR SHARIF,109000,10900000,Cash,Receipt,,,,SB-CP-1618,,,2026-07-29T10:21:00,False,,80,8000,Accounts receive transaction,,FBM  CASH,,2,,,1,,,2026-08-17T14:03:46.047671,2026-08-17T14:03:46.047677
648,113,MUHAMMAD SALEEM SB RUPOWAL,1,100,Cash,Receipt,,,,SB-CP-1619,,,2026-06-21T13:40:00,False,12MM STEEL AND RING RETUNR IN 11021,18916,1891600,Accounts receive transaction,,FBM  CASH,,2,,,1,,,2026-08-17T14:03:46.048510,2026-08-17T14:03:46.048515
649,80,ADNAN SB DOIYAN,38750,3875000,Cash,Receipt,,,,SB-CP-1620,,,2026-07-30T14:04:00,False,,0,0,Accounts receive transaction,,FBM  CASH,,2,,,1,,,2026-08-17T14:03:46.049288,2026-08-17T14:03:46.049293
650,163,YASIR YAQOOB SB DILAWARPUR,1,100,Cash,Receipt,,,,SB-CP-1621,,,2026-05-23T14:18:00,False,,147,14700,Accounts receive transaction,,FBM  CASH,,2,,,1,,,2026-08-17T14:03:46.050403,2026-08-17T14:03:46.050410
651,186,SAFDAR ALI SB AJNALA (ASLAM CONT),100000,10000000,Bank Transfer,Receipt,,,,SB-CP-1622,,,2026-07-08T17:03:00,False,,0,0,Accounts receive transaction,MCB,(MCB 77661 )ADNAN AHMED,7761.0,1,,,1,,,2026-08-17T14:03:46.051398,2026-08-17T14:03:46.051406
652,202,HAFIZ ABDUL JABBAR SB RANGPUR,10500,1050000,Cash,Receipt,,,,SB-CP-1623,,,2026-07-31T14:30:00,False,,0,0,Accounts receive transaction,,FBM  CASH,,2,,,1,,,2026-08-17T14:03:46.052532,2026-08-17T14:03:46.052539
653,147,MUHAMMAD RAZAQ SB JPS,22800,2280000,Cash,Receipt,,,,SB-CP-1624,,,2026-08-01T14:30:00,False,,0,0,Accounts receive transaction,,FBM  CASH,,2,,,1,,,2026-08-17T14:03:46.053623,2026-08-17T14:03:46.053631
654,208,MIRZA YOUNUS SB JPS,39061.6,3906160,Material Return,Material Return,MaterialReturn,72,,SB-CP-1625,,,2026-08-01T15:42:20.846433,False,[MATERIAL_RETURN:72] SB-RTN-1071,0,0,,,,,,,,2,,,2026-08-17T14:03:46.054809,2026-08-17T14:10:33.982664
655,208,MIRZA YOUNUS SB JPS,1,100,Cash,Receipt,,,,SB-CP-1626,,,2026-08-01T15:42:00,False,,2011,201100,Accounts receive transaction,,FBM  CASH,,2,,,1,,,2026-08-17T14:03:46.056030,2026-08-17T14:03:46.056037
656,61,RANA SHEHBAZ SB JPS,20000,2000000,Cash,Receipt,,,,SB-CP-1627,,,2026-08-01T15:50:00,False,,0,0,Accounts receive transaction,,FBM  CASH,,2,,,1,,,2026-08-17T14:03:46.057121,2026-08-17T14:03:46.057134
657,186,SAFDAR ALI SB AJNALA (ASLAM CONT),81964,8196400,Cash,Receipt,,,,SB-CP-1628,,,2026-08-01T16:48:00,False,,0,0,Accounts receive transaction,,FBM  CASH,,2,,,1,,,2026-08-17T14:03:46.058136,2026-08-17T14:03:46.058143
658,150,MUHAMMAD AKRAM SB SANTAL SURKHIYAN,250000,25000000,Cash,Receipt,,,,SB-CP-1629,,,2026-08-01T16:49:00,False,,0,0,Accounts receive transaction,,FBM  CASH,,2,,,1,,,2026-08-17T14:03:46.059151,2026-08-17T14:03:46.059157
659,289,MUHAMMAD YOUSUF SB GHURAIRA,300000,30000000,Bank Transfer,Receipt,,,,SB-CP-1630,,,2026-08-01T17:24:00,False,,0,0,Accounts receive transaction,AL FALAH,(ALFALAH 37737) FAZAL BUILDING MATERIAL JPS,37737.0,4,,,1,,,2026-08-17T14:03:46.060344,2026-08-17T14:03:46.060350
660,265,GHULAM MURTZA SB KOANKH,150000,15000000,Cash,Receipt,,,,SB-CP-1631,,,2026-08-01T15:08:00,False,,0,0,Accounts receive transaction,,FBM  CASH,,2,,,1,,,2026-08-17T14:03:46.062606,2026-08-17T14:03:46.062614
661,28,MIRZA AMJAD JAVED SB AJNALA SITE,350000,35000000,Cash,Receipt,,,,SB-CP-1632,,,2026-08-02T17:00:00,False,,0,0,Accounts receive transaction,,FBM  CASH,,2,,,1,,,2026-08-17T14:03:46.063712,2026-08-17T14:03:46.063719
662,292,RASHEED AHMED SB JPS,150000,15000000,Cash,Receipt,,,,SB-CP-1633,,,2026-08-03T11:29:00,False,11139,0,0,Accounts receive transaction,,COMPANY CASH,,12,,,1,,,2026-08-17T14:03:46.065558,2026-08-17T14:03:46.065564
663,215,CH IMRAN SB JPS,5589,558900,Material Return,Material Return,MaterialReturn,73,,SB-CP-1634,,,2026-06-14T12:54:00,False,[MATERIAL_RETURN:73] MB NO.9288-1 | RETURN,0,0,,,,,,,,2,,,2026-08-17T14:03:46.066862,2026-08-17T14:10:33.982696
664,89,ASIF HUSSAIN JPS (ALI ALMUNIUM),55000,5500000,Cash,Receipt,,,,SB-CP-1635,,,2026-08-03T17:15:00,False,,0,0,Accounts receive transaction,,FBM  CASH,,2,,,1,,,2026-08-17T14:03:46.067951,2026-08-17T14:03:46.067957
665,145,MASTER ZAHOOR SB JPS,30000,3000000,Cash,Receipt,,,,SB-CP-1636,,,2026-08-03T10:29:00,False,,0,0,Accounts receive transaction,,FBM  CASH,,2,,,1,,,2026-08-17T14:03:46.068813,2026-08-17T14:03:46.068819
666,197,RAOOF SB GHURAL,300000,30000000,Bank Transfer,Receipt,,,,SB-CP-1637,,,2026-08-04T12:35:00,False,,0,0,Accounts receive transaction,MCB,(MCB 77661 )ADNAN AHMED,7761.0,1,,,1,,,2026-08-17T14:03:46.069691,2026-08-17T14:03:46.069697
667,216,SAGHEER BAIG SB KOANKH,0,0,Waive-Off,Waive-Off,,,,SB-CP-1638,,,2026-08-04T15:48:00,False,DISCOUNT FOR 20MM STEEL 101.6KG AT 252 PREVIOUS WAS 265,1320,132000,Accounts receive transaction,,COMPANY CASH,,12,,,2,,,2026-08-17T14:03:46.070828,2026-08-17T14:10:33.982931
668,150,MUHAMMAD AKRAM SB SANTAL SURKHIYAN,100000,10000000,Bank Transfer,Receipt,,,,SB-CP-1639,,,2026-08-04T16:27:00,False,,0,0,Accounts receive transaction,AL FALAH,(ALFALAH 37737) FAZAL BUILDING MATERIAL JPS,37737.0,4,,,1,,,2026-08-17T14:03:46.071930,2026-08-17T14:03:46.071936
669,188,RAFAQAT HUSSAIN SB MALIK (MASJID),100000,10000000,Cash,Receipt,,,,SB-CP-1640,,,2026-08-04T16:47:00,False,,0,0,Accounts receive transaction,,FBM  CASH,,2,,,1,,,2026-08-17T14:03:46.072951,2026-08-17T14:03:46.072957
670,287,RAJA MUHAMMAD ZARAAR RANGPUR,1,100,Cash,Receipt,,,,SB-CP-1641,,,2026-08-04T17:19:00,False,,3039,303900,Accounts receive transaction,,FBM  CASH,,2,,,1,,,2026-08-17T14:03:46.073859,2026-08-17T14:03:46.073865
671,70,MUHAMMAD ASGHAR FAUJI SB JPS,10000,1000000,Cash,Receipt,,,,SB-CP-1642,,,2026-08-04T11:49:00,False,,0,0,Accounts receive transaction,,FBM  CASH,,2,,,1,,,2026-08-17T14:03:46.075019,2026-08-17T14:03:46.075025
672,245,KHALIL AHMED SB DHINDA KALAAN,10510,1051000,Cash,Receipt,,,,SB-CP-1643,,,2026-08-05T13:20:00,False,,0,0,Accounts receive transaction,,FBM  CASH,,2,,,1,,,2026-08-17T14:03:46.075935,2026-08-17T14:03:46.075940
673,292,RASHEED AHMED SB JPS,550000,55000000,Cash,Receipt,,,,SB-CP-1644,,,2026-08-05T13:35:00,False,,0,0,Accounts receive transaction,,FBM  CASH,,2,,,1,,,2026-08-17T14:03:46.076892,2026-08-17T14:03:46.076897
674,189,IRFAN SB JPS (ATEEQ SB),100000,10000000,Cash,Receipt,,,,SB-CP-1645,,,2026-08-05T15:00:00,False,,0,0,Accounts receive transaction,,FBM  CASH,,2,,,1,,,2026-08-17T14:03:46.077982,2026-08-17T14:03:46.077989
675,212,MIRZA NAZAR BAIG SB KOANKH,31400,3140000,Cash,Receipt,,,,SB-CP-1646,,,2026-08-05T15:07:00,False,,0,0,Accounts receive transaction,,FBM  CASH,,2,,,1,,,2026-08-17T14:03:46.079204,2026-08-17T14:03:46.079211
676,157,MIRZA NAGHMAN SB TIBBA,-30000,-3000000,Refund,Refund,,,,,,,2026-08-05T15:10:00,False,,0,0,Client refund,,FBM  CASH,,2,,,2,,,2026-08-17T14:03:46.080378,2026-08-17T14:10:33.982966
677,216,SAGHEER BAIG SB KOANKH,229000,22900000,Cash,Receipt,,,,SB-CP-1647,,,2026-08-05T17:48:00,False,,0,0,Accounts receive transaction,,FBM  CASH,,2,,,1,,,2026-08-17T14:03:46.081562,2026-08-17T14:03:46.081569
678,244,RAJA MUDASIR SB JPS,0,0,Material Return,Material Return,MaterialReturn,74,,SB-CP-1648,,,2026-08-05T13:00:00,False,[MATERIAL_RETURN:74] MB NO.11227,0,0,,,,,,,,2,,,2026-08-17T14:03:46.082776,2026-08-17T14:10:33.984300
679,177,MUHAMMAD ARIF BAIG SB KOANKH (KAMRAN NUMBERDAR),100000,10000000,Cash,Receipt,,,,SB-CP-1649,,,2026-08-06T15:07:00,False,,0,0,Accounts receive transaction,,FBM  CASH,,2,,,1,,,2026-08-17T14:03:46.083886,2026-08-17T14:03:46.083893
680,146,ABDUL SATTAR SB DHINDA FARM,20000,2000000,Cash,Receipt,,,,SB-CP-1650,,,2026-08-06T15:19:00,False,,0,0,Accounts receive transaction,,FBM  CASH,,2,,,1,,,2026-08-17T14:03:46.085015,2026-08-17T14:03:46.085022
681,258,MALIK SHEHBAZ SB DHINDA,15500,1550000,Cash,Receipt,,,,SB-CP-1651,,,2026-08-06T16:08:00,False,,0,0,Accounts receive transaction,,FBM  CASH,,2,,,1,,,2026-08-17T14:03:46.086216,2026-08-17T14:03:46.086224
682,44,NADEEM SB DHINDA,250000,25000000,Bank Transfer,Receipt,,,,SB-CP-1652,,,2026-08-06T17:15:00,False,11265,0,0,Accounts receive transaction,MCB,(MCB 77661 )ADNAN AHMED,7761.0,1,,,1,,,2026-08-17T14:03:46.087452,2026-08-17T14:03:46.087460
683,100,HAJI YOUSUF BUTT JPS,9800,980000,Cash,Receipt,,,,SB-CP-1653,,,2026-08-02T10:36:00,False,RECEIVED 11107,206,20600,Accounts receive transaction,,FBM  CASH,,2,,,1,,,2026-08-17T14:03:46.088628,2026-08-17T14:03:46.088635
684,88,FAISAL SB AJNALA,0,0,Material Return,Material Return,MaterialReturn,75,,SB-CP-1654,,,2026-08-02T11:43:00,False,[MATERIAL_RETURN:75] MB NO.11100-1R | return,0,0,,,,,,,,2,,,2026-08-17T14:03:46.089619,2026-08-17T14:10:33.984426
685,295,SHEHZAD KHAN SB DHINDA,319000,31900000,Cash,Receipt,,,,SB-CP-1655,,,2026-08-07T14:34:00,False,,0,0,Accounts receive transaction,,FBM  CASH,,2,,,1,,,2026-08-17T14:03:46.090694,2026-08-17T14:03:46.090700
686,295,SHEHZAD KHAN SB DHINDA,100000,10000000,Cash,Receipt,,,,SB-CP-1656,,,2026-08-07T11:39:00,False,,0,0,Accounts receive transaction,,FBM  CASH,,2,,,1,,,2026-08-17T14:03:46.091858,2026-08-17T14:03:46.091864
687,100,HAJI YOUSUF BUTT JPS,15600,1560000,Cash,Receipt,,,,SB-CP-1657,,,2026-08-08T12:55:00,False,,0,0,Accounts receive transaction,,FBM  CASH,,2,,,1,,,2026-08-17T14:03:46.094013,2026-08-17T14:03:46.094020
688,291,ASIF SB LOADER JPS,50000,5000000,Cash,Receipt,,,,SB-CP-1658,,,2026-08-08T12:59:00,False,,0,0,Accounts receive transaction,,FBM  CASH,,2,,,1,,,2026-08-17T14:03:46.095131,2026-08-17T14:03:46.095137
689,80,ADNAN SB DOIYAN,40000,4000000,Cash,Receipt,,,,SB-CP-1659,,,2026-08-08T15:52:00,False,,0,0,Accounts receive transaction,,FBM  CASH,,2,,,1,,,2026-08-17T14:03:46.096214,2026-08-17T14:03:46.096220
690,80,ADNAN SB DOIYAN,40000,4000000,Cash,Receipt,,,,SB-CP-1660,,,2026-08-06T17:58:00,False,11255,0,0,Accounts receive transaction,,COMPANY CASH,,12,,,1,,,2026-08-17T14:03:46.097237,2026-08-17T14:03:46.097242
691,188,RAFAQAT HUSSAIN SB MALIK (MASJID),71000,7100000,Cash,Receipt,,,,SB-CP-1661,,,2026-08-08T16:45:00,False,,457,45700,Accounts receive transaction,,FBM  CASH,,2,,,1,,,2026-08-17T14:03:46.098121,2026-08-17T14:03:46.098127
692,244,RAJA MUDASIR SB JPS,0,0,Material Return,Material Return,MaterialReturn,76,,SB-CP-1662,,,2026-08-08T16:50:00,False,[MATERIAL_RETURN:76] MB NO.11335/2,0,0,,,,,,,,2,,,2026-08-17T14:03:46.099030,2026-08-17T14:10:33.984568
694,295,SHEHZAD KHAN SB DHINDA,40000,4000000,Cash,Receipt,,,,SB-CP-1664,,,2026-08-08T17:44:00,False,,0,0,Accounts receive transaction,,FBM  CASH,,2,,,1,,,2026-08-17T14:03:46.100207,2026-08-17T14:03:46.100213
695,258,MALIK SHEHBAZ SB DHINDA,6000,600000,Cash,Receipt,,,,SB-CP-1665,,,2026-08-09T12:51:00,False,,0,0,Accounts receive transaction,,FBM  CASH,,2,,,1,,,2026-08-17T14:03:46.103570,2026-08-17T14:03:46.103577
696,192,DR AMIN SB JPS,50000,5000000,Cash,Receipt,,,,SB-CP-1666,,,2026-08-09T12:51:00,False,11356,0,0,Accounts receive transaction,,FBM  CASH,,2,,,1,,,2026-08-17T14:03:46.104589,2026-08-17T14:03:46.104595
697,265,GHULAM MURTZA SB KOANKH,81677,8167700,Material Return,Material Return,MaterialReturn,78,,SB-CP-1667,,,2026-08-09T14:42:46.475845,False,[MATERIAL_RETURN:78] MB NO.11362,0,0,,,,,,,,2,,,2026-08-17T14:03:46.105515,2026-08-17T14:10:33.984620
698,177,MUHAMMAD ARIF BAIG SB KOANKH (KAMRAN NUMBERDAR),50000,5000000,Cash,Receipt,,,,SB-CP-1668,,,2026-08-02T16:10:00,False,,0,0,Accounts receive transaction,,FBM  CASH,,2,,,1,,,2026-08-17T14:03:46.106440,2026-08-17T14:03:46.106446
699,157,MIRZA NAGHMAN SB TIBBA,8000,800000,Cash,Receipt,,,,SB-CP-1669,,,2026-08-04T16:56:00,False,,0,0,Accounts receive transaction,,FBM  CASH,,2,,,1,,,2026-08-17T14:03:46.107266,2026-08-17T14:03:46.107271
700,275,SHAMRAIZ SB HANDA STOP,11140,1114000,Bank Transfer,Receipt,,,,SB-CP-1670,,,2026-08-08T17:25:00,False,,0,0,Accounts receive transaction,MCB,(MCB 77661 )ADNAN AHMED,7761.0,1,,,1,,,2026-08-17T14:03:46.108104,2026-08-17T14:03:46.108109
701,265,GHULAM MURTZA SB KOANKH,44400,4440000,Material Return,Material Return,MaterialReturn,79,,SB-CP-1671,,,2026-08-09T11:12:00,False,[MATERIAL_RETURN:79] SB-RTN-1078,0,0,,,,,,,,2,,,2026-08-17T14:03:46.108951,2026-08-17T14:10:33.984653
702,197,RAOOF SB GHURAL,2522,252200,Material Return,Material Return,MaterialReturn,80,,SB-CP-1672,,,2026-08-07T12:01:00,False,[MATERIAL_RETURN:80] SB-RTN-1079,0,0,,,,,,,,2,,,2026-08-17T14:03:46.109773,2026-08-17T14:10:33.984697
703,247,SHAMRAIZ SB JAGUWAN,5900,590000,Cash,Receipt,,,,SB-CP-1673,,,2026-08-11T12:56:00,False,,23,2300,Accounts receive transaction,,FBM  CASH,,2,,,1,,,2026-08-17T14:03:46.110700,2026-08-17T14:03:46.110705
704,212,MIRZA NAZAR BAIG SB KOANKH,3700,370000,Cash,Receipt,,,,SB-CP-1674,,,2026-08-11T12:58:00,False,,0,0,Accounts receive transaction,,FBM  CASH,,2,,,1,,,2026-08-17T14:03:46.111554,2026-08-17T14:03:46.111559
705,271,SHAHZAIB FAROOQ SB ALAM GARH,39750,3975000,Cash,Receipt,,,,SB-CP-1675,,,2026-08-11T12:59:00,False,,0,0,Accounts receive transaction,,FBM  CASH,,2,,,1,,,2026-08-17T14:03:46.112445,2026-08-17T14:03:46.112450
706,265,GHULAM MURTZA SB KOANKH,200000,20000000,Bank Transfer,Receipt,,,,SB-CP-1676,,,2026-08-11T14:39:00,False,,0,0,Accounts receive transaction,MCB,(MCB 77661 )ADNAN AHMED,7761.0,1,,,1,,,2026-08-17T14:03:46.113257,2026-08-17T14:03:46.113262
707,9,MAZHAR SB RUPOWAL DERA,60000,6000000,Cash,Receipt,,,,SB-CP-1677,,,2026-08-11T14:58:00,False,,0,0,Accounts receive transaction,,FBM  CASH,,2,,,1,,,2026-08-17T14:03:46.114139,2026-08-17T14:03:46.114144
708,232,SARWAR SB MASON,20000,2000000,Cash,Receipt,,,,SB-CP-1678,,,2026-08-11T16:26:00,False,,0,0,Accounts receive transaction,,FBM  CASH,,2,,,1,,,2026-08-17T14:03:46.115112,2026-08-17T14:03:46.115118
709,294,AKAS AMJAD RANG PUR,80000,8000000,Bank Transfer,Receipt,,,,SB-CP-1679,,,2026-08-06T10:50:00,False,,0,0,Accounts receive transaction,MCB,(MCB 77661 )ADNAN AHMED,7761.0,1,,,1,,,2026-08-17T14:03:46.117141,2026-08-17T14:03:46.117147
710,188,RAFAQAT HUSSAIN SB MALIK (MASJID),103000,10300000,Cash,Receipt,,,,SB-CP-1680,,,2026-08-12T11:37:00,False,,146.6,14660,Accounts receive transaction,,FBM  CASH,,2,,,1,,,2026-08-17T14:03:46.118461,2026-08-17T14:03:46.118467
711,188,RAFAQAT HUSSAIN SB MALIK (MASJID),103000,10300000,Cash,Receipt,,,,SB-CP-1681,,,2026-08-12T15:37:00,False,,147,14700,Accounts receive transaction,,FBM  CASH,,2,,,1,,,2026-08-17T14:03:46.119363,2026-08-17T14:03:46.119369
712,28,MIRZA AMJAD JAVED SB AJNALA SITE,120000,12000000,Cash,Receipt,,,,SB-CP-1682,,,2026-08-12T16:12:00,False,,0,0,Accounts receive transaction,,FBM  CASH,,2,,,1,,,2026-08-17T14:03:46.120180,2026-08-17T14:03:46.120184
713,76,IMRAN SB MALAK PUR,30000,3000000,Cash,Receipt,,,,SB-CP-1683,,,2026-08-12T16:24:00,False,,0,0,Accounts receive transaction,,FBM  CASH,,2,,,1,,,2026-08-17T14:03:46.121062,2026-08-17T14:03:46.121067
714,212,MIRZA NAZAR BAIG SB KOANKH,31000,3100000,Cash,Receipt,,,,SB-CP-1684,,,2026-08-12T16:30:00,False,,0,0,Accounts receive transaction,,FBM  CASH,,2,,,1,,,2026-08-17T14:03:46.121990,2026-08-17T14:03:46.121996
715,175,MUHAMMAD ARSHAD SB GHURAL (SUBEDAR QADAR DAD SB),99000,9900000,Cash,Receipt,,,,SB-CP-1685,,,2026-08-08T16:48:00,False,,0,0,Accounts receive transaction,,FBM  CASH,,2,,,1,,,2026-08-17T14:03:46.123017,2026-08-17T14:03:46.123022
716,175,MUHAMMAD ARSHAD SB GHURAL (SUBEDAR QADAR DAD SB),1,100,Cash,Receipt,,,,SB-CP-1686,,,2026-08-08T16:51:00,False,,236,23600,Accounts receive transaction,,FBM  CASH,,2,,,1,,,2026-08-17T14:03:46.123849,2026-08-17T14:03:46.123854
717,150,MUHAMMAD AKRAM SB SANTAL SURKHIYAN,100000,10000000,Cash,Receipt,,,,SB-CP-1687,,,2026-08-10T12:26:00,False,,0,0,Accounts receive transaction,,FBM  CASH,,2,,,1,,,2026-08-17T14:03:46.124937,2026-08-17T14:03:46.124943
718,150,MUHAMMAD AKRAM SB SANTAL SURKHIYAN,66000,6600000,Cash,Receipt,,,,SB-CP-1688,,,2026-08-11T12:27:00,False,,0,0,Accounts receive transaction,,FBM  CASH,,2,,,1,,,2026-08-17T14:03:46.125848,2026-08-17T14:03:46.125854
719,293,ALI SHAN SB HANDA,525000,52500000,Cash,Receipt,,,,SB-CP-1689,,,2026-08-13T14:30:00,False,,0,0,Accounts receive transaction,,FBM  CASH,,2,,,1,,,2026-08-17T14:03:46.126858,2026-08-17T14:03:46.126863
722,286,MUHMMAD SHAREEF SB DHINDA,51000,5100000,Cash,Receipt,,,,SB-CP-1692,,,2026-08-13T09:15:00,False,,0,0,Accounts receive transaction,,FBM  CASH,,2,,,1,,,2026-08-17T14:03:46.127959,2026-08-17T14:03:46.127965
723,280,TANVEER SB DHINDA,2000,200000,Cash,Receipt,,,,SB-CP-1693,,,2026-08-13T13:08:00,False,,0,0,Accounts receive transaction,,FBM  CASH,,2,,,1,,,2026-08-17T14:03:46.128871,2026-08-17T14:03:46.128876
725,266,QAISER SB JPS,200000,20000000,Cash,Receipt,,,,SB-CP-1695,,,2026-08-15T08:57:00,False,,0,0,Accounts receive transaction,,FBM  CASH,,2,,,1,,,2026-08-17T14:03:46.130661,2026-08-17T14:03:46.130666
726,111,RAJA PARWEZ SB RANGPUR,17800,1780000,Cash,Receipt,,,,SB-CP-1696,,,2026-08-15T09:40:00,False,,20,2000,Accounts receive transaction,,FBM  CASH,,2,,,1,,,2026-08-17T14:03:46.131513,2026-08-17T14:03:46.131519
727,67,MUHAMMAD BASHEER SB CONT KOANKH,23000,2300000,Cash,Receipt,,,,SB-CP-1697,,,2026-08-15T09:57:00,False,,0,0,Accounts receive transaction,,FBM  CASH,,2,,,1,,,2026-08-17T14:03:46.132356,2026-08-17T14:03:46.132362
728,266,QAISER SB JPS,6700,670000,Cash,Receipt,,,,SB-CP-1698,,,2026-08-15T10:03:00,False,,0,0,Accounts receive transaction,,FBM  CASH,,2,,,1,,,2026-08-17T14:03:46.133249,2026-08-17T14:03:46.133254
729,289,MUHAMMAD YOUSUF SB GHURAIRA,200000,20000000,Cash,Receipt,,,,SB-CP-1699,,,2026-08-15T10:55:00,False,,0,0,Accounts receive transaction,,FBM  CASH,,2,,,1,,,2026-08-17T14:03:46.134822,2026-08-17T14:03:46.134828
730,105,DR EHSAN SB DHINDA,29810.5,2981050,Material Return,Material Return,MaterialReturn,84,,SB-CP-1700,,,2026-08-12T11:20:00,False,[MATERIAL_RETURN:84] MB NO.11462,0,0,,,,,,,,2,,,2026-08-17T14:03:46.135665,2026-08-17T14:10:33.984765
731,105,DR EHSAN SB DHINDA,30000,3000000,Cash,Receipt,,,,SB-CP-1701,,,2026-08-15T11:21:00,False,,0,0,Accounts receive transaction,,FBM  CASH,,2,,,1,,,2026-08-17T14:03:46.136642,2026-08-17T14:03:46.136648
734,105,DR EHSAN SB DHINDA,4857.2,485720,Bank Transfer,Receipt,,,,SB-CP-1704,,,2026-08-15T11:28:00,False,,0,0,Accounts receive transaction,AL FALAH,(ALFALAH 37737) FAZAL BUILDING MATERIAL JPS,37737.0,4,,,1,,,2026-08-17T14:03:46.137567,2026-08-17T14:03:46.137572
737,202,HAFIZ ABDUL JABBAR SB RANGPUR,3400,340000,Cash,Receipt,,,,SB-CP-1707,,,2026-08-15T12:48:00,False,,1050.4,105040,Accounts receive transaction,,FBM  CASH,,2,,,1,,,2026-08-17T14:03:46.139494,2026-08-17T14:03:46.139499
738,80,ADNAN SB DOIYAN,40000,4000000,Cash,Receipt,,,,SB-CP-1708,,,2026-08-15T14:54:00,False,,0,0,Accounts receive transaction,,FBM  CASH,,2,,,1,,,2026-08-17T14:03:46.140304,2026-08-17T14:03:46.140309
739,266,QAISER SB JPS,6120,612000,Material Return,Material Return,MaterialReturn,85,,SB-CP-1709,,,2026-08-15T14:59:00,False,[MATERIAL_RETURN:85] MB NO.11565,0,0,,,,,,,,2,,,2026-08-17T14:03:46.141151,2026-08-17T14:10:33.984796
740,238,NASAR IQBAL BUTT SB JPS,10000,1000000,Cash,Receipt,,,,SB-CP-1710,,,2026-08-07T11:29:00,False,,0,0,Accounts receive transaction,,FBM  CASH,,2,,,1,,,2026-08-17T14:03:46.141981,2026-08-17T14:03:46.141985
741,52,GHULAM SARWAR SB JPS(HAJI JAVED SB),1,100,Cash,Receipt,,,,SB-CP-1711,,,2026-08-16T11:43:00,False,BOOKING NAFI,1399,139900,Accounts receive transaction,,FBM  CASH,,2,,,1,,,2026-08-17T14:03:46.143127,2026-08-17T14:03:46.143134
742,306,FAUJI EJAZ AHMED SB JPS,1900000,190000000,Cash,Receipt,,,,SB-CP-1712,,,2026-08-16T13:07:00,False,11589,0,0,Accounts receive transaction,,FBM  CASH,,2,,,1,,,2026-08-17T14:03:46.144124,2026-08-17T14:03:46.144130
743,203,WAJID SB AJNALA,19000,1900000,Cash,Receipt,,,,SB-CP-1713,,,2026-08-16T13:08:00,False,11593,448,44800,Accounts receive transaction,,FBM  CASH,,2,,,1,,,2026-08-17T14:03:46.144958,2026-08-17T14:03:46.144963
744,28,MIRZA AMJAD JAVED SB AJNALA SITE,40000,4000000,Cash,Receipt,,,,SB-CP-1714,,,2026-08-16T13:34:00,False,,0,0,Accounts receive transaction,,FBM  CASH,,2,,,1,,,2026-08-17T14:03:46.146273,2026-08-17T14:03:46.146279
745,307,MALIK ARSHAD SB JPS,200000,20000000,Cash,Receipt,,,,SB-CP-1715,,,2026-08-16T14:48:00,False,,0,0,Accounts receive transaction,,FBM  CASH,,2,,,1,,,2026-08-17T14:03:46.147194,2026-08-17T14:03:46.147201
746,266,QAISER SB JPS,50000,5000000,Cash,Receipt,,,,SB-CP-1716,,,2026-08-17T11:13:00,False,,0,0,Accounts receive transaction,,FBM  CASH,,2,,,1,,,2026-08-17T14:03:46.148258,2026-08-17T14:03:46.148264
747,294,AKAS AMJAD RANG PUR,300000,30000000,Bank,Receipt,,,,SB-CP-1717,,,2026-08-16T17:53:00,False,,0,0,,MCB,ADNAN AHMED,7761.0,1,,,1,Shujaat Muzaffar,Shujaat Muzaffar,2026-08-19T17:54:05.948196,2026-08-19T17:54:05.948205
748,247,SHAMRAIZ SB JAGUWAN,30900,3090000,Cash,Receipt,,,,SB-CP-1718,,,2026-08-15T02:28:00,False,,0,0,,,FBM  CASH,,2,,,1,Shujaat Muzaffar,Shujaat Muzaffar,2026-08-20T09:31:50.752217,2026-08-20T09:31:50.752223
749,247,SHAMRAIZ SB JAGUWAN,39635,3963500,Bank,Receipt,,,,SB-CP-1719,,,2026-08-18T18:31:00,False,,0.4,40,Accounts receive transaction,MCB,ADNAN AHMED,7761.0,1,,,1,Shujaat Muzaffar,Shujaat Muzaffar,2026-08-20T09:36:58.243814,2026-08-20T09:36:58.243820
751,263,HDC MEHAR MEHDI SB JPS,0,0,Material Return,Material Return,MaterialReturn,87,,SB-CP-1721,,,2026-08-19T10:23:00,False,[MATERIAL_RETURN:87] MB NO.11707/2,0,0,,,,,,,,1,,,2026-08-20T10:23:19.157452,2026-08-20T10:23:19.157461
752,263,HDC MEHAR MEHDI SB JPS,936,93600,Material Return,Material Return,MaterialReturn,88,,SB-CP-1722,,,2026-08-19T10:26:00,False,[MATERIAL_RETURN:88] MB NO.11707,0,0,,,,,,,,1,,,2026-08-20T10:26:45.199414,2026-08-20T10:26:45.199421
753,209,SHABEEB SB KANIYAN,485000,48500000,Bank,Receipt,,,,SB-CP-1723,,,2026-08-19T10:29:00,False,,3431.2,343120,Accounts receive transaction,MCB,ADNAN AHMED,7761.0,1,,,1,Shujaat Muzaffar,Shujaat Muzaffar,2026-08-20T10:30:16.939655,2026-08-20T10:30:16.939664
754,177,MUHAMMAD ARIF BAIG SB KOANKH (KAMRAN NUMBERDAR),80000,8000000,Check,Receipt,,,,SB-CP-1724,,,2026-08-20T10:30:00,False,,0,0,,AL FALAH,FAZAL BUILDING MATERIAL JPS,37737.0,4,,,1,Shujaat Muzaffar,Shujaat Muzaffar,2026-08-20T10:35:54.569620,2026-08-20T10:35:54.569627
755,44,NADEEM SB DHINDA,7000,700000,Cash,Receipt,,,,SB-CP-1725,,,2026-08-19T10:50:00,False,,0,0,,,FBM  CASH,,2,,,1,Admin,Admin,2026-08-20T10:51:00.220611,2026-08-20T10:51:00.220618
756,307,MALIK ARSHAD SB JPS,200000,20000000,Cash,Receipt,,,,SB-CP-1726,,,2026-08-18T10:36:00,False,,0,0,,,FBM  CASH,,2,,,1,Shujaat Muzaffar,Shujaat Muzaffar,2026-08-20T10:56:08.948992,2026-08-20T10:56:08.948999
757,287,RAJA MUHAMMAD ZARAAR RANGPUR,1250,125000,Cash,Receipt,,,,SB-CP-1727,,,2026-08-19T10:58:00,False,,10,1000,Accounts receive transaction,,FBM  CASH,,2,,,1,Admin,Admin,2026-08-20T10:59:20.829973,2026-08-20T10:59:20.829980
758,46,MEHBOOB ALAM SB KOANKH,50000,5000000,Cash,Receipt,,,,SB-CP-1728,,,2026-08-19T11:02:00,False,,0,0,,,FBM  CASH,,2,,,1,Admin,Admin,2026-08-20T11:03:17.108634,2026-08-20T11:03:17.108642
759,35,EHSAN SB CHAUHAN,1,100,Cash,Receipt,,,,SB-CP-1729,,,2026-08-19T11:19:00,False,,5399,539900,Accounts receive transaction,,FBM  CASH,,2,,,1,Admin,Admin,2026-08-20T11:20:42.247694,2026-08-20T11:20:42.247705
760,25,MALIK JAVED SB KHAN PUR KHOKHAR,35000,3500000,Cash,Receipt,,,,SB-CP-1730,,,2026-08-02T12:08:00,False,,0,0,,,FBM  CASH,,2,,,1,Shujaat Muzaffar,Shujaat Muzaffar,2026-08-20T12:08:56.293335,2026-08-20T12:08:56.293343
761,150,MUHAMMAD AKRAM SB SANTAL SURKHIYAN,31000,3100000,Bank,Receipt,,,,SB-CP-1731,,,2026-08-19T13:09:00,False,,0,0,,AL FALAH,FAZAL BUILDING MATERIAL JPS,37737.0,4,,,1,Admin,Admin,2026-08-20T13:10:11.230161,2026-08-20T13:10:11.230170
762,312,FBM TO HDC,50000,5000000,Cash,Receipt,,,,SB-CP-1732,,,2026-08-20T13:47:00,False,MALIK JAVED KK PAYMENT,0,0,,,FBM  CASH,,2,,,1,Shujaat Muzaffar,Shujaat Muzaffar,2026-08-20T13:48:26.685193,2026-08-20T13:48:26.685204
764,312,FBM TO HDC,-22000,-2200000,Cash,Refund,,,,SB-CP-1734,,,2026-08-20T15:24:00,False,,0,0,,,FBM  CASH,,2,,,1,Shujaat Muzaffar,Shujaat Muzaffar,2026-08-20T15:25:57.973548,2026-08-20T15:25:57.973556
765,312,FBM TO HDC,-100000,-10000000,Cash,Refund,,,,SB-CP-1735,,,2026-08-20T15:26:00,False,FBM TO HDC RIZWAN SB,0,0,,,FBM  CASH,,2,,,1,Shujaat Muzaffar,Shujaat Muzaffar,2026-08-20T16:01:17.743316,2026-08-20T16:01:17.743325
766,231,SHEHBAZ SB RANGPUR,50000,5000000,Cash,Receipt,,,,SB-CP-1736,,,2026-08-20T16:26:00,False,,0,0,,,FBM  CASH,,2,,,1,Admin,Admin,2026-08-20T16:26:36.760711,2026-08-20T16:26:36.760720
767,192,DR AMIN SB JPS,50000,5000000,Cash,Receipt,,,,SB-CP-1737,,,2026-08-20T18:00:00,False,,0,0,,,FBM  CASH,,2,,,1,Admin,Admin,2026-08-20T18:00:56.758591,2026-08-20T18:00:56.758597
769,295,SHEHZAD KHAN SB DHINDA,25000,2500000,Cash,Receipt,,,,SB-CP-1739,,,2026-08-21T11:56:00,False,,49,4900,Accounts receive transaction,,FBM  CASH,,2,,,1,Admin,Admin,2026-08-21T11:56:52.446229,2026-08-21T11:56:52.446238
770,312,FBM TO HDC,-100000,-10000000,Bank,Refund,,,,SB-CP-1740,,,2026-08-21T00:00:00,False,FROM 7737 TO 4474(MACCA MARBEL),0,0,,AL FALAH,FAZAL BUILDING MATERIAL JPS,37737.0,4,,,2,Shujaat Muzaffar,Shujaat Muzaffar,2026-08-22T10:53:16.315057,2026-08-22T10:55:16.570811
771,312,FBM TO HDC,-5000,-500000,Bank,Refund,,,,SB-CP-1741,,,2026-08-21T10:56:00,False,FROM 7737 TO  1557 (RIZWAN AHMED SB),0,0,,AL FALAH,FAZAL BUILDING MATERIAL JPS,37737.0,4,,,1,Shujaat Muzaffar,Shujaat Muzaffar,2026-08-22T10:58:38.948985,2026-08-22T10:58:38.948991
772,306,FAUJI EJAZ AHMED SB JPS,176000,17600000,Cash,Receipt,,,,SB-CP-1742,,,2026-08-18T12:10:00,False,,0,0,,,FBM  CASH,,2,,,1,Shujaat Muzaffar,Shujaat Muzaffar,2026-08-22T12:10:46.954248,2026-08-22T12:10:46.954260
773,103,RAJA AMEER HAMZA SB JPS,43500,4350000,Cash,Receipt,,,,SB-CP-1743,,,2026-08-21T12:18:00,False,,350,35000,Accounts receive transaction,,FBM  CASH,,2,,,1,Shujaat Muzaffar,Shujaat Muzaffar,2026-08-22T12:25:08.735661,2026-08-22T12:25:08.735680
774,264,MUSHTAQ SB JPS,4999.7,499970,Cash,Receipt,,,,SB-CP-1744,,,2026-08-21T12:25:00,False,,0,0,,,FBM  CASH,,2,,,1,Shujaat Muzaffar,Shujaat Muzaffar,2026-08-22T13:19:18.181332,2026-08-22T13:19:18.181343
775,266,QAISER SB JPS,30000,3000000,Cash,Receipt,,,,SB-CP-1745,,,2026-08-21T13:19:00,False,,0,0,,,FBM  CASH,,2,,,1,Shujaat Muzaffar,Shujaat Muzaffar,2026-08-22T13:20:21.739526,2026-08-22T13:20:21.739534
776,312,FBM TO HDC,40000,4000000,Cash,Receipt,,,,SB-CP-1746,,,2026-08-21T15:55:00,False,,0,0,,,FBM  CASH,,2,,,1,Shujaat Muzaffar,Shujaat Muzaffar,2026-08-22T15:56:05.104309,2026-08-22T15:56:05.104318
777,312,FBM TO HDC,-50000,-5000000,Cash,Refund,,,,SB-CP-1747,,,2026-08-21T15:56:00,False,FBM TO HDC FOR CHAND CONT,0,0,,,FBM  CASH,,2,,,1,Shujaat Muzaffar,Shujaat Muzaffar,2026-08-22T15:57:30.235840,2026-08-22T15:57:30.235850
778,312,FBM TO HDC,-30000,-3000000,Cash,Refund,,,,SB-CP-1748,,,2026-08-21T15:57:00,False,FBM TO HDC FOR WAHEED RUPOWAL,0,0,,,FBM  CASH,,2,,,1,Shujaat Muzaffar,Shujaat Muzaffar,2026-08-22T15:58:37.806353,2026-08-22T15:58:37.806361
779,312,FBM TO HDC,-50000,-5000000,Cash,Refund,,,,SB-CP-1749,,,2026-08-21T15:58:00,False,FBM TO HDC FOR LABOUR,0,0,,,FBM  CASH,,2,,,1,Shujaat Muzaffar,Shujaat Muzaffar,2026-08-22T16:00:17.042990,2026-08-22T16:00:17.042998
780,312,FBM TO HDC,-15000,-1500000,Cash,Refund,,,,SB-CP-1750,,,2026-08-21T16:00:00,False,AHMED HASSAN SALARY,0,0,,,FBM  CASH,,2,,,1,Shujaat Muzaffar,Shujaat Muzaffar,2026-08-22T16:17:21.555870,2026-08-22T16:17:21.555877
781,312,FBM TO HDC,-360,-36000,Cash,Refund,,,,SB-CP-1751,,,2026-08-22T16:17:00,False,,0,0,,,FBM  CASH,,2,,,1,Shujaat Muzaffar,Shujaat Muzaffar,2026-08-22T16:18:08.004407,2026-08-22T16:18:08.004415
782,312,FBM TO HDC,-50000,-5000000,Cash,Refund,,,,SB-CP-1752,,,2026-08-22T16:18:00,False,RIZWAN SB,0,0,,,FBM  CASH,,2,,,1,Shujaat Muzaffar,Shujaat Muzaffar,2026-08-22T18:03:36.614612,2026-08-22T18:03:36.614623
783,312,FBM TO HDC,-50000,-5000000,Cash,Refund,,,,SB-CP-1753,,,2026-08-22T18:03:00,False,NADEEM SHAH,0,0,,,FBM  CASH,,2,,,1,Shujaat Muzaffar,Shujaat Muzaffar,2026-08-22T18:04:25.699549,2026-08-22T18:04:25.699558
784,312,FBM TO HDC,-30000,-3000000,Bank,Refund,,,,SB-CP-1754,,,2026-08-22T18:04:00,False,TRANSFER TO RIZWAN SB 0993,0,0,,AL FALAH,FAZAL BUILDING MATERIAL JPS,37737.0,4,,,1,Shujaat Muzaffar,Shujaat Muzaffar,2026-08-22T18:05:31.106865,2026-08-22T18:05:31.106874
785,312,FBM TO HDC,-50000,-5000000,Cash,Refund,,,,SB-CP-1755,,,2026-08-22T18:05:00,False,FBM TO HDC FOR QAMAR,0,0,,,FBM  CASH,,2,,,1,Shujaat Muzaffar,Shujaat Muzaffar,2026-08-23T11:20:55.897894,2026-08-23T11:20:55.897906
786,312,FBM TO HDC,-200000,-20000000,Bank,Refund,,,,SB-CP-1756,,,2026-08-22T11:21:00,False,FROM 7761 TO 5789,0,0,,MCB,ADNAN AHMED,7761.0,1,,,1,Shujaat Muzaffar,Shujaat Muzaffar,2026-08-23T11:24:13.107897,2026-08-23T11:24:13.107908
787,247,SHAMRAIZ SB JAGUWAN,48000,4800000,Bank,Receipt,,,,SB-CP-1757,,,2026-08-23T14:16:00,False,,0,0,,MCB,ADNAN AHMED,7761.0,1,,,1,Shujaat Muzaffar,Shujaat Muzaffar,2026-08-23T14:16:48.549806,2026-08-23T14:16:48.549813
788,191,MIRZA REHMAN SB JPS,100000,10000000,Cash,Receipt,,,,SB-CP-1758,,,2026-08-18T15:32:00,False,,0,0,,,FBM  CASH,,2,,,1,Shujaat Muzaffar,Shujaat Muzaffar,2026-08-23T15:33:45.611984,2026-08-23T15:33:45.611995
789,259,MUHAMMAD ARSHAD SB DHINDA POTAN WALAY,18300,1830000,Cash,Receipt,,,,SB-CP-1759,,,2026-08-15T15:33:00,False,,0,0,,,FBM  CASH,,2,,,1,Shujaat Muzaffar,Shujaat Muzaffar,2026-08-23T15:38:53.433320,2026-08-23T15:38:53.433329
790,295,SHEHZAD KHAN SB DHINDA,159000,15900000,Cash,Receipt,,,,SB-CP-1760,,,2026-08-18T15:39:00,False,,0,0,,,FBM  CASH,,2,,,1,Shujaat Muzaffar,Shujaat Muzaffar,2026-08-23T16:00:13.347011,2026-08-23T16:00:13.347021
791,259,MUHAMMAD ARSHAD SB DHINDA POTAN WALAY,31600,3160000,Cash,Receipt,,,,SB-CP-1761,,,2026-08-23T16:00:00,False,,0,0,,,FBM  CASH,,2,,,1,Shujaat Muzaffar,Shujaat Muzaffar,2026-08-23T16:29:07.588931,2026-08-23T16:29:07.588939
792,314,AMJAD SB PEROSHAH,174000,17400000,Cash,Receipt,,,,SB-CP-1762,,,2026-08-23T16:29:00,False,,200,20000,Accounts receive transaction,,FBM  CASH,,2,,,1,Shujaat Muzaffar,Shujaat Muzaffar,2026-08-23T16:38:28.898731,2026-08-23T16:38:28.898738
793,312,FBM TO HDC,50000,5000000,Cash,Receipt,,,,SB-CP-1763,,,2026-08-23T16:38:00,False,FOR AMJAD CONT,0,0,,,FBM  CASH,,2,,,1,Shujaat Muzaffar,Shujaat Muzaffar,2026-08-23T16:46:29.508731,2026-08-23T16:46:29.508739
794,312,FBM TO HDC,-100000,-10000000,Cash,Refund,,,,SB-CP-1764,,,2026-08-23T16:46:00,False,FOR MARBEL,0,0,,,FBM  CASH,,2,,,1,Shujaat Muzaffar,Shujaat Muzaffar,2026-08-23T16:47:19.011053,2026-08-23T16:47:19.011062
795,312,FBM TO HDC,-50000,-5000000,Cash,Refund,,,,SB-CP-1765,,,2026-08-23T16:47:00,False,RIZWAN SB FOR LABOUR,0,0,,,FBM  CASH,,2,,,1,Shujaat Muzaffar,Shujaat Muzaffar,2026-08-23T16:59:01.717684,2026-08-23T16:59:01.717695
796,312,FBM TO HDC,-1000,-100000,Cash,Refund,,,,SB-CP-1766,,,2026-08-23T16:59:00,False,PETROL 224,0,0,,,FBM  CASH,,2,,,1,Shujaat Muzaffar,Shujaat Muzaffar,2026-08-23T17:02:44.066758,2026-08-23T17:02:44.066768
797,312,FBM TO HDC,-21886,-2188600,Bank,Refund,,,,SB-CP-1767,,,2026-08-23T17:02:00,False,ELECTRICITY BILL PAID FROM 7761,0,0,,MCB,ADNAN AHMED,7761.0,1,,,1,Shujaat Muzaffar,Shujaat Muzaffar,2026-08-23T17:21:56.341181,2026-08-23T17:21:56.341191
798,17,ASHRAF SB AJNALA(SALEEM CONT),40900,4090000,Cash,Receipt,,,,SB-CP-1768,,,2026-08-17T13:06:00,False,,88,8800,Accounts receive transaction,,FBM  CASH,,2,,,1,Shujaat Muzaffar,Shujaat Muzaffar,2026-08-24T17:46:52.134772,2026-08-24T17:46:52.134780
799,312,FBM TO HDC,-150,-15000,Cash,Refund,,,,SB-CP-1769,,,2026-08-24T17:46:00,False,FBM+HDC 586 PETROL 300/2,0,0,,,FBM  CASH,,2,,,1,Shujaat Muzaffar,Shujaat Muzaffar,2026-08-24T17:48:56.271204,2026-08-24T17:48:56.271212
800,312,FBM TO HDC,-1000,-100000,Cash,Refund,,,,SB-CP-1770,,,2026-08-24T17:49:00,False,FBM+HDC PETROL 1263 2000/2,0,0,,,COMPANY CASH,,12,,,1,Shujaat Muzaffar,Shujaat Muzaffar,2026-08-24T17:52:27.350783,2026-08-24T17:52:27.350794
801,178,ZEESHAN ATTARI SB JPS,2224.4,222440,Material Return,Material Return,MaterialReturn,89,,SB-CP-1771,,,2026-08-18T12:33:00,False,[MATERIAL_RETURN:89] MB NO.11677,0,0,,,,,,,,1,,,2026-08-25T12:34:23.272122,2026-08-25T12:34:23.272150
802,304,JHANGIR SB MALIKPUR,200000,20000000,Cash,Receipt,,,,SB-CP-1772,,,2026-08-10T17:41:00,False,,0,0,,,FBM  CASH,,2,,,1,Shujaat Muzaffar,Shujaat Muzaffar,2026-08-25T12:42:28.854676,2026-08-25T12:42:28.854682
803,304,JHANGIR SB MALIKPUR,30000,3000000,Cash,Receipt,,,,SB-CP-1773,,,2026-08-17T12:44:00,False,,386,38600,Accounts receive transaction,,FBM  CASH,,2,,,1,Shujaat Muzaffar,Shujaat Muzaffar,2026-08-25T12:45:24.808733,2026-08-25T12:45:24.808741
804,214,IMRAN SB CHACHUWAL,219500,21950000,Cash,Receipt,,,,SB-CP-1774,,,2026-08-23T12:45:00,False,11735,250,25000,Accounts receive transaction,,FBM  CASH,,2,,,1,Shujaat Muzaffar,Shujaat Muzaffar,2026-08-25T12:50:48.498399,2026-08-25T12:50:48.498409
805,26,MASJID PANJTAN PAK JPS(QARI ANSAR SB),75000,7500000,Cash,Receipt,,,,SB-CP-1775,,,2026-08-25T12:50:00,False,,0,0,,,FBM  CASH,,2,,,1,Shujaat Muzaffar,Shujaat Muzaffar,2026-08-25T12:55:40.481797,2026-08-25T12:55:40.481808
806,246,ALI SHAN SB RANGRA,69500,6950000,Cash,Receipt,,,,SB-CP-1776,,,2026-08-25T12:59:00,False,,0,0,,,FBM  CASH,,2,,,1,Mohsan Javed,Mohsan Javed,2026-08-25T12:59:58.187641,2026-08-25T12:59:58.187650
807,150,MUHAMMAD AKRAM SB SANTAL SURKHIYAN,100000,10000000,Bank,Receipt,,,,SB-CP-1777,,,2026-08-25T12:55:00,False,11860,0,0,,AL FALAH,FAZAL BUILDING MATERIAL JPS,37737.0,4,,,1,Shujaat Muzaffar,Shujaat Muzaffar,2026-08-25T13:14:38.245240,2026-08-25T13:14:38.245248
808,51,FAZAL ILAHI SB JALPUWAL,2125.1,212510,Material Return,Material Return,MaterialReturn,90,,SB-CP-1778,,,2026-08-25T11:53:00,False,[MATERIAL_RETURN:90] MB NO.11870,0,0,,,,,,,,1,,,2026-08-27T11:54:56.729256,2026-08-27T11:54:56.729270
809,276,KHAYAM SB MALIKPUR,71000,7100000,Bank,Receipt,,,,SB-CP-1779,,,2026-08-25T12:04:00,False,,0,0,,AL FALAH,FAZAL BUILDING MATERIAL JPS,37737.0,4,,,1,Mohsan Javed,Mohsan Javed,2026-08-27T12:05:18.335592,2026-08-27T12:05:18.335602
810,33,AHMED SUBHANI SB AJNALA,500000,50000000,Cash,Receipt,,,,SB-CP-1780,,,2026-08-27T12:10:00,False,,0,0,,,FBM  CASH,,2,,,1,Mohsan Javed,Mohsan Javed,2026-08-27T12:11:19.333944,2026-08-27T12:11:19.333954
811,80,ADNAN SB DOIYAN,39000,3900000,Cash,Receipt,,,,SB-CP-1781,,,2026-08-27T12:13:00,False,,0,0,,,FBM  CASH,,2,,,1,Mohsan Javed,Mohsan Javed,2026-08-27T12:13:21.414674,2026-08-27T12:13:21.414684
812,46,MEHBOOB ALAM SB KOANKH,100000,10000000,Cash,Receipt,,,,SB-CP-1782,,,2026-08-27T12:20:00,False,,0,0,,,FBM  CASH,,2,,,1,Mohsan Javed,Mohsan Javed,2026-08-27T12:21:09.807679,2026-08-27T12:21:09.807692
813,271,SHAHZAIB FAROOQ SB ALAM GARH,31200,3120000,Cash,Receipt,,,,SB-CP-1783,,,2026-08-27T12:27:00,False,,0,0,,,FBM  CASH,,2,,,1,Mohsan Javed,Mohsan Javed,2026-08-27T12:27:49.217865,2026-08-27T12:27:49.217875
814,293,ALI SHAN SB HANDA,396000,39600000,Bank,Receipt,,,,SB-CP-1784,,,2026-08-27T12:37:00,False,,0,0,,MCB,ADNAN AHMED,7761.0,1,,,1,Mohsan Javed,Mohsan Javed,2026-08-27T12:38:15.272817,2026-08-27T12:38:15.272827
815,312,FBM TO HDC,140000,14000000,Bank,Receipt,,,,SB-CP-1785,,,2026-08-25T15:03:00,False,5789 TO 7737,0,0,,AL FALAH,FAZAL BUILDING MATERIAL JPS,37737.0,4,,,1,Shujaat Muzaffar,Shujaat Muzaffar,2026-08-27T15:04:58.611421,2026-08-27T15:04:58.611431
816,312,FBM TO HDC,-1920,-192000,Bank,Refund,,,,SB-CP-1786,,,2026-08-25T00:00:00,False,FBM+HDC PTCL BILL,0,0,,MCB,ADNAN AHMED,7761.0,1,,,2,Shujaat Muzaffar,Shujaat Muzaffar,2026-08-27T15:18:14.087381,2026-08-27T15:18:45.933344
817,312,FBM TO HDC,-350000,-35000000,Bank,Refund,,,,SB-CP-1787,,,2026-08-25T00:00:00,False,FBM+HDC QAMAR ABBAS,0,0,,AL FALAH,FAZAL BUILDING MATERIAL JPS,37737.0,4,,,2,Shujaat Muzaffar,Shujaat Muzaffar,2026-08-27T15:20:49.429276,2026-08-27T15:21:42.010015
818,312,FBM TO HDC,-3000,-300000,Cash,Refund,,,,SB-CP-1788,,,2026-08-25T15:22:00,False,FBM TO HDC RIZWAN SB,0,0,,,FBM  CASH,,2,,,1,Shujaat Muzaffar,Shujaat Muzaffar,2026-08-27T15:23:15.919648,2026-08-27T15:23:15.919657
819,312,FBM TO HDC,-18353,-1835300,Bank,Refund,,,,SB-CP-1789,,,2026-08-26T15:23:00,False,FBM+HDC ELECTRICITY BILL,0,0,,MCB,ADNAN AHMED,7761.0,1,,,1,Shujaat Muzaffar,Shujaat Muzaffar,2026-08-27T15:25:49.082760,2026-08-27T15:25:49.082770
820,312,FBM TO HDC,-8184,-818400,Bank,Refund,,,,SB-CP-1790,,,2026-08-27T15:25:00,False,FBM+HDC LABOUR ROOM ELECTRICITY BILL,0,0,,MCB,ADNAN AHMED,7761.0,1,,,1,Shujaat Muzaffar,Shujaat Muzaffar,2026-08-27T15:27:54.660270,2026-08-27T15:27:54.660280
821,312,FBM TO HDC,-150,-15000,Cash,Refund,,,,SB-CP-1791,,,2026-08-25T15:28:00,False,HBM+HDC CAR WASH,0,0,,,FBM  CASH,,2,,,1,Shujaat Muzaffar,Shujaat Muzaffar,2026-08-27T16:17:08.659752,2026-08-27T16:17:08.659763
822,312,FBM TO HDC,-10000,-1000000,Cash,Refund,,,,SB-CP-1792,,,2026-08-27T16:17:00,False,FBM TO HDC BILAL SB,0,0,,,FBM  CASH,,2,,,1,Shujaat Muzaffar,Shujaat Muzaffar,2026-08-27T16:18:34.419929,2026-08-27T16:18:34.419937
823,312,FBM TO HDC,-250,-25000,Cash,Refund,,,,SB-CP-1793,,,2026-08-26T16:18:00,False,FBM+HDC PETROL 586,0,0,,,FBM  CASH,,2,,,1,Shujaat Muzaffar,Shujaat Muzaffar,2026-08-27T16:20:03.870727,2026-08-27T16:20:03.870736
824,312,FBM TO HDC,-500,-50000,Cash,Refund,,,,SB-CP-1794,,,2026-08-24T16:20:00,False,FBM+HDC PETROL 1263,0,0,,,COMPANY CASH,,12,,,1,Shujaat Muzaffar,Shujaat Muzaffar,2026-08-27T16:22:54.044788,2026-08-27T16:22:54.044798
825,312,FBM TO HDC,-5000,-500000,Cash,Refund,,,,SB-CP-1795,,,2026-08-27T16:23:00,False,FBM TO HDC SARWAR MASON,0,0,,,FBM  CASH,,2,,,1,Shujaat Muzaffar,Shujaat Muzaffar,2026-08-27T16:24:48.057647,2026-08-27T16:24:48.057655
826,51,FAZAL ILAHI SB JALPUWAL,100000,10000000,Cash,Receipt,,,,SB-CP-1796,,,2026-08-27T16:26:00,False,,0,0,,,FBM  CASH,,2,,,1,Mohsan Javed,Mohsan Javed,2026-08-27T16:26:43.829234,2026-08-27T16:26:43.829244
827,245,KHALIL AHMED SB DHINDA KALAAN,400000,40000000,Cash,Receipt,,,,SB-CP-1797,,,2026-08-27T16:26:00,False,,0,0,,,FBM  CASH,,2,,,1,Mohsan Javed,Mohsan Javed,2026-08-27T16:27:49.181511,2026-08-27T16:27:49.181521
828,247,SHAMRAIZ SB JAGUWAN,100000,10000000,Bank,Receipt,,,,SB-CP-1798,,,2026-08-27T16:29:00,False,,0,0,,MCB,ADNAN AHMED,7761.0,1,,,1,Mohsan Javed,Mohsan Javed,2026-08-27T16:29:56.743652,2026-08-27T16:29:56.743663
829,294,AKAS AMJAD RANG PUR,121000,12100000,Cash,Receipt,,,,SB-CP-1799,,,2026-08-26T17:03:00,False,,670,67000,Accounts receive transaction,,FBM  CASH,,2,,,1,Shujaat Muzaffar,Shujaat Muzaffar,2026-08-27T17:03:49.748096,2026-08-27T17:03:49.748104
830,138,FAROOQ KALAS SB PARSUWAL,47000,4700000,Cash,Receipt,,,,SB-CP-1800,,,2026-08-27T17:03:00,False,,391,39100,Accounts receive transaction,,FBM  CASH,,2,,,1,Shujaat Muzaffar,Shujaat Muzaffar,2026-08-27T17:05:17.367443,2026-08-27T17:05:17.367452
831,47,HAJI IQBAL SB JPS,100000,10000000,Cash,Receipt,,,,SB-CP-1801,,,2026-08-28T12:29:00,False,,0,0,,,FBM  CASH,,2,,,1,Mohsan Javed,Mohsan Javed,2026-08-28T12:29:43.769763,2026-08-28T12:29:43.769772
832,189,IRFAN SB JPS (ATEEQ SB),50000,5000000,Cash,Receipt,,,,SB-CP-1802,,,2026-08-27T12:37:00,False,,0,0,,,FBM  CASH,,2,,,1,Mohsan Javed,Mohsan Javed,2026-08-28T12:38:15.562215,2026-08-28T12:38:15.562228
833,175,MUHAMMAD ARSHAD SB GHURAL (SUBEDAR QADAR DAD SB),152500,15250000,Cash,Receipt,,,,SB-CP-1803,,,2026-08-17T14:19:00,False,,0,0,,,FBM  CASH,,2,,,1,Mohsan Javed,Mohsan Javed,2026-08-28T14:19:51.049733,2026-08-28T14:19:51.049743
834,175,MUHAMMAD ARSHAD SB GHURAL (SUBEDAR QADAR DAD SB),3500,350000,Cash,Receipt,,,,SB-CP-1804,,,2026-08-17T14:19:00,False,,0,0,,,FBM  CASH,,2,,,1,Mohsan Javed,Mohsan Javed,2026-08-28T14:20:37.346194,2026-08-28T14:20:37.346205
835,81,MUHAMMAD ASIF BHUCH,130000,13000000,Cash,Receipt,,,,SB-CP-1805,,,2026-04-11T14:34:00,False,,0,0,,,FBM  CASH,,2,,,1,Mohsan Javed,Mohsan Javed,2026-08-28T14:34:45.288546,2026-08-28T14:34:45.288553
