id,client_code,client_name,bill_no,bill_kind,nimbus_no,amount,reason,photo_url,photo_path,is_paid,is_cash,is_manual,created_at,created_by,is_void,note,risk_override,source_module,source_table,source_id,source_bill_no,transaction_type
21,FBMCL-00025,MALIK JAVED SB KHAN PUR KHOKHAR,MB NO.6707,MB,,0,Payment Received (Cash),,,True,False,True,2026-03-10 11:53,Rehman Ahmed,False,,,,,,,
50,FBMCL-00016,MALIK ANSAR SB KHORI,MB NO.6792,MB,,0,Payment Received (Cash),,,True,False,True,2026-03-14 10:58,Rehman Ahmed,False,MARBLE FILLING COLOR,,,,,,
114,FBMCL-00053,MUHAMMAD ALI SB MULL,MB NO.6874,MB,,0,Payment Received (Cash),,,True,False,True,2026-03-17 12:44,Shujaat Muzaffar,False,,,,,,,
133,FBMCL-00060,MUNAZAR HUSSAIN SB JPS(CONT),MB NO.6947,MB,,0,Payment Received (Cash),,,True,False,True,2026-03-24 12:15,Shujaat Muzaffar,False,,,,,,,
134,FBMCL-00100,HAJI YOUSUF BUTT JPS,MB NO.6949,MB,,0,Payment Received (Cash),,,True,False,True,2026-03-24 12:30,Shujaat Muzaffar,False,,,,,,,
141,FBMCL-00021,RANA ZAHID SB JPS,MB NO.6908/2,MB,,0,Payment Received (Cash),,,True,False,True,2026-03-24 13:20,Shujaat Muzaffar,False,,,,,,,
151,FBMCL-00135,BASHEER SHAH SB GHURAIRA( KAKU SHAH),MB NO.6955/2,MB,,0,Payment Received (Cash),,,True,False,True,2026-03-24 15:59,Shujaat Muzaffar,False,,,,,,,
156,FBMCL-00137,AHMED SB DHINDA,MB NO.6962,MB,,0,Payment Received (Cash),,,True,False,True,2026-03-25 10:54,Shujaat Muzaffar,False,,,,,,,
157,FBMCL-00044,NADEEM SB DHINDA,MB NO.6962/2,MB,,0,Payment Received (Cash),,,True,False,True,2026-03-25 10:56,Shujaat Muzaffar,False,SHIFTED TO AHMED DHINDA ACOOUNT,,,,,,
167,FBMCL-00136,MUZAFFAR SB RUPOWAL,MB NO.6968/2,MB,,0,Payment Received (Cash),,,True,False,True,2026-03-25 16:35,Shujaat Muzaffar,False,,,,,,,
172,FBMCL-00065,SAJID BAIG MAKKI KOANKH,MB NO.6984,MB,,0,Payment Received (Cash),,,True,False,True,2026-03-26 09:58,Shujaat Muzaffar,False,ZERO CHIPS RETURN,,,,,,
173,FBMCL-00065,SAJID BAIG MAKKI KOANKH,MB NO.6984/2,MB,,0,Payment Received (Cash),,,True,False,True,2026-03-26 10:00,Shujaat Muzaffar,False,RENT DISCOUNT ZERO CHIPS RENT FROM BILL NO 6521,,,,,,
174,FBMCL-00072,EHSAN ATTARI SB JPS,MB NO.6985,MB,,0,Payment Received (Cash),,,True,False,True,2026-03-26 10:35,Shujaat Muzaffar,False,,,,,,,
183,FBMCL-00021,RANA ZAHID SB JPS,MB NO.6993/2,MB,,0,Payment Received (Cash),,,True,False,True,2026-03-26 16:06,Shujaat Muzaffar,False,,,,,,,
200,FBMCL-00145,MASTER ZAHOOR SB JPS,MB NO.6997/2,MB,,0,Payment Received (Cash),,,True,False,True,2026-03-28 15:05,Shujaat Muzaffar,False,,,,,,,
204,FBMCL-00150,MUHAMMAD AKRAM SB SANTAL SURKHIYAN,MB NO.5692/2,MB,,0,Payment Received (Cash),,,True,False,True,2026-03-28 16:57,Shujaat Muzaffar,False,,,,,,,
209,FBMCL-00149,NAEEM SB KHANPUR KHOKHAR,MB NO.7026/2,MB,,0,Payment Received (Cash),,,True,False,True,2026-03-29 10:15,Shujaat Muzaffar,False,RECEIVED BY HAFIZ SHOAIB,,,,,,
228,FBMCL-00001,ABDUL AZEEM SB KHAN PUR KHOKHAR,MB NO.7036/2,MB,,0,Payment Received (Bank),,,True,False,True,2026-03-29 17:25,Shujaat Muzaffar,False,,,,,,,
236,FBMCL-00130,REHMAN SB AJNALA(WAJID BROTHER),MB NO.5786,MB,,0,Payment Received (Cash),,,True,False,True,2026-03-30 11:28,Shujaat Muzaffar,False,,,,,,,
266,FBMCL-00048,RANA ZAHEER SB JPS,MB NO.7105,MB,,0,Payment Received (Cash),,,True,False,True,2026-03-31 15:49,Shujaat Muzaffar,False,,,,,,,
267,ORPH-00090,Orphan90,MB NO.7109,MB,,0,Direct Sale (Cash): RING 6X6,,,True,True,True,2026-03-31 16:14,Shujaat Muzaffar,False,"[MIGRATION] Orphan record. Original client: ""GHAZANFAR SB DOIYAN"".",,,,,,
268,FBMCL-00097,HAFIZ GHULAM HUSSAIN JPS,MB NO.7110,MB,,0,Payment Received (Cash),,,True,False,True,2026-03-31 17:31,Shujaat Muzaffar,False,,,,,,,
272,FBMCL-00154,MUHAMMAD ABID SB KOANKH,MB NO.7113,MB,,0,Payment Received (Bank),,,True,False,True,2026-04-01 12:58,Shujaat Muzaffar,False,,,,,,,
276,FBMCL-00028,MIRZA AMJAD JAVED SB AJNALA SITE,MB NO.7114/2,MB,,0,Payment Received (Cash),,,True,False,True,2026-04-01 13:55,Shujaat Muzaffar,False,,,,,,,
288,FBMCL-00130,REHMAN SB AJNALA(WAJID BROTHER),MB NO.7142,MB,,0,Payment Received (Bank),,,True,False,True,2026-04-01 16:22,Shujaat Muzaffar,False,,,,,,,
294,FBMCL-00153,RAJA ALTAF SB JPS,MB NO.7149,MB,,0,Payment Received (Cash),,,True,False,True,2026-04-02 10:27,Shujaat Muzaffar,False,,,,,,,
296,FBMCL-00154,MUHAMMAD ABID SB KOANKH,MB NO.7147,MB,,0,Payment Received (Cash),,,True,False,True,2026-04-02 10:32,Shujaat Muzaffar,False,,,,,,,
297,FBMCL-00066,SUBEDAR MUHAMMAD ARSHAD SB KHANPUR KHOKHAR,MB NO.7144/3,MB,,0,Payment Received (Cash),,,True,False,True,2026-04-02 11:00,Shujaat Muzaffar,False,79 RUPES CHOGATH REMAING 0.3 INCLUDED IN DISCOUT,,,,,,
305,FBMCL-00159,MUHAMMAD ASGHAR SB DEDHAR SHARIF,MB NO.7133/2,MB,,0,Payment Received (Cash),,,True,False,True,2026-04-02 11:39,Shujaat Muzaffar,False,,,,,,,
320,FBMCL-00125,HAFIZ TAUSEEF SB AJNALA,MB NO.7041/3,MB,,0,Payment Received (Cash),,,True,False,True,2026-04-02 16:14,Shujaat Muzaffar,False,,,,,,,
327,FBMCL-00168,ABDUL REHMAN SB JPS(ZAFAR CONT),MB NO.6922,MB,,0,Payment Received (Cash),,,True,False,True,2026-04-03 15:55,Shujaat Muzaffar,False,,,,,,,
330,FBMCL-00016,MALIK ANSAR SB KHORI,MB NO.7177,MB,,0,Payment Received (Cash),,,True,False,True,2026-04-03 16:21,Shujaat Muzaffar,False,GLU FROM FATEHPUR+PETROL+LOADER RENT,,,,,,
331,FBMCL-00154,MUHAMMAD ABID SB KOANKH,MB NO.7179,MB,,0,Payment Received (Bank),,,True,False,True,2026-04-03 16:34,Shujaat Muzaffar,False,,,,,,,
346,FBMCL-00158,JAMEEL SB JAGWAN,MB NO.7201/3,MB,,0,Payment Received (Cash),,,True,False,True,2026-04-04 15:15,Shujaat Muzaffar,False,,,,,,,
347,FBMCL-00132,TUFAIL ABBAS SB RANGPUR,MB NO.6686,MB,,0,Payment Received (Cash),,,True,False,True,2026-04-04 15:24,Shujaat Muzaffar,False,4 FT KOHAT PAYMENT QASIM PARSUWAL,,,,,,
348,FBMCL-00152,GULZAAR SB GHURAIRA,MB NO.7203,MB,,0,Payment Received (Cash),,,True,False,True,2026-04-04 15:45,Shujaat Muzaffar,False,RECEIVE BY ZAIN SB FT SHOP,,,,,,
357,FBMCL-00017,ASHRAF SB AJNALA(SALEEM CONT),MB NO.7222/2,MB,,0,Payment Received (Cash),,,True,False,True,2026-04-05 14:29,Rehman Ahmed,False,,,,,,,
360,FBMCL-00100,HAJI YOUSUF BUTT JPS,MB NO.7242,MB,,0,Payment Received (Cash),,,True,False,True,2026-04-06 09:39,Shujaat Muzaffar,False,,,,,,,
361,FBMCL-00100,HAJI YOUSUF BUTT JPS,MB NO.7242/2,MB,,0,Payment Received (Cash),,,True,False,True,2026-04-06 10:06,Shujaat Muzaffar,False,500 CASH RECEIVE 500 CONCRET SPACER RETURN,,,,,,
362,FBMCL-00046,MEHBOOB ALAM SB KOANKH,MB NO.6806,MB,,0,Payment Received (Cash),,,True,False,True,2026-04-06 10:47,Shujaat Muzaffar,False,STEEL 6MM RETURN,,,,,,
363,FBMCL-00111,RAJA PARWEZ SB RANGPUR,MB NO.7058/2,MB,,0,Payment Received (Cash),,,True,False,True,2026-04-06 10:48,Shujaat Muzaffar,False,,,,,,,
366,FBMCL-00046,MEHBOOB ALAM SB KOANKH,MB NO.7254/2,MB,,0,Payment Received (Cash),,,True,False,True,2026-04-06 12:07,Shujaat Muzaffar,False,,,,,,,
386,FBMCL-00169,MUHAMMAD SHABEER SB CONT TIBBA AJNALA,MB NO.7218/2,MB,,0,Payment Received (Cash),,,True,False,True,2026-04-06 13:57,Shujaat Muzaffar,False,,,,,,,
391,FBMCL-00171,FAKHAR SHAH SB AJNALA,MB NO.7262/2,MB,,0,Payment Received (Cash),,,True,False,True,2026-04-06 15:30,Shujaat Muzaffar,False,,,,,,,
392,FBMCL-00126,NAWAZ SB DHINDA (RIZWAN CONT),MB NO.7264/2,MB,,0,Payment Received (Cash),,,True,False,True,2026-04-06 15:34,Shujaat Muzaffar,False,,,,,,,
396,FBMCL-00160,MALIK MUHAMMAD ASHRAF SB JPS,MB NO.7274,MB,,0,Payment Received (Cash),,,True,False,True,2026-04-07 09:34,Shujaat Muzaffar,False,,,,,,,
399,FBMCL-00048,RANA ZAHEER SB JPS,MB NO.7105/3,MB,,0,Payment Received (Cash),,,True,False,True,2026-04-07 10:01,Shujaat Muzaffar,False,,,,,,,
407,FBMCL-00009,MAZHAR SB RUPOWAL DERA,MB NO.7285/6683/6851,MB,,0,Payment Received (Cash),,,True,False,True,2026-04-07 13:26,Shujaat Muzaffar,False,,,,,,,
411,FBMCL-00064,SULEIMAN SB AJNALA,MB NO.7291,MB,,0,Payment Received (Cash),,,True,False,True,2026-04-07 14:02,Shujaat Muzaffar,False,RATE DIF +RENT RECEIVE,,,,,,
425,FBMCL-00154,MUHAMMAD ABID SB KOANKH,MB NO.7306,MB,,0,Payment Received (Cash),,,True,False,True,2026-04-08 11:59,Shujaat Muzaffar,False,,,,,,,
426,FBMCL-00079,ISHTIAQ CONT KOANKH,MB NO.7311,MB,,0,Payment Received (Cash),,,True,False,True,2026-04-08 12:54,Shujaat Muzaffar,False,,,,,,,
432,FBMCL-00147,MUHAMMAD RAZAQ SB JPS,MB NO.7283/2,MB,,0,Payment Received (Cash),,,True,False,True,2026-04-09 09:41,Shujaat Muzaffar,False,,,,,,,
443,FBMCL-00069,MUHAMMAD ASGHAR GUJJAR SB JPS,MB NO.7339,MB,,0,Payment Received (Cash),,,True,False,True,2026-04-09 11:36,Shujaat Muzaffar,False,,,,,,,
446,FBMCL-00051,FAZAL ILAHI SB JALPUWAL,MB NO.7310/2,MB,,0,Payment Received (Cash),,,True,False,True,2026-04-09 12:33,Shujaat Muzaffar,False,,,,,,,
452,FBMCL-00147,MUHAMMAD RAZAQ SB JPS,MB NO.7283/3,MB,,0,Payment Received (Cash),,,True,False,True,2026-04-09 13:22,Shujaat Muzaffar,False,,,,,,,
453,FBMCL-00048,RANA ZAHEER SB JPS,MB NO.7279/2,MB,,0,Payment Received (Bank),,,True,False,True,2026-04-09 13:32,Shujaat Muzaffar,False,,,,,,,
457,FBMCL-00171,FAKHAR SHAH SB AJNALA,MB NO.7336/2,MB,,0,Payment Received (Cash),,,True,False,True,2026-04-09 14:46,Shujaat Muzaffar,False,,,,,,,
459,FBMCL-00002,TAHIR ABBAS SB KOANKH,MB NO.7348,MB,,0,Payment Received (Cash),,,True,False,True,2026-04-09 15:50,Shujaat Muzaffar,False,,,,,,,
478,FBMCL-00154,MUHAMMAD ABID SB KOANKH,MB NO.7368,MB,,0,Payment Received (Bank),,,True,False,True,2026-04-10 14:48,Shujaat Muzaffar,False,,,,,,,
499,FBMCL-00126,NAWAZ SB DHINDA (RIZWAN CONT),MB NO.7393/4,MB,,0,Payment Received (Cash),,,True,False,True,2026-04-13 16:02,Shujaat Muzaffar,False,,,,,,,
502,FBMCL-00017,ASHRAF SB AJNALA(SALEEM CONT),MB NO.7098,MB,,0,Payment Received (Cash),,,True,False,True,2026-04-13 16:17,Shujaat Muzaffar,False,CHAUGATH RETURN,,,,,,
506,FBMCL-00039,ATEEQ UR REHMAN SB DHINDA,MB NO.7412,MB,,0,Payment Received (Cash),,,True,False,True,2026-04-13 16:53,Shujaat Muzaffar,False,BIKE REPAIR,,,,,,
509,FBMCL-00160,MALIK MUHAMMAD ASHRAF SB JPS,MB NO.7417,MB,,0,Payment Received (Cash),,,True,False,True,2026-04-13 17:02,Shujaat Muzaffar,False,,,,,,,
520,FBMCL-00130,REHMAN SB AJNALA(WAJID BROTHER),MB NO.7433/2,MB,,0,Payment Received (Cash),,,True,False,True,2026-04-14 11:13,Shujaat Muzaffar,False,CHAUGATH NAFI CASH NAFI CEMENT BOOKING NAFI CASH RETURN,,,,,,
525,FBMCL-00071,HAJI WARIS SB JPS,MB NO.7443,MB,,0,Payment Received (Cash),,,True,False,True,2026-04-14 11:53,Shujaat Muzaffar,False,,,,,,,
541,FBMCL-00072,EHSAN ATTARI SB JPS,MB NO.7461,MB,,0,Payment Received (Cash),,,True,False,True,2026-04-14 14:41,Shujaat Muzaffar,False,,,,,,,
563,FBMCL-00016,MALIK ANSAR SB KHORI,MB NO.7330/2,MB,,0,Payment Received (Cash),,,True,False,True,2026-04-15 11:38,Shujaat Muzaffar,False,,,,,,,
578,FBMCL-00048,RANA ZAHEER SB JPS,MB NO.7499,MB,,0,Payment Received (Cash),,,True,False,True,2026-04-16 09:24,Shujaat Muzaffar,False,,,,,,,
579,FBMCL-00009,MAZHAR SB RUPOWAL DERA,MB NO.7500,MB,,0,Payment Received (Cash),,,True,False,True,2026-04-16 09:37,Shujaat Muzaffar,False,,,,,,,
581,FBMCL-00009,MAZHAR SB RUPOWAL DERA,MB NO.7500/2,MB,,0,Payment Received (Cash),,,True,False,True,2026-04-16 10:18,Shujaat Muzaffar,False,,,,,,,
604,FBMCL-00052,GHULAM SARWAR SB JPS(HAJI JAVED SB),MB NO.7521/2,MB,,0,Payment Received (Bank),,,True,False,True,2026-04-17 15:19,Shujaat Muzaffar,False,,,,,,,
609,FBMCL-00047,HAJI IQBAL SB JPS,MB NO.7551,MB,,0,Payment Received (Bank),,,True,False,True,2026-04-18 17:11,admin,False,BANK AL HABIB RECEIVED ONLINE,,,,,,
611,FBMCL-00111,RAJA PARWEZ SB RANGPUR,MB NO.7528/2,MB,,0,Payment Received (Cash),,,True,False,True,2026-04-19 09:54,Shujaat Muzaffar,False,,,,,,,
637,FBMCL-00140,ABDUL GHAFFAR SB JPS,MB NO.7560,MB,,0,Payment Received (Cash),,,True,False,True,2026-04-19 15:37,Shujaat Muzaffar,False,,,,,,,
639,FBMCL-00052,GHULAM SARWAR SB JPS(HAJI JAVED SB),MB NO.7569,MB,,0,Payment Received (Cash),,,True,False,True,2026-04-19 16:12,Shujaat Muzaffar,False,RATE DIFRENCE CEMENT STEEL,,,,,,
640,FBMCL-00052,GHULAM SARWAR SB JPS(HAJI JAVED SB),MB NO.7569/2,MB,,0,Payment Received (Cash),,,True,False,True,2026-04-19 16:13,Shujaat Muzaffar,False,,,,,,,
641,FBMCL-00108,TARIQ BUTT SB JPS,MB NO.7568,MB,,0,Payment Received (Cash),,,True,False,True,2026-04-19 16:16,Shujaat Muzaffar,False,,,,,,,
645,FBMCL-00181,ASIF SB KOANKH ADNAN SB CLASS MATE,MB NO.7574,MB,,0,Payment Received (Cash),,,True,False,True,2026-04-19 17:23,Shujaat Muzaffar,False,,,,,,,
647,FBMCL-00048,RANA ZAHEER SB JPS,MB NO.7571/2,MB,,0,Payment Received (Cash),,,True,False,True,2026-04-19 17:48,Shujaat Muzaffar,False,,,,,,,
677,FBMCL-00171,FAKHAR SHAH SB AJNALA,MB NO.7581/3,MB,,0,Payment Received (Bank),,,True,False,True,2026-04-21 11:40,Shujaat Muzaffar,False,,,,,,,
714,FBMCL-00047,HAJI IQBAL SB JPS,MB NO.7654,MB,,0,Payment Received (Bank),,,True,False,True,2026-04-23 09:47,Shujaat Muzaffar,False,,,,,,,
726,FBMCL-00108,TARIQ BUTT SB JPS,MB NO.7671,MB,,0,Payment Received (Cash),,,True,False,True,2026-04-23 17:11,Shujaat Muzaffar,False,,,,,,,
727,FBMCL-00021,RANA ZAHID SB JPS,MB NO.7670,MB,,0,Payment Received (Cash),,,True,False,True,2026-04-23 17:12,Shujaat Muzaffar,False,,,,,,,
731,FBMCL-00183,NAEEM ABBAS SB PARSUWAL,MB NO.7673,MB,,0,Payment Received (Cash),,,True,False,True,2026-04-24 10:56,admin,False,,,,,,,
742,FBMCL-00126,NAWAZ SB DHINDA (RIZWAN CONT),MB NO.7691,MB,,0,Payment Received (Cash),,,True,False,True,2026-04-25 13:06,Shujaat Muzaffar,False,,,,,,,
764,FBMCL-00168,ABDUL REHMAN SB JPS(ZAFAR CONT),MB NO.7710,MB,,0,Payment Received (Cash),,,True,False,True,2026-04-26 09:20,Shujaat Muzaffar,False,,,,,,,
774,FBMCL-00067,MUHAMMAD BASHEER SB CONT KOANKH,MB NO.7715/2,MB,,0,Payment Received (Cash),,,True,False,True,2026-04-26 12:04,Shujaat Muzaffar,False,,,,,,,
776,FBMCL-00183,NAEEM ABBAS SB PARSUWAL,MB NO.7726,MB,,0,Payment Received (Cash),,,True,False,True,2026-04-26 12:36,Shujaat Muzaffar,False,,,,,,,
792,FBMCL-00191,MIRZA REHMAN SB JPS,MB NO.7748,MB,,0,Payment Received (Cash),,,True,False,True,2026-04-27 10:52,Shujaat Muzaffar,False,,,,,,,
805,FBMCL-00137,AHMED SB DHINDA,MB NO.7757,MB,,0,Payment Received (Cash),,,True,False,True,2026-04-27 12:38,Shujaat Muzaffar,False,,,,,,,
807,FBMCL-00164,MUHAMMMAD AWAIS SB PARSUWAL,MB NO.7759,MB,,0,Payment Received (Cash),,,True,False,True,2026-04-27 12:45,Shujaat Muzaffar,False,,,,,,,
811,FBMCL-00194,DR LATEEF SB JPS,MB NO.7735/2,MB,,0,Payment Received (Cash),,,True,False,True,2026-04-27 13:17,Shujaat Muzaffar,False,,,,,,,
821,FBMCL-00194,DR LATEEF SB JPS,MB NO.7768/2,MB,,0,Payment Received (Cash),,,True,False,True,2026-04-28 09:53,Shujaat Muzaffar,False,,,,,,,
835,FBMCL-00009,MAZHAR SB RUPOWAL DERA,MB NO.7791,MB,,0,Payment Received (Cash),,,True,False,True,2026-04-28 13:50,Shujaat Muzaffar,False,,,,,,,
849,FBMCL-00186,SAFDAR ALI SB AJNALA (ASLAM CONT),MB NO.7813,MB,,0,Payment Received (Cash),,,True,False,True,2026-04-29 12:37,Shujaat Muzaffar,False,,,,,,,
862,ORPH-00066,Orphan66,MB NO.7826,MB,,0,Direct Sale (Cash): PIONEER,,,True,True,True,2026-04-30 10:35,Shujaat Muzaffar,False,"[MIGRATION] Orphan record. Original client: ""RAIZ SB JPS"".",,,,,,
888,FBMCL-00064,SULEIMAN SB AJNALA,MB NO.7861,MB,,0,Payment Received (Cash),,,True,False,True,2026-05-02 09:19,Shujaat Muzaffar,False,,,,,,,
899,FBMCL-00036,MALIK MEHDI KHAN SB JPS,MB NO.7879/2,MB,,0,Payment Received (Cash),,,True,False,True,2026-05-02 11:22,Shujaat Muzaffar,False,,,,,,,
933,FBMCL-00022,MALIK ILYAS SB JPS,MB NO.7917,MB,,0,Direct Sale (Credit Customer): DG,,,True,False,True,2026-05-03 11:15,Shujaat Muzaffar,False,,,,,,,
941,FBMCL-00195,SALMAAN SB GHURAL (GOGA SB GHURAL),MB NO.7927,MB,,0,Payment Received (Cash),,,True,False,True,2026-05-03 13:22,Shujaat Muzaffar,False,,,,,,,
960,FBMCL-00205,IRFAN SB DEDHAR SHARIF,MB NO.7955/2,MB,,0,Payment Received (Bank),,,True,False,True,2026-05-04 12:38,Shujaat Muzaffar,False,,,,,,,
961,FBMCL-00204,SHEHZAD SB GHURAIRA,MB NO.7954/2,MB,,0,Payment Received (Cash),,,True,False,True,2026-05-04 12:51,Shujaat Muzaffar,False,,,,,,,
967,FBMCL-00001,ABDUL AZEEM SB KHAN PUR KHOKHAR,MB NO.7960,MB,,0,Payment Received (Bank),,,True,False,True,2026-05-04 14:38,Shujaat Muzaffar,False,,,,,,,
982,FBMCL-00146,ABDUL SATTAR SB DHINDA FARM,MB NO.7967/2,MB,,0,Payment Received (Cash),,,True,False,True,2026-05-05 10:02,Shujaat Muzaffar,False,,,,,,,
995,FBMCL-00044,NADEEM SB DHINDA,MB NO.7982,MB,,0,Payment Received (Cash),,,True,False,True,2026-05-05 12:54,Shujaat Muzaffar,False,,,,,,,
3104,FBMCL-00001,ABDUL AZEEM SB KHAN PUR KHOKHAR,MB NO.6648,MB,,0,Booking: 12MM STEEL,,,True,False,True,2026-03-08 16:35,,False,,,booking,booking,1,MB NO.6648,Booking
3105,FBMCL-00005,GHULAM ABBAS SB HAZARA MUGHLAN,MB NO.6641,MB,,0,Booking: DG,,,True,False,True,2026-03-07 10:16,,False,,,booking,booking,6,MB NO.6641,Booking
3106,FBMCL-00008,TALHA SB JPS,MB NO.6682,MB,,11500,Booking: KOHAT,,,False,False,True,2026-03-07 15:12,,False,,,booking,booking,9,MB NO.6682,Booking
3107,FBMCL-00010,BILAL SB KOANKH (QARI EJAZ SB),MB NO.6685,MB,,15000,Booking: KOHAT,,,False,False,True,2026-03-09 16:41,,False,,,booking,booking,11,MB NO.6685,Booking
3108,FBMCL-00011,GUL SHER SB CHAK BEHRAM,MB NO.6603,MB,,0,Booking: 6MM STEEL,,,True,False,True,2026-03-09 16:50,,False,,,booking,booking,13,MB NO.6603,Booking
3109,FBMCL-00024,HAJI JAVED SB JPS,MB NO.2271,MB,,170300,Booking: DG,,,False,False,True,2026-03-10 11:08,,False,,,booking,booking,19,MB NO.2271,Booking
3110,FBMCL-00025,MALIK JAVED SB KHAN PUR KHOKHAR,MB NO.6637,MB,,0,Booking: PIONEER,,,True,False,True,2026-03-10 11:19,,False,OLD BOOKINGS DG STEEL FINISHED,,booking,booking,20,MB NO.6637,Booking
3111,FBMCL-00047,HAJI IQBAL SB JPS,MB NO.6720,MB,,0,Booking: 12MM STEEL,,,True,False,True,2026-03-10 15:51,,False,,,booking,booking,28,MB NO.6720,Booking
3112,FBMCL-00053,MUHAMMAD ALI SB MULL,MB NO.6735,MB,,0,Booking: DG,,,True,False,True,2026-03-11 11:08,,False,,,booking,booking,31,MB NO.6735,Booking
3113,FBMCL-00054,RASHID SB RUPOWAL,MB NO.6747,MB,,0,Booking: DG,,,True,False,True,2026-03-11 14:10,,False,,,booking,booking,34,MB NO.6747,Booking
3114,FBMCL-00066,SUBEDAR MUHAMMAD ARSHAD SB KHANPUR KHOKHAR,MB NO.6557,MB,,0,Booking: KOHAT,,,True,False,True,2026-03-05 16:08,,False,,,booking,booking,39,MB NO.6557,Booking
3115,FBMCL-00067,MUHAMMAD BASHEER SB CONT KOANKH,MB NO.6547,MB,,0,Booking: PIONEER,,,True,False,True,2026-03-05 16:14,,False,,,booking,booking,41,MB NO.6547,Booking
3116,FBMCL-00066,SUBEDAR MUHAMMAD ARSHAD SB KHANPUR KHOKHAR,MB NO.6824,MB,,0,Booking: CHAUGATH,,,True,False,True,2026-03-15 10:23,,False,,,booking,booking,50,MB NO.6824,Booking
3117,FBMCL-00106,WALEED ULLAH SB DILAWAR PUR,SB-BK-1053,SB,,0,Booking: 20MM STEEL,,,True,False,False,2026-03-10 11:07,,False,,,booking,booking,54,SB-BK-1053,Booking
3118,FBMCL-00109,IMRAN SB KHATANA,MB NO.6620,MB,,0,Booking: DG,,,True,False,True,2026-03-08 16:17,,False,,,booking,booking,56,MB NO.6620,Booking
3119,FBMCL-00135,BASHEER SHAH SB GHURAIRA( KAKU SHAH),MB NO.6956,MB,,5780,Booking: DG,,,False,False,True,2026-03-24 15:02,,False,,,booking,booking,70,MB NO.6956,Booking
3120,FBMCL-00138,FAROOQ KALAS SB PARSUWAL,MB NO.6972,MB,,0,Booking: 12MM STEEL,,,True,False,True,2026-02-22 12:57,,False,,,booking,booking,71,MB NO.6972,Booking
3121,FBMCL-00055,FIYAZ BAIG SB KOANKH,SB-BK-1071,SB,,0,Booking: RENT-CEMENT,,,True,False,False,2026-03-26 11:50,,False,,,booking,booking,72,SB-BK-1071,Booking
3122,FBMCL-00145,MASTER ZAHOOR SB JPS,MB NO.6997,MB,,0,Booking: 12MM STEEL,,,True,False,True,2026-03-25 17:15,,False,,,booking,booking,76,MB NO.6997,Booking
3123,FBMCL-00149,NAEEM SB KHANPUR KHOKHAR,MB NO.7026,MB,,0,Booking: KOHAT,,,True,False,True,2026-03-28 13:36,,False,,,booking,booking,81,MB NO.7026,Booking
3124,FBMCL-00150,MUHAMMAD AKRAM SB SANTAL SURKHIYAN,MB NO.5692,MB,,0,Booking: CHAUGATH,,,True,False,True,2026-02-03 16:51,,False,,,booking,booking,83,MB NO.5692,Booking
3125,FBMCL-00150,MUHAMMAD AKRAM SB SANTAL SURKHIYAN,MB NO.6495,MB,,0,Booking: 12MM STEEL,,,True,False,True,2026-03-05 16:58,,False,,,booking,booking,84,MB NO.6495,Booking
3126,FBMCL-00150,MUHAMMAD AKRAM SB SANTAL SURKHIYAN,MB NO.6738,MB,,0,Booking: DG,,,True,False,True,2026-03-28 17:00,,False,,,booking,booking,85,MB NO.6738,Booking
3127,FBMCL-00153,RAJA ALTAF SB JPS,MB NO.7052,MB,,0,Booking: WIRE,,,True,False,True,2026-03-28 14:08,,False,,,booking,booking,89,MB NO.7052,Booking
3128,FBMCL-00154,MUHAMMAD ABID SB KOANKH,MB NO.7054,MB,,67500.0100000098,Booking: DG,,,False,False,True,2026-03-28 14:32,,False,CEMENT LABOUR ADDED IN CEMENT RENT,,booking,booking,90,MB NO.7054,Booking
3129,FBMCL-00130,REHMAN SB AJNALA(WAJID BROTHER),MB NO.6921,MB,,1000,Booking: DG,,,False,False,True,2026-03-20 11:20,,False,,,booking,booking,92,MB NO.6921,Booking
3130,FBMCL-00159,MUHAMMAD ASGHAR SB DEDHAR SHARIF,MB NO.7101,MB,,0,Booking: KOHAT,,,True,False,True,2026-03-31 13:16,,False,,,booking,booking,97,MB NO.7101,Booking
3131,FBMCL-00053,MUHAMMAD ALI SB MULL,MB NO.7102,MB,,0,Booking: DG,,,True,False,True,2026-03-31 13:29,,False,,,booking,booking,98,MB NO.7102,Booking
3132,FBMCL-00108,TARIQ BUTT SB JPS,MB NO.7020,MB,,0,Booking: DG,,,True,False,True,2026-03-28 14:41,,False,,,booking,booking,100,MB NO.7020,Booking
3133,FBMCL-00160,MALIK MUHAMMAD ASHRAF SB JPS,MB NO.7146,MB,,0,Booking: DG,,,True,False,True,2026-04-01 11:04,,False,,,booking,booking,102,MB NO.7146,Booking
3134,FBMCL-00155,ANSAR SB DOIYAN,MB NO.7109,MB,,0,Booking: PIONEER,,,True,False,True,2026-03-31 12:29,,False,,,booking,booking,104,MB NO.7109,Booking
3135,FBMCL-00051,FAZAL ILAHI SB JALPUWAL,MB NO.7158,MB,,0,Booking: KOHAT,,,True,False,True,2026-04-02 12:46,,False,,,booking,booking,105,MB NO.7158,Booking
3136,FBMCL-00152,GULZAAR SB GHURAIRA,MB NO.7045/3,MB,,0,Booking: DG,,,True,False,True,2026-04-02 15:00,,False,,,booking,booking,106,MB NO.7045/3,Booking
3137,FBMCL-00167,CH MUHAMMAD AKRAM RIHANIA SB JPS,MB NO.6311,MB,,0,Booking: DG,,,True,False,True,2026-02-21 14:59,,False,,,booking,booking,111,MB NO.6311,Booking
3138,FBMCL-00168,ABDUL REHMAN SB JPS(ZAFAR CONT),MB NO.6223,MB,,1179.599999999977,Booking: DG,,,False,False,True,2026-02-20 15:40,,False,,,booking,booking,112,MB NO.6223,Booking
3139,FBMCL-00158,JAMEEL SB JAGWAN,MB NO.7201/2,MB,,0,Booking: PIONEER,,,True,False,True,2026-04-04 15:11,,False,,,booking,booking,114,MB NO.7201/2,Booking
3140,FBMCL-00169,MUHAMMAD SHABEER SB CONT TIBBA AJNALA,MB NO.7218,MB,,0,Booking: DG,,,True,False,True,2026-04-05 12:11,,False,,,booking,booking,115,MB NO.7218,Booking
3141,FBMCL-00147,MUHAMMAD RAZAQ SB JPS,MB NO.7216,MB,,0,Booking: CHAUGATH,,,True,False,True,2026-04-05 10:42,,False,,,booking,booking,119,MB NO.7216,Booking
3142,FBMCL-00009,MAZHAR SB RUPOWAL DERA,MB NO.7285,MB,,0,Booking: 12MM STEEL,,,True,False,True,2026-04-07 13:07,,False,,,booking,booking,120,MB NO.7285,Booking
3143,FBMCL-00002,TAHIR ABBAS SB KOANKH,MB NO.7319/2,MB,,25240.40000000002,Booking: 12MM STEEL,,,False,False,True,2026-04-08 16:45,,False,,,booking,booking,121,MB NO.7319/2,Booking
3144,FBMCL-00071,HAJI WARIS SB JPS,SB-BK-1122,SB,,0,Booking: KOHAT,,,True,False,False,2026-04-09 16:57,,False,,,booking,booking,123,SB-BK-1122,Booking
3145,FBMCL-00047,HAJI IQBAL SB JPS,MB NO.7493,MB,,0,Booking: 12MM STEEL,,,True,False,True,2026-04-15 14:56,,False,,,booking,booking,125,MB NO.7493,Booking
3146,FBMCL-00182,IBRAR ASHRAF SB MALIKPUR,MB NO.7575,MB,,25000,Booking: DG,,,False,False,True,2026-04-19 12:18,,False,,,booking,booking,132,MB NO.7575,Booking
3147,FBMCL-00146,ABDUL SATTAR SB DHINDA FARM,MB NO.7587,MB,,0,Booking: PIONEER,,,True,False,True,2026-04-20 13:34,,False,,,booking,booking,133,MB NO.7587,Booking
3148,FBMCL-00183,NAEEM ABBAS SB PARSUWAL,MB NO.7592,MB,,0,Booking: 12MM STEEL,,,True,False,True,2026-04-20 14:58,,False,,,booking,booking,134,MB NO.7592,Booking
3149,FBMCL-00186,SAFDAR ALI SB AJNALA (ASLAM CONT),MB NO.7617,MB,,0,Booking: KOHAT,,,True,False,True,2026-04-21 12:40,,False,,,booking,booking,137,MB NO.7617,Booking
3150,FBMCL-00114,MUHAMMAD RAFEEQ SB AJNALA,MB NO.7610,MB,,28600,Booking: KOHAT,,,False,False,True,2026-04-21 13:48,,False,,,booking,booking,138,MB NO.7610,Booking
3151,FBMCL-00188,RAFAQAT HUSSAIN SB MALIK (MASJID),MB NO.7631,MB,,0,Booking: 12MM STEEL,,,True,False,True,2026-04-21 09:19,,False,,,booking,booking,139,MB NO.7631,Booking
3152,FBMCL-00189,IRFAN SB JPS (ATEEQ SB),MB NO.5882/2,MB,,181000,Booking: 12MM STEEL,,,False,False,True,2026-02-10 11:56,,False,,,booking,booking,141,MB NO.5882/2,Booking
3153,FBMCL-00191,MIRZA REHMAN SB JPS,MB NO.7675,MB,,0,Booking: 12MM STEEL,,,True,False,True,2026-04-25 11:55,,False,,,booking,booking,144,MB NO.7675,Booking
3154,FBMCL-00192,DR AMIN SB JPS,MB NO.7698,MB,,0,Booking: 12MM STEEL,,,True,False,True,2026-04-25 13:24,,False,,,booking,booking,147,MB NO.7698,Booking
3155,FBMCL-00193,ARSALAN SB GHURAL(SALMAAN SB GHURAL),MB NO.7697/2,MB,,47800,Booking: 12MM STEEL,,,False,False,True,2026-04-25 14:19,,False,,,booking,booking,148,MB NO.7697/2,Booking
3156,FBMCL-00195,SALMAAN SB GHURAL (GOGA SB GHURAL),MB NO.8062,MB,,0,Booking: 12MM STEEL,,,True,False,True,2026-04-25 16:01,,False,,,booking,booking,149,MB NO.8062,Booking
3158,FBMCL-00164,MUHAMMMAD AWAIS SB PARSUWAL,MB NO.7758,MB,,0,Booking: 12MM STEEL,,,True,False,True,2026-04-26 12:39,,False,,,booking,booking,155,MB NO.7758,Booking
3160,FBMCL-00195,SALMAAN SB GHURAL (GOGA SB GHURAL),MB NO.None,MB,,0,Booking: 12MM STEEL,,,True,False,True,2026-05-01 09:15,,False,,,booking,booking,165,MB NO.None,Booking
3161,FBMCL-00025,MALIK JAVED SB KHAN PUR KHOKHAR,MB NO.7891,MB,,0,Booking: PIONEER,,,True,False,True,2026-05-02 12:43,,False,,,booking,booking,170,MB NO.7891,Booking
3162,FBMCL-00201,DILAWAR HUSSAIN SB GHURAL,MB NO.7892,MB,,12000,Booking: 12MM STEEL,,,False,False,True,2026-05-02 13:10,,False,,,booking,booking,171,MB NO.7892,Booking
3163,FBMCL-00202,HAFIZ ABDUL JABBAR SB RANGPUR,MB NO.7899,MB,,0,Booking: 12MM STEEL,,,True,False,True,2026-04-28 14:22,,False,,,booking,booking,172,MB NO.7899,Booking
3164,FBMCL-00203,WAJID SB AJNALA,MB NO.7940,MB,,12352,Booking: DG,,,False,False,True,2026-05-03 10:27,,False,,,booking,booking,173,MB NO.7940,Booking
3165,FBMCL-00204,SHEHZAD SB GHURAIRA,MB NO.7953,MB,,97,Booking: KOHAT,,,False,False,True,2026-05-04 11:35,,False,,,booking,booking,174,MB NO.7953,Booking
3166,FBMCL-00205,IRFAN SB DEDHAR SHARIF,MB NO.7955,MB,,0,Booking: PIONEER,,,True,False,True,2026-04-30 12:36,,False,,,booking,booking,175,MB NO.7955,Booking
3167,FBMCL-00186,SAFDAR ALI SB AJNALA (ASLAM CONT),MB NO.D-1,MB,,0,Booking: 12MM STEEL,,,True,False,True,2026-05-06 11:21,,False,,,booking,booking,179,MB NO.D-1,Booking
3168,FBMCL-00207,MALIK NAVEED SB KHAN PUR KHOKHAR,MB NO.8086-B,MB,,0,Booking: ISM 12MM STEEL,,,True,False,True,2026-05-07 09:00,,False,,,booking,booking,183,MB NO.8086-B,Booking
3169,FBMCL-00169,MUHAMMAD SHABEER SB CONT TIBBA AJNALA,MB NO.8106,MB,,0,Booking: DG,,,True,False,True,2026-05-09 13:55,,False,,,booking,booking,185,MB NO.8106,Booking
3170,FBMCL-00121,MAQSOOD SB MALAK PUR,MB NO.8141,MB,,0,Booking: PIONEER,,,True,False,True,2026-05-10 12:59,,False,,,booking,booking,188,MB NO.8141,Booking
3171,FBMCL-00052,GHULAM SARWAR SB JPS(HAJI JAVED SB),MB NO.8138,MB,,0,Booking: KOHAT,,,True,False,True,2026-05-09 16:51,,False,,,booking,booking,189,MB NO.8138,Booking
3172,FBMCL-00006,SHEHBAZ BAIG SB KOANKH,MB NO.7937/2,MB,,0,Booking: KOHAT,,,True,False,True,2026-05-03 12:45,,False,,,booking,booking,191,MB NO.7937/2,Booking
3173,FBMCL-00208,MIRZA YOUNUS SB JPS,MB NO.8201,MB,,0,Booking: ISM 12MM STEEL,,,True,False,True,2026-05-12 13:03,,False,,,booking,booking,192,MB NO.8201,Booking
3174,FBMCL-00209,SHABEEB SB KANIYAN,MB NO.8217,MB,,0,Booking: ISM 12MM STEEL,,,True,False,True,2026-05-12 11:54,,False,,,booking,booking,193,MB NO.8217,Booking
3175,FBMCL-00205,IRFAN SB DEDHAR SHARIF,MB NO.8218,MB,,0,Booking: CHAUGATH,,,True,False,True,2026-05-13 11:56,,False,,,booking,booking,194,MB NO.8218,Booking
3176,FBMCL-00047,HAJI IQBAL SB JPS,MB NO.8265,MB,,0,Booking: CHAUGATH,,,True,False,True,2026-05-14 15:28,,False,,,booking,booking,198,MB NO.8265,Booking
3177,FBMCL-00192,DR AMIN SB JPS,MB NO.8288,MB,,0,Booking: CHAUGATH,,,True,False,True,2026-05-14 16:48,,False,,,booking,booking,199,MB NO.8288,Booking
3178,FBMCL-00214,IMRAN SB CHACHUWAL,MB NO.8342,MB,,0,Booking: ISM 12MM STEEL,,,True,False,True,2026-05-16 13:34,,False,,,booking,booking,200,MB NO.8342,Booking
5364,FBMCL-00003,REHMAN ALI SB BHUCH,MB NO.6673,MB,,2517.6,Direct Sale (Mixed Transaction): 12MM STEEL,,,False,False,True,2026-05-19 11:34,,False,,,sales,direct_sale,2,MB NO.6673,Mixed Transaction
5365,FBMCL-00020,HIDAYAT ULLAH SB CHAK BEHRAM,MB NO.6705,MB,,0,Direct Sale (Cash): 12MM STEEL,,,True,True,True,2026-05-19 11:34,,False,,,sales,direct_sale,3,MB NO.6705,Cash
5366,FBMCL-00063,ABDULLAH SB KOANKH,MB NO.6777,MB,,0,Direct Sale (Credit Customer): 10MM STEEL,,,True,False,True,2026-05-19 11:34,,False,,,sales,direct_sale,10,MB NO.6777,Credit Customer
5367,FBMCL-00002,TAHIR ABBAS SB KOANKH,MB NO.6748,MB,,3700,Direct Sale (Mixed Transaction): CHAUGATH,,,False,False,True,2026-05-19 11:34,,False,,,sales,direct_sale,12,MB NO.6748,Mixed Transaction
5369,FBMCL-00067,MUHAMMAD BASHEER SB CONT KOANKH,MB NO.6666,MB,,0,Direct Sale (Credit Customer): 12MM STEEL,,,True,False,True,2026-05-19 11:34,,False,,,sales,direct_sale,17,MB NO.6666,Credit Customer
5370,FBMCL-00044,NADEEM SB DHINDA,MB NO.6795,MB,,0,Direct Sale (Credit Customer): DG,,,True,False,True,2026-05-19 11:34,,False,,,sales,direct_sale,21,MB NO.6795,Credit Customer
5371,FBMCL-00064,SULEIMAN SB AJNALA,MB NO.6808,MB,,0,Direct Sale (Mixed Transaction): DG,,,True,False,True,2026-05-19 11:34,,False,,,sales,direct_sale,23,MB NO.6808,Mixed Transaction
5372,FBMCL-00069,MUHAMMAD ASGHAR GUJJAR SB JPS,MB NO.6813,MB,,0,Direct Sale (Credit Customer): KOHAT,,,True,False,True,2026-05-19 11:34,,False,,,sales,direct_sale,24,MB NO.6813,Credit Customer
5373,FBMCL-00018,NAZAKAT MOBILE SHOP JPS,MB NO.6812,MB,,0,Direct Sale (Credit Customer): KOHAT,,,True,False,True,2026-05-19 11:34,,False,,,sales,direct_sale,32,MB NO.6812,Credit Customer
5374,FBMCL-00021,RANA ZAHID SB JPS,MB NO.6832,MB,,0,Direct Sale (Credit Customer): KOHAT,,,True,False,True,2026-05-19 11:34,,False,,,sales,direct_sale,33,MB NO.6832,Credit Customer
5375,FBMCL-00103,RAJA AMEER HAMZA SB JPS,MB NO.6831,MB,,0,Direct Sale (Credit Customer): KOHAT,,,True,False,True,2026-05-19 11:34,,False,,,sales,direct_sale,34,MB NO.6831,Credit Customer
5376,FBMCL-00011,GUL SHER SB CHAK BEHRAM,MB NO.6751,MB,,0,Direct Sale (Cash): CHAUGATH,,,True,True,True,2026-05-19 11:34,,False,,,sales,direct_sale,36,MB NO.6751,Cash
5377,FBMCL-00011,GUL SHER SB CHAK BEHRAM,MB NO.6837,MB,,0,Direct Sale (Mixed Transaction): 12MM STEEL,,,True,False,True,2026-05-19 11:34,,False,,,sales,direct_sale,40,MB NO.6837,Mixed Transaction
5378,FBMCL-00104,WAHEED SB RUPOWAL (SEP CLIENT),MB NO.6829,MB,,0,Direct Sale (Credit Customer): DG,,,True,False,True,2026-05-19 11:34,,False,,,sales,direct_sale,41,MB NO.6829,Credit Customer
5379,ORPH-00067,Orphan67,MB NO.6843,MB,,0,Direct Sale (Cash): PIONEER,,,True,True,True,2026-05-19 11:34,,False,"[MIGRATION] Orphan record. Original client: ""ZULFIQAR SB AJNALA"".",,sales,direct_sale,43,MB NO.6843,Cash
5380,FBMCL-00063,ABDULLAH SB KOANKH,MB NO.6846,MB,,0,Direct Sale (Credit Customer): 10MM STEEL,,,True,False,True,2026-05-19 11:34,,False,,,sales,direct_sale,45,MB NO.6846,Credit Customer
5381,FBMCL-00096,YOUSUF BUTT SB KOANKH,MB NO.6835,MB,,8640,Direct Sale (Mixed Transaction): KOHAT,,,False,False,True,2026-05-19 11:34,,False,,,sales,direct_sale,47,MB NO.6835,Mixed Transaction
5382,FBMCL-00105,DR EHSAN SB DHINDA,MB NO.6842,MB,,0,Direct Sale (Mixed Transaction): DG,,,True,False,True,2026-05-19 11:34,,False,,,sales,direct_sale,48,MB NO.6842,Mixed Transaction
5383,FBMCL-00106,WALEED ULLAH SB DILAWAR PUR,MB NO.6850,MB,,0,Direct Sale (Mixed Transaction): 12MM STEEL,,,True,False,True,2026-05-19 11:34,,False,,,sales,direct_sale,49,MB NO.6850,Mixed Transaction
5384,FBMCL-00110,NAZIM SB JPS,MB NO.6854,MB,,0,Direct Sale (Credit Customer): KOHAT,,,True,False,True,2026-05-19 11:34,,False,,,sales,direct_sale,53,MB NO.6854,Credit Customer
5385,FBMCL-00110,NAZIM SB JPS,SB-SL-1053,SB,,0,Direct Sale (Cash): KOHAT,,,True,True,False,2026-05-19 11:34,,False,,,sales,direct_sale,54,SB-SL-1053,Cash
5386,FBMCL-00079,ISHTIAQ CONT KOANKH,SB-SL-1054,SB,,0,Direct Sale (Cash): PIONEER,,,True,True,False,2026-05-19 11:34,,False,,,sales,direct_sale,55,SB-SL-1054,Cash
5387,ORPH-00068,Orphan68,SB-SL-1055,SB,,0,Direct Sale (Cash): PIONEER,,,True,True,False,2026-05-19 11:34,,False,"[MIGRATION] Orphan record. Original client: ""CASH WALKING CUSTOMER"".",,sales,direct_sale,56,SB-SL-1055,Cash
5388,FBMCL-00091,MIRZA IMTIAZ BAIG SB KOANKH (RICKSHAW),SB-SL-1057,SB,,0,Direct Sale (Cash): KOHAT,,,True,True,False,2026-05-19 11:34,,False,,,sales,direct_sale,58,SB-SL-1057,Cash
5389,FBMCL-00074,QAMAR BAIG SB KOANKH,MB NO.6856,MB,,29600,Direct Sale (Credit Customer): PIONEER,,,False,False,True,2026-05-19 11:34,,False,,,sales,direct_sale,59,MB NO.6856,Credit Customer
5390,FBMCL-00112,MASJID ASIF BHAI MADNI MALAK PUR,MB NO.6871,MB,,29200,Direct Sale (Credit Customer): PIONEER,,,False,False,True,2026-05-19 11:34,,False,,,sales,direct_sale,61,MB NO.6871,Credit Customer
5391,FBMCL-00021,RANA ZAHID SB JPS,MB NO.6866,MB,,0,Direct Sale (Credit Customer): KOHAT,,,True,False,True,2026-05-19 11:34,,False,,,sales,direct_sale,63,MB NO.6866,Credit Customer
5392,FBMCL-00051,FAZAL ILAHI SB JALPUWAL,MB NO.6737,MB,,0,Direct Sale (Credit Customer): RENT-GENERAL,,,True,False,True,2026-05-19 11:34,,False,,,sales,direct_sale,67,MB NO.6737,Credit Customer
5393,FBMCL-00001,ABDUL AZEEM SB KHAN PUR KHOKHAR,MB NO.6876,MB,,0,Direct Sale (Mixed Transaction): RINGS 7X7,,,True,False,True,2026-05-19 11:34,,False,,,sales,direct_sale,69,MB NO.6876,Mixed Transaction
5394,FBMCL-00009,MAZHAR SB RUPOWAL DERA,MB NO.6867,MB,,0,Direct Sale (Credit Customer): PIONEER,,,True,False,True,2026-05-19 11:34,,False,,,sales,direct_sale,70,MB NO.6867,Credit Customer
5395,FBMCL-00108,TARIQ BUTT SB JPS,MB NO.6879,MB,,725,Direct Sale (Credit Customer): TILE 1ST GAGGO MANDI,,,False,False,True,2026-05-19 11:34,,False,,,sales,direct_sale,73,MB NO.6879,Credit Customer
5397,FBMCL-00021,RANA ZAHID SB JPS,MB NO.6892,MB,,0,Direct Sale (Credit Customer): KOHAT,,,True,False,True,2026-05-19 11:34,,False,,,sales,direct_sale,78,MB NO.6892,Credit Customer
5399,FBMCL-00069,MUHAMMAD ASGHAR GUJJAR SB JPS,MB NO.6950,MB,,0,Direct Sale (Credit Customer): KOHAT,,,True,False,True,2026-05-19 11:34,,False,,,sales,direct_sale,83,MB NO.6950,Credit Customer
5400,FBMCL-00082,AMIR JAVED SB GHURAL,MB NO.6906,MB,,0,Direct Sale (Credit Customer): DG,,,True,False,True,2026-05-19 11:34,,False,,,sales,direct_sale,86,MB NO.6906,Credit Customer
5401,FBMCL-00021,RANA ZAHID SB JPS,MB NO.6908,MB,,0,Direct Sale (Credit Customer): KOHAT,,,True,False,True,2026-05-19 11:34,,False,,,sales,direct_sale,87,MB NO.6908,Credit Customer
5402,FBMCL-00021,RANA ZAHID SB JPS,MB NO.6954,MB,,0,Direct Sale (Credit Customer): KOHAT,,,True,False,True,2026-05-19 11:34,,False,,,sales,direct_sale,89,MB NO.6954,Credit Customer
5403,FBMCL-00082,AMIR JAVED SB GHURAL,MB NO.6959,MB,,1450,Direct Sale (Credit Customer): DG,,,False,False,True,2026-05-19 11:34,,False,,,sales,direct_sale,93,MB NO.6959,Credit Customer
5404,FBMCL-00016,MALIK ANSAR SB KHORI,MB NO.6953,MB,,0,Direct Sale (Credit Customer): KOHAT,,,True,False,True,2026-05-19 11:34,,False,,,sales,direct_sale,94,MB NO.6953,Credit Customer
5405,FBMCL-00136,MUZAFFAR SB RUPOWAL,MB NO.6968,MB,,6.002665031701326e-10,Direct Sale (Credit Customer): PIONEER,,,True,False,True,2026-05-19 11:34,,False,,,sales,direct_sale,95,MB NO.6968,Credit Customer
5406,FBMCL-00044,NADEEM SB DHINDA,MB NO.6963,MB,,0,Direct Sale (Credit Customer): DG,,,True,False,True,2026-05-19 11:34,,False,,,sales,direct_sale,96,MB NO.6963,Credit Customer
5407,FBMCL-00138,FAROOQ KALAS SB PARSUWAL,MB NO.6974,MB,,0,Direct Sale (Cash): 12MM STEEL,,,True,True,True,2026-05-19 11:34,,False,,,sales,direct_sale,101,MB NO.6974,Cash
5408,FBMCL-00077,MUHAMMAD ARSHAD SB SALOON JPS,MB NO.6979,MB,,0,Direct Sale (Credit Customer): KOHAT,,,True,False,True,2026-05-19 11:34,,False,,,sales,direct_sale,103,MB NO.6979,Credit Customer
5409,FBMCL-00051,FAZAL ILAHI SB JALPUWAL,MB NO.6981,MB,,0,Direct Sale (Credit Customer): RINGS 7X7,,,True,False,True,2026-05-19 11:34,,False,,,sales,direct_sale,104,MB NO.6981,Credit Customer
5410,FBMCL-00065,SAJID BAIG MAKKI KOANKH,MB NO.6983,MB,,0,Direct Sale (Mixed Transaction): DG,,,True,False,True,2026-05-19 11:34,,False,,,sales,direct_sale,106,MB NO.6983,Mixed Transaction
5412,FBMCL-00091,MIRZA IMTIAZ BAIG SB KOANKH (RICKSHAW),MB NO.6989,MB,,8520,Direct Sale (Credit Customer): PIONEER,,,False,False,True,2026-05-19 11:34,,False,,,sales,direct_sale,109,MB NO.6989,Credit Customer
5413,FBMCL-00143,RAZA TARIQ SB MALIKPUR,MB NO.6992,MB,,0,Direct Sale (Cash): 12MM STEEL,,,True,True,True,2026-05-19 11:34,,False,,,sales,direct_sale,110,MB NO.6992,Cash
5414,FBMCL-00021,RANA ZAHID SB JPS,MB NO.6993,MB,,0,Direct Sale (Credit Customer): KOHAT,,,True,False,True,2026-05-19 11:34,,False,,,sales,direct_sale,111,MB NO.6993,Credit Customer
5415,FBMCL-00069,MUHAMMAD ASGHAR GUJJAR SB JPS,MB NO.7000,MB,,0,Direct Sale (Credit Customer): KOHAT,,,True,False,True,2026-05-19 11:34,,False,,,sales,direct_sale,114,MB NO.7000,Credit Customer
5416,FBMCL-00077,MUHAMMAD ARSHAD SB SALOON JPS,MB NO.7010,MB,,0,Direct Sale (Credit Customer): KOHAT,,,True,False,True,2026-05-19 11:34,,False,,,sales,direct_sale,115,MB NO.7010,Credit Customer
5418,FBMCL-00147,MUHAMMAD RAZAQ SB JPS,MB NO.7024,MB,,0,Direct Sale (Cash): 12MM STEEL,,,True,True,True,2026-05-19 11:34,,False,,,sales,direct_sale,122,MB NO.7024,Cash
5419,FBMCL-00107,SHEHZAD SB POULTRY FARM JPS,MB NO.7023,MB,,4080,Direct Sale (Credit Customer): BRICKS,,,False,False,True,2026-05-19 11:34,,False,,,sales,direct_sale,124,MB NO.7023,Credit Customer
5421,FBMCL-00125,HAFIZ TAUSEEF SB AJNALA,MB NO.7041,MB,,0,Direct Sale (Credit Customer): PIONEER,,,True,False,True,2026-05-19 11:34,,False,,,sales,direct_sale,134,MB NO.7041,Credit Customer
5422,FBMCL-00153,RAJA ALTAF SB JPS,MB NO.7037,MB,,0,Direct Sale (Mixed Transaction): 12MM STEEL,,,True,False,True,2026-05-19 11:34,,False,,,sales,direct_sale,137,MB NO.7037,Mixed Transaction
5423,FBMCL-00153,RAJA ALTAF SB JPS,MB NO.7051,MB,,0,Direct Sale (Credit Customer): RINGS 7X7,,,True,False,True,2026-05-19 11:34,,False,,,sales,direct_sale,138,MB NO.7051,Credit Customer
5424,FBMCL-00111,RAJA PARWEZ SB RANGPUR,MB NO.7058,MB,,0,Direct Sale (Credit Customer): TILE 1ST GAGGO MANDI,,,True,False,True,2026-05-19 11:34,,False,,,sales,direct_sale,140,MB NO.7058,Credit Customer
5425,FBMCL-00113,MUHAMMAD SALEEM SB RUPOWAL,MB NO.7069,MB,,0,Direct Sale (Credit Customer): PIONEER,,,True,False,True,2026-05-19 11:34,,False,,,sales,direct_sale,141,MB NO.7069,Credit Customer
5426,FBMCL-00153,RAJA ALTAF SB JPS,MB NO.7071,MB,,0,Direct Sale (Credit Customer): RING 6X6,,,True,False,True,2026-05-19 11:34,,False,,,sales,direct_sale,142,MB NO.7071,Credit Customer
5427,FBMCL-00125,HAFIZ TAUSEEF SB AJNALA,MB NO.7041/2,MB,,0,Direct Sale (Credit Customer): PIONEER,,,True,False,True,2026-05-19 11:34,,False,,,sales,direct_sale,149,MB NO.7041/2,Credit Customer
5428,ORPH-00009,Orphan9,MB NO.7076,MB,,0,Direct Sale (Cash): DG,,,True,True,True,2026-05-19 11:34,,False,"[MIGRATION] Orphan record. Original client: ""QAMAR SB TIBBA"".",,sales,direct_sale,152,MB NO.7076,Cash
5429,FBMCL-00050,MAJID HUSSAIN SB AJNALA,MB NO.7094,MB,,3000,Direct Sale (Credit Customer): CHIPS ZERO,,,False,False,True,2026-05-19 11:34,,False,,,sales,direct_sale,158,MB NO.7094,Credit Customer
5430,FBMCL-00021,RANA ZAHID SB JPS,MB NO.7091,MB,,0,Direct Sale (Credit Customer): KOHAT,,,True,False,True,2026-05-19 11:34,,False,,,sales,direct_sale,160,MB NO.7091,Credit Customer
5431,FBMCL-00158,JAMEEL SB JAGWAN,MB NO.7096,MB,,402993,Direct Sale (Credit Customer): PIONEER,,,False,False,True,2026-05-19 11:34,,False,,,sales,direct_sale,162,MB NO.7096,Credit Customer
5432,ORPH-00002,Orphan2,SB-SL-1162,SB,,0,Direct Sale (Cash): DG,,,True,True,False,2026-05-19 11:34,,False,"[MIGRATION] Orphan record. Original client: ""CASH SALE"".",,sales,direct_sale,163,SB-SL-1162,Cash
5434,FBMCL-00053,MUHAMMAD ALI SB MULL,MB NO.7102/2,MB,,0,Direct Sale (Credit Customer): RENT-CEMENT,,,True,False,True,2026-05-19 11:34,,False,,,sales,direct_sale,166,MB NO.7102/2,Credit Customer
5435,ORPH-00002,Orphan2,SB-SL-1167,SB,,0,Direct Sale (Cash): KOHAT,,,True,True,False,2026-05-19 11:34,,False,"[MIGRATION] Orphan record. Original client: ""CASH SALE"".",,sales,direct_sale,168,SB-SL-1167,Cash
5436,ORPH-00023,Orphan23,MB NO.7104,MB,,0,Direct Sale (Cash): 12MM STEEL,,,True,True,True,2026-05-19 11:34,,False,"[MIGRATION] Orphan record. Original client: ""ZAMAN SB MALIKPUR"".",,sales,direct_sale,169,MB NO.7104,Cash
5437,ORPH-00002,Orphan2,SB-SL-1169,SB,,0,Direct Sale (Cash): DG,,,True,True,False,2026-05-19 11:34,,False,"[MIGRATION] Orphan record. Original client: ""CASH SALE"".",,sales,direct_sale,170,SB-SL-1169,Cash
5438,ORPH-00028,Orphan28,MB NO.7106,MB,,0,Direct Sale (Cash): RING 6X6,,,True,True,True,2026-05-19 11:34,,False,"[MIGRATION] Orphan record. Original client: ""GHAZANFAR DOYIAN"".",,sales,direct_sale,171,MB NO.7106,Cash
5439,FBMCL-00021,RANA ZAHID SB JPS,MB NO.7111,MB,,0,Direct Sale (Credit Customer): KOHAT,,,True,False,True,2026-05-19 11:34,,False,,,sales,direct_sale,172,MB NO.7111,Credit Customer
5440,FBMCL-00103,RAJA AMEER HAMZA SB JPS,MB NO.7107,MB,,0,Direct Sale (Cash): RING 6X6,,,True,True,True,2026-05-19 11:34,,False,,,sales,direct_sale,173,MB NO.7107,Cash
5441,ORPH-00029,Orphan29,MB NO.7112,MB,,0,Direct Sale (Cash): 12MM STEEL,,,True,True,True,2026-05-19 11:34,,False,"[MIGRATION] Orphan record. Original client: ""MIRZA SAIF SB KAONKH"".",,sales,direct_sale,174,MB NO.7112,Cash
5443,FBMCL-00028,MIRZA AMJAD JAVED SB AJNALA SITE,MB NO.7114,MB,,0,Direct Sale (Credit Customer): PIONEER,,,True,False,True,2026-05-19 11:34,,False,,,sales,direct_sale,176,MB NO.7114,Credit Customer
5444,ORPH-00010,Orphan10,MB NO.7116,MB,,0,Direct Sale (Cash): CHAUGATH,,,True,True,True,2026-05-19 11:34,,False,"[MIGRATION] Orphan record. Original client: ""AMANAT SB JPS"".",,sales,direct_sale,179,MB NO.7116,Cash
5445,ORPH-00014,Orphan14,MB NO.7138,MB,,0,Direct Sale (Cash): PIONEER,,,True,True,True,2026-05-19 11:34,,False,"[MIGRATION] Orphan record. Original client: ""ADREES SB RANGPUR"".",,sales,direct_sale,180,MB NO.7138,Cash
5446,ORPH-00030,Orphan30,MB NO.7119,MB,,0,Direct Sale (Cash): PIONEER,,,True,True,True,2026-05-19 11:34,,False,"[MIGRATION] Orphan record. Original client: ""CASH SALE DOYIAN"".",,sales,direct_sale,181,MB NO.7119,Cash
5447,FBMCL-00137,AHMED SB DHINDA,MB NO.7120,MB,,0,Direct Sale (Credit Customer): DG,,,True,False,True,2026-05-19 11:34,,False,,,sales,direct_sale,182,MB NO.7120,Credit Customer
5448,FBMCL-00044,NADEEM SB DHINDA,MB NO.7121,MB,,0,Direct Sale (Credit Customer): DG,,,True,False,True,2026-05-19 11:34,,False,,,sales,direct_sale,184,MB NO.7121,Credit Customer
5449,FBMCL-00065,SAJID BAIG MAKKI KOANKH,MB NO.7123,MB,,0,Direct Sale (Mixed Transaction): DG,,,True,False,True,2026-05-19 11:34,,False,,,sales,direct_sale,185,MB NO.7123,Mixed Transaction
5450,FBMCL-00066,SUBEDAR MUHAMMAD ARSHAD SB KHANPUR KHOKHAR,MB NO.7144,MB,,0,Direct Sale (Credit Customer): CHAUGATH,,,True,False,True,2026-05-19 11:34,,False,,,sales,direct_sale,187,MB NO.7144,Credit Customer
5451,ORPH-00031,Orphan31,MB NO.7148,MB,,0,Direct Sale (Cash): PIONEER,,,True,True,True,2026-05-19 11:34,,False,"[MIGRATION] Orphan record. Original client: ""RAJA ADEEL BHUCH"".",,sales,direct_sale,191,MB NO.7148,Cash
5452,ORPH-00032,Orphan32,MB NO.7145,MB,,0,Direct Sale (Cash): 12MM STEEL,,,True,True,True,2026-05-19 11:34,,False,"[MIGRATION] Orphan record. Original client: ""YOUSUF RANGPUR"".",,sales,direct_sale,192,MB NO.7145,Cash
5453,ORPH-00069,Orphan69,MB NO.7155,MB,,0,Direct Sale (Cash): CONCRETE SPACER,,,True,True,True,2026-05-19 11:34,,False,"[MIGRATION] Orphan record. Original client: ""ARSHAD MARRIAGE HALL JPS"".",,sales,direct_sale,193,MB NO.7155,Cash
5454,ORPH-00018,Orphan18,MB NO.7136,MB,,0,Direct Sale (Cash): KOHAT,,,True,True,True,2026-05-19 11:34,,False,"[MIGRATION] Orphan record. Original client: ""ADEEL SB GHURAIRA"".",,sales,direct_sale,195,MB NO.7136,Cash
5455,ORPH-00033,Orphan33,MB NO.7130,MB,,0,Direct Sale (Cash): 12MM STEEL,,,True,True,True,2026-05-19 11:34,,False,"[MIGRATION] Orphan record. Original client: ""AMEER HAMZA SB PARSUWAL"".",,sales,direct_sale,197,MB NO.7130,Cash
5456,ORPH-00070,Orphan70,MB NO.7127,MB,,0,Direct Sale (Cash): WIRE,,,True,True,True,2026-05-19 11:34,,False,"[MIGRATION] Orphan record. Original client: ""SHAKIR ABBAS DOYIAN"".",,sales,direct_sale,198,MB NO.7127,Cash
5457,ORPH-00071,Orphan71,MB NO.7159,MB,,0,Direct Sale (Cash): WHITE CEMENT,,,True,True,True,2026-05-19 11:34,,False,"[MIGRATION] Orphan record. Original client: ""MOHSIN SB KOANKH"".",,sales,direct_sale,200,MB NO.7159,Cash
5458,ORPH-00072,Orphan72,MB NO.7162,MB,,0,Direct Sale (Cash): DG,,,True,True,True,2026-05-19 11:34,,False,"[MIGRATION] Orphan record. Original client: ""NASAR SB AJNALA"".",,sales,direct_sale,202,MB NO.7162,Cash
5459,ORPH-00034,Orphan34,MB NO.7171,MB,,0,Direct Sale (Cash): 12MM STEEL,,,True,True,True,2026-05-19 11:34,,False,"[MIGRATION] Orphan record. Original client: ""ALI RAZA SB KOANKH"".",,sales,direct_sale,207,MB NO.7171,Cash
5460,FBMCL-00142,SIR JABIR SB JPS,MB NO.7174,MB,,0,Direct Sale (Cash): KOHAT,,,True,True,True,2026-05-19 11:34,,False,,,sales,direct_sale,208,MB NO.7174,Cash
5461,ORPH-00002,Orphan2,SB-SL-1208,SB,,0,Direct Sale (Cash): PIONEER,,,True,True,False,2026-05-19 11:34,,False,"[MIGRATION] Orphan record. Original client: ""CASH SALE"".",,sales,direct_sale,209,SB-SL-1208,Cash
5463,ORPH-00002,Orphan2,MB NO.7193,MB,,0,Direct Sale (Cash): WIRE,,,True,True,True,2026-05-19 11:34,,False,"[MIGRATION] Orphan record. Original client: ""CASH SALE"".",,sales,direct_sale,217,MB NO.7193,Cash
5464,FBMCL-00116,NAUMAN RIHANIA SB JPS,MB NO.7126,MB,,0,Direct Sale (Cash): PIONEER,,,True,True,True,2026-05-19 11:34,,False,,,sales,direct_sale,218,MB NO.7126,Cash
5465,ORPH-00011,Orphan11,MB NO.7199,MB,,0,Direct Sale (Cash): PIONEER,,,True,True,True,2026-05-19 11:34,,False,"[MIGRATION] Orphan record. Original client: ""BILAL SB KOANKH"".",,sales,direct_sale,219,MB NO.7199,Cash
5466,FBMCL-00113,MUHAMMAD SALEEM SB RUPOWAL,MB NO.7200,MB,,0,Direct Sale (Credit Customer): PIONEER,,,True,False,True,2026-05-19 11:34,,False,,,sales,direct_sale,220,MB NO.7200,Credit Customer
5467,FBMCL-00158,JAMEEL SB JAGWAN,MB NO.7201,MB,,77757,Direct Sale (Credit Customer): 12MM STEEL,,,False,False,True,2026-05-19 11:34,,False,,,sales,direct_sale,221,MB NO.7201,Credit Customer
5468,FBMCL-00048,RANA ZAHEER SB JPS,MB NO.7206,MB,,0,Direct Sale (Mixed Transaction): KOHAT,,,True,False,True,2026-05-19 11:34,,False,,,sales,direct_sale,225,MB NO.7206,Mixed Transaction
5469,FBMCL-00017,ASHRAF SB AJNALA(SALEEM CONT),MB NO.7222,MB,,0,Direct Sale (Credit Customer): BAJRI MOTI,,,True,False,True,2026-05-19 11:34,,False,,,sales,direct_sale,228,MB NO.7222,Credit Customer
5470,FBMCL-00021,RANA ZAHID SB JPS,MB NO.7240,MB,,0,Direct Sale (Credit Customer): KOHAT,,,True,False,True,2026-05-19 11:34,,False,,,sales,direct_sale,229,MB NO.7240,Credit Customer
5471,FBMCL-00046,MEHBOOB ALAM SB KOANKH,MB NO.7234,MB,,0,Direct Sale (Mixed Transaction): 12MM STEEL,,,True,False,True,2026-05-19 11:34,,False,,,sales,direct_sale,231,MB NO.7234,Mixed Transaction
5472,ORPH-00035,Orphan35,MB NO.7233,MB,,0,Direct Sale (Cash): 12MM STEEL,,,True,True,True,2026-05-19 11:34,,False,"[MIGRATION] Orphan record. Original client: ""SAIF ALI SB JPS"".",,sales,direct_sale,232,MB NO.7233,Cash
5473,ORPH-00036,Orphan36,MB NO.7245,MB,,0,Direct Sale (Cash): CHAUGATH,,,True,True,True,2026-05-19 11:34,,False,"[MIGRATION] Orphan record. Original client: ""PARWEZ SB BHUCH"".",,sales,direct_sale,236,MB NO.7245,Cash
5474,FBMCL-00138,FAROOQ KALAS SB PARSUWAL,MB NO.7246,MB,,0,Direct Sale (Mixed Transaction): FT-DG,,,True,False,True,2026-05-19 11:34,,False,,,sales,direct_sale,237,MB NO.7246,Mixed Transaction
5475,ORPH-00073,Orphan73,MB NO.7247,MB,,0,Direct Sale (Cash): KOHAT,,,True,True,True,2026-05-19 11:34,,False,"[MIGRATION] Orphan record. Original client: ""JAVED SB WELDING JPS"".",,sales,direct_sale,238,MB NO.7247,Cash
5476,ORPH-00074,Orphan74,MB NO.7248,MB,,0,Direct Sale (Cash): FAUJI,,,True,True,True,2026-05-19 11:34,,False,"[MIGRATION] Orphan record. Original client: ""CH SHOAIB SB AJNALA"".",,sales,direct_sale,239,MB NO.7248,Cash
5477,FBMCL-00046,MEHBOOB ALAM SB KOANKH,MB NO.7256,MB,,0,Direct Sale (Mixed Transaction): 12MM STEEL,,,True,False,True,2026-05-19 11:34,,False,,,sales,direct_sale,241,MB NO.7256,Mixed Transaction
5478,ORPH-00037,Orphan37,MB NO.7251,MB,,0,Direct Sale (Cash): FAUJI,,,True,True,True,2026-05-19 11:34,,False,"[MIGRATION] Orphan record. Original client: ""RUPOWAL BABA ZAFFAR"".",,sales,direct_sale,245,MB NO.7251,Cash
5479,FBMCL-00021,RANA ZAHID SB JPS,MB NO.7240/2,MB,,0,Direct Sale (Credit Customer): KOHAT,,,True,False,True,2026-05-19 11:34,,False,,,sales,direct_sale,246,MB NO.7240/2,Credit Customer
5480,FBMCL-00171,FAKHAR SHAH SB AJNALA,MB NO.7262,MB,,0,Direct Sale (Credit Customer): PIONEER,,,True,False,True,2026-05-19 11:34,,False,,,sales,direct_sale,248,MB NO.7262,Credit Customer
5481,FBMCL-00126,NAWAZ SB DHINDA (RIZWAN CONT),MB NO.7264,MB,,0,Direct Sale (Credit Customer): PIONEER,,,True,False,True,2026-05-19 11:34,,False,,,sales,direct_sale,249,MB NO.7264,Credit Customer
5482,ORPH-00075,Orphan75,MB NO.7263,MB,,0,Direct Sale (Cash): RING 4X4,,,True,True,True,2026-05-19 11:34,,False,"[MIGRATION] Orphan record. Original client: ""QASIM SB JPS"".",,sales,direct_sale,250,MB NO.7263,Cash
5483,FBMCL-00159,MUHAMMAD ASGHAR SB DEDHAR SHARIF,MB NO.7273,MB,,0,Direct Sale (Cash): KOHAT,,,True,True,True,2026-05-19 11:34,,False,,,sales,direct_sale,253,MB NO.7273,Cash
5484,ORPH-00009,Orphan9,MB NO.7277,MB,,0,Direct Sale (Cash): DG,,,True,True,True,2026-05-19 11:34,,False,"[MIGRATION] Orphan record. Original client: ""QAMAR SB TIBBA"".",,sales,direct_sale,255,MB NO.7277,Cash
5485,FBMCL-00048,RANA ZAHEER SB JPS,MB NO.7279,MB,,0,Direct Sale (Credit Customer): KOHAT,,,True,False,True,2026-05-19 11:34,,False,,,sales,direct_sale,256,MB NO.7279,Credit Customer
5486,FBMCL-00155,ANSAR SB DOIYAN,MB NO.7161,MB,,0,Direct Sale (Mixed Transaction): 12MM STEEL,,,True,False,True,2026-05-19 11:34,,False,,,sales,direct_sale,258,MB NO.7161,Mixed Transaction
5487,FBMCL-00147,MUHAMMAD RAZAQ SB JPS,MB NO.7283,MB,,0,Direct Sale (Mixed Transaction): CHAUGATH,,,True,False,True,2026-05-19 11:34,,False,,,sales,direct_sale,259,MB NO.7283,Mixed Transaction
5488,FBMCL-00009,MAZHAR SB RUPOWAL DERA,MB NO.6996,MB,,0,Direct Sale (Credit Customer): PIONEER,,,True,False,True,2026-05-19 11:34,,False,,,sales,direct_sale,261,MB NO.6996,Credit Customer
5489,FBMCL-00051,FAZAL ILAHI SB JALPUWAL,MB NO.7286,MB,,0,Direct Sale (Cash): CHIPS ZERO,,,True,True,True,2026-05-19 11:34,,False,,,sales,direct_sale,262,MB NO.7286,Cash
5490,FBMCL-00009,MAZHAR SB RUPOWAL DERA,MB NO.7297,MB,,0,Direct Sale (Credit Customer): FAUJI,,,True,False,True,2026-05-19 11:34,,False,,,sales,direct_sale,264,MB NO.7297,Credit Customer
5491,FBMCL-00113,MUHAMMAD SALEEM SB RUPOWAL,MB NO.7299,MB,,0,Direct Sale (Credit Customer): PIONEER,,,True,False,True,2026-05-19 11:34,,False,,,sales,direct_sale,266,MB NO.7299,Credit Customer
5492,FBMCL-00103,RAJA AMEER HAMZA SB JPS,MB NO.7295,MB,,0,Direct Sale (Mixed Transaction): 12MM STEEL,,,True,False,True,2026-05-19 11:34,,False,,,sales,direct_sale,268,MB NO.7295,Mixed Transaction
5493,FBMCL-00002,TAHIR ABBAS SB KOANKH,MB NO.7301,MB,,2940,Direct Sale (Credit Customer): WIRE,,,False,False,True,2026-05-19 11:34,,False,,,sales,direct_sale,269,MB NO.7301,Credit Customer
5494,FBMCL-00161,EJAZ SB DUKANDAR JALPUWAL,MB NO.7303,MB,,0,Direct Sale (Cash): TILE 2ND JHANG,,,True,True,True,2026-05-19 11:34,,False,,,sales,direct_sale,270,MB NO.7303,Cash
5495,FBMCL-00012,MAJEED BUTT SB JPS,MB NO.7304,MB,,0,Direct Sale (Cash): FAUJI,,,True,True,True,2026-05-19 11:34,,False,,,sales,direct_sale,271,MB NO.7304,Cash
5496,ORPH-00002,Orphan2,SB-SL-1271,SB,,0,Direct Sale (Cash): FAUJI,,,True,True,False,2026-05-19 11:34,,False,"[MIGRATION] Orphan record. Original client: ""CASH SALE"".",,sales,direct_sale,272,SB-SL-1271,Cash
5497,FBMCL-00135,BASHEER SHAH SB GHURAIRA( KAKU SHAH),MB NO.7308,MB,,2286.999999999999,Direct Sale (Mixed Transaction): CHAUGATH,,,False,False,True,2026-05-19 11:34,,False,,,sales,direct_sale,273,MB NO.7308,Mixed Transaction
5498,,ASIF SB KOANKH,MB NO.7323,MB,,0,Direct Sale (Cash): PIONEER,,,True,True,True,2026-05-19 11:34,,False,,,sales,direct_sale,280,MB NO.7323,Cash
5499,FBMCL-00111,RAJA PARWEZ SB RANGPUR,MB NO.7333,MB,,0,Direct Sale (Credit Customer): TILE 2ND JHANG,,,True,False,True,2026-05-19 11:34,,False,,,sales,direct_sale,286,MB NO.7333,Credit Customer
5500,FBMCL-00065,SAJID BAIG MAKKI KOANKH,MB NO.7338/3,MB,,5158.099999999999,Direct Sale (Mixed Transaction): 12MM STEEL,,,False,False,True,2026-05-19 11:34,,False,,,sales,direct_sale,287,MB NO.7338/3,Mixed Transaction
5501,FBMCL-00051,FAZAL ILAHI SB JALPUWAL,MB NO.7310,MB,,0,Direct Sale (Credit Customer): CHAUGATH,,,True,False,True,2026-05-19 11:34,,False,,,sales,direct_sale,288,MB NO.7310,Credit Customer
5502,FBMCL-00171,FAKHAR SHAH SB AJNALA,MB NO.7336,MB,,0,Direct Sale (Credit Customer): PIONEER,,,True,False,True,2026-05-19 11:34,,False,,,sales,direct_sale,289,MB NO.7336,Credit Customer
5503,FBMCL-00001,ABDUL AZEEM SB KHAN PUR KHOKHAR,MB NO.7337,MB,,0,Direct Sale (Mixed Transaction): FAUJI,,,True,False,True,2026-05-19 11:34,,False,,,sales,direct_sale,290,MB NO.7337,Mixed Transaction
5504,FBMCL-00002,TAHIR ABBAS SB KOANKH,MB NO.7348/3,MB,,420,Direct Sale (Credit Customer): WIRE,,,False,False,True,2026-05-19 11:34,,False,,,sales,direct_sale,296,MB NO.7348/3,Credit Customer
5505,ORPH-00038,Orphan38,MB NO.7356,MB,,0,Direct Sale (Cash): BAJRI MOTI,,,True,True,True,2026-05-19 11:34,,False,"[MIGRATION] Orphan record. Original client: ""NAEEM SB KOANKH CHAND CONT FRIEND"".",,sales,direct_sale,302,MB NO.7356,Cash
5506,ORPH-00019,Orphan19,SB-SL-1302,SB,,0,Direct Sale (Cash): DG,,,True,True,False,2026-05-19 11:34,,False,"[MIGRATION] Orphan record. Original client: ""CASH"".",,sales,direct_sale,303,SB-SL-1302,Cash
5507,ORPH-00019,Orphan19,SB-SL-1303,SB,,0,Direct Sale (Cash): PIONEER,,,True,True,False,2026-05-19 11:34,,False,"[MIGRATION] Orphan record. Original client: ""CASH"".",,sales,direct_sale,304,SB-SL-1303,Cash
5508,FBMCL-00151,MALIK MEHMOOD SB PARSUWAL,MB NO.7358,MB,,0,Direct Sale (Credit Customer): FT-KOHAT,,,True,False,True,2026-05-19 11:34,,False,,,sales,direct_sale,306,MB NO.7358,Credit Customer
5509,ORPH-00076,Orphan76,MB NO.7362,MB,,0,Direct Sale (Cash): DG,,,True,True,True,2026-05-19 11:34,,False,"[MIGRATION] Orphan record. Original client: ""ADNAN BUTT SB JPS"".",,sales,direct_sale,307,MB NO.7362,Cash
5510,FBMCL-00140,ABDUL GHAFFAR SB JPS,MB NO.7363,MB,,0,Direct Sale (Credit Customer): WIRE,,,True,False,True,2026-05-19 11:34,,False,,,sales,direct_sale,308,MB NO.7363,Credit Customer
5511,ORPH-00024,Orphan24,MB NO.7367,MB,,0,Direct Sale (Cash): TILE 1ST GAGGO MANDI,,,True,True,True,2026-05-19 11:34,,False,"[MIGRATION] Orphan record. Original client: ""YOUSUF SB RANGPUR"".",,sales,direct_sale,311,MB NO.7367,Cash
5512,FBMCL-00204,SHEHZAD SB GHURAIRA,MB NO.7373,MB,,0,Direct Sale (Cash): FAUJI,,,True,True,True,2026-05-19 11:34,,False,,,sales,direct_sale,314,MB NO.7373,Cash
5513,FBMCL-00009,MAZHAR SB RUPOWAL DERA,MB NO.7375,MB,,0,Direct Sale (Credit Customer): FAUJI,,,True,False,True,2026-05-19 11:34,,False,,,sales,direct_sale,315,MB NO.7375,Credit Customer
5514,FBMCL-00153,RAJA ALTAF SB JPS,MB NO.7379,MB,,0,Direct Sale (Mixed Transaction): 12MM STEEL,,,True,False,True,2026-05-19 11:34,,False,,,sales,direct_sale,318,MB NO.7379,Mixed Transaction
5515,FBMCL-00140,ABDUL GHAFFAR SB JPS,MB NO.7399/4,MB,,0,Direct Sale (Mixed Transaction): 12MM STEEL,,,True,False,True,2026-05-19 11:34,,False,,,sales,direct_sale,319,MB NO.7399/4,Mixed Transaction
5516,FBMCL-00044,NADEEM SB DHINDA,MB NO.7388/2,MB,,0,Direct Sale (Credit Customer): FAUJI,,,True,False,True,2026-05-19 11:34,,False,,,sales,direct_sale,321,MB NO.7388/2,Credit Customer
5517,FBMCL-00126,NAWAZ SB DHINDA (RIZWAN CONT),MB NO.7393,MB,,0,Direct Sale (Credit Customer): PIONEER,,,True,False,True,2026-05-19 11:34,,False,,,sales,direct_sale,324,MB NO.7393,Credit Customer
5518,FBMCL-00111,RAJA PARWEZ SB RANGPUR,MB NO.7403,MB,,0,Direct Sale (Credit Customer): FT-DG,,,True,False,True,2026-05-19 11:34,,False,,,sales,direct_sale,328,MB NO.7403,Credit Customer
5519,FBMCL-00023,MALIK ADNAN,MB NO.7405,MB,,0,Direct Sale (Credit Customer): BRICKS,,,True,False,True,2026-05-19 11:34,,False,,,sales,direct_sale,329,MB NO.7405,Credit Customer
5520,FBMCL-00028,MIRZA AMJAD JAVED SB AJNALA SITE,MB NO.7415,MB,,0,Direct Sale (Credit Customer): PIONEER,,,True,False,True,2026-05-19 11:34,,False,,,sales,direct_sale,331,MB NO.7415,Credit Customer
5521,FBMCL-00052,GHULAM SARWAR SB JPS(HAJI JAVED SB),MB NO.7421,MB,,0,Direct Sale (Mixed Transaction): 12MM STEEL,,,True,False,True,2026-05-19 11:34,,False,,,sales,direct_sale,334,MB NO.7421,Mixed Transaction
5523,FBMCL-00140,ABDUL GHAFFAR SB JPS,MB NO.7430,MB,,0,Direct Sale (Credit Customer): WIRE,,,True,False,True,2026-05-19 11:34,,False,,,sales,direct_sale,337,MB NO.7430,Credit Customer
5524,FBMCL-00171,FAKHAR SHAH SB AJNALA,SB-SL-1337,SB,,0,Direct Sale (Cash): PIONEER,,,True,True,False,2026-05-19 11:34,,False,,,sales,direct_sale,338,SB-SL-1337,Cash
5525,FBMCL-00017,ASHRAF SB AJNALA(SALEEM CONT),MB NO.7439,MB,,0,Direct Sale (Mixed Transaction): FAUJI,,,True,False,True,2026-05-19 11:34,,False,,,sales,direct_sale,342,MB NO.7439,Mixed Transaction
5526,FBMCL-00028,MIRZA AMJAD JAVED SB AJNALA SITE,MB NO.7460,MB,,0,Direct Sale (Credit Customer): PIONEER,,,True,False,True,2026-05-19 11:34,,False,,,sales,direct_sale,346,MB NO.7460,Credit Customer
5527,FBMCL-00009,MAZHAR SB RUPOWAL DERA,MB NO.7447,MB,,0,Direct Sale (Mixed Transaction): 12MM STEEL,,,True,False,True,2026-05-19 11:34,,False,,,sales,direct_sale,347,MB NO.7447,Mixed Transaction
5528,FBMCL-00021,RANA ZAHID SB JPS,MB NO.7448,MB,,0,Direct Sale (Credit Customer): FAUJI,,,True,False,True,2026-05-19 11:34,,False,,,sales,direct_sale,348,MB NO.7448,Credit Customer
5529,ORPH-00007,Orphan7,MB NO.7449,MB,,0,Direct Sale (Cash): DG,,,True,True,True,2026-05-19 11:34,,False,"[MIGRATION] Orphan record. Original client: ""MUBASHIR SB DHINDA"".",,sales,direct_sale,349,MB NO.7449,Cash
5530,ORPH-00077,Orphan77,MB NO.7450,MB,,0,Direct Sale (Cash): CHIPS ZERO,,,True,True,True,2026-05-19 11:34,,False,"[MIGRATION] Orphan record. Original client: ""MIRZA ZAMAN SB JPS"".",,sales,direct_sale,350,MB NO.7450,Cash
5531,FBMCL-00079,ISHTIAQ CONT KOANKH,MB NO.7456,MB,,0,Direct Sale (Cash): PIONEER,,,True,True,True,2026-05-19 11:34,,False,,,sales,direct_sale,355,MB NO.7456,Cash
5532,FBMCL-00048,RANA ZAHEER SB JPS,MB NO.7459,MB,,0,Direct Sale (Credit Customer): PIONEER,,,True,False,True,2026-05-19 11:34,,False,,,sales,direct_sale,356,MB NO.7459,Credit Customer
5533,ORPH-00007,Orphan7,MB NO.7462,MB,,0,Direct Sale (Cash): DG,,,True,True,True,2026-05-19 11:34,,False,"[MIGRATION] Orphan record. Original client: ""MUBASHIR SB DHINDA"".",,sales,direct_sale,357,MB NO.7462,Cash
5534,FBMCL-00147,MUHAMMAD RAZAQ SB JPS,MB NO.7470,MB,,0,Direct Sale (Mixed Transaction): DG,,,True,False,True,2026-05-19 11:34,,False,,,sales,direct_sale,358,MB NO.7470,Mixed Transaction
5535,FBMCL-00153,RAJA ALTAF SB JPS,MB NO.7468,MB,,0,Direct Sale (Credit Customer): RING 6X6,,,True,False,True,2026-05-19 11:34,,False,,,sales,direct_sale,361,MB NO.7468,Credit Customer
5536,FBMCL-00173,CASH SALE FBM,SB-SL-1362,SB,,0,Direct Sale (Cash): OPEN CEMENT,,,True,True,False,2026-05-19 11:34,,False,,,sales,direct_sale,363,SB-SL-1362,Cash
5537,FBMCL-00173,CASH SALE FBM,SB-SL-1363,SB,,0,Direct Sale (Cash): OPEN CEMENT,,,True,True,False,2026-05-19 11:34,,False,,,sales,direct_sale,364,SB-SL-1363,Cash
5538,FBMCL-00173,CASH SALE FBM,SB-SL-1364,SB,,0,Direct Sale (Cash): DG,,,True,True,False,2026-05-19 11:34,,False,,,sales,direct_sale,365,SB-SL-1364,Cash
5539,FBMCL-00172,SAIF ULLAH SB KOANKH,MB NO.7471/2,MB,,7130,Direct Sale (Credit Customer): CHAUGATH,,,False,False,True,2026-05-19 11:34,,False,,,sales,direct_sale,366,MB NO.7471/2,Credit Customer
5540,ORPH-00078,Orphan78,MB NO.7472,MB,,0,Direct Sale (Cash): PIONEER,,,True,True,True,2026-05-19 11:34,,False,"[MIGRATION] Orphan record. Original client: ""HAFIZ SHEHZAD GHURAIRA"".",,sales,direct_sale,367,MB NO.7472,Cash
5541,FBMCL-00155,ANSAR SB DOIYAN,SB-SL-1367,SB,,0,Direct Sale (Cash): WIRE,,,True,True,False,2026-05-19 11:34,,False,,,sales,direct_sale,368,SB-SL-1367,Cash
5542,FBMCL-00047,HAJI IQBAL SB JPS,MB NO.7474,MB,,0,Direct Sale (Mixed Transaction): 12MM STEEL,,,True,False,True,2026-05-19 11:34,,False,,,sales,direct_sale,369,MB NO.7474,Mixed Transaction
5543,ORPH-00039,Orphan39,MB NO.7475,MB,,0,Direct Sale (Cash): PIONEER,,,True,True,True,2026-05-19 11:34,,False,"[MIGRATION] Orphan record. Original client: ""MAQSOOD SB WAPDA KOANKH"".",,sales,direct_sale,370,MB NO.7475,Cash
5544,FBMCL-00157,MIRZA NAGHMAN SB TIBBA,MB NO.7477,MB,,28148,Direct Sale (Mixed Transaction): 20MM STEEL,,,False,False,True,2026-05-19 11:34,,False,,,sales,direct_sale,372,MB NO.7477,Mixed Transaction
5545,ORPH-00040,Orphan40,MB NO.7464,MB,,0,Direct Sale (Cash): DG,,,True,True,True,2026-05-19 11:34,,False,"[MIGRATION] Orphan record. Original client: ""DILAWAR SB GHURAL"".",,sales,direct_sale,373,MB NO.7464,Cash
5546,FBMCL-00052,GHULAM SARWAR SB JPS(HAJI JAVED SB),MB NO.7481,MB,,0,Direct Sale (Credit Customer): WIRE,,,True,False,True,2026-05-19 11:34,,False,,,sales,direct_sale,374,MB NO.7481,Credit Customer
5547,FBMCL-00016,MALIK ANSAR SB KHORI,MB NO.7482,MB,,0,Direct Sale (Credit Customer): PIONEER,,,True,False,True,2026-05-19 11:34,,False,,,sales,direct_sale,375,MB NO.7482,Credit Customer
5548,FBMCL-00111,RAJA PARWEZ SB RANGPUR,MB NO.7487,MB,,0,Direct Sale (Credit Customer): FT-DG,,,True,False,True,2026-05-19 11:34,,False,,,sales,direct_sale,378,MB NO.7487,Credit Customer
5549,FBMCL-00047,HAJI IQBAL SB JPS,MB NO.7492,MB,,0,Direct Sale (Credit Customer): 6MM STEEL,,,True,False,True,2026-05-19 11:34,,False,,,sales,direct_sale,381,MB NO.7492,Credit Customer
5550,FBMCL-00173,CASH SALE FBM,SB-SL-1381,SB,,0,Direct Sale (Cash): PIONEER,,,True,True,False,2026-05-19 11:34,,False,,,sales,direct_sale,382,SB-SL-1381,Cash
5551,FBMCL-00070,MUHAMMAD ASGHAR FAUJI SB JPS,MB NO.7497,MB,,0,Direct Sale (Credit Customer): BAJRI MOTI,,,True,False,True,2026-05-19 11:34,,False,,,sales,direct_sale,385,MB NO.7497,Credit Customer
5552,ORPH-00041,Orphan41,MB NO.7498,MB,,0,Direct Sale (Cash): STEEL NO 9,,,True,True,True,2026-05-19 11:34,,False,"[MIGRATION] Orphan record. Original client: ""HABIB SB"".",,sales,direct_sale,386,MB NO.7498,Cash
5553,FBMCL-00155,ANSAR SB DOIYAN,MB NO.7503,MB,,129.0000000000437,Direct Sale (Credit Customer): 12MM STEEL,,,False,False,True,2026-05-19 11:34,,False,,,sales,direct_sale,388,MB NO.7503,Credit Customer
5554,FBMCL-00173,CASH SALE FBM,SB-SL-1389,SB,,0,Direct Sale (Cash): CONCRETE SPACER,,,True,True,False,2026-05-19 11:34,,False,,,sales,direct_sale,390,SB-SL-1389,Cash
5555,FBMCL-00173,CASH SALE FBM,SB-SL-1390,SB,,0,Direct Sale (Cash): OPEN CEMENT,,,True,True,False,2026-05-19 11:34,,False,,,sales,direct_sale,391,SB-SL-1390,Cash
5556,FBMCL-00173,CASH SALE FBM,SB-SL-1391,SB,,0,Direct Sale (Cash): KOHAT,,,True,True,False,2026-05-19 11:34,,False,,,sales,direct_sale,392,SB-SL-1391,Cash
5557,FBMCL-00023,MALIK ADNAN,MB NO.7505/2,MB,,0,Direct Sale (Credit Customer): RENT-GENERAL,,,True,False,True,2026-05-19 11:34,,False,BRICKS RETURN RENT,,sales,direct_sale,394,MB NO.7505/2,Credit Customer
5558,FBMCL-00028,MIRZA AMJAD JAVED SB AJNALA SITE,MB NO.7509,MB,,0,Direct Sale (Credit Customer): PIONEER,,,True,False,True,2026-05-19 11:34,,False,,,sales,direct_sale,396,MB NO.7509,Credit Customer
5559,FBMCL-00052,GHULAM SARWAR SB JPS(HAJI JAVED SB),MB NO.7511/2,MB,,0,Direct Sale (Credit Customer): RENT-STEEL,,,True,False,True,2026-05-19 11:34,,False,STEEL RETURN RENT,,sales,direct_sale,398,MB NO.7511/2,Credit Customer
5560,ORPH-00042,Orphan42,MB NO.7515,MB,,15078,Direct Sale (Credit Customer): 6MM STEEL,,,False,False,True,2026-05-19 11:34,,False,"[MIGRATION] Orphan record. Original client: ""ARIF BAIG SB KOANKH (KAMRAN NUMBERDAR)"".",,sales,direct_sale,399,MB NO.7515,Credit Customer
5561,FBMCL-00173,CASH SALE FBM,SB-SL-1399,SB,,0,Direct Sale (Cash): PIONEER,,,True,True,False,2026-05-19 11:34,,False,,,sales,direct_sale,400,SB-SL-1399,Cash
5562,FBMCL-00052,GHULAM SARWAR SB JPS(HAJI JAVED SB),MB NO.7511/3,MB,,0,Direct Sale (Credit Customer): WIRE,,,True,False,True,2026-05-19 11:34,,False,,,sales,direct_sale,402,MB NO.7511/3,Credit Customer
5563,FBMCL-00173,CASH SALE FBM,SB-SL-1403,SB,,0,Direct Sale (Cash): KOHAT,,,True,True,False,2026-05-19 11:34,,False,,,sales,direct_sale,404,SB-SL-1403,Cash
5564,FBMCL-00157,MIRZA NAGHMAN SB TIBBA,MB NO.7519,MB,,137301,Direct Sale (Credit Customer): WIRE,,,False,False,True,2026-05-19 11:34,,False,,,sales,direct_sale,405,MB NO.7519,Credit Customer
5565,FBMCL-00157,MIRZA NAGHMAN SB TIBBA,MB NO.7520,MB,,4200,Direct Sale (Credit Customer): CONCRETE SPACER,,,False,False,True,2026-05-19 11:34,,False,,,sales,direct_sale,406,MB NO.7520,Credit Customer
5566,FBMCL-00052,GHULAM SARWAR SB JPS(HAJI JAVED SB),MB NO.7521,MB,,0,Direct Sale (Mixed Transaction): KOHAT,,,True,False,True,2026-05-19 11:34,,False,,,sales,direct_sale,407,MB NO.7521,Mixed Transaction
5567,FBMCL-00173,CASH SALE FBM,SB-SL-1407,SB,,0,Direct Sale (Cash): KOHAT,,,True,True,False,2026-05-19 11:34,,False,,,sales,direct_sale,408,SB-SL-1407,Cash
5568,FBMCL-00173,CASH SALE FBM,SB-SL-1408,SB,,0,Direct Sale (Cash): KOHAT,,,True,True,False,2026-05-19 11:34,,False,,,sales,direct_sale,409,SB-SL-1408,Cash
5569,FBMCL-00052,GHULAM SARWAR SB JPS(HAJI JAVED SB),MB NO.7523,MB,,0,Direct Sale (Credit Customer): KOHAT,,,True,False,True,2026-05-19 11:34,,False,,,sales,direct_sale,410,MB NO.7523,Credit Customer
5570,ORPH-00043,Orphan43,MB NO.7524,MB,,0,Direct Sale (Cash): RING 6X6,,,True,True,True,2026-05-19 11:34,,False,"[MIGRATION] Orphan record. Original client: ""NAWAZISH ALI SB POLICE CHOKI JPS"".",,sales,direct_sale,411,MB NO.7524,Cash
5571,FBMCL-00111,RAJA PARWEZ SB RANGPUR,MB NO.7528,MB,,0,Direct Sale (Credit Customer): DG,,,True,False,True,2026-05-19 11:34,,False,,,sales,direct_sale,412,MB NO.7528,Credit Customer
5572,FBMCL-00126,NAWAZ SB DHINDA (RIZWAN CONT),MB NO.7531,MB,,0,Direct Sale (Credit Customer): PIONEER,,,True,False,True,2026-05-19 11:34,,False,,,sales,direct_sale,414,MB NO.7531,Credit Customer
5573,FBMCL-00145,MASTER ZAHOOR SB JPS,MB NO.7538,MB,,0,Direct Sale (Mixed Transaction): DG,,,True,False,True,2026-05-19 11:34,,False,,,sales,direct_sale,417,MB NO.7538,Mixed Transaction
5574,FBMCL-00033,AHMED SUBHANI SB AJNALA,MB NO.7540,MB,,0,Direct Sale (Mixed Transaction): DG,,,True,False,True,2026-05-19 11:34,,False,,,sales,direct_sale,418,MB NO.7540,Mixed Transaction
5575,FBMCL-00103,RAJA AMEER HAMZA SB JPS,MB NO.7545,MB,,0,Direct Sale (Mixed Transaction): KOHAT,,,True,False,True,2026-05-19 11:34,,False,,,sales,direct_sale,419,MB NO.7545,Mixed Transaction
5576,FBMCL-00103,RAJA AMEER HAMZA SB JPS,MB NO.7545/2,MB,,0,Direct Sale (Credit Customer): RENT-CEMENT,,,True,False,True,2026-05-19 11:34,,False,,,sales,direct_sale,420,MB NO.7545/2,Credit Customer
5577,FBMCL-00145,MASTER ZAHOOR SB JPS,MB NO.7546,MB,,0,Direct Sale (Cash): BAJRI MOTI,,,True,True,True,2026-05-19 11:34,,False,,,sales,direct_sale,421,MB NO.7546,Cash
5578,FBMCL-00018,NAZAKAT MOBILE SHOP JPS,MB NO.7547,MB,,0,Direct Sale (Credit Customer): KOHAT,,,True,False,True,2026-05-19 11:34,,False,,,sales,direct_sale,422,MB NO.7547,Credit Customer
5579,FBMCL-00152,GULZAAR SB GHURAIRA,MB NO.7548,MB,,641,Direct Sale (Mixed Transaction): DG,,,False,False,True,2026-05-19 11:34,,False,,,sales,direct_sale,423,MB NO.7548,Mixed Transaction
5580,FBMCL-00070,MUHAMMAD ASGHAR FAUJI SB JPS,MB NO.7552,MB,,0,Direct Sale (Credit Customer): KOHAT,,,True,False,True,2026-05-19 11:34,,False,,,sales,direct_sale,424,MB NO.7552,Credit Customer
5581,FBMCL-00181,ASIF SB KOANKH ADNAN SB CLASS MATE,MB NO.7554,MB,,0,Direct Sale (Credit Customer): TILE 1ST GAGGO MANDI,,,True,False,True,2026-05-19 11:34,,False,,,sales,direct_sale,425,MB NO.7554,Credit Customer
5582,FBMCL-00171,FAKHAR SHAH SB AJNALA,MB NO.7556,MB,,0,Direct Sale (Credit Customer): TILE 1ST GAGGO MANDI,,,True,False,True,2026-05-19 11:34,,False,,,sales,direct_sale,426,MB NO.7556,Credit Customer
5583,FBMCL-00138,FAROOQ KALAS SB PARSUWAL,MB NO.7557,MB,,0,Direct Sale (Mixed Transaction): DG,,,True,False,True,2026-05-19 11:34,,False,,,sales,direct_sale,427,MB NO.7557,Mixed Transaction
5584,FBMCL-00173,CASH SALE FBM,MB NO.7561,MB,,0,Direct Sale (Cash): WIRE,,,True,True,True,2026-05-19 11:34,,False,,,sales,direct_sale,430,MB NO.7561,Cash
5585,FBMCL-00173,CASH SALE FBM,SB-SL-1430,SB,,0,Direct Sale (Cash): PIONEER,,,True,True,False,2026-05-19 11:34,,False,,,sales,direct_sale,431,SB-SL-1430,Cash
5586,FBMCL-00173,CASH SALE FBM,SB-SL-1431,SB,,0,Direct Sale (Cash): 6MM STEEL,,,True,True,False,2026-05-19 11:34,,False,,,sales,direct_sale,432,SB-SL-1431,Cash
5587,FBMCL-00113,MUHAMMAD SALEEM SB RUPOWAL,MB NO.7563,MB,,0,Direct Sale (Credit Customer): PIONEER,,,True,False,True,2026-05-19 11:34,,False,,,sales,direct_sale,433,MB NO.7563,Credit Customer
5588,FBMCL-00036,MALIK MEHDI KHAN SB JPS,MB NO.7564/3,MB,,0,Direct Sale (Credit Customer): PIONEER,,,True,False,True,2026-05-19 11:34,,False,,,sales,direct_sale,434,MB NO.7564/3,Credit Customer
5589,FBMCL-00116,NAUMAN RIHANIA SB JPS,MB NO.7195,MB,,0,Direct Sale (Credit Customer): PIONEER,,,True,False,True,2026-05-19 11:34,,False,,,sales,direct_sale,435,MB NO.7195,Credit Customer
5590,FBMCL-00048,RANA ZAHEER SB JPS,MB NO.7571,MB,,0,Direct Sale (Credit Customer): KOHAT,,,True,False,True,2026-05-19 11:34,,False,,,sales,direct_sale,436,MB NO.7571,Credit Customer
5592,FBMCL-00111,RAJA PARWEZ SB RANGPUR,MB NO.7578,MB,,0,Direct Sale (Credit Customer): DG,,,True,False,True,2026-05-19 11:34,,False,,,sales,direct_sale,440,MB NO.7578,Credit Customer
5593,FBMCL-00051,FAZAL ILAHI SB JALPUWAL,MB NO.7565,MB,,0,Direct Sale (Mixed Transaction): KOHAT,,,True,False,True,2026-05-19 11:34,,False,,,sales,direct_sale,441,MB NO.7565,Mixed Transaction
5595,FBMCL-00171,FAKHAR SHAH SB AJNALA,MB NO.7581,MB,,0,Direct Sale (Credit Customer): PIONEER,,,True,False,True,2026-05-19 11:34,,False,,,sales,direct_sale,443,MB NO.7581,Credit Customer
5596,FBMCL-00175,MUHAMMAD ARSHAD SB GHURAL (SUBEDAR QADAR DAD SB),MB NO.7582,MB,,0,Direct Sale (Mixed Transaction): FAUJI,,,True,False,True,2026-05-19 11:34,,False,,,sales,direct_sale,444,MB NO.7582,Mixed Transaction
5597,FBMCL-00147,MUHAMMAD RAZAQ SB JPS,MB NO.7583,MB,,0,Direct Sale (Mixed Transaction): DG,,,True,False,True,2026-05-19 11:34,,False,,,sales,direct_sale,445,MB NO.7583,Mixed Transaction
5598,ORPH-00079,Orphan79,MB NO.7591,MB,,0,Direct Sale (Cash): KOHAT,,,True,True,True,2026-05-19 11:34,,False,"[MIGRATION] Orphan record. Original client: ""RASHID SB MALIKPUR"".",,sales,direct_sale,448,MB NO.7591,Cash
5599,FBMCL-00023,MALIK ADNAN,MB NO.7595,MB,,0,Direct Sale (Mixed Transaction): DG,,,True,False,True,2026-05-19 11:34,,False,,,sales,direct_sale,450,MB NO.7595,Mixed Transaction
5600,FBMCL-00028,MIRZA AMJAD JAVED SB AJNALA SITE,MB NO.7597,MB,,0,Direct Sale (Credit Customer): PIONEER,,,True,False,True,2026-05-19 11:34,,False,,,sales,direct_sale,451,MB NO.7597,Credit Customer
5601,FBMCL-00177,MUHAMMAD ARIF BAIG SB KOANKH (KAMRAN NUMBERDAR),MB NO.7605,MB,,0,Direct Sale (Credit Customer): PIONEER,,,True,False,True,2026-05-19 11:34,,False,,,sales,direct_sale,456,MB NO.7605,Credit Customer
5602,FBMCL-00148,MUHAMMAD AFZAL SB DUKANDAR GHURAL,MB NO.7606,MB,,0,Direct Sale (Cash): PIONEER,,,True,True,True,2026-05-19 11:34,,False,,,sales,direct_sale,457,MB NO.7606,Cash
5603,FBMCL-00021,RANA ZAHID SB JPS,MB NO.7609,MB,,0,Direct Sale (Credit Customer): KOHAT,,,True,False,True,2026-05-19 11:34,,False,,,sales,direct_sale,458,MB NO.7609,Credit Customer
5604,ORPH-00020,Orphan20,MB NO.7622,MB,,0,Direct Sale (Cash): DG,,,True,True,True,2026-05-19 11:34,,False,"[MIGRATION] Orphan record. Original client: ""DILAWAW HUSSAIN SB GHURAL"".",,sales,direct_sale,466,MB NO.7622,Cash
5605,ORPH-00044,Orphan44,MB NO.7629,MB,,0,Direct Sale (Cash): FAUJI,,,True,True,True,2026-05-19 11:34,,False,"[MIGRATION] Orphan record. Original client: ""RUPOWAL BABA ZAFFAR SB"".",,sales,direct_sale,467,MB NO.7629,Cash
5606,FBMCL-00071,HAJI WARIS SB JPS,MB NO.7630,MB,,0,Direct Sale (Cash): FAUJI,,,True,True,True,2026-05-19 11:34,,False,,,sales,direct_sale,468,MB NO.7630,Cash
5607,FBMCL-00042,HAJI ASHFAQ SB JPS,MB NO.7641,MB,,0,Direct Sale (Credit Customer): FAUJI,,,True,False,True,2026-05-19 11:34,,False,,,sales,direct_sale,473,MB NO.7641,Credit Customer
5608,ORPH-00045,Orphan45,MB NO.7640,MB,,0,Direct Sale (Cash): KOHAT,,,True,True,True,2026-05-19 11:34,,False,"[MIGRATION] Orphan record. Original client: ""SAFDAR SB RUPOWAL"".",,sales,direct_sale,476,MB NO.7640,Cash
5609,FBMCL-00190,AZHAR BUTT SB JPS BUTT SWEETS,MB NO.7643,MB,,0,Direct Sale (Credit Customer): PIONEER,,,True,False,True,2026-05-19 11:34,,False,,,sales,direct_sale,477,MB NO.7643,Credit Customer
5610,FBMCL-00111,RAJA PARWEZ SB RANGPUR,MB NO.7646,MB,,0,Direct Sale (Credit Customer): FT-DG,,,True,False,True,2026-05-19 11:34,,False,,,sales,direct_sale,478,MB NO.7646,Credit Customer
5611,FBMCL-00185,DAWOOD SB HAZARA,MB NO.7647,MB,,0,Direct Sale (Cash): 12MM STEEL,,,True,True,True,2026-05-19 11:34,,False,,,sales,direct_sale,480,MB NO.7647,Cash
5612,FBMCL-00184,QAISER SB HAZARA,MB NO.7649,MB,,0,Direct Sale (Cash): 12MM STEEL,,,True,True,True,2026-05-19 11:34,,False,,,sales,direct_sale,481,MB NO.7649,Cash
5613,FBMCL-00016,MALIK ANSAR SB KHORI,MB NO.7653,MB,,0,Direct Sale (Credit Customer): KOHAT,,,True,False,True,2026-05-19 11:34,,False,,,sales,direct_sale,485,MB NO.7653,Credit Customer
5614,FBMCL-00147,MUHAMMAD RAZAQ SB JPS,MB NO.7657,MB,,0,Direct Sale (Cash): 12MM STEEL,,,True,True,True,2026-05-19 11:34,,False,,,sales,direct_sale,486,MB NO.7657,Cash
5615,FBMCL-00001,ABDUL AZEEM SB KHAN PUR KHOKHAR,MB NO.7658,MB,,0,Direct Sale (Mixed Transaction): 12MM STEEL,,,True,False,True,2026-05-19 11:34,,False,,,sales,direct_sale,488,MB NO.7658,Mixed Transaction
5616,FBMCL-00028,MIRZA AMJAD JAVED SB AJNALA SITE,MB NO.7664/2,MB,,0,Direct Sale (Credit Customer): RENT-CEMENT,,,True,False,True,2026-05-19 11:34,,False,,,sales,direct_sale,489,MB NO.7664/2,Credit Customer
5617,FBMCL-00021,RANA ZAHID SB JPS,MB NO.7665,MB,,0,Direct Sale (Credit Customer): KOHAT,,,True,False,True,2026-05-19 11:34,,False,,,sales,direct_sale,490,MB NO.7665,Credit Customer
5618,ORPH-00006,Orphan6,SB-SL-1491,SB,,0,Direct Sale (Cash): 12MM STEEL,,,True,True,False,2026-05-19 11:34,,False,"[MIGRATION] Orphan record. Original client: ""MOHSIN SB PARSUWAL"".",,sales,direct_sale,492,SB-SL-1491,Cash
5619,FBMCL-00177,MUHAMMAD ARIF BAIG SB KOANKH (KAMRAN NUMBERDAR),MB NO.7659,MB,,0,Direct Sale (Credit Customer): PIONEER,,,True,False,True,2026-05-19 11:34,,False,,,sales,direct_sale,495,MB NO.7659,Credit Customer
5620,FBMCL-00183,NAEEM ABBAS SB PARSUWAL,MB NO.7673-1,MB,,0,Direct Sale (Credit Customer): WIRE,,,True,False,True,2026-05-19 11:34,,False,,,sales,direct_sale,498,MB NO.7673-1,Credit Customer
5621,FBMCL-00070,MUHAMMAD ASGHAR FAUJI SB JPS,MB NO.7677,MB,,4090,Direct Sale (Credit Customer): BAJRI MOTI,,,False,False,True,2026-05-19 11:34,,False,,,sales,direct_sale,501,MB NO.7677,Credit Customer
5622,FBMCL-00141,SUBEDAR RIAZ SB JPS (HAJI ASHFAQ SB JPS),MB NO.7679,MB,,0,Direct Sale (Cash): CHAUGATH,,,True,True,True,2026-05-19 11:34,,False,,,sales,direct_sale,503,MB NO.7679,Cash
5623,ORPH-00015,Orphan15,MB NO.7680,MB,,0,Direct Sale (Cash): 12MM STEEL,,,True,True,True,2026-05-19 11:34,,False,"[MIGRATION] Orphan record. Original client: ""SAGHEER SB JPS"".",,sales,direct_sale,504,MB NO.7680,Cash
5624,FBMCL-00109,IMRAN SB KHATANA,MB NO.7681,MB,,0,Direct Sale (Cash): DG,,,True,True,True,2026-05-19 11:34,,False,,,sales,direct_sale,505,MB NO.7681,Cash
5625,ORPH-00080,Orphan80,MB NO.7686,MB,,0,Direct Sale (Cash): BAJRI MOTI,,,True,True,True,2026-05-19 11:34,,False,"[MIGRATION] Orphan record. Original client: ""GHEER SB JPS"".",,sales,direct_sale,506,MB NO.7686,Cash
5626,FBMCL-00013,JAWAD SB AJNALA JPS,MB NO.7692,MB,,0,Direct Sale (Credit Customer): DG,,,True,False,True,2026-05-19 11:34,,False,,,sales,direct_sale,508,MB NO.7692,Credit Customer
5627,FBMCL-00186,SAFDAR ALI SB AJNALA (ASLAM CONT),MB NO.7694/2,MB,,0,Direct Sale (Credit Customer): 12MM STEEL,,,True,False,True,2026-05-19 11:34,,False,,,sales,direct_sale,509,MB NO.7694/2,Credit Customer
5628,FBMCL-00109,IMRAN SB KHATANA,MB NO.7695,MB,,0,Direct Sale (Cash): DG,,,True,True,True,2026-05-19 11:34,,False,,,sales,direct_sale,510,MB NO.7695,Cash
5629,ORPH-00016,Orphan16,MB NO.7699,MB,,0,Direct Sale (Cash): 12MM STEEL,,,True,True,True,2026-05-19 11:34,,False,"[MIGRATION] Orphan record. Original client: ""DR LATIF SB JPS"".",,sales,direct_sale,511,MB NO.7699,Cash
5630,FBMCL-00070,MUHAMMAD ASGHAR FAUJI SB JPS,MB NO.7705,MB,,3450,Direct Sale (Credit Customer): BAJRI MOTI,,,False,False,True,2026-05-19 11:34,,False,,,sales,direct_sale,513,MB NO.7705,Credit Customer
5631,FBMCL-00194,DR LATEEF SB JPS,MB NO.7700,MB,,0,Direct Sale (Credit Customer): PIONEER,,,True,False,True,2026-05-19 11:34,,False,,,sales,direct_sale,516,MB NO.7700,Credit Customer
5632,FBMCL-00070,MUHAMMAD ASGHAR FAUJI SB JPS,MB NO.7713,MB,,12225,Direct Sale (Credit Customer): BAJRI MOTI,,,False,False,True,2026-05-19 11:34,,False,,,sales,direct_sale,518,MB NO.7713,Credit Customer
5633,FBMCL-00067,MUHAMMAD BASHEER SB CONT KOANKH,MB NO.7715,MB,,0,Direct Sale (Mixed Transaction): PIONEER,,,True,False,True,2026-05-19 11:34,,False,,,sales,direct_sale,520,MB NO.7715,Mixed Transaction
5634,FBMCL-00013,JAWAD SB AJNALA JPS,MB NO.7723,MB,,0,Direct Sale (Credit Customer): DG,,,True,False,True,2026-05-19 11:34,,False,,,sales,direct_sale,522,MB NO.7723,Credit Customer
5635,FBMCL-00145,MASTER ZAHOOR SB JPS,MB NO.7638,MB,,0,Direct Sale (Credit Customer): CHAUGATH,,,True,False,True,2026-05-19 11:34,,False,,,sales,direct_sale,524,MB NO.7638,Credit Customer
5636,FBMCL-00145,MASTER ZAHOOR SB JPS,MB NO.7724,MB,,0,Direct Sale (Credit Customer): RINGS 7X7,,,True,False,True,2026-05-19 11:34,,False,,,sales,direct_sale,525,MB NO.7724,Credit Customer
5637,FBMCL-00176,TARIQ MEHMOOD SB MALIKPUR,MB NO.7736,MB,,13407.39999999999,Direct Sale (Mixed Transaction): RENT-STEEL,,,False,False,True,2026-05-19 11:34,,False,,,sales,direct_sale,529,MB NO.7736,Mixed Transaction
5638,FBMCL-00194,DR LATEEF SB JPS,MB NO.7735,MB,,0,Direct Sale (Credit Customer): PIONEER,,,True,False,True,2026-05-19 11:34,,False,,,sales,direct_sale,531,MB NO.7735,Credit Customer
5639,FBMCL-00175,MUHAMMAD ARSHAD SB GHURAL (SUBEDAR QADAR DAD SB),MB NO.7740,MB,,0,Direct Sale (Mixed Transaction): FAUJI,,,True,False,True,2026-05-19 11:34,,False,,,sales,direct_sale,533,MB NO.7740,Mixed Transaction
5640,FBMCL-00065,SAJID BAIG MAKKI KOANKH,MB NO.7628,MB,,28637.5,Direct Sale (Mixed Transaction): CHAUGATH,,,False,False,True,2026-05-19 11:34,,False,,,sales,direct_sale,535,MB NO.7628,Mixed Transaction
5641,FBMCL-00055,FIYAZ BAIG SB KOANKH,MB NO.7743,MB,,0,Direct Sale (Credit Customer): 6MM STEEL,,,True,False,True,2026-05-19 11:34,,False,,,sales,direct_sale,536,MB NO.7743,Credit Customer
5642,FBMCL-00046,MEHBOOB ALAM SB KOANKH,MB NO.7352/2,MB,,0,Direct Sale (Mixed Transaction): KOHAT,,,True,False,True,2026-05-19 11:34,,False,,,sales,direct_sale,542,MB NO.7352/2,Mixed Transaction
5643,FBMCL-00048,RANA ZAHEER SB JPS,MB NO.7756,MB,,0,Direct Sale (Credit Customer): KOHAT,,,True,False,True,2026-05-19 11:34,,False,,,sales,direct_sale,545,MB NO.7756,Credit Customer
5644,FBMCL-00172,SAIF ULLAH SB KOANKH,MB NO.7760,MB,,20,Direct Sale (Credit Customer): RING 4X4,,,False,False,True,2026-05-19 11:34,,False,,,sales,direct_sale,546,MB NO.7760,Credit Customer
5645,FBMCL-00070,MUHAMMAD ASGHAR FAUJI SB JPS,MB NO.7763,MB,,5840,Direct Sale (Credit Customer): KOHAT,,,False,False,True,2026-05-19 11:34,,False,,,sales,direct_sale,548,MB NO.7763,Credit Customer
5646,ORPH-00046,Orphan46,MB NO.7764,MB,,0,Direct Sale (Cash): PIONEER,,,True,True,True,2026-05-19 11:34,,False,"[MIGRATION] Orphan record. Original client: ""RIAZ SB JPS"".",,sales,direct_sale,549,MB NO.7764,Cash
5647,FBMCL-00176,TARIQ MEHMOOD SB MALIKPUR,MB NO.7766,MB,,0,Direct Sale (Cash): CONCRETE SPACER,,,True,True,True,2026-05-19 11:34,,False,,,sales,direct_sale,550,MB NO.7766,Cash
5648,FBMCL-00202,HAFIZ ABDUL JABBAR SB RANGPUR,MB NO.7765,MB,,0,Direct Sale (Cash): RING 6X6,,,True,True,True,2026-05-19 11:34,,False,,,sales,direct_sale,551,MB NO.7765,Cash
5649,FBMCL-00070,MUHAMMAD ASGHAR FAUJI SB JPS,MB NO.7763/2,MB,,2920,Direct Sale (Credit Customer): KOHAT,,,False,False,True,2026-05-19 11:34,,False,,,sales,direct_sale,552,MB NO.7763/2,Credit Customer
5650,FBMCL-00194,DR LATEEF SB JPS,MB NO.7768,MB,,0,Direct Sale (Credit Customer): PIONEER,,,True,False,True,2026-05-19 11:34,,False,,,sales,direct_sale,553,MB NO.7768,Credit Customer
5651,FBMCL-00109,IMRAN SB KHATANA,MB NO.7773,MB,,0,Direct Sale (Cash): DG,,,True,True,True,2026-05-19 11:34,,False,,,sales,direct_sale,555,MB NO.7773,Cash
5652,FBMCL-00194,DR LATEEF SB JPS,MB NO.7776,MB,,0,Direct Sale (Credit Customer): WIRE,,,True,False,True,2026-05-19 11:34,,False,,,sales,direct_sale,557,MB NO.7776,Credit Customer
5653,FBMCL-00013,JAWAD SB AJNALA JPS,MB NO.7778,MB,,0,Direct Sale (Credit Customer): DG,,,True,False,True,2026-05-19 11:34,,False,,,sales,direct_sale,559,MB NO.7778,Credit Customer
5654,FBMCL-00175,MUHAMMAD ARSHAD SB GHURAL (SUBEDAR QADAR DAD SB),MB NO.7788,MB,,0,Direct Sale (Credit Customer): WIRE,,,True,False,True,2026-05-19 11:34,,False,,,sales,direct_sale,566,MB NO.7788,Credit Customer
5655,FBMCL-00175,MUHAMMAD ARSHAD SB GHURAL (SUBEDAR QADAR DAD SB),MB NO.7788/7794,MB,,0,Direct Sale (Credit Customer): WIRE,,,True,False,True,2026-05-19 11:34,,False,,,sales,direct_sale,569,MB NO.7788/7794,Credit Customer
5656,FBMCL-00006,SHEHBAZ BAIG SB KOANKH,MB NO.7798,MB,,0,Direct Sale (Cash): TILE 1ST GAGGO MANDI,,,True,True,True,2026-05-19 11:34,,False,,,sales,direct_sale,570,MB NO.7798,Cash
5657,FBMCL-00116,NAUMAN RIHANIA SB JPS,MB NO.7570,MB,,0,Direct Sale (Credit Customer): PIONEER,,,True,False,True,2026-05-19 11:34,,False,,,sales,direct_sale,572,MB NO.7570,Credit Customer
5658,FBMCL-00116,NAUMAN RIHANIA SB JPS,MB NO.7808,MB,,0,Direct Sale (Credit Customer): PIONEER,,,True,False,True,2026-05-19 11:34,,False,,,sales,direct_sale,573,MB NO.7808,Credit Customer
5659,FBMCL-00028,MIRZA AMJAD JAVED SB AJNALA SITE,MB NO.7802,MB,,0,Direct Sale (Credit Customer): PIONEER,,,True,False,True,2026-05-19 11:34,,False,,,sales,direct_sale,574,MB NO.7802,Credit Customer
5660,FBMCL-00194,DR LATEEF SB JPS,MB NO.7806,MB,,0,Direct Sale (Credit Customer): PIONEER,,,True,False,True,2026-05-19 11:34,,False,,,sales,direct_sale,577,MB NO.7806,Credit Customer
5661,FBMCL-00051,FAZAL ILAHI SB JALPUWAL,MB NO.7814,MB,,0,Direct Sale (Mixed Transaction): 10MM STEEL,,,True,False,True,2026-05-19 11:34,,False,,,sales,direct_sale,579,MB NO.7814,Mixed Transaction
5662,FBMCL-00146,ABDUL SATTAR SB DHINDA FARM,MB NO.7815,MB,,0,Direct Sale (Credit Customer): PIONEER,,,True,False,True,2026-05-19 11:34,,False,,,sales,direct_sale,580,MB NO.7815,Credit Customer
5663,ORPH-00011,Orphan11,MB NO.7820,MB,,0,Direct Sale (Cash): PIONEER,,,True,True,True,2026-05-19 11:34,,False,"[MIGRATION] Orphan record. Original client: ""BILAL SB KOANKH"".",,sales,direct_sale,584,MB NO.7820,Cash
5664,FBMCL-00197,RAOOF SB GHURAL,MB NO.7823,MB,,0,Direct Sale (Cash): WIRE,,,True,True,True,2026-05-19 11:34,,False,,,sales,direct_sale,586,MB NO.7823,Cash
5665,FBMCL-00141,SUBEDAR RIAZ SB JPS (HAJI ASHFAQ SB JPS),MB NO.7826,MB,,0,Direct Sale (Cash): PIONEER,,,True,True,True,2026-05-19 11:34,,False,,,sales,direct_sale,588,MB NO.7826,Cash
5666,FBMCL-00171,FAKHAR SHAH SB AJNALA,MB NO.7827,MB,,0,Direct Sale (Credit Customer): TILE 1ST GAGGO MANDI,,,True,False,True,2026-05-19 11:34,,False,,,sales,direct_sale,589,MB NO.7827,Credit Customer
5667,FBMCL-00194,DR LATEEF SB JPS,MB NO.7830,MB,,0,Direct Sale (Credit Customer): PIONEER,,,True,False,True,2026-05-19 11:34,,False,,,sales,direct_sale,591,MB NO.7830,Credit Customer
5668,FBMCL-00013,JAWAD SB AJNALA JPS,MB NO.7831,MB,,0,Direct Sale (Credit Customer): DG,,,True,False,True,2026-05-19 11:34,,False,,,sales,direct_sale,592,MB NO.7831,Credit Customer
5670,FBMCL-00200,HDC SYED TASSAWAR SHAH SB MALIKPUR SITE,MB NO.1710,MB,,0,Direct Sale (Credit Customer): BAJR,,,True,False,True,2026-05-19 11:34,,False,,,sales,direct_sale,598,MB NO.1710,Credit Customer
5671,FBMCL-00200,HDC SYED TASSAWAR SHAH SB MALIKPUR SITE,MB NO.2778,MB,,0,Direct Sale (Mixed Transaction): 12MM STEEL,,,True,False,True,2026-05-19 11:34,,False,,,sales,direct_sale,603,MB NO.2778,Mixed Transaction
5673,FBMCL-00109,IMRAN SB KHATANA,SB-SL-1606,SB,,0,Direct Sale (Cash): WIRE,,,True,True,False,2026-05-19 11:34,,False,,,sales,direct_sale,607,SB-SL-1606,Cash
5674,FBMCL-00194,DR LATEEF SB JPS,MB NO.7874,MB,,0,Direct Sale (Credit Customer): PIONEER,,,True,False,True,2026-05-19 11:34,,False,,,sales,direct_sale,608,MB NO.7874,Credit Customer
5675,FBMCL-00199,SAEED KHAN SN JPS KOANKH,MB NO.7875,MB,,0,Direct Sale (Mixed Transaction): PIONEER,,,True,False,True,2026-05-19 11:34,,False,,,sales,direct_sale,609,MB NO.7875,Mixed Transaction
5676,FBMCL-00146,ABDUL SATTAR SB DHINDA FARM,MB NO.7878,MB,,0,Direct Sale (Credit Customer): PIONEER,,,True,False,True,2026-05-19 11:34,,False,,,sales,direct_sale,611,MB NO.7878,Credit Customer
5677,FBMCL-00036,MALIK MEHDI KHAN SB JPS,MB NO.7879,MB,,1490,Direct Sale (Credit Customer): BAJRI PAAN,,,False,False,True,2026-05-19 11:34,,False,,,sales,direct_sale,612,MB NO.7879,Credit Customer
5678,FBMCL-00145,MASTER ZAHOOR SB JPS,MB NO.7881,MB,,0,Direct Sale (Credit Customer): WIRE,,,True,False,True,2026-05-19 11:34,,False,,,sales,direct_sale,614,MB NO.7881,Credit Customer
5679,FBMCL-00028,MIRZA AMJAD JAVED SB AJNALA SITE,MB NO.7882,MB,,0,Direct Sale (Credit Customer): PIONEER,,,True,False,True,2026-05-19 11:34,,False,,,sales,direct_sale,615,MB NO.7882,Credit Customer
5680,FBMCL-00116,NAUMAN RIHANIA SB JPS,MB NO.7884,MB,,0,Direct Sale (Mixed Transaction): PIONEER,,,True,False,True,2026-05-19 11:34,,False,,,sales,direct_sale,616,MB NO.7884,Mixed Transaction
5681,FBMCL-00038,TAHIR SB AJNALA,MB NO.7898,MB,,11500,Direct Sale (Credit Customer): BAJRI MOTI,,,False,False,True,2026-05-19 11:34,,False,,,sales,direct_sale,617,MB NO.7898,Credit Customer
5682,ORPH-00047,Orphan47,MB NO.7887,MB,,0,Direct Sale (Cash): 12MM STEEL,,,True,True,True,2026-05-19 11:34,,False,"[MIGRATION] Orphan record. Original client: ""ASGHAR SB HAJI WALA"".",,sales,direct_sale,618,MB NO.7887,Cash
5683,FBMCL-00065,SAJID BAIG MAKKI KOANKH,MB NO.7910,MB,,1000,Direct Sale (Mixed Transaction): DG,,,False,False,True,2026-05-19 11:34,,False,,,sales,direct_sale,629,MB NO.7910,Mixed Transaction
5684,ORPH-00081,Orphan81,MB NO.7906,MB,,0,Direct Sale (Cash): PIONEER,,,True,True,True,2026-05-19 11:34,,False,"[MIGRATION] Orphan record. Original client: ""SIKANDAR IQBAL SB JAGUWAN"".",,sales,direct_sale,630,MB NO.7906,Cash
5685,ORPH-00005,Orphan5,MB NO.7907,MB,,0,Direct Sale (Cash): BAJRI MOTI,,,True,True,True,2026-05-19 11:34,,False,"[MIGRATION] Orphan record. Original client: ""AMIR SB AJNALA"".",,sales,direct_sale,631,MB NO.7907,Cash
5686,FBMCL-00036,MALIK MEHDI KHAN SB JPS,MB NO.7912,MB,,750,Direct Sale (Credit Customer): BAJRI PAAN,,,False,False,True,2026-05-19 11:34,,False,,,sales,direct_sale,634,MB NO.7912,Credit Customer
5687,FBMCL-00145,MASTER ZAHOOR SB JPS,MB NO.7916,MB,,0,Direct Sale (Credit Customer): RING 4X9,,,True,False,True,2026-05-19 11:34,,False,,,sales,direct_sale,636,MB NO.7916,Credit Customer
5688,FBMCL-00023,MALIK ADNAN,MB NO.7917,MB,,0,Direct Sale (Credit Customer): DG,,,True,False,True,2026-05-19 11:34,,False,,,sales,direct_sale,637,MB NO.7917,Credit Customer
5689,FBMCL-00153,RAJA ALTAF SB JPS,MB NO.7923,MB,,0,Direct Sale (Mixed Transaction): 12MM STEEL,,,True,False,True,2026-05-19 11:34,,False,,,sales,direct_sale,640,MB NO.7923,Mixed Transaction
5690,FBMCL-00051,FAZAL ILAHI SB JALPUWAL,MB NO.7920,MB,,0,Direct Sale (Mixed Transaction): FT-KOHAT,,,True,False,True,2026-05-19 11:34,,False,,,sales,direct_sale,641,MB NO.7920,Mixed Transaction
5691,FBMCL-00048,RANA ZAHEER SB JPS,MB NO.7926,MB,,0,Direct Sale (Credit Customer): KOHAT,,,True,False,True,2026-05-19 11:34,,False,,,sales,direct_sale,642,MB NO.7926,Credit Customer
5692,FBMCL-00146,ABDUL SATTAR SB DHINDA FARM,MB NO.7934,MB,,0,Direct Sale (Credit Customer): PIONEER,,,True,False,True,2026-05-19 11:34,,False,,,sales,direct_sale,643,MB NO.7934,Credit Customer
5693,ORPH-00048,Orphan48,MB NO.7924,MB,,0,Direct Sale (Cash): CHAUGATH,,,True,True,True,2026-05-19 11:34,,False,"[MIGRATION] Orphan record. Original client: ""ASIF SB GHURAIRA"".",,sales,direct_sale,645,MB NO.7924,Cash
5694,FBMCL-00146,ABDUL SATTAR SB DHINDA FARM,MB NO.7935,MB,,0,Direct Sale (Credit Customer): PIONEER,,,True,False,True,2026-05-19 11:34,,False,,,sales,direct_sale,648,MB NO.7935,Credit Customer
5695,ORPH-00008,Orphan8,MB NO.7938,MB,,0,Direct Sale (Cash): PIONEER,,,True,True,True,2026-05-19 11:34,,False,"[MIGRATION] Orphan record. Original client: ""MUHAMMAD ALI SB KOANKH"".",,sales,direct_sale,651,MB NO.7938,Cash
5696,ORPH-00049,Orphan49,SB-SL-1651,SB,,0,Direct Sale (Cash): CHAUGATH,,,True,True,False,2026-05-19 11:34,,False,"[MIGRATION] Orphan record. Original client: ""PARWEZ SB JPS"".",,sales,direct_sale,652,SB-SL-1651,Cash
5697,ORPH-00008,Orphan8,SB-SL-1653,SB,,0,Direct Sale (Cash): PIONEER,,,True,True,False,2026-05-19 11:34,,False,"[MIGRATION] Orphan record. Original client: ""MUHAMMAD ALI SB KOANKH"".",,sales,direct_sale,654,SB-SL-1653,Cash
5698,ORPH-00006,Orphan6,MB NO.7951,MB,,0,Direct Sale (Cash): CHAUGATH,,,True,True,True,2026-05-19 11:34,,False,"[MIGRATION] Orphan record. Original client: ""MOHSIN SB PARSUWAL"".",,sales,direct_sale,655,MB NO.7951,Cash
5699,FBMCL-00197,RAOOF SB GHURAL,MB NO.7952,MB,,0,Direct Sale (Mixed Transaction): KOHAT,,,True,False,True,2026-05-19 11:34,,False,,,sales,direct_sale,656,MB NO.7952,Mixed Transaction
5701,ORPH-00012,Orphan12,SB-SL-1657,SB,,0,Direct Sale (Cash): PIONEER,,,True,True,False,2026-05-19 11:34,,False,"[MIGRATION] Orphan record. Original client: ""CH AWAIZ AJNALA (ASLAM CONT)"".",,sales,direct_sale,658,SB-SL-1657,Cash
5702,ORPH-00012,Orphan12,SB-SL-1658,SB,,0,Direct Sale (Cash): PIONEER,,,True,True,False,2026-05-19 11:34,,False,"[MIGRATION] Orphan record. Original client: ""CH AWAIZ AJNALA (ASLAM CONT)"".",,sales,direct_sale,659,SB-SL-1658,Cash
5703,FBMCL-00200,HDC SYED TASSAWAR SHAH SB MALIKPUR SITE,MB NO.3170,MB,,0,Direct Sale (Mixed Transaction): 12MM STEEL,,,True,False,True,2026-05-19 11:34,,False,,,sales,direct_sale,661,MB NO.3170,Mixed Transaction
5704,FBMCL-00200,HDC SYED TASSAWAR SHAH SB MALIKPUR SITE,MB NO.3298,MB,,0,Direct Sale (Mixed Transaction): KOHAT,,,True,False,True,2026-05-19 11:34,,False,,,sales,direct_sale,670,MB NO.3298,Mixed Transaction
5705,FBMCL-00146,ABDUL SATTAR SB DHINDA FARM,MB NO.7967,MB,,0,Direct Sale (Credit Customer): PIONEER,,,True,False,True,2026-05-19 11:34,,False,,,sales,direct_sale,671,MB NO.7967,Credit Customer
5706,FBMCL-00113,MUHAMMAD SALEEM SB RUPOWAL,MB NO.7964,MB,,0,Direct Sale (Credit Customer): PIONEER,,,True,False,True,2026-05-19 11:34,,False,,,sales,direct_sale,674,MB NO.7964,Credit Customer
5707,FBMCL-00125,HAFIZ TAUSEEF SB AJNALA,MB NO.7965,MB,,0,Direct Sale (Credit Customer): PIONEER,,,True,False,True,2026-05-19 11:34,,False,,,sales,direct_sale,675,MB NO.7965,Credit Customer
5708,FBMCL-00055,FIYAZ BAIG SB KOANKH,MB NO.7970,MB,,0,Direct Sale (Credit Customer): DG,,,True,False,True,2026-05-19 11:34,,False,,,sales,direct_sale,676,MB NO.7970,Credit Customer
5709,FBMCL-00109,IMRAN SB KHATANA,MB NO.7983,MB,,0,Direct Sale (Cash): DG,,,True,True,True,2026-05-19 11:34,,False,,,sales,direct_sale,680,MB NO.7983,Cash
5710,ORPH-00025,Orphan25,MB NO.7979,MB,,0,Direct Sale (Cash): 12MM STEEL,,,True,True,True,2026-05-19 11:34,,False,"[MIGRATION] Orphan record. Original client: ""RIZWAN SB JPS"".",,sales,direct_sale,681,MB NO.7979,Cash
5711,ORPH-00050,Orphan50,MB NO.7987/7989,MB,,0,Direct Sale (Cash): PIONEER,,,True,True,True,2026-05-19 11:34,,False,"[MIGRATION] Orphan record. Original client: ""ALI HAIDER KOANKH"".",,sales,direct_sale,684,MB NO.7987/7989,Cash
5712,FBMCL-00001,ABDUL AZEEM SB KHAN PUR KHOKHAR,MB NO.7991,MB,,0,Direct Sale (Credit Customer): TILE 1ST GAGGO MANDI,,,True,False,True,2026-05-19 11:34,,False,,,sales,direct_sale,686,MB NO.7991,Credit Customer
5713,FBMCL-00200,HDC SYED TASSAWAR SHAH SB MALIKPUR SITE,MB NO.3451,MB,,0,Direct Sale (Credit Customer): 10MM STEEL,,,True,False,True,2026-05-19 11:34,,False,,,sales,direct_sale,691,MB NO.3451,Credit Customer
5714,ORPH-00004,Orphan4,SB-SL-1691,SB,,0,Direct Sale (Cash): 12MM STEEL,,,True,True,False,2026-05-19 11:34,,False,"[MIGRATION] Orphan record. Original client: ""SHAMRAIZ SB KANIYAN"".",,sales,direct_sale,692,SB-SL-1691,Cash
5715,FBMCL-00164,MUHAMMMAD AWAIS SB PARSUWAL,MB NO.7994,MB,,4.547473508864641e-13,Direct Sale (Mixed Transaction): 12MM STEEL,,,True,False,True,2026-05-19 11:34,,False,,,sales,direct_sale,693,MB NO.7994,Mixed Transaction
5716,ORPH-00021,Orphan21,MB NO.7999,MB,,0,Direct Sale (Cash): CHAUGATH,,,True,True,True,2026-05-19 11:34,,False,"[MIGRATION] Orphan record. Original client: ""subedar sb dukandar jps"".",,sales,direct_sale,697,MB NO.7999,Cash
5717,ORPH-00004,Orphan4,MB NO.8001,MB,,0,Direct Sale (Cash): 12MM STEEL,,,True,True,True,2026-05-19 11:34,,False,"[MIGRATION] Orphan record. Original client: ""SHAMRAIZ SB KANIYAN"".",,sales,direct_sale,698,MB NO.8001,Cash
5718,ORPH-00017,Orphan17,SB-SL-1698,SB,,0,Direct Sale (Cash): 12MM STEEL,,,True,True,False,2026-05-19 11:34,,False,"[MIGRATION] Orphan record. Original client: ""AFZAL NUMBERDAR SB RANGPUR"".",,sales,direct_sale,699,SB-SL-1698,Cash
5719,FBMCL-00013,JAWAD SB AJNALA JPS,MB NO.8006,MB,,0,Direct Sale (Credit Customer): BAJRI MOTI,,,True,False,True,2026-05-19 11:34,,False,,,sales,direct_sale,702,MB NO.8006,Credit Customer
5720,FBMCL-00071,HAJI WARIS SB JPS,MB NO.8007,MB,,0,Direct Sale (Mixed Transaction): DG,,,True,False,True,2026-05-19 11:34,,False,,,sales,direct_sale,703,MB NO.8007,Mixed Transaction
5721,FBMCL-00175,MUHAMMAD ARSHAD SB GHURAL (SUBEDAR QADAR DAD SB),MB NO.8013,MB,,0,Direct Sale (Credit Customer): 12MM STEEL,,,True,False,True,2026-05-19 11:34,,False,,,sales,direct_sale,709,MB NO.8013,Credit Customer
5722,FBMCL-00021,RANA ZAHID SB JPS,MB NO.8016,MB,,0,Direct Sale (Credit Customer): KOHAT,,,True,False,True,2026-05-19 11:34,,False,,,sales,direct_sale,710,MB NO.8016,Credit Customer
5723,FBMCL-00116,NAUMAN RIHANIA SB JPS,MB NO.8032,MB,,0,Direct Sale (Mixed Transaction): KOHAT,,,True,False,True,2026-05-19 11:34,,False,,,sales,direct_sale,716,MB NO.8032,Mixed Transaction
5724,FBMCL-00048,RANA ZAHEER SB JPS,MB NO.8034,MB,,0,Direct Sale (Credit Customer): KOHAT,,,True,False,True,2026-05-19 11:34,,False,,,sales,direct_sale,717,MB NO.8034,Credit Customer
5725,FBMCL-00171,FAKHAR SHAH SB AJNALA,MB NO.8037,MB,,0,Direct Sale (Credit Customer): PIONEER,,,True,False,True,2026-05-19 11:34,,False,,,sales,direct_sale,718,MB NO.8037,Credit Customer
5726,FBMCL-00028,MIRZA AMJAD JAVED SB AJNALA SITE,MB NO.8040,MB,,0,Direct Sale (Credit Customer): PIONEER,,,True,False,True,2026-05-19 11:34,,False,,,sales,direct_sale,719,MB NO.8040,Credit Customer
5727,FBMCL-00071,HAJI WARIS SB JPS,MB NO.8050,MB,,0,Direct Sale (Credit Customer): RINGS 7X7,,,True,False,True,2026-05-19 11:34,,False,,,sales,direct_sale,724,MB NO.8050,Credit Customer
5728,FBMCL-00125,HAFIZ TAUSEEF SB AJNALA,MB NO.8053,MB,,0,Direct Sale (Credit Customer): PIONEER,,,True,False,True,2026-05-19 11:34,,False,,,sales,direct_sale,725,MB NO.8053,Credit Customer
5729,FBMCL-00197,RAOOF SB GHURAL,MB NO.8076,MB,,0,Direct Sale (Credit Customer): WIRE,,,True,False,True,2026-05-19 11:34,,False,,,sales,direct_sale,729,MB NO.8076,Credit Customer
5731,FBMCL-00197,RAOOF SB GHURAL,MB NO.8084,MB,,0,Direct Sale (Mixed Transaction): KOHAT,,,True,False,True,2026-05-19 11:34,,False,,,sales,direct_sale,735,MB NO.8084,Mixed Transaction
5732,FBMCL-00175,MUHAMMAD ARSHAD SB GHURAL (SUBEDAR QADAR DAD SB),MB NO.8088,MB,,0,Direct Sale (Mixed Transaction): FAUJI,,,True,False,True,2026-05-19 11:34,,False,,,sales,direct_sale,737,MB NO.8088,Mixed Transaction
5733,FBMCL-00120,DILDAAR HUSSAIN SB PARSUWAL,MB NO.8090,MB,,0,Direct Sale (Mixed Transaction): FT-KOHAT,,,True,False,True,2026-05-19 11:34,,False,,,sales,direct_sale,739,MB NO.8090,Mixed Transaction
5734,FBMCL-00207,MALIK NAVEED SB KHAN PUR KHOKHAR,MB NO.8091,MB,,0,Direct Sale (Credit Customer): RING 6X6,,,True,False,True,2026-05-19 11:34,,False,,,sales,direct_sale,740,MB NO.8091,Credit Customer
5735,FBMCL-00035,EHSAN SB CHAUHAN,MB NO.8101,MB,,0,Direct Sale (Mixed Transaction): DG,,,True,False,True,2026-05-19 11:34,,False,,,sales,direct_sale,743,MB NO.8101,Mixed Transaction
5736,FBMCL-00044,NADEEM SB DHINDA,MB NO.8107,MB,,0,Direct Sale (Credit Customer): FAUJI,,,True,False,True,2026-05-19 11:34,,False,,,sales,direct_sale,747,MB NO.8107,Credit Customer
5737,FBMCL-00167,CH MUHAMMAD AKRAM RIHANIA SB JPS,MB NO.8112,MB,,0,Direct Sale (Credit Customer): CHAUGATH,,,True,False,True,2026-05-19 11:34,,False,,,sales,direct_sale,748,MB NO.8112,Credit Customer
5738,FBMCL-00145,MASTER ZAHOOR SB JPS,MB NO.8113,MB,,0,Direct Sale (Mixed Transaction): DG,,,True,False,True,2026-05-19 11:34,,False,,,sales,direct_sale,749,MB NO.8113,Mixed Transaction
5740,FBMCL-00158,JAMEEL SB JAGWAN,MB NO.8064,MB,,0,Direct Sale (Cash): CHAUGATH,,,True,True,True,2026-05-19 11:34,,False,,,sales,direct_sale,754,MB NO.8064,Cash
5741,FBMCL-00125,HAFIZ TAUSEEF SB AJNALA,MB NO.8128,MB,,0,Direct Sale (Credit Customer): PIONEER,,,True,False,True,2026-05-19 11:34,,False,,,sales,direct_sale,758,MB NO.8128,Credit Customer
5742,FBMCL-00065,SAJID BAIG MAKKI KOANKH,MB NO.8068,MB,,8699.5,Direct Sale (Mixed Transaction): 12MM STEEL,,,False,False,True,2026-05-19 11:34,,False,,,sales,direct_sale,759,MB NO.8068,Mixed Transaction
5743,FBMCL-00065,SAJID BAIG MAKKI KOANKH,MB NO.8071,MB,,2520,Direct Sale (Credit Customer): WIRE,,,False,False,True,2026-05-19 11:34,,False,,,sales,direct_sale,760,MB NO.8071,Credit Customer
5744,FBMCL-00065,SAJID BAIG MAKKI KOANKH,MB NO.8131,MB,,7200,Direct Sale (Mixed Transaction): DG,,,False,False,True,2026-05-19 11:34,,False,,,sales,direct_sale,761,MB NO.8131,Mixed Transaction
5745,FBMCL-00001,ABDUL AZEEM SB KHAN PUR KHOKHAR,MB NO.8135,MB,,0,Direct Sale (Mixed Transaction): DG,,,True,False,True,2026-05-19 11:34,,False,,,sales,direct_sale,764,MB NO.8135,Mixed Transaction
5748,FBMCL-00116,NAUMAN RIHANIA SB JPS,MB NO.8149,MB,,0,Direct Sale (Credit Customer): ISM 12MM STEEL,,,True,False,True,2026-05-19 11:34,,False,,,sales,direct_sale,770,MB NO.8149,Credit Customer
5749,FBMCL-00116,NAUMAN RIHANIA SB JPS,MB NO.8160,MB,,0,Direct Sale (Credit Customer): PIONEER,,,True,False,True,2026-05-19 11:34,,False,,,sales,direct_sale,775,MB NO.8160,Credit Customer
5750,FBMCL-00156,MUHANNAD ASLAM SB MALIKPUR,MB NO.8161,MB,,490,Direct Sale (Mixed Transaction): 12MM STEEL,,,False,False,True,2026-05-19 11:34,,False,,,sales,direct_sale,776,MB NO.8161,Mixed Transaction
5751,FBMCL-00073,MUHAMMAD ASHRAF SB JPS NEAR SCHOOL (SALEEM CONT),MB NO.8159,MB,,0,Direct Sale (Mixed Transaction): 12MM STEEL,,,True,False,True,2026-05-19 11:34,,False,,,sales,direct_sale,777,MB NO.8159,Mixed Transaction
5752,FBMCL-00066,SUBEDAR MUHAMMAD ARSHAD SB KHANPUR KHOKHAR,MB NO.8166,MB,,0,Direct Sale (Cash): WIRE,,,True,True,True,2026-05-19 11:34,,False,,,sales,direct_sale,778,MB NO.8166,Cash
5753,FBMCL-00113,MUHAMMAD SALEEM SB RUPOWAL,MB NO.8165,MB,,0,Direct Sale (Credit Customer): PIONEER,,,True,False,True,2026-05-19 11:34,,False,,,sales,direct_sale,779,MB NO.8165,Credit Customer
5754,FBMCL-00116,NAUMAN RIHANIA SB JPS,MB NO.8172,MB,,0,Direct Sale (Credit Customer): PIONEER,,,True,False,True,2026-05-19 11:34,,False,,,sales,direct_sale,781,MB NO.8172,Credit Customer
5755,FBMCL-00146,ABDUL SATTAR SB DHINDA FARM,MB NO.8173,MB,,0,Direct Sale (Credit Customer): PIONEER,,,True,False,True,2026-05-19 11:34,,False,,,sales,direct_sale,782,MB NO.8173,Credit Customer
5756,FBMCL-00028,MIRZA AMJAD JAVED SB AJNALA SITE,MB NO.8174,MB,,0,Direct Sale (Credit Customer): PIONEER,,,True,False,True,2026-05-19 11:34,,False,,,sales,direct_sale,783,MB NO.8174,Credit Customer
5757,FBMCL-00073,MUHAMMAD ASHRAF SB JPS NEAR SCHOOL (SALEEM CONT),MB NO.8176,MB,,0.5999999999949068,Direct Sale (Mixed Transaction): 12MM STEEL,,,False,False,True,2026-05-19 11:34,,False,,,sales,direct_sale,785,MB NO.8176,Mixed Transaction
5758,FBMCL-00207,MALIK NAVEED SB KHAN PUR KHOKHAR,MB NO.8183,MB,,0,Direct Sale (Credit Customer): CHAUGATH,,,True,False,True,2026-05-19 11:34,,False,,,sales,direct_sale,787,MB NO.8183,Credit Customer
5759,FBMCL-00145,MASTER ZAHOOR SB JPS,MB NO.8189,MB,,0,Direct Sale (Cash): BRICKS,,,True,True,True,2026-05-19 11:34,,False,,,sales,direct_sale,789,MB NO.8189,Cash
5760,FBMCL-00053,MUHAMMAD ALI SB MULL,MB NO.8191,MB,,0,Direct Sale (Cash): DG,,,True,True,True,2026-05-19 11:34,,False,,,sales,direct_sale,791,MB NO.8191,Cash
5761,FBMCL-00199,SAEED KHAN SN JPS KOANKH,MB NO.8193,MB,,0,Direct Sale (Mixed Transaction): PIONEER,,,True,False,True,2026-05-19 11:34,,False,,,sales,direct_sale,793,MB NO.8193,Mixed Transaction
5762,FBMCL-00158,JAMEEL SB JAGWAN,MB NO.8200,MB,,2187.999999999989,Direct Sale (Mixed Transaction): ISM 12MM STEEL,,,False,False,True,2026-05-19 11:34,,False,,,sales,direct_sale,796,MB NO.8200,Mixed Transaction
5763,FBMCL-00145,MASTER ZAHOOR SB JPS,MB NO.8212,MB,,0,Direct Sale (Mixed Transaction): 12MM STEEL,,,True,False,True,2026-05-19 11:34,,False,,,sales,direct_sale,802,MB NO.8212,Mixed Transaction
5764,FBMCL-00145,MASTER ZAHOOR SB JPS,MB NO.8214,MB,,0,Direct Sale (Credit Customer): WIRE,,,True,False,True,2026-05-19 11:34,,False,,,sales,direct_sale,803,MB NO.8214,Credit Customer
5765,FBMCL-00021,RANA ZAHID SB JPS,MB NO.8228,MB,,0,Direct Sale (Credit Customer): PIONEER,,,True,False,True,2026-05-19 11:34,,False,,,sales,direct_sale,806,MB NO.8228,Credit Customer
5766,FBMCL-00013,JAWAD SB AJNALA JPS,MB NO.8231,MB,,0,Direct Sale (Credit Customer): DG,,,True,False,True,2026-05-19 11:34,,False,,,sales,direct_sale,807,MB NO.8231,Credit Customer
5767,FBMCL-00212,MIRZA NAZAR BAIG SB KOANKH,MB NO.8247,MB,,0,Direct Sale (Mixed Transaction): PIONEER,,,True,False,True,2026-05-19 11:34,,False,,,sales,direct_sale,813,MB NO.8247,Mixed Transaction
5768,FBMCL-00021,RANA ZAHID SB JPS,MB NO.8248,MB,,0,Direct Sale (Credit Customer): PIONEER,,,True,False,True,2026-05-19 11:34,,False,,,sales,direct_sale,814,MB NO.8248,Credit Customer
5769,FBMCL-00165,SHEHZAD BAIG SB KOANKH,MB NO.8267,MB,,0,Direct Sale (Mixed Transaction): 12MM STEEL,,,True,False,True,2026-05-19 11:34,,False,,,sales,direct_sale,817,MB NO.8267,Mixed Transaction
5770,FBMCL-00209,SHABEEB SB KANIYAN,MB NO.8283,MB,,0,Direct Sale (Mixed Transaction): FT-KOHAT,,,True,False,True,2026-05-19 11:34,,False,,,sales,direct_sale,830,MB NO.8283,Mixed Transaction
5771,FBMCL-00066,SUBEDAR MUHAMMAD ARSHAD SB KHANPUR KHOKHAR,MB NO.8285,MB,,0,Direct Sale (Credit Customer): 20MM STEEL,,,True,False,True,2026-05-19 11:34,,False,,,sales,direct_sale,832,MB NO.8285,Credit Customer
5772,FBMCL-00165,SHEHZAD BAIG SB KOANKH,MB NO.8289,MB,,0,Direct Sale (Credit Customer): TILE 1ST GAGGO MANDI,,,True,False,True,2026-05-19 11:34,,False,,,sales,direct_sale,833,MB NO.8289,Credit Customer
5773,FBMCL-00047,HAJI IQBAL SB JPS,MB NO.8291,MB,,0,Direct Sale (Credit Customer): 10MM STEEL,,,True,False,True,2026-05-19 11:34,,False,,,sales,direct_sale,834,MB NO.8291,Credit Customer
5774,FBMCL-00047,HAJI IQBAL SB JPS,MB NO.8264-1B,MB,,0,Direct Sale (Mixed Transaction): WIRE,,,True,False,True,2026-05-19 11:34,,False,,,sales,direct_sale,835,MB NO.8264-1B,Mixed Transaction
5775,FBMCL-00208,MIRZA YOUNUS SB JPS,MB NO.8304,MB,,0,Direct Sale (Mixed Transaction): KOHAT,,,True,False,True,2026-05-19 11:34,,False,,,sales,direct_sale,837,MB NO.8304,Mixed Transaction
5776,FBMCL-00165,SHEHZAD BAIG SB KOANKH,MB NO.8307,MB,,0,Direct Sale (Mixed Transaction): 12MM STEEL,,,True,False,True,2026-05-19 11:34,,False,,,sales,direct_sale,838,MB NO.8307,Mixed Transaction
5777,FBMCL-00146,ABDUL SATTAR SB DHINDA FARM,MB NO.8314,MB,,0,Direct Sale (Credit Customer): PIONEER,,,True,False,True,2026-05-19 11:34,,False,,,sales,direct_sale,839,MB NO.8314,Credit Customer
5778,FBMCL-00023,MALIK ADNAN,MB NO.8315,MB,,0,Direct Sale (Credit Customer): FAUJI,,,True,False,True,2026-05-19 11:34,,False,,,sales,direct_sale,840,MB NO.8315,Credit Customer
5779,FBMCL-00001,ABDUL AZEEM SB KHAN PUR KHOKHAR,MB NO.8326,MB,,0,Direct Sale (Mixed Transaction): DG,,,True,False,True,2026-05-19 11:34,,False,,,sales,direct_sale,843,MB NO.8326,Mixed Transaction
5780,FBMCL-00146,ABDUL SATTAR SB DHINDA FARM,MB NO.8333,MB,,0,Direct Sale (Credit Customer): PIONEER,,,True,False,True,2026-05-19 11:34,,False,,,sales,direct_sale,845,MB NO.8333,Credit Customer
5781,FBMCL-00209,SHABEEB SB KANIYAN,MB NO.8336,MB,,0,Direct Sale (Credit Customer): WIRE,,,True,False,True,2026-05-19 11:34,,False,,,sales,direct_sale,846,MB NO.8336,Credit Customer
5782,FBMCL-00023,MALIK ADNAN,MB NO.8345,MB,,0,Direct Sale (Credit Customer): KOHAT,,,True,False,True,2026-05-19 11:34,,False,,,sales,direct_sale,848,MB NO.8345,Credit Customer
5783,FBMCL-00028,MIRZA AMJAD JAVED SB AJNALA SITE,MB NO.8347,MB,,0,Direct Sale (Credit Customer): PIONEER,,,True,False,True,2026-05-19 11:34,,False,,,sales,direct_sale,849,MB NO.8347,Credit Customer
5784,FBMCL-00035,EHSAN SB CHAUHAN,MB NO.8352,MB,,0,Direct Sale (Mixed Transaction): DG,,,True,False,True,2026-05-19 11:34,,False,,,sales,direct_sale,850,MB NO.8352,Mixed Transaction
5785,FBMCL-00165,SHEHZAD BAIG SB KOANKH,MB NO.8354,MB,,0,Direct Sale (Credit Customer): WIRE,,,True,False,True,2026-05-19 11:34,,False,,,sales,direct_sale,852,MB NO.8354,Credit Customer
5786,FBMCL-00044,NADEEM SB DHINDA,MB NO.8356,MB,,0,Direct Sale (Credit Customer): FAUJI,,,True,False,True,2026-05-19 11:34,,False,,,sales,direct_sale,853,MB NO.8356,Credit Customer
5787,FBMCL-00171,FAKHAR SHAH SB AJNALA,MB NO.8357,MB,,0,Direct Sale (Credit Customer): PIONEER,,,True,False,True,2026-05-19 11:34,,False,,,sales,direct_sale,854,MB NO.8357,Credit Customer
5788,FBMCL-00079,ISHTIAQ CONT KOANKH,MB NO.8364,MB,,0,Direct Sale (Cash): PIONEER,,,True,True,True,2026-05-19 11:34,,False,,,sales,direct_sale,858,MB NO.8364,Cash
5789,FBMCL-00079,ISHTIAQ CONT KOANKH,MB NO.8364/2,MB,,0,Direct Sale (Credit Customer): RENT-CEMENT,,,True,False,True,2026-05-19 11:34,,False,,,sales,direct_sale,859,MB NO.8364/2,Credit Customer
5790,FBMCL-00047,HAJI IQBAL SB JPS,MB NO.8312,MB,,0,Direct Sale (Mixed Transaction): 12MM STEEL,,,True,False,True,2026-05-19 11:34,,False,,,sales,direct_sale,861,MB NO.8312,Mixed Transaction
5791,FBMCL-00150,MUHAMMAD AKRAM SB SANTAL SURKHIYAN,MB NO.8373,MB,,0,Direct Sale (Mixed Transaction): 12MM STEEL,,,True,False,True,2026-05-19 11:34,,False,,,sales,direct_sale,864,MB NO.8373,Mixed Transaction
5792,FBMCL-00165,SHEHZAD BAIG SB KOANKH,MB NO.8378,MB,,103655.5000000001,Direct Sale (Mixed Transaction): DG,,,False,False,True,2026-05-19 11:34,,False,,,sales,direct_sale,865,MB NO.8378,Mixed Transaction
5793,FBMCL-00116,NAUMAN RIHANIA SB JPS,MB NO.8379,MB,,0,Direct Sale (Credit Customer): PIONEER,,,True,False,True,2026-05-19 11:34,,False,,,sales,direct_sale,866,MB NO.8379,Credit Customer
5794,FBMCL-00175,MUHAMMAD ARSHAD SB GHURAL (SUBEDAR QADAR DAD SB),MB NO.8383,MB,,0,Direct Sale (Mixed Transaction): FAUJI,,,True,False,True,2026-05-19 11:34,,False,,,sales,direct_sale,867,MB NO.8383,Mixed Transaction
5795,FBMCL-00151,MALIK MEHMOOD SB PARSUWAL,MB NO.8387,MB,,260,Direct Sale (Credit Customer): RENT-GENERAL,,,False,False,True,2026-05-19 11:34,,False,,,sales,direct_sale,870,MB NO.8387,Credit Customer
5796,FBMCL-00021,RANA ZAHID SB JPS,MB NO.8396,MB,,0,Direct Sale (Credit Customer): BAJRI MOTI,,,True,False,True,2026-05-19 11:34,,False,,,sales,direct_sale,873,MB NO.8396,Credit Customer
5797,FBMCL-00052,GHULAM SARWAR SB JPS(HAJI JAVED SB),MB NO.8400,MB,,0,Direct Sale (Mixed Transaction): KOHAT,,,True,False,True,2026-05-19 11:34,,False,,,sales,direct_sale,875,MB NO.8400,Mixed Transaction
5798,FBMCL-00191,MIRZA REHMAN SB JPS,MB NO.8407,MB,,0,Direct Sale (Credit Customer): CHAUGATH,,,True,False,True,2026-05-19 11:34,,False,,,sales,direct_sale,876,MB NO.8407,Credit Customer
5799,FBMCL-00165,SHEHZAD BAIG SB KOANKH,MB NO.8426,MB,,36250,Direct Sale (Credit Customer): DG,,,False,False,True,2026-05-19 11:34,,False,,,sales,direct_sale,885,MB NO.8426,Credit Customer
5800,FBMCL-00146,ABDUL SATTAR SB DHINDA FARM,MB NO.8430,MB,,0,Direct Sale (Credit Customer): PIONEER,,,True,False,True,2026-05-19 11:34,,False,,,sales,direct_sale,887,MB NO.8430,Credit Customer
5873,FBMCL-00001,ABDUL AZEEM SB KHAN PUR KHOKHAR,MB NO.6781,MB,,0,Direct Sale (Mixed Transaction): 12MM STEEL,,,True,False,True,2026-05-19 11:50,,False,,,sales,direct_sale,15,MB NO.6781,Mixed Transaction
5874,FBMCL-00065,SAJID BAIG MAKKI KOANKH,MB NO.6884,MB,,800,Direct Sale (Mixed Transaction): DG,,,False,False,True,2026-05-19 11:50,,False,,,sales,direct_sale,75,MB NO.6884,Mixed Transaction
5875,FBMCL-00025,MALIK JAVED SB KHAN PUR KHOKHAR,MB NO.6948,MB,,0,Direct Sale (Mixed Transaction): PIONEER,,,True,False,True,2026-05-19 11:50,,False,,,sales,direct_sale,82,MB NO.6948,Mixed Transaction
5876,FBMCL-00001,ABDUL AZEEM SB KHAN PUR KHOKHAR,MB NO.6986,MB,,0,Direct Sale (Mixed Transaction): DG,,,True,False,True,2026-05-19 11:50,,False,,,sales,direct_sale,107,MB NO.6986,Mixed Transaction
5877,FBMCL-00025,MALIK JAVED SB KHAN PUR KHOKHAR,MB NO.7013,MB,,0,Direct Sale (Mixed Transaction): PIONEER,,,True,False,True,2026-05-19 11:50,,False,,,sales,direct_sale,117,MB NO.7013,Mixed Transaction
5878,FBMCL-00001,ABDUL AZEEM SB KHAN PUR KHOKHAR,MB NO.7036,MB,,0,Direct Sale (Mixed Transaction): DG,,,True,False,True,2026-05-19 11:50,,False,,,sales,direct_sale,132,MB NO.7036,Mixed Transaction
5879,FBMCL-00052,GHULAM SARWAR SB JPS(HAJI JAVED SB),MB NO.7097,MB,,0,Direct Sale (Mixed Transaction): 12MM STEEL,,,True,False,True,2026-05-19 11:50,,False,,,sales,direct_sale,164,MB NO.7097,Mixed Transaction
5880,FBMCL-00001,ABDUL AZEEM SB KHAN PUR KHOKHAR,MB NO.7132,MB,,0,Direct Sale (Mixed Transaction): DG,,,True,False,True,2026-05-19 11:50,,False,,,sales,direct_sale,175,MB NO.7132,Mixed Transaction
5881,FBMCL-00103,RAJA AMEER HAMZA SB JPS,MB NO.7197/2,MB,,0,Direct Sale (Mixed Transaction): KOHAT,,,True,False,True,2026-05-19 11:50,,False,,,sales,direct_sale,211,MB NO.7197/2,Mixed Transaction
5882,FBMCL-00051,FAZAL ILAHI SB JALPUWAL,MB NO.7424,MB,,0,Direct Sale (Mixed Transaction): FT-KOHAT,,,True,False,True,2026-05-19 11:50,,False,,,sales,direct_sale,335,MB NO.7424,Mixed Transaction
5883,FBMCL-00167,CH MUHAMMAD AKRAM RIHANIA SB JPS,MB NO.7576,MB,,0,Direct Sale (Mixed Transaction): DG,,,True,False,True,2026-05-19 11:50,,False,,,sales,direct_sale,438,MB NO.7576,Mixed Transaction
5884,FBMCL-00167,CH MUHAMMAD AKRAM RIHANIA SB JPS,MB NO.7580,MB,,0,Direct Sale (Mixed Transaction): DG,,,True,False,True,2026-05-19 11:50,,False,,,sales,direct_sale,442,MB NO.7580,Mixed Transaction
5885,FBMCL-00033,AHMED SUBHANI SB AJNALA,MB NO.7837,MB,,0,Direct Sale (Cash): DG,,,True,True,True,2026-05-19 11:50,,False,,,sales,direct_sale,594,MB NO.7837,Cash
5886,FBMCL-00158,JAMEEL SB JAGWAN,MB NO.7869,MB,,2000,Direct Sale (Mixed Transaction): KOHAT,,,False,False,True,2026-05-19 11:50,,False,,,sales,direct_sale,605,MB NO.7869,Mixed Transaction
5887,FBMCL-00204,SHEHZAD SB GHURAIRA,MB NO.7954,MB,,343,Direct Sale (Mixed Transaction): BAJRI MOTI,,,False,False,True,2026-05-19 11:50,,False,,,sales,direct_sale,657,MB NO.7954,Mixed Transaction
5888,FBMCL-00199,SAEED KHAN SN JPS KOANKH,MB NO.8077,MB,,0,Direct Sale (Mixed Transaction): PIONEER,,,True,False,True,2026-05-19 11:50,,False,,,sales,direct_sale,732,MB NO.8077,Mixed Transaction
5889,FBMCL-00199,SAEED KHAN SN JPS KOANKH,MB NO.8115,MB,,0,Direct Sale (Mixed Transaction): PIONEER,,,True,False,True,2026-05-19 11:50,,False,,,sales,direct_sale,750,MB NO.8115,Mixed Transaction
5890,FBMCL-00121,MAQSOOD SB MALAK PUR,MB NO.8144,MB,,0,Direct Sale (Mixed Transaction): PIONEER,,,True,False,True,2026-05-19 11:50,,False,,,sales,direct_sale,768,MB NO.8144,Mixed Transaction
5891,FBMCL-00207,MALIK NAVEED SB KHAN PUR KHOKHAR,MB NO.8147,MB,,0,Direct Sale (Mixed Transaction): DG,,,True,False,True,2026-05-19 11:50,,False,,,sales,direct_sale,769,MB NO.8147,Mixed Transaction
5892,FBMCL-00165,SHEHZAD BAIG SB KOANKH,MB NO.8435,MB,,36250,Direct Sale (Credit Customer): DG,,,False,False,True,2026-05-19 12:14,Shujaat Muzaffar,False,,,sales,direct_sale,889,MB NO.8435,Credit Customer
5893,FBMCL-00216,SAGHEER BAIG SB KOANKH,MB NO.8436,MB,,0,Booking: PIONEER,,,True,False,True,2026-05-18 00:18,Shujaat Muzaffar,False,,,booking,booking,202,MB NO.8436,Booking
5894,FBMCL-00140,ABDUL GHAFFAR SB JPS,MB NO.8438,MB,,0,Direct Sale (Cash): PIONEER,,,True,True,True,2026-05-19 12:23,Shujaat Muzaffar,False,,,sales,direct_sale,890,MB NO.8438,Cash
5895,FBMCL-00217,MIRZA SHAMSHEED SB BHUCH,MB NO.8461,MB,,1.001171767711639e-08,Booking: PIONEER,,,True,False,True,2026-05-18 00:46,Shujaat Muzaffar,False,,,booking,booking,203,MB NO.8461,Booking
5896,FBMCL-00215,CH IMRAN SB JPS,MB NO.8446,MB,,0,Direct Sale (Credit Customer): FAUJI,,,True,False,True,2026-05-19 13:10,Shujaat Muzaffar,False,,,sales,direct_sale,894,MB NO.8446,Credit Customer
5897,FBMCL-00145,MASTER ZAHOOR SB JPS,MB NO.8447,MB,,0,Direct Sale (Credit Customer): BAJRI MOTI,,,True,False,True,2026-05-19 13:13,Shujaat Muzaffar,False,,,sales,direct_sale,895,MB NO.8447,Credit Customer
5898,FBMCL-00191,MIRZA REHMAN SB JPS,MB NO.8384,MB,,0,Direct Sale (Mixed Transaction): 12MM STEEL,,,True,False,True,2026-05-19 13:22,Shujaat Muzaffar,False,,,sales,direct_sale,868,MB NO.8384,Mixed Transaction
5899,FBMCL-00215,CH IMRAN SB JPS,MB NO.8454,MB,,0,Direct Sale (Credit Customer): FAUJI,,,True,False,True,2026-05-19 13:34,Shujaat Muzaffar,False,,,sales,direct_sale,898,MB NO.8454,Credit Customer
5900,FBMCL-00009,MAZHAR SB RUPOWAL DERA,MB NO.8455,MB,,0,Direct Sale (Credit Customer): FAUJI,,,True,False,True,2026-05-19 13:41,Shujaat Muzaffar,False,,,sales,direct_sale,899,MB NO.8455,Credit Customer
5901,FBMCL-00021,RANA ZAHID SB JPS,MB NO.8469,MB,,0,Direct Sale (Credit Customer): BRICKS,,,True,False,True,2026-05-20 10:21,Shujaat Muzaffar,False,,,sales,direct_sale,907,MB NO.8469,Credit Customer
5902,FBMCL-00165,SHEHZAD BAIG SB KOANKH,MB NO.8472.2,MB,,500,Direct Sale (Credit Customer): RENT-STEEL,,,False,False,True,2026-05-20 10:43,Shujaat Muzaffar,False,,,sales,direct_sale,909,MB NO.8472.2,Credit Customer
5903,FBMCL-00175,MUHAMMAD ARSHAD SB GHURAL (SUBEDAR QADAR DAD SB),MB NO.8474,MB,,0,Direct Sale (Mixed Transaction): FAUJI,,,True,False,True,2026-05-20 10:48,Shujaat Muzaffar,False,,,sales,direct_sale,910,MB NO.8474,Mixed Transaction
5904,FBMCL-00053,MUHAMMAD ALI SB MULL,MB NO.8483,MB,,0,Direct Sale (Cash): DG,,,True,True,True,2026-05-20 11:01,Shujaat Muzaffar,False,,,sales,direct_sale,914,MB NO.8483,Cash
5905,FBMCL-00140,ABDUL GHAFFAR SB JPS,MB NO.8487,MB,,0,Direct Sale (Cash): KOHAT,,,True,True,True,2026-05-20 11:05,Shujaat Muzaffar,False,,,sales,direct_sale,916,MB NO.8487,Cash
5906,FBMCL-00021,RANA ZAHID SB JPS,MB NO.8490,MB,,0,Direct Sale (Credit Customer): BAJRI MOTI,,,True,False,True,2026-05-21 11:59,Shujaat Muzaffar,False,,,sales,direct_sale,919,MB NO.8490,Credit Customer
5907,FBMCL-00001,ABDUL AZEEM SB KHAN PUR KHOKHAR,MB NO.8491,MB,,0,Booking: CHAUGATH,,,True,False,True,2026-05-20 12:00,Shujaat Muzaffar,False,,,booking,booking,204,MB NO.8491,Booking
5908,FBMCL-00021,RANA ZAHID SB JPS,MB NO.8496,MB,,0,Direct Sale (Credit Customer): KOHAT,,,True,False,True,2026-05-21 12:12,Shujaat Muzaffar,False,,,sales,direct_sale,923,MB NO.8496,Credit Customer
5909,FBMCL-00216,SAGHEER BAIG SB KOANKH,MB NO.8501,MB,,0,Direct Sale (Credit Customer): ISM 12MM STEEL,,,True,False,True,2026-05-21 12:21,Shujaat Muzaffar,False,,,sales,direct_sale,924,MB NO.8501,Credit Customer
5910,FBMCL-00153,RAJA ALTAF SB JPS,MB NO.8502,MB,,0,Direct Sale (Mixed Transaction): RING 6X6,,,True,False,True,2026-05-21 12:33,Shujaat Muzaffar,False,,,sales,direct_sale,925,MB NO.8502,Mixed Transaction
5911,FBMCL-00116,NAUMAN RIHANIA SB JPS,MB NO.8509,MB,,0,Direct Sale (Credit Customer): FAUJI,,,True,False,True,2026-05-21 12:55,Shujaat Muzaffar,False,,,sales,direct_sale,929,MB NO.8509,Credit Customer
5912,FBMCL-00167,CH MUHAMMAD AKRAM RIHANIA SB JPS,MB NO.8261,MB,,0,Direct Sale (Credit Customer): CHAUGATH,,,True,False,True,2026-05-21 13:33,Shujaat Muzaffar,False,,,sales,direct_sale,932,MB NO.8261,Credit Customer
5913,FBMCL-00167,CH MUHAMMAD AKRAM RIHANIA SB JPS,MB NO.8518,MB,,0,Direct Sale (Mixed Transaction): 12MM STEEL,,,True,False,True,2026-05-21 13:47,Shujaat Muzaffar,False,,,sales,direct_sale,933,MB NO.8518,Mixed Transaction
5914,FBMCL-00212,MIRZA NAZAR BAIG SB KOANKH,MB NO.8519,MB,,0,Direct Sale (Cash): BAJRI MOTI,,,True,True,True,2026-05-21 13:50,Shujaat Muzaffar,False,,,sales,direct_sale,934,MB NO.8519,Cash
5915,FBMCL-00028,MIRZA AMJAD JAVED SB AJNALA SITE,MB NO.8524,MB,,0,Direct Sale (Credit Customer): BOND,,,True,False,True,2026-05-21 14:08,Shujaat Muzaffar,False,,,sales,direct_sale,937,MB NO.8524,Credit Customer
5916,FBMCL-00176,TARIQ MEHMOOD SB MALIKPUR,MB NO.8525,MB,,21050,Direct Sale (Credit Customer): DG,,,False,False,True,2026-05-21 14:32,Shujaat Muzaffar,False,,,sales,direct_sale,938,MB NO.8525,Credit Customer
5917,FBMCL-00008,TALHA SB JPS,MB NO.8517,MB,,56800.5,Direct Sale (Mixed Transaction): 12MM STEEL,,,False,False,True,2026-05-21 14:37,Shujaat Muzaffar,False,,,sales,direct_sale,939,MB NO.8517,Mixed Transaction
5918,FBMCL-00008,TALHA SB JPS,MB NO.8526,MB,,1975,Direct Sale (Credit Customer): WIRE,,,False,False,True,2026-05-21 14:38,Shujaat Muzaffar,False,,,sales,direct_sale,940,MB NO.8526,Credit Customer
5919,FBMCL-00220,GHULAM GHOUS SB JPS,MB NO.8515,MB,,0,Direct Sale (Credit Customer): ISM 12MM STEEL,,,True,False,True,2026-05-23 11:23,Rehman Ahmed,False,,,sales,direct_sale,941,MB NO.8515,Credit Customer
5920,FBMCL-00146,ABDUL SATTAR SB DHINDA FARM,MB NO.8527,MB,,0,Direct Sale (Cash): FAUJI,,,True,True,True,2026-05-23 13:37,Shujaat Muzaffar,False,,,sales,direct_sale,942,MB NO.8527,Cash
5921,FBMCL-00022,MALIK ILYAS SB JPS,MB NO.8533,MB,,0,Direct Sale (Credit Customer): DG,,,True,False,True,2026-05-23 13:43,Shujaat Muzaffar,False,,,sales,direct_sale,946,MB NO.8533,Credit Customer
5922,FBMCL-00212,MIRZA NAZAR BAIG SB KOANKH,MB NO.8534,MB,,0,Direct Sale (Credit Customer): RING 6X6,,,True,False,True,2026-05-23 13:49,Shujaat Muzaffar,False,,,sales,direct_sale,947,MB NO.8534,Credit Customer
5923,FBMCL-00216,SAGHEER BAIG SB KOANKH,MB NO.8550,MB,,0,Direct Sale (Mixed Transaction): KOHAT,,,True,False,True,2026-05-23 14:52,Shujaat Muzaffar,False,,,sales,direct_sale,952,MB NO.8550,Mixed Transaction
5924,FBMCL-00158,JAMEEL SB JAGWAN,MB NO.8553,MB,,0,Direct Sale (Cash): ISM 12MM STEEL,,,True,True,True,2026-05-23 15:03,Shujaat Muzaffar,False,,,sales,direct_sale,954,MB NO.8553,Cash
5925,FBMCL-00205,IRFAN SB DEDHAR SHARIF,MB NO.8249,MB,,0,Direct Sale (Mixed Transaction): CHAUGATH,,,True,False,True,2026-05-23 15:17,Shujaat Muzaffar,False,,,sales,direct_sale,955,MB NO.8249,Mixed Transaction
5926,FBMCL-00205,IRFAN SB DEDHAR SHARIF,MB NO.8557,MB,,0,Direct Sale (Credit Customer): 6MM STEEL,,,True,False,True,2026-05-23 15:18,Shujaat Muzaffar,False,,,sales,direct_sale,956,MB NO.8557,Credit Customer
5927,FBMCL-00153,RAJA ALTAF SB JPS,MB NO.8564,MB,,7548,Direct Sale (Mixed Transaction): 12MM STEEL,,,False,False,True,2026-05-23 15:33,Shujaat Muzaffar,False,,,sales,direct_sale,958,MB NO.8564,Mixed Transaction
5928,FBMCL-00163,YASIR YAQOOB SB DILAWARPUR,MB NO.8566,MB,,0,Direct Sale (Mixed Transaction): PIONEER,,,True,False,True,2026-05-23 15:39,Shujaat Muzaffar,False,,,sales,direct_sale,959,MB NO.8566,Mixed Transaction
5929,FBMCL-00022,MALIK ILYAS SB JPS,MB NO.8570,MB,,0,Direct Sale (Credit Customer): DG,,,True,False,True,2026-05-23 15:44,Shujaat Muzaffar,False,,,sales,direct_sale,962,MB NO.8570,Credit Customer
5930,FBMCL-00138,FAROOQ KALAS SB PARSUWAL,MB NO.8571,MB,,0,Direct Sale (Mixed Transaction): FT-DG,,,True,False,True,2026-05-23 15:47,Shujaat Muzaffar,False,,,sales,direct_sale,963,MB NO.8571,Mixed Transaction
5931,FBMCL-00105,DR EHSAN SB DHINDA,MB NO.8572,MB,,0,Direct Sale (Mixed Transaction): ISM 12MM STEEL,,,True,False,True,2026-05-23 15:53,Shujaat Muzaffar,False,,,sales,direct_sale,964,MB NO.8572,Mixed Transaction
5932,FBMCL-00186,SAFDAR ALI SB AJNALA (ASLAM CONT),MB NO.8587,MB,,0,Booking: CHAUGATH,,,True,False,True,2026-05-23 15:52,Rehman Ahmed,False,,,booking,booking,207,MB NO.8587,Booking
5933,FBMCL-00001,ABDUL AZEEM SB KHAN PUR KHOKHAR,MB NO.8580,MB,,0,Direct Sale (Mixed Transaction): CHAUGATH,,,True,False,True,2026-05-23 16:14,Shujaat Muzaffar,False,,,sales,direct_sale,968,MB NO.8580,Mixed Transaction
5934,FBMCL-00153,RAJA ALTAF SB JPS,MB NO.8588,MB,,8500,Direct Sale (Credit Customer): WIRE,,,False,False,True,2026-05-23 16:29,Shujaat Muzaffar,False,,,sales,direct_sale,973,MB NO.8588,Credit Customer
5935,FBMCL-00209,SHABEEB SB KANIYAN,MB NO.8423,MB,,0,Direct Sale (Mixed Transaction): ISM 12MM STEEL,,,True,False,True,2026-05-23 17:07,Rehman Ahmed,False,,,sales,direct_sale,883,MB NO.8423,Mixed Transaction
5936,FBMCL-00065,SAJID BAIG MAKKI KOANKH,MB NO.8593/2,MB,,2000.0000000016,Direct Sale (Credit Customer): RENT-CEMENT,,,False,False,True,2026-05-24 12:03,Shujaat Muzaffar,False,,,sales,direct_sale,976,MB NO.8593/2,Credit Customer
5937,FBMCL-00178,ZEESHAN ATTARI SB JPS,MB NO.8594,MB,,14623.6,Direct Sale (Credit Customer): 10MM STEEL,,,False,False,True,2026-05-24 13:00,Shujaat Muzaffar,False,,,sales,direct_sale,977,MB NO.8594,Credit Customer
5938,FBMCL-00008,TALHA SB JPS,MB NO.8597,MB,,1900,Direct Sale (Credit Customer): WIRE,,,False,False,True,2026-05-24 13:40,Shujaat Muzaffar,False,,,sales,direct_sale,979,MB NO.8597,Credit Customer
5939,FBMCL-00172,SAIF ULLAH SB KOANKH,MB NO.8598,MB,,4400,Booking: PIONEER,,,False,False,True,2026-05-23 01:41,Shujaat Muzaffar,False,,,booking,booking,208,MB NO.8598,Booking
5940,FBMCL-00195,SALMAAN SB GHURAL (GOGA SB GHURAL),MB NO.8600,MB,,0,Booking: PIONEER,,,True,False,True,2026-05-23 01:44,Shujaat Muzaffar,False,,,booking,booking,209,MB NO.8600,Booking
5941,FBMCL-00150,MUHAMMAD AKRAM SB SANTAL SURKHIYAN,MB NO.8606,MB,,0,Direct Sale (Mixed Transaction): DG,,,True,False,True,2026-05-24 16:27,Shujaat Muzaffar,False,,,sales,direct_sale,983,MB NO.8606,Mixed Transaction
5942,FBMCL-00146,ABDUL SATTAR SB DHINDA FARM,MB NO.8612,MB,,0,Direct Sale (Credit Customer): WIRE,,,True,False,True,2026-05-24 16:40,Shujaat Muzaffar,False,,,sales,direct_sale,984,MB NO.8612,Credit Customer
5943,FBMCL-00145,MASTER ZAHOOR SB JPS,MB NO.8614,MB,,0,Direct Sale (Mixed Transaction): DG,,,True,False,True,2026-05-24 16:51,Shujaat Muzaffar,False,,,sales,direct_sale,986,MB NO.8614,Mixed Transaction
5944,FBMCL-00216,SAGHEER BAIG SB KOANKH,MB NO.8616,MB,,0,Direct Sale (Credit Customer): ISM 12MM STEEL,,,True,False,True,2026-05-24 16:54,Shujaat Muzaffar,False,,,sales,direct_sale,987,MB NO.8616,Credit Customer
5945,FBMCL-00050,MAJID HUSSAIN SB AJNALA,MB NO.8619,MB,,17125,Booking: CHAUGATH,,,False,False,True,2026-05-24 05:00,Shujaat Muzaffar,False,,,booking,booking,211,MB NO.8619,Booking
5946,FBMCL-00178,ZEESHAN ATTARI SB JPS,MB NO.8624,MB,,1800,Direct Sale (Mixed Transaction): 12MM STEEL,,,False,False,True,2026-05-25 11:15,Shujaat Muzaffar,False,,,sales,direct_sale,990,MB NO.8624,Mixed Transaction
5947,FBMCL-00153,RAJA ALTAF SB JPS,MB NO.8625,MB,,11795.99999999996,Direct Sale (Mixed Transaction): 12MM STEEL,,,False,False,True,2026-05-25 11:17,Shujaat Muzaffar,False,,,sales,direct_sale,991,MB NO.8625,Mixed Transaction
5948,FBMCL-00158,JAMEEL SB JAGWAN,MB NO.8626/2,MB,,12250,Direct Sale (Mixed Transaction): KOHAT,,,False,False,True,2026-05-25 11:56,Shujaat Muzaffar,False,,,sales,direct_sale,992,MB NO.8626/2,Mixed Transaction
5949,ORPH-00051,Orphan51,MB NO.8628,MB,,0,Direct Sale (Cash): DG,,,True,True,True,2026-05-25 12:48,Shujaat Muzaffar,False,"[MIGRATION] Orphan record. Original client: ""ALI HAIDER SB KOANKH"".",,sales,direct_sale,993,MB NO.8628,Cash
5951,FBMCL-00153,RAJA ALTAF SB JPS,MB NO.8633,MB,,440.0000000000001,Direct Sale (Credit Customer): WIRE,,,False,False,True,2026-05-30 13:04,Shujaat Muzaffar,False,,,sales,direct_sale,1001,MB NO.8633,Credit Customer
5952,FBMCL-00221,MIRZA AKHTAR BAIG SB KOANKH,MB NO.8640,MB,,0,Direct Sale (Credit Customer): DG,,,True,False,True,2026-05-30 14:50,Shujaat Muzaffar,False,,,sales,direct_sale,1004,MB NO.8640,Credit Customer
5953,ORPH-00052,Orphan52,MB NO.8646,MB,,0,Direct Sale (Cash): 10MM STEEL,,,True,True,True,2026-05-30 15:31,Shujaat Muzaffar,False,"[MIGRATION] Orphan record. Original client: ""SHOUKAT ALI SB TIBBA"".",,sales,direct_sale,1007,MB NO.8646,Cash
5954,FBMCL-00205,IRFAN SB DEDHAR SHARIF,MB NO.8652,MB,,0,Direct Sale (Credit Customer): ISM 12MM STEEL,,,True,False,True,2026-05-30 15:46,Shujaat Muzaffar,False,RATE DIFRENCE 8655,,sales,direct_sale,1011,MB NO.8652,Credit Customer
5955,FBMCL-00111,RAJA PARWEZ SB RANGPUR,MB NO.8654,MB,,0,Direct Sale (Credit Customer): FT-KOHAT,,,True,False,True,2026-05-30 15:48,Shujaat Muzaffar,False,,,sales,direct_sale,1012,MB NO.8654,Credit Customer
5956,FBMCL-00071,HAJI WARIS SB JPS,MB NO.8656,MB,,0,Direct Sale (Credit Customer): WIRE,,,True,False,True,2026-05-30 15:57,Shujaat Muzaffar,False,,,sales,direct_sale,1013,MB NO.8656,Credit Customer
5957,FBMCL-00089,ASIF HUSSAIN JPS (ALI ALMUNIUM),MB NO.8713,MB,,0,Direct Sale (Credit Customer): RING 6X6,,,True,False,True,2026-05-30 16:37,Shujaat Muzaffar,False,,,sales,direct_sale,1015,MB NO.8713,Credit Customer
5958,FBMCL-00153,RAJA ALTAF SB JPS,MB NO.8666,MB,,88200,Direct Sale (Credit Customer): FAUJI,,,False,False,True,2026-05-30 17:00,Shujaat Muzaffar,False,,,sales,direct_sale,1017,MB NO.8666,Credit Customer
5959,FBMCL-00153,RAJA ALTAF SB JPS,MB NO.8670,MB,,14700,Direct Sale (Credit Customer): FAUJI,,,False,False,True,2026-05-30 17:05,Shujaat Muzaffar,False,,,sales,direct_sale,1019,MB NO.8670,Credit Customer
5960,FBMCL-00212,MIRZA NAZAR BAIG SB KOANKH,MB NO.8701,MB,,0,Booking: ISM 12MM STEEL,,,True,False,True,2026-05-26 17:09,Shujaat Muzaffar,False,,,booking,booking,220,MB NO.8701,Booking
5961,FBMCL-00021,RANA ZAHID SB JPS,MB NO.8703,MB,,0,Direct Sale (Credit Customer): FAUJI,,,True,False,True,2026-05-30 17:13,Shujaat Muzaffar,False,,,sales,direct_sale,1020,MB NO.8703,Credit Customer
5962,FBMCL-00222,ILYAS RIHANIA SB JPS,MB NO.8704,MB,,0,Direct Sale (Credit Customer): FAUJI,,,True,False,True,2026-05-30 17:19,Shujaat Muzaffar,False,,,sales,direct_sale,1021,MB NO.8704,Credit Customer
5963,FBMCL-00146,ABDUL SATTAR SB DHINDA FARM,MB NO.8676,MB,,0,Direct Sale (Credit Customer): FAUJI,,,True,False,True,2026-05-30 17:22,Shujaat Muzaffar,False,,,sales,direct_sale,1022,MB NO.8676,Credit Customer
5964,FBMCL-00146,ABDUL SATTAR SB DHINDA FARM,MB NO.8705,MB,,0,Direct Sale (Credit Customer): FAUJI,,,True,False,True,2026-05-30 17:23,Shujaat Muzaffar,False,,,sales,direct_sale,1023,MB NO.8705,Credit Customer
5965,FBMCL-00186,SAFDAR ALI SB AJNALA (ASLAM CONT),MB NO.8710,MB,,0,Direct Sale (Mixed Transaction): CHAUGATH,,,True,False,True,2026-05-30 17:36,Shujaat Muzaffar,False,,,sales,direct_sale,1026,MB NO.8710,Mixed Transaction
5966,FBMCL-00222,ILYAS RIHANIA SB JPS,MB NO.8712,MB,,5000,Direct Sale (Credit Customer): PIONEER,,,False,False,True,2026-05-30 17:37,Shujaat Muzaffar,False,,,sales,direct_sale,1027,MB NO.8712,Credit Customer
5967,FBMCL-00253,KHALID SB HANDA DERHA,MB NO.8714,MB,,0,Direct Sale (Cash): FAUJI,,,True,True,True,2026-05-30 17:40,Shujaat Muzaffar,False,,,sales,direct_sale,1028,MB NO.8714,Cash
5968,FBMCL-00151,MALIK MEHMOOD SB PARSUWAL,MB NO.8715,MB,,5724,Direct Sale (Credit Customer): CHAUGATH,,,False,False,True,2026-05-30 17:42,Shujaat Muzaffar,False,,,sales,direct_sale,1029,MB NO.8715,Credit Customer
5969,FBMCL-00150,MUHAMMAD AKRAM SB SANTAL SURKHIYAN,MB NO.8717,MB,,0,Direct Sale (Credit Customer): CONCRETE SPACER,,,True,False,True,2026-05-30 17:43,Shujaat Muzaffar,False,,,sales,direct_sale,1031,MB NO.8717,Credit Customer
5970,FBMCL-00001,ABDUL AZEEM SB KHAN PUR KHOKHAR,MB NO.8718,MB,,0,Direct Sale (Mixed Transaction): CHAUGATH,,,True,False,True,2026-05-31 10:26,Shujaat Muzaffar,False,,,sales,direct_sale,1032,MB NO.8718,Mixed Transaction
5971,FBMCL-00202,HAFIZ ABDUL JABBAR SB RANGPUR,MB NO.8719,MB,,0,Direct Sale (Credit Customer): RINGS 7X7,,,True,False,True,2026-05-31 10:43,Shujaat Muzaffar,False,,,sales,direct_sale,1033,MB NO.8719,Credit Customer
5972,FBMCL-00008,TALHA SB JPS,MB NO.8721,MB,,1900,Direct Sale (Mixed Transaction): PIONEER,,,False,False,True,2026-05-31 10:54,Shujaat Muzaffar,False,,,sales,direct_sale,1035,MB NO.8721,Mixed Transaction
5973,FBMCL-00089,ASIF HUSSAIN JPS (ALI ALMUNIUM),MB NO.8726/2,MB,,0,Direct Sale (Credit Customer): RING SIMOSA,,,True,False,True,2026-05-31 11:04,Shujaat Muzaffar,False,,,sales,direct_sale,1039,MB NO.8726/2,Credit Customer
5974,FBMCL-00224,ATIF BAIG SB KOANKH,MB NO.8732,MB,,0,Booking: PIONEER,,,True,False,True,2026-05-31 13:21,Shujaat Muzaffar,False,,,booking,booking,223,MB NO.8732,Booking
5975,FBMCL-00022,MALIK ILYAS SB JPS,MB NO.8733,MB,,0,Direct Sale (Credit Customer): BAJRI MOTI,,,True,False,True,2026-05-31 13:26,Shujaat Muzaffar,False,,,sales,direct_sale,1043,MB NO.8733,Credit Customer
5976,FBMCL-00217,MIRZA SHAMSHEED SB BHUCH,MB NO.8671,MB,,0,Direct Sale (Cash): RING 6X6,,,True,True,True,2026-05-31 13:38,Shujaat Muzaffar,False,,,sales,direct_sale,1044,MB NO.8671,Cash
5977,FBMCL-00145,MASTER ZAHOOR SB JPS,MB NO.8672,MB,,0,Direct Sale (Credit Customer): RINGS 7X7,,,True,False,True,2026-05-31 13:39,Shujaat Muzaffar,False,,,sales,direct_sale,1045,MB NO.8672,Credit Customer
5978,ORPH-00053,Orphan53,MB NO.8673,MB,,0,Direct Sale (Cash): FAUJI,,,True,True,True,2026-05-31 13:41,Shujaat Muzaffar,False,"[MIGRATION] Orphan record. Original client: ""ASAD SB KOANKH"".",,sales,direct_sale,1046,MB NO.8673,Cash
5979,FBMCL-00145,MASTER ZAHOOR SB JPS,MB NO.8675,MB,,0,Direct Sale (Credit Customer): WIRE,,,True,False,True,2026-05-31 13:43,Shujaat Muzaffar,False,,,sales,direct_sale,1048,MB NO.8675,Credit Customer
5980,FBMCL-00220,GHULAM GHOUS SB JPS,MB NO.8677,MB,,0,Direct Sale (Credit Customer): KOHAT,,,True,False,True,2026-05-31 13:47,Shujaat Muzaffar,False,,,sales,direct_sale,1049,MB NO.8677,Credit Customer
5981,FBMCL-00225,SIKANDAR SB JAGUWAN,MB NO.8740,MB,,0,Booking: ISM 12MM STEEL,,,True,False,True,2026-05-31 14:21,Shujaat Muzaffar,False,,,booking,booking,224,MB NO.8740,Booking
5982,FBMCL-00111,RAJA PARWEZ SB RANGPUR,MB NO.8678,MB,,0,Direct Sale (Credit Customer): FT-KOHAT,,,True,False,True,2026-05-31 15:01,Shujaat Muzaffar,False,,,sales,direct_sale,1050,MB NO.8678,Credit Customer
5983,FBMCL-00066,SUBEDAR MUHAMMAD ARSHAD SB KHANPUR KHOKHAR,MB NO.8679,MB,,390724,Booking: ISM 12MM STEEL,,,True,False,True,2026-05-26 15:06,Shujaat Muzaffar,False,,,booking,booking,225,MB NO.8679,Booking
5984,FBMCL-00147,MUHAMMAD RAZAQ SB JPS,MB NO.8685,MB,,0,Direct Sale (Cash): ISM 12MM STEEL,,,True,True,True,2026-05-31 15:21,Shujaat Muzaffar,False,,,sales,direct_sale,1051,MB NO.8685,Cash
5985,FBMCL-00021,RANA ZAHID SB JPS,MB NO.8687,MB,,0,Direct Sale (Credit Customer): BAJRI MOTI,,,True,False,True,2026-05-31 15:26,Shujaat Muzaffar,False,,,sales,direct_sale,1053,MB NO.8687,Credit Customer
5986,FBMCL-00147,MUHAMMAD RAZAQ SB JPS,MB NO.8692,MB,,0,Direct Sale (Cash): WIRE,,,True,True,True,2026-05-31 15:32,Shujaat Muzaffar,False,,,sales,direct_sale,1056,MB NO.8692,Cash
5987,FBMCL-00116,NAUMAN RIHANIA SB JPS,MB NO.8695,MB,,2880,Direct Sale (Credit Customer): FAUJI,,,False,False,True,2026-05-31 15:33,Shujaat Muzaffar,False,,,sales,direct_sale,1057,MB NO.8695,Credit Customer
5988,FBMCL-00016,MALIK ANSAR SB KHORI,MB NO.8700,MB,,0,Direct Sale (Credit Customer): 6MM,,,True,False,True,2026-05-31 15:41,Shujaat Muzaffar,False,LOCK AND FOAM PAYMENT,,sales,direct_sale,1059,MB NO.8700,Credit Customer
5989,FBMCL-00146,ABDUL SATTAR SB DHINDA FARM,MB NO.8739/8742,MB,,0,Direct Sale (Cash): PIONEER,,,True,True,True,2026-05-31 15:51,Shujaat Muzaffar,False,,,sales,direct_sale,1060,MB NO.8739/8742,Cash
5990,FBMCL-00212,MIRZA NAZAR BAIG SB KOANKH,MB NO.8745,MB,,0,Direct Sale (Mixed Transaction): BAJRI MOTI,,,True,False,True,2026-06-01 09:53,Shujaat Muzaffar,False,,,sales,direct_sale,1062,MB NO.8745,Mixed Transaction
5991,FBMCL-00224,ATIF BAIG SB KOANKH,MB NO.8734,MB,,0,Direct Sale (Mixed Transaction): PIONEER,,,True,False,True,2026-06-01 10:09,Shujaat Muzaffar,False,,,sales,direct_sale,1064,MB NO.8734,Mixed Transaction
5992,FBMCL-00221,MIRZA AKHTAR BAIG SB KOANKH,MB NO.8751,MB,,0,Direct Sale (Credit Customer): PIONEER,,,True,False,True,2026-06-01 10:57,Shujaat Muzaffar,False,,,sales,direct_sale,1066,MB NO.8751,Credit Customer
5993,FBMCL-00146,ABDUL SATTAR SB DHINDA FARM,MB NO.8754,MB,,0,Direct Sale (Credit Customer): PIONEER,,,True,False,True,2026-06-01 12:46,Shujaat Muzaffar,False,,,sales,direct_sale,1067,MB NO.8754,Credit Customer
5995,ORPH-00054,Orphan54,MB NO.8760,MB,,0,Direct Sale (Cash): KOHAT,,,True,True,True,2026-06-01 13:02,Shujaat Muzaffar,False,"[MIGRATION] Orphan record. Original client: ""NAZIR AHMED SB KOANKH"".",,sales,direct_sale,1070,MB NO.8760,Cash
5996,FBMCL-00186,SAFDAR ALI SB AJNALA (ASLAM CONT),MB NO.8762,MB,,0,Direct Sale (Mixed Transaction): RENT-GENERAL,,,True,False,True,2026-06-01 13:06,Shujaat Muzaffar,False,,,sales,direct_sale,1071,MB NO.8762,Mixed Transaction
5997,FBMCL-00089,ASIF HUSSAIN JPS (ALI ALMUNIUM),MB NO.8776,MB,,0,Direct Sale (Credit Customer): KOHAT,,,True,False,True,2026-06-01 15:34,Shujaat Muzaffar,False,,,sales,direct_sale,1078,MB NO.8776,Credit Customer
5998,FBMCL-00222,ILYAS RIHANIA SB JPS,MB NO.8780,MB,,0,Direct Sale (Cash): KOHAT,,,True,True,True,2026-06-01 15:51,Shujaat Muzaffar,False,,,sales,direct_sale,1082,MB NO.8780,Cash
5999,FBMCL-00163,YASIR YAQOOB SB DILAWARPUR,MB NO.8783,MB,,187704,Booking: PIONEER,,,False,False,True,2026-06-01 10:43,Shujaat Muzaffar,False,,,booking,booking,228,MB NO.8783,Booking
6000,FBMCL-00222,ILYAS RIHANIA SB JPS,MB NO.8789,MB,,0,Direct Sale (Cash): KOHAT,,,True,True,True,2026-06-02 11:04,Shujaat Muzaffar,False,,,sales,direct_sale,1085,MB NO.8789,Cash
6001,FBMCL-00173,CASH SALE FBM,MB NO.8791,MB,,0,Direct Sale (Cash): CHAUGATH,,,True,True,True,2026-06-02 11:41,Shujaat Muzaffar,False,,,sales,direct_sale,1087,MB NO.8791,Cash
6002,FBMCL-00044,NADEEM SB DHINDA,MB NO.8794,MB,,0,Direct Sale (Credit Customer): KOHAT,,,True,False,True,2026-06-02 12:04,Shujaat Muzaffar,False,,,sales,direct_sale,1089,MB NO.8794,Credit Customer
6003,FBMCL-00047,HAJI IQBAL SB JPS,MB NO.8796,MB,,0,Direct Sale (Mixed Transaction): CHAUGATH,,,True,False,True,2026-06-02 12:11,Shujaat Muzaffar,False,,,sales,direct_sale,1091,MB NO.8796,Mixed Transaction
6004,FBMCL-00173,CASH SALE FBM,MB NO.8801,MB,,0,Direct Sale (Cash): ISM 12MM STEEL,,,True,True,True,2026-06-02 12:37,Shujaat Muzaffar,False,,,sales,direct_sale,1093,MB NO.8801,Cash
6005,FBMCL-00127,CHAND SB CONT KOANKH,MB NO.8802,MB,,0,Direct Sale (Credit Customer): MISC,,,True,False,True,2026-06-02 12:48,Shujaat Muzaffar,False,,,sales,direct_sale,1094,MB NO.8802,Credit Customer
6006,FBMCL-00215,CH IMRAN SB JPS,MB NO.8805,MB,,0,Direct Sale (Credit Customer): KOHAT,,,True,False,True,2026-06-02 12:54,Shujaat Muzaffar,False,,,sales,direct_sale,1096,MB NO.8805,Credit Customer
6007,FBMCL-00071,HAJI WARIS SB JPS,MB NO.8819,MB,,0,Direct Sale (Mixed Transaction): DG,,,True,False,True,2026-06-02 16:54,Shujaat Muzaffar,False,,,sales,direct_sale,1098,MB NO.8819,Mixed Transaction
6008,FBMCL-00202,HAFIZ ABDUL JABBAR SB RANGPUR,MB NO.8822,MB,,0,Direct Sale (Mixed Transaction): 12MM STEEL,,,True,False,True,2026-06-02 17:17,Shujaat Muzaffar,False,,,sales,direct_sale,1099,MB NO.8822,Mixed Transaction
6009,FBMCL-00220,GHULAM GHOUS SB JPS,MB NO.8835,MB,,0,Direct Sale (Credit Customer): KOHAT,,,True,False,True,2026-06-03 11:04,Shujaat Muzaffar,False,,,sales,direct_sale,1101,MB NO.8835,Credit Customer
6010,FBMCL-00173,CASH SALE FBM,SB-SL-2099,SB,,0,Direct Sale (Cash): WIRE,,,True,True,False,2026-06-03 17:35,Rehman Ahmed,False,,,sales,direct_sale,1103,SB-SL-2099,Cash
6011,FBMCL-00207,MALIK NAVEED SB KHAN PUR KHOKHAR,MB NO.8877-2,MB,,0,Direct Sale (Mixed Transaction): 20MM STEEL,,,True,False,True,2026-06-08 08:42,Rehman Ahmed,False,,,sales,direct_sale,1106,MB NO.8877-2,Mixed Transaction
6012,FBMCL-00226,SUHAIL SB JPS (SHAFEEQ HARDWARE JPS),MB NO.8878,MB,,14550,Direct Sale (Credit Customer): PIONEER,,,False,False,True,2026-06-08 09:18,Rehman Ahmed,False,,,sales,direct_sale,1107,MB NO.8878,Credit Customer
6013,FBMCL-00186,SAFDAR ALI SB AJNALA (ASLAM CONT),MB NO.8880,MB,,0,Direct Sale (Mixed Transaction): KOHAT,,,True,False,True,2026-06-08 09:25,Rehman Ahmed,False,,,sales,direct_sale,1109,MB NO.8880,Mixed Transaction
6014,ORPH-00055,Orphan55,MB NO.8881,MB,,0,Direct Sale (Cash): PIONEER,,,True,True,True,2026-06-08 09:27,Rehman Ahmed,False,"[MIGRATION] Orphan record. Original client: ""ABDULLAH SB JALPUWAL"".",,sales,direct_sale,1110,MB NO.8881,Cash
6015,ORPH-00082,Orphan82,MB NO.8882,MB,,0,Direct Sale (Cash): CONCRETE SPACER,,,True,True,True,2026-06-08 09:28,Rehman Ahmed,False,"[MIGRATION] Orphan record. Original client: ""MAQSOOD SB RANG PUR"".",,sales,direct_sale,1111,MB NO.8882,Cash
6016,FBMCL-00071,HAJI WARIS SB JPS,MB NO.8290,MB,,0,Direct Sale (Credit Customer): 6MM STEEL,,,True,False,True,2026-06-08 10:18,Rehman Ahmed,False,,,sales,direct_sale,1112,MB NO.8290,Credit Customer
6017,FBMCL-00071,HAJI WARIS SB JPS,MB NO.8996,MB,,0,Direct Sale (Mixed Transaction): 12MM STEEL,,,True,False,True,2026-06-08 10:20,Rehman Ahmed,False,,,sales,direct_sale,1113,MB NO.8996,Mixed Transaction
6018,FBMCL-00188,RAFAQAT HUSSAIN SB MALIK (MASJID),MB NO.8883,MB,,0,Direct Sale (Cash): 12MM STEEL,,,True,True,True,2026-06-08 12:08,Rehman Ahmed,False,,,sales,direct_sale,1114,MB NO.8883,Cash
6019,ORPH-00056,Orphan56,MB NO.8884,MB,,0,Direct Sale (Cash): CHAUGATH,,,True,True,True,2026-06-08 12:10,Rehman Ahmed,False,"[MIGRATION] Orphan record. Original client: ""SUBEDAR IRON STORE"".",,sales,direct_sale,1115,MB NO.8884,Cash
6020,FBMCL-00205,IRFAN SB DEDHAR SHARIF,MB NO.8885,MB,,0,Booking: KOHAT,,,True,False,True,2026-06-03 12:11,Rehman Ahmed,False,,,booking,booking,232,MB NO.8885,Booking
6021,FBMCL-00086,RIZWAN KAKA SB JPS,MB NO.8886,MB,,0,Direct Sale (Cash): STEEL NO 9,,,True,True,True,2026-06-08 12:15,Rehman Ahmed,False,,,sales,direct_sale,1116,MB NO.8886,Cash
6023,FBMCL-00080,ADNAN SB DOIYAN,MB NO.8890,MB,,0,Direct Sale (Cash): PIONEER,,,True,True,True,2026-06-08 12:42,Rehman Ahmed,False,,,sales,direct_sale,1120,MB NO.8890,Cash
6024,ORPH-00026,Orphan26,MB NO.8891,MB,,0,Direct Sale (Cash): RING SIMOSA,,,True,True,True,2026-06-08 12:45,Rehman Ahmed,False,"[MIGRATION] Orphan record. Original client: ""ATIF SB KOANKH"".",,sales,direct_sale,1121,MB NO.8891,Cash
6025,FBMCL-00066,SUBEDAR MUHAMMAD ARSHAD SB KHANPUR KHOKHAR,MB NO.8894,MB,,0,Direct Sale (Credit Customer): CHAUGATH,,,True,False,True,2026-06-08 12:53,Rehman Ahmed,False,,,sales,direct_sale,1122,MB NO.8894,Credit Customer
6026,FBMCL-00009,MAZHAR SB RUPOWAL DERA,MB NO.8839,MB,,0,Direct Sale (Credit Customer): FAUJI,,,True,False,True,2026-06-08 13:03,Rehman Ahmed,False,,,sales,direct_sale,1123,MB NO.8839,Credit Customer
6028,FBMCL-00207,MALIK NAVEED SB KHAN PUR KHOKHAR,MB NO.8899,MB,,0,Direct Sale (Credit Customer): ISM 12MM STEEL,,,True,False,True,2026-06-08 13:26,Rehman Ahmed,False,,,sales,direct_sale,1124,MB NO.8899,Credit Customer
6029,,SYED SHAFQAT ABBAS SB GHURAIRA,MB NO.8901,MB,,0,Direct Sale (Cash): DG,,,True,True,True,2026-06-08 13:41,Rehman Ahmed,False,IT ALSO HAVE RETURN BUT DUE TO NON COMPLIANCE MADE IT CASH,,sales,direct_sale,1125,MB NO.8901,Cash
6030,FBMCL-00229,SARWAR SB MASON,MB NO.8280,MB,,15000,Booking: ISM 12MM STEEL,,,False,False,True,2026-05-14 13:47,Rehman Ahmed,False,,,booking,booking,235,MB NO.8280,Booking
6031,ORPH-00083,Orphan83,MB NO.8903,MB,,0,Direct Sale (Cash): CHAUGATH,,,True,True,True,2026-06-08 13:52,Rehman Ahmed,False,"[MIGRATION] Orphan record. Original client: ""TALHA WELDER"".",,sales,direct_sale,1127,MB NO.8903,Cash
6032,FBMCL-00230,SULTAN BAIG SB PARSUWAL,MB NO.8904,MB,,2900,Direct Sale (Credit Customer): FT-FAUJI,,,False,False,True,2026-06-08 13:56,Rehman Ahmed,False,,,sales,direct_sale,1128,MB NO.8904,Credit Customer
6033,FBMCL-00195,SALMAAN SB GHURAL (GOGA SB GHURAL),MB NO.8905-1,MB,,0,Direct Sale (Credit Customer): WIRE,,,True,False,True,2026-06-08 14:03,Rehman Ahmed,False,,,sales,direct_sale,1129,MB NO.8905-1,Credit Customer
6034,FBMCL-00231,MISTRI SUHAIL SB DHINDA,MB NO.8906,MB,,0,Direct Sale (Cash): DG,,,True,True,True,2026-06-08 14:29,Rehman Ahmed,False,,,sales,direct_sale,1130,MB NO.8906,Cash
6035,FBMCL-00232,SHABEER HUSSAIN SB PARSUWAL,MB NO.8907,MB,,34600,Booking: FAUJI,,,False,False,True,2026-06-04 14:31,Rehman Ahmed,False,,,booking,booking,236,MB NO.8907,Booking
6037,ORPH-00015,Orphan15,MB NO.8909,MB,,0,Direct Sale (Cash): RING 4X9,,,True,True,True,2026-06-08 14:37,Rehman Ahmed,False,"[MIGRATION] Orphan record. Original client: ""SAGHEER SB JPS"".",,sales,direct_sale,1131,MB NO.8909,Cash
6038,FBMCL-00218,RAZAQ SB KHANPUR KHOKHAR,MB NO.8911,MB,,0,Direct Sale (Mixed Transaction): KOHAT,,,True,False,True,2026-06-08 14:40,Rehman Ahmed,False,,,sales,direct_sale,1132,MB NO.8911,Mixed Transaction
6039,FBMCL-00234,MIRZA ANSAR BAIG SB KOANKH,MB NO.8913,MB,,0,Direct Sale (Cash): DG,,,True,True,True,2026-06-08 14:51,Rehman Ahmed,False,,,sales,direct_sale,1133,MB NO.8913,Cash
6040,FBMCL-00235,NASAR IQBAL BUTT SB JPS,MB NO.8914,MB,,0,Direct Sale (Cash): PIONEER,,,True,True,True,2026-06-08 16:59,Rehman Ahmed,False,,,sales,direct_sale,1134,MB NO.8914,Cash
6041,FBMCL-00235,NASAR IQBAL BUTT SB JPS,MB NO.8916,MB,,0,Direct Sale (Cash): RING SIMOSA,,,True,True,True,2026-06-08 17:02,Rehman Ahmed,False,,,sales,direct_sale,1136,MB NO.8916,Cash
6042,FBMCL-00236,ALI SB KOANKH,MB NO.8917,MB,,0,Direct Sale (Cash): GOLA GOL,,,True,True,True,2026-06-08 17:04,Rehman Ahmed,False,,,sales,direct_sale,1137,MB NO.8917,Cash
6043,FBMCL-00237,GHAZANFAR SB BHUCH,MB NO.8918,MB,,0,Direct Sale (Cash): DG,,,True,True,True,2026-06-08 17:06,Rehman Ahmed,False,,,sales,direct_sale,1138,MB NO.8918,Cash
6044,FBMCL-00229,SARWAR SB MASON,MB NO.8919,MB,,3210.5,Direct Sale (Mixed Transaction): PIONEER,,,False,False,True,2026-06-08 17:08,Rehman Ahmed,False,,,sales,direct_sale,1139,MB NO.8919,Mixed Transaction
6045,FBMCL-00238,SHEHZAD BUTT SB KOANKH,MB NO.8921,MB,,3.637978807091713e-12,Direct Sale (Cash): CHAUGATH,,,False,True,True,2026-06-08 17:12,Rehman Ahmed,False,,,sales,direct_sale,1140,MB NO.8921,Cash
6046,FBMCL-00207,MALIK NAVEED SB KHAN PUR KHOKHAR,MB NO.8923,MB,,0,Direct Sale (Mixed Transaction): DG,,,True,False,True,2026-06-08 17:17,Rehman Ahmed,False,,,sales,direct_sale,1141,MB NO.8923,Mixed Transaction
6047,FBMCL-00207,MALIK NAVEED SB KHAN PUR KHOKHAR,MB NO.8924,MB,,1,Direct Sale (Credit Customer): FAUJI,,,False,False,True,2026-06-08 17:19,Rehman Ahmed,False,,,sales,direct_sale,1142,MB NO.8924,Credit Customer
6048,FBMCL-00190,AZHAR BUTT SB JPS BUTT SWEETS,MB NO.9061,MB,,149900,Booking: ISM 12MM STEEL,,,False,False,True,2026-06-05 17:23,Rehman Ahmed,False,,,booking,booking,238,MB NO.9061,Booking
6050,FBMCL-00192,DR AMIN SB JPS,MB NO.8988,MB,,0,Direct Sale (Credit Customer): WIRE,,,True,False,True,2026-06-09 08:51,Rehman Ahmed,False,,,sales,direct_sale,1145,MB NO.8988,Credit Customer
6051,FBMCL-00192,DR AMIN SB JPS,MB NO.9071,MB,,0,Booking: 12MM STEEL,,,True,False,True,2026-06-09 08:52,Rehman Ahmed,False,,,booking,booking,239,MB NO.9071,Booking
6052,FBMCL-00239,AURANGZEB SB KOANKH,MB NO.9072/1,MB,,0,Direct Sale (Credit Customer): ISM 12MM STEEL,,,True,False,True,2026-06-09 08:58,Rehman Ahmed,False,,,sales,direct_sale,1146,MB NO.9072/1,Credit Customer
6053,FBMCL-00038,TAHIR SB AJNALA,MB NO.8847,MB,,3000,Direct Sale (Mixed Transaction): DG,,,False,False,True,2026-06-09 09:13,Rehman Ahmed,False,,,sales,direct_sale,1149,MB NO.8847,Mixed Transaction
6054,FBMCL-00240,ABDUL AZIZ SB DEDHAR SHARIF,MB NO.8023,MB,,0,Booking: DG,,,True,False,True,2026-05-06 09:18,Rehman Ahmed,False,,,booking,booking,240,MB NO.8023,Booking
6055,FBMCL-00089,ASIF HUSSAIN JPS (ALI ALMUNIUM),MB NO.9079,MB,,0,Direct Sale (Credit Customer): PIONEER,,,True,False,True,2026-06-09 10:03,Rehman Ahmed,False,,,sales,direct_sale,1153,MB NO.9079,Credit Customer
6056,FBMCL-00215,CH IMRAN SB JPS,MB NO.8928,MB,,0,Direct Sale (Credit Customer): FAUJI,,,True,False,True,2026-06-09 10:09,Rehman Ahmed,False,,,sales,direct_sale,1154,MB NO.8928,Credit Customer
6058,FBMCL-00147,MUHAMMAD RAZAQ SB JPS,MB NO.9085,MB,,0,Direct Sale (Cash): TILE 1ST GAGGO MANDI,,,True,True,True,2026-06-09 11:26,Rehman Ahmed,False,,,sales,direct_sale,1158,MB NO.9085,Cash
6059,FBMCL-00192,DR AMIN SB JPS,MB NO.9084,MB,,0,Direct Sale (Mixed Transaction): 12MM STEEL,,,True,False,True,2026-06-09 11:34,Rehman Ahmed,False,,,sales,direct_sale,1159,MB NO.9084,Mixed Transaction
6060,FBMCL-00190,AZHAR BUTT SB JPS BUTT SWEETS,MB NO.8930,MB,,767.9999999999973,Direct Sale (Mixed Transaction): ISM 12MM STEEL,,,False,False,True,2026-06-09 11:44,Rehman Ahmed,False,,,sales,direct_sale,1160,MB NO.8930,Mixed Transaction
6061,FBMCL-00146,ABDUL SATTAR SB DHINDA FARM,MB NO.8932,MB,,0,Direct Sale (Credit Customer): PIONEER,,,True,False,True,2026-06-09 11:48,Rehman Ahmed,False,,,sales,direct_sale,1161,MB NO.8932,Credit Customer
6062,FBMCL-00240,ABDUL AZIZ SB DEDHAR SHARIF,MB NO.9076/2,MB,,0,Direct Sale (Credit Customer): RENT-CEMENT,,,True,False,True,2026-06-09 11:54,Rehman Ahmed,False,,,sales,direct_sale,1164,MB NO.9076/2,Credit Customer
6063,FBMCL-00145,MASTER ZAHOOR SB JPS,MB NO.9086,MB,,0,Direct Sale (Credit Customer): BAJRI MOTI,,,True,False,True,2026-06-09 12:05,Rehman Ahmed,False,,,sales,direct_sale,1165,MB NO.9086,Credit Customer
6064,FBMCL-00215,CH IMRAN SB JPS,MB NO.9088,MB,,0,Direct Sale (Credit Customer): FAUJI,,,True,False,True,2026-06-09 12:31,Rehman Ahmed,False,,,sales,direct_sale,1167,MB NO.9088,Credit Customer
6065,FBMCL-00038,TAHIR SB AJNALA,MB NO.9075/2,MB,,1000,Direct Sale (Credit Customer): RENT-CEMENT,,,False,False,True,2026-06-09 12:49,Rehman Ahmed,False,,,sales,direct_sale,1168,MB NO.9075/2,Credit Customer
6067,FBMCL-00217,MIRZA SHAMSHEED SB BHUCH,MB NO.9092,MB,,0,Direct Sale (Cash): CHAUGATH,,,True,True,True,2026-06-09 13:35,Rehman Ahmed,False,,,sales,direct_sale,1170,MB NO.9092,Cash
6068,FBMCL-00225,SIKANDAR SB JAGUWAN,MB NO.9094,MB,,0,Direct Sale (Credit Customer): FAUJI,,,True,False,True,2026-06-09 13:48,Rehman Ahmed,False,,,sales,direct_sale,1172,MB NO.9094,Credit Customer
6069,FBMCL-00175,MUHAMMAD ARSHAD SB GHURAL (SUBEDAR QADAR DAD SB),MB NO.9096,MB,,0,Direct Sale (Mixed Transaction): BAJRI PAAN,,,True,False,True,2026-06-09 14:04,Rehman Ahmed,False,,,sales,direct_sale,1173,MB NO.9096,Mixed Transaction
6070,FBMCL-00225,SIKANDAR SB JAGUWAN,MB NO.9099,MB,,0,Direct Sale (Credit Customer): FAUJI,,,True,False,True,2026-06-09 14:26,Rehman Ahmed,False,,,sales,direct_sale,1174,MB NO.9099,Credit Customer
6071,FBMCL-00215,CH IMRAN SB JPS,MB NO.9100,MB,,0,Booking: ISM 12MM STEEL,,,True,False,True,2026-06-09 14:35,Rehman Ahmed,False,,,booking,booking,242,MB NO.9100,Booking
6073,FBMCL-00239,AURANGZEB SB KOANKH,MB NO.9104,MB,,0,Booking: ISM 12MM STEEL,,,True,False,True,2026-06-08 15:53,Rehman Ahmed,False,,,booking,booking,244,MB NO.9104,Booking
6074,FBMCL-00108,TARIQ BUTT SB JPS,MB NO.8948,MB,,14300,Direct Sale (Mixed Transaction): DG,,,False,False,True,2026-06-09 16:25,Rehman Ahmed,False,,,sales,direct_sale,1176,MB NO.8948,Mixed Transaction
6075,FBMCL-00108,TARIQ BUTT SB JPS,MB NO.9106,MB,,1430,Direct Sale (Credit Customer): DG,,,False,False,True,2026-06-09 16:25,Rehman Ahmed,False,,,sales,direct_sale,1177,MB NO.9106,Credit Customer
6076,FBMCL-00215,CH IMRAN SB JPS,MB NO.9110,MB,,49700,Booking: CHAUGATH,,,False,False,True,2026-06-09 17:39,Rehman Ahmed,False,,,booking,booking,245,MB NO.9110,Booking
6077,FBMCL-00021,RANA ZAHID SB JPS,MB NO.9111,MB,,0,Direct Sale (Credit Customer): FAUJI,,,True,False,True,2026-06-09 17:45,Rehman Ahmed,False,,,sales,direct_sale,1178,MB NO.9111,Credit Customer
6078,FBMCL-00220,GHULAM GHOUS SB JPS,MB NO.9108,MB,,0,Booking: ISM 12MM STEEL,,,True,False,True,2026-06-09 11:37,Rehman Ahmed,False,,,booking,booking,246,MB NO.9108,Booking
6079,FBMCL-00162,SHERAZ SB MALIK PUR,MB NO.9114,MB,,0,Direct Sale (Mixed Transaction): 12MM STEEL,,,True,False,True,2026-06-10 12:09,Rehman Ahmed,False,,,sales,direct_sale,1180,MB NO.9114,Mixed Transaction
6080,FBMCL-00243,ALI SHAN SB RANGRA,MB NO.8987,MB,,0,Booking: ISM 12MM STEEL,,,True,False,True,2026-06-07 12:27,Rehman Ahmed,False,,,booking,booking,247,MB NO.8987,Booking
6081,FBMCL-00154,MUHAMMAD ABID SB KOANKH,MB NO.9122,MB,,12623,Direct Sale (Credit Customer): RINGS 7X7,,,False,False,True,2026-06-10 12:45,Rehman Ahmed,False,,,sales,direct_sale,1184,MB NO.9122,Credit Customer
6082,FBMCL-00047,HAJI IQBAL SB JPS,MB NO.9123,MB,,0,Direct Sale (Credit Customer): RING 6X6,,,True,False,True,2026-06-10 12:47,Rehman Ahmed,False,,,sales,direct_sale,1185,MB NO.9123,Credit Customer
6083,FBMCL-00225,SIKANDAR SB JAGUWAN,MB NO.8975,MB,,0,Direct Sale (Mixed Transaction): ISM 12MM STEEL,,,True,False,True,2026-06-10 12:51,Rehman Ahmed,False,,,sales,direct_sale,1186,MB NO.8975,Mixed Transaction
6084,FBMCL-00216,SAGHEER BAIG SB KOANKH,MB NO.9119,MB,,53680.79999999999,Booking: PIONEER,,,False,False,True,2026-06-10 12:57,Rehman Ahmed,False,,,booking,booking,249,MB NO.9119,Booking
6085,FBMCL-00216,SAGHEER BAIG SB KOANKH,MB NO.9126,MB,,2000,Direct Sale (Credit Customer): WIRE,,,False,False,True,2026-06-10 13:02,Rehman Ahmed,False,,,sales,direct_sale,1189,MB NO.9126,Credit Customer
6087,FBMCL-00197,RAOOF SB GHURAL,MB NO.9136,MB,,0,Booking: KOHAT,,,True,False,True,2026-06-09 14:14,Rehman Ahmed,False,,,booking,booking,252,MB NO.9136,Booking
6088,FBMCL-00192,DR AMIN SB JPS,MB NO.9128,MB,,0,Direct Sale (Mixed Transaction): PIONEER,,,True,False,True,2026-06-10 14:30,Rehman Ahmed,False,,,sales,direct_sale,1192,MB NO.9128,Mixed Transaction
6089,FBMCL-00035,EHSAN SB CHAUHAN,MB NO.9141,MB,,0,Direct Sale (Credit Customer): TILE 1ST JHANG,,,True,False,True,2026-06-10 14:41,Rehman Ahmed,False,,,sales,direct_sale,1195,MB NO.9141,Credit Customer
6091,FBMCL-00245,SYED SHAFQAT ABBAS SB GHURAIRA,MB NO.9145,MB,,0,Direct Sale (Cash): DG,,,True,True,True,2026-06-10 15:33,Rehman Ahmed,False,,,sales,direct_sale,1197,MB NO.9145,Cash
6092,FBMCL-00089,ASIF HUSSAIN JPS (ALI ALMUNIUM),MB NO.9147,MB,,0,Direct Sale (Credit Customer): PIONEER,,,True,False,True,2026-06-10 15:56,Rehman Ahmed,False,,,sales,direct_sale,1198,MB NO.9147,Credit Customer
6093,FBMCL-00146,ABDUL SATTAR SB DHINDA FARM,MB NO.9044,MB,,1450.010000000009,Direct Sale (Credit Customer): FAUJI,,,False,False,True,2026-06-10 17:04,Rehman Ahmed,False,,,sales,direct_sale,1200,MB NO.9044,Credit Customer
6094,FBMCL-00089,ASIF HUSSAIN JPS (ALI ALMUNIUM),MB NO.9321,MB,,0,Direct Sale (Credit Customer): PIONEER,,,True,False,True,2026-06-15 11:30,Shujaat Muzaffar,False,,,sales,direct_sale,1203,MB NO.9321,Credit Customer
6095,ORPH-00010,Orphan10,SB-SL-2200,SB,,0,Direct Sale (Cash): ISM 12MM STEEL,,,True,True,False,2026-06-15 11:32,Shujaat Muzaffar,False,"[MIGRATION] Orphan record. Original client: ""AMANAT SB JPS"".",,sales,direct_sale,1204,SB-SL-2200,Cash
6096,ORPH-00005,Orphan5,SB-SL-2201,SB,,0,Direct Sale (Cash): FAUJI,,,True,True,False,2026-06-15 11:34,Shujaat Muzaffar,False,"[MIGRATION] Orphan record. Original client: ""AMIR SB AJNALA"".",,sales,direct_sale,1205,SB-SL-2201,Cash
6097,FBMCL-00087,ARIF SB JPS(HAJI ASHFAQ S),MB NO.9326,MB,,0,Booking: TILE 1ST GAGGO MANDI,,,True,False,True,2026-06-15 11:42,Shujaat Muzaffar,False,,,booking,booking,255,MB NO.9326,Booking
6098,FBMCL-00227,ASIF SB DERHA HANDA,MB NO.8937,MB,,2100,Direct Sale (Mixed Transaction): ISM 12MM STEEL,,,False,False,True,2026-06-15 11:55,Rehman Ahmed,False,,,sales,direct_sale,1209,MB NO.8937,Mixed Transaction
6099,FBMCL-00188,RAFAQAT HUSSAIN SB MALIK (MASJID),MB NO.9331,MB,,0,Direct Sale (Cash): WIRE,,,True,True,True,2026-06-15 12:26,Shujaat Muzaffar,False,,,sales,direct_sale,1210,MB NO.9331,Cash
6101,FBMCL-00190,AZHAR BUTT SB JPS BUTT SWEETS,MB NO.8938,MB,,12838,Direct Sale (Mixed Transaction): 6MM STEEL,,,False,False,True,2026-06-15 12:35,Shujaat Muzaffar,False,,,sales,direct_sale,1212,MB NO.8938,Mixed Transaction
6102,FBMCL-00089,ASIF HUSSAIN JPS (ALI ALMUNIUM),MB NO.9341,MB,,0,Direct Sale (Credit Customer): PIONEER,,,True,False,True,2026-06-15 13:11,Shujaat Muzaffar,False,,,sales,direct_sale,1216,MB NO.9341,Credit Customer
6103,FBMCL-00044,NADEEM SB DHINDA,MB NO.9346,MB,,0,Booking: DG,,,True,False,True,2026-06-11 15:44,Shujaat Muzaffar,False,,,booking,booking,256,MB NO.9346,Booking
6104,FBMCL-00044,NADEEM SB DHINDA,MB NO.9184,MB,,0,Direct Sale (Credit Customer): DG,,,True,False,True,2026-06-15 15:48,Shujaat Muzaffar,False,,,sales,direct_sale,1221,MB NO.9184,Credit Customer
6105,FBMCL-00228,SHEHBAZ SB RANGPUR,MB NO.8953,MB,,0,Booking: KOHAT,,,True,False,True,2026-06-11 15:50,Shujaat Muzaffar,False,,,booking,booking,257,MB NO.8953,Booking
6106,FBMCL-00191,MIRZA REHMAN SB JPS,MB NO.8956,MB,,0,Direct Sale (Mixed Transaction): 12MM STEEL,,,True,False,True,2026-06-15 16:01,Shujaat Muzaffar,False,,,sales,direct_sale,1223,MB NO.8956,Mixed Transaction
6107,FBMCL-00035,EHSAN SB CHAUHAN,MB NO.8961,MB,,3690,Direct Sale (Credit Customer): ISM 12MM STEEL,,,False,False,True,2026-06-15 16:08,Shujaat Muzaffar,False,,,sales,direct_sale,1226,MB NO.8961,Credit Customer
6109,FBMCL-00172,SAIF ULLAH SB KOANKH,MB NO.8974,MB,,9800,Booking: PIONEER,,,False,False,True,2026-06-06 16:25,Shujaat Muzaffar,False,,,booking,booking,259,MB NO.8974,Booking
6110,FBMCL-00154,MUHAMMAD ABID SB KOANKH,MB NO.8978,MB,,28279,Direct Sale (Mixed Transaction): 12MM STEEL,,,False,False,True,2026-06-16 10:08,Rehman Ahmed,False,,,sales,direct_sale,1229,MB NO.8978,Mixed Transaction
6111,FBMCL-00145,MASTER ZAHOOR SB JPS,MB NO.8981,MB,,0,Direct Sale (Mixed Transaction): BAJRI MOTI,,,True,False,True,2026-06-16 10:20,Rehman Ahmed,False,,,sales,direct_sale,1230,MB NO.8981,Mixed Transaction
6112,FBMCL-00248,HAJI AKRAM SB CONT DOYIAN,SB-BK-1252,SB,,0,Booking: ISM 12MM STEEL,,,True,False,False,2026-06-16 10:35,Rehman Ahmed,False,,,booking,booking,260,SB-BK-1252,Booking
6113,FBMCL-00238,SHEHZAD BUTT SB KOANKH,MB NO.8983,MB,,0,Direct Sale (Cash): CHAUGATH,,,True,True,True,2026-06-16 10:45,Rehman Ahmed,False,RETURN 6.6 AND AGAIN DELIVERED 7.6 SO 1 KG NEW SALE,,sales,direct_sale,1233,MB NO.8983,Cash
6114,FBMCL-00249,AZHAR HUSSAIN SB JALPOWAL,SB-SL-2231,SB,,0,Direct Sale (Cash): FAUJI,,,True,True,False,2026-06-16 11:09,Rehman Ahmed,False,,,sales,direct_sale,1235,SB-SL-2231,Cash
6115,FBMCL-00021,RANA ZAHID SB JPS,MB NO.8989,MB,,0,Direct Sale (Credit Customer): BAJRI MOTI,,,True,False,True,2026-06-16 11:16,Rehman Ahmed,False,,,sales,direct_sale,1236,MB NO.8989,Credit Customer
6116,FBMCL-00229,SARWAR SB MASON,MB NO.8990,MB,,4250,Direct Sale (Credit Customer): BAJRI MOTI,,,False,False,True,2026-06-16 11:32,Rehman Ahmed,False,,,sales,direct_sale,1237,MB NO.8990,Credit Customer
6117,FBMCL-00250,BILAL SB GHURAL WELDER,MB NO.8998,MB,,0,Direct Sale (Cash): CHAUGATH,,,True,True,True,2026-06-16 12:06,Rehman Ahmed,False,,,sales,direct_sale,1240,MB NO.8998,Cash
6118,FBMCL-00092,REHMAN AHMED DILAWAR PUR,MB NO.8997,MB,,14800,Direct Sale (Credit Customer): KOHAT,,,False,False,True,2026-06-16 12:35,Rehman Ahmed,False,,,sales,direct_sale,1243,MB NO.8997,Credit Customer
6119,FBMCL-00188,RAFAQAT HUSSAIN SB MALIK (MASJID),MB NO.8998-A,MB,,0,Direct Sale (Cash): PIONEER,,,True,True,True,2026-06-16 12:39,Rehman Ahmed,False,,,sales,direct_sale,1244,MB NO.8998-A,Cash
6120,FBMCL-00188,RAFAQAT HUSSAIN SB MALIK (MASJID),MB NO.9001,MB,,0,Direct Sale (Cash): PIONEER,,,True,True,True,2026-06-16 13:05,Rehman Ahmed,False,,,sales,direct_sale,1247,MB NO.9001,Cash
6121,FBMCL-00230,SULTAN BAIG SB PARSUWAL,MB NO.9004,MB,,5800,Direct Sale (Credit Customer): FT-KOHAT,,,False,False,True,2026-06-16 13:14,Rehman Ahmed,False,,,sales,direct_sale,1250,MB NO.9004,Credit Customer
6122,ORPH-00057,Orphan57,MB NO.9012,MB,,0,Direct Sale (Cash): CHIPS ZERO,,,True,True,True,2026-06-16 13:32,Rehman Ahmed,False,"[MIGRATION] Orphan record. Original client: ""QAISER SB DOYIAN"".",,sales,direct_sale,1252,MB NO.9012,Cash
6123,FBMCL-00169,MUHAMMAD SHABEER SB CONT TIBBA AJNALA,MB NO.8322,MB,,0,Direct Sale (Cash): CHAUGATH,,,True,True,True,2026-06-16 13:55,Rehman Ahmed,False,,,sales,direct_sale,1253,MB NO.8322,Cash
6124,FBMCL-00169,MUHAMMAD SHABEER SB CONT TIBBA AJNALA,MB NO.9013,MB,,0,Direct Sale (Cash): ISM 12MM STEEL,,,True,True,True,2026-06-16 13:56,Rehman Ahmed,False,,,sales,direct_sale,1254,MB NO.9013,Cash
6125,FBMCL-00191,MIRZA REHMAN SB JPS,MB NO.9016,MB,,0,Direct Sale (Credit Customer): CONCRETE SPACER,,,True,False,True,2026-06-16 14:30,Rehman Ahmed,False,,,sales,direct_sale,1255,MB NO.9016,Credit Customer
6126,FBMCL-00253,KHALID SB HANDA DERHA,MB NO.9019,MB,,0,Direct Sale (Credit Customer): CHAUGATH,,,True,False,True,2026-06-16 14:54,Rehman Ahmed,False,,,sales,direct_sale,1256,MB NO.9019,Credit Customer
6127,FBMCL-00022,MALIK ILYAS SB JPS,MB NO.8759-A,MB,,0,Direct Sale (Credit Customer): BAJRI MOTI,,,True,False,True,2026-06-16 14:59,Rehman Ahmed,False,,,sales,direct_sale,1257,MB NO.8759-A,Credit Customer
6128,FBMCL-00022,MALIK ILYAS SB JPS,MB NO.9020,MB,,0,Direct Sale (Credit Customer): BAJRI MOTI,,,True,False,True,2026-06-16 15:10,Rehman Ahmed,False,,,sales,direct_sale,1258,MB NO.9020,Credit Customer
6129,FBMCL-00254,MANI BUTT SB BLOCK FACTORY JPS,MB NO.9021,MB,,22720,Direct Sale (Credit Customer): KOHAT,,,False,False,True,2026-06-17 08:42,Rehman Ahmed,False,,,sales,direct_sale,1259,MB NO.9021,Credit Customer
6130,FBMCL-00235,NASAR IQBAL BUTT SB JPS,MB NO.9023,MB,,0,Direct Sale (Cash): KOHAT,,,True,True,True,2026-06-17 08:44,Rehman Ahmed,False,,,sales,direct_sale,1260,MB NO.9023,Cash
6131,FBMCL-00238,SHEHZAD BUTT SB KOANKH,MB NO.9025,MB,,0,Direct Sale (Cash): KOHAT,,,True,True,True,2026-06-17 08:49,Rehman Ahmed,False,,,sales,direct_sale,1262,MB NO.9025,Cash
6132,ORPH-00084,Orphan84,MB NO.9028,MB,,0,Direct Sale (Cash): RING 4X4,,,True,True,True,2026-06-17 09:02,Rehman Ahmed,False,"3.5 ADJUSTMENT | [MIGRATION] Orphan record. Original client: ""LIAQAT SB JPS"".",,sales,direct_sale,1264,MB NO.9028,Cash
6133,FBMCL-00221,MIRZA AKHTAR BAIG SB KOANKH,MB NO.8838,MB,,0,Direct Sale (Credit Customer): DG,,,True,False,True,2026-06-17 09:21,Rehman Ahmed,False,,,sales,direct_sale,1266,MB NO.8838,Credit Customer
6134,FBMCL-00221,MIRZA AKHTAR BAIG SB KOANKH,MB NO.9032,MB,,4014,Direct Sale (Credit Customer): DG,,,False,False,True,2026-06-17 09:24,Rehman Ahmed,False,,,sales,direct_sale,1267,MB NO.9032,Credit Customer
6135,FBMCL-00178,ZEESHAN ATTARI SB JPS,MB NO.9033,MB,,156595.5,Direct Sale (Mixed Transaction): 12MM STEEL,,,False,False,True,2026-06-17 11:55,Rehman Ahmed,False,,,sales,direct_sale,1270,MB NO.9033,Mixed Transaction
6136,FBMCL-00001,ABDUL AZEEM SB KHAN PUR KHOKHAR,MB NO.9034,MB,,0,Direct Sale (Mixed Transaction): DG,,,True,False,True,2026-06-17 12:03,Rehman Ahmed,False,,,sales,direct_sale,1271,MB NO.9034,Mixed Transaction
6137,FBMCL-00021,RANA ZAHID SB JPS,MB NO.9037,MB,,0,Direct Sale (Credit Customer): FAUJI,,,True,False,True,2026-06-17 12:11,Rehman Ahmed,False,,,sales,direct_sale,1274,MB NO.9037,Credit Customer
6138,ORPH-00058,Orphan58,MB NO.9038,MB,,0,Direct Sale (Cash): ISM 12MM STEEL,,,True,True,True,2026-06-17 12:12,Rehman Ahmed,False,"[MIGRATION] Orphan record. Original client: ""ZAFAR SB GHURAIRA"".",,sales,direct_sale,1275,MB NO.9038,Cash
6139,ORPH-00059,Orphan59,MB NO.9045,MB,,0,Direct Sale (Cash): CHAUGATH,,,True,True,True,2026-06-17 12:27,Rehman Ahmed,False,"[MIGRATION] Orphan record. Original client: ""JABBAR SB PARSUWAL"".",,sales,direct_sale,1280,MB NO.9045,Cash
6140,FBMCL-00221,MIRZA AKHTAR BAIG SB KOANKH,MB NO.9047,MB,,5600,Direct Sale (Credit Customer): CHIPS ZERO,,,False,False,True,2026-06-17 12:33,Rehman Ahmed,False,,,sales,direct_sale,1283,MB NO.9047,Credit Customer
6142,FBMCL-00256,MUHAMMAD ARSHAD SB DHINDA POTAN WALAY,MB NO.9352,MB,,74312,Direct Sale (Credit Customer): ISM 12MM STEEL,,,False,False,True,2026-06-17 14:40,Shujaat Muzaffar,False,,,sales,direct_sale,1291,MB NO.9352,Credit Customer
6143,FBMCL-00113,MUHAMMAD SALEEM SB RUPOWAL,MB NO.9353,MB,,0,Direct Sale (Credit Customer): CHIPS ZERO,,,True,False,True,2026-06-17 14:43,Shujaat Muzaffar,False,,,sales,direct_sale,1292,MB NO.9353,Credit Customer
6144,FBMCL-00175,MUHAMMAD ARSHAD SB GHURAL (SUBEDAR QADAR DAD SB),MB NO.9356,MB,,0,Direct Sale (Credit Customer): CHAUGATH,,,True,False,True,2026-06-17 14:58,Shujaat Muzaffar,False,,,sales,direct_sale,1295,MB NO.9356,Credit Customer
6145,FBMCL-00048,RANA ZAHEER SB JPS,MB NO.9357,MB,,0,Direct Sale (Credit Customer): KOHAT,,,True,False,True,2026-06-17 15:05,Shujaat Muzaffar,False,,,sales,direct_sale,1296,MB NO.9357,Credit Customer
6146,FBMCL-00216,SAGHEER BAIG SB KOANKH,MB NO.9359,MB,,2000,Direct Sale (Credit Customer): WIRE,,,False,False,True,2026-06-17 15:13,Shujaat Muzaffar,False,,,sales,direct_sale,1298,MB NO.9359,Credit Customer
6147,FBMCL-00207,MALIK NAVEED SB KHAN PUR KHOKHAR,MB NO.9068,MB,,0,Direct Sale (Cash): ISM 12MM STEEL,,,True,True,True,2026-06-17 15:32,Rehman Ahmed,False,,,sales,direct_sale,1303,MB NO.9068,Cash
6148,FBMCL-00158,JAMEEL SB JAGWAN,MB NO.9364,MB,,1500,Direct Sale (Mixed Transaction): KOHAT,,,False,False,True,2026-06-17 15:37,Shujaat Muzaffar,False,,,sales,direct_sale,1304,MB NO.9364,Mixed Transaction
6149,ORPH-00060,Orphan60,MB NO.9069,MB,,0,Direct Sale (Cash): CHAUGATH,,,True,True,True,2026-06-17 15:50,Rehman Ahmed,False,"[MIGRATION] Orphan record. Original client: ""MASOOD SB KHAN PUR KHOKHAR"".",,sales,direct_sale,1305,MB NO.9069,Cash
6150,FBMCL-00238,SHEHZAD BUTT SB KOANKH,MB NO.9082,MB,,0,Direct Sale (Cash): PIONEER,,,True,True,True,2026-06-17 16:26,Rehman Ahmed,False,,,sales,direct_sale,1308,MB NO.9082,Cash
6151,FBMCL-00247,YOUNIS GHAFFARI SB JPS,MB NO.9097,MB,,500,Direct Sale (Credit Customer): OPEN CEMENT,,,False,False,True,2026-06-17 16:39,Rehman Ahmed,False,,,sales,direct_sale,1309,MB NO.9097,Credit Customer
6152,FBMCL-00257,JAHANGIR LOADER PARSUWAL,MB NO.9103,MB,,60,Direct Sale (Credit Customer): FT-FAUJI,,,False,False,True,2026-06-18 09:06,Rehman Ahmed,False,,,sales,direct_sale,1310,MB NO.9103,Credit Customer
6153,FBMCL-00258,SHEHZAD SB SHOP,MB NO.9015,MB,,0,Direct Sale (Cash): RING 6X6,,,True,True,True,2026-06-18 09:10,Rehman Ahmed,False,,,sales,direct_sale,1311,MB NO.9015,Cash
6155,FBMCL-00138,FAROOQ KALAS SB PARSUWAL,MB NO.9413,MB,,0,Direct Sale (Credit Customer): WIRE,,,True,False,True,2026-06-18 10:25,Shujaat Muzaffar,False,,,sales,direct_sale,1318,MB NO.9413,Credit Customer
6156,FBMCL-00089,ASIF HUSSAIN JPS (ALI ALMUNIUM),MB NO.9420,MB,,0,Direct Sale (Credit Customer): PIONEER,,,True,False,True,2026-06-18 10:31,Shujaat Muzaffar,False,,,sales,direct_sale,1320,MB NO.9420,Credit Customer
6157,FBMCL-00071,HAJI WARIS SB JPS,MB NO.9421,MB,,0,Direct Sale (Cash): DG,,,True,True,True,2026-06-18 10:34,Shujaat Muzaffar,False,,,sales,direct_sale,1321,MB NO.9421,Cash
6158,FBMCL-00150,MUHAMMAD AKRAM SB SANTAL SURKHIYAN,MB NO.9281,MB,,0,Direct Sale (Mixed Transaction): RENT-CEMENT,,,True,False,True,2026-06-18 10:43,Shujaat Muzaffar,False,,,sales,direct_sale,1323,MB NO.9281,Mixed Transaction
6159,FBMCL-00244,SHAMRAIZ SB JAGUWAN,MB NO.9427,MB,,0,Direct Sale (Cash): FT-KOHAT,,,True,True,True,2026-06-18 10:45,Shujaat Muzaffar,False,,,sales,direct_sale,1325,MB NO.9427,Cash
6160,FBMCL-00048,RANA ZAHEER SB JPS,MB NO.9400,MB,,0,Direct Sale (Credit Customer): BAJRI MOTI,,,True,False,True,2026-06-18 10:50,Shujaat Muzaffar,False,,,sales,direct_sale,1326,MB NO.9400,Credit Customer
6161,FBMCL-00063,ABDULLAH SB KOANKH,MB NO.9431,MB,,0,Direct Sale (Credit Customer): ISM 12MM STEEL,,,True,False,True,2026-06-18 11:20,Shujaat Muzaffar,False,,,sales,direct_sale,1328,MB NO.9431,Credit Customer
6162,FBMCL-00167,CH MUHAMMAD AKRAM RIHANIA SB JPS,MB NO.9432,MB,,27367.39999999999,Direct Sale (Credit Customer): CHAUGATH,,,False,False,True,2026-06-18 11:22,Shujaat Muzaffar,False,,,sales,direct_sale,1329,MB NO.9432,Credit Customer
6163,FBMCL-00150,MUHAMMAD AKRAM SB SANTAL SURKHIYAN,MB NO.9433,MB,,0,Direct Sale (Mixed Transaction): CHAUGATH,,,True,False,True,2026-06-18 11:40,Shujaat Muzaffar,False,,,sales,direct_sale,1330,MB NO.9433,Mixed Transaction
6164,FBMCL-00008,TALHA SB JPS,MB NO.9434,MB,,300,Direct Sale (Mixed Transaction): 12MM STEEL,,,False,False,True,2026-06-18 11:43,Shujaat Muzaffar,False,,,sales,direct_sale,1331,MB NO.9434,Mixed Transaction
6165,ORPH-00061,Orphan61,SB-SL-2328,SB,,0,Direct Sale (Cash): CHAUGATH,,,True,True,False,2026-06-18 11:52,Rehman Ahmed,False,"[MIGRATION] Orphan record. Original client: ""QAISER SB JPS WELDER"".",,sales,direct_sale,1332,SB-SL-2328,Cash
6166,FBMCL-00197,RAOOF SB GHURAL,MB NO.9138,MB,,0,Direct Sale (Mixed Transaction): CHAUGATH,,,True,False,True,2026-06-18 12:07,Rehman Ahmed,False,,,sales,direct_sale,1335,MB NO.9138,Mixed Transaction
6167,FBMCL-00063,ABDULLAH SB KOANKH,MB NO.9435,MB,,3797,Direct Sale (Credit Customer): FAUJI,,,False,False,True,2026-06-18 12:10,Shujaat Muzaffar,False,,,sales,direct_sale,1336,MB NO.9435,Credit Customer
6168,ORPH-00062,Orphan62,MB NO.9144,MB,,0,Direct Sale (Cash): DG,,,True,True,True,2026-06-18 12:14,Rehman Ahmed,False,"[MIGRATION] Orphan record. Original client: ""AZAM SB AJNALA"".",,sales,direct_sale,1337,MB NO.9144,Cash
6169,FBMCL-00216,SAGHEER BAIG SB KOANKH,MB NO.9409,MB,,800,Direct Sale (Mixed Transaction): PIONEER,,,False,False,True,2026-06-18 12:22,Shujaat Muzaffar,False,,,sales,direct_sale,1315,MB NO.9409,Mixed Transaction
6170,FBMCL-00168,ABDUL REHMAN SB JPS(ZAFAR CONT),MB NO.9437,MB,,1419.6,Direct Sale (Mixed Transaction): FAUJI,,,False,False,True,2026-06-18 12:57,Shujaat Muzaffar,False,,,sales,direct_sale,1338,MB NO.9437,Mixed Transaction
6172,FBMCL-00134,MUHAMMAD QASIM SB MALIKPUR,MB NO.9444,MB,,0,Booking: CONCRETE SPACER,,,True,False,True,2026-06-17 13:35,Shujaat Muzaffar,False,,,booking,booking,270,MB NO.9444,Booking
6173,FBMCL-00224,ATIF BAIG SB KOANKH,MB NO.9451,MB,,0,Direct Sale (Credit Customer): PIONER,,,True,False,True,2026-06-18 13:49,Shujaat Muzaffar,False,,,sales,direct_sale,1340,MB NO.9451,Credit Customer
6174,FBMCL-00224,ATIF BAIG SB KOANKH,MB NO.9313,MB,,0,Booking: TILE 1ST GAGGO MANDI,,,True,False,True,2026-06-18 14:13,Shujaat Muzaffar,False,,,booking,booking,271,MB NO.9313,Booking
6175,FBMCL-00089,ASIF HUSSAIN JPS (ALI ALMUNIUM),MB NO.9453,MB,,0,Direct Sale (Credit Customer): PIONEER,,,True,False,True,2026-06-18 14:38,Shujaat Muzaffar,False,,,sales,direct_sale,1341,MB NO.9453,Credit Customer
6176,FBMCL-00259,ASIM SB KOANKH,MB NO.9179,MB,,56890,Booking: PIONEER,,,False,False,True,2026-06-10 14:58,Rehman Ahmed,False,,,booking,booking,272,MB NO.9179,Booking
6177,FBMCL-00150,MUHAMMAD AKRAM SB SANTAL SURKHIYAN,MB NO.9425,MB,,0,Direct Sale (Mixed Transaction): DG,,,True,False,True,2026-06-18 15:30,Shujaat Muzaffar,False,,,sales,direct_sale,1322,MB NO.9425,Mixed Transaction
6179,FBMCL-00178,ZEESHAN ATTARI SB JPS,MB NO.9495,MB,,1260,Direct Sale (Mixed Transaction): WIRE,,,False,False,True,2026-06-19 09:21,Rehman Ahmed,False,,,sales,direct_sale,1346,MB NO.9495,Mixed Transaction
6180,FBMCL-00173,CASH SALE FBM,MB NO.9492,MB,,0,Direct Sale (Cash): PIONEER,,,True,True,True,2026-06-19 09:24,Rehman Ahmed,False,,,sales,direct_sale,1347,MB NO.9492,Cash
6181,ORPH-00063,Orphan63,MB NO.9493,MB,,0,Direct Sale (Cash): ISM 12MM STEEL,,,True,True,True,2026-06-19 09:25,Rehman Ahmed,False,"[MIGRATION] Orphan record. Original client: ""FARAZ SB KOANKH"".",,sales,direct_sale,1348,MB NO.9493,Cash
6182,FBMCL-00022,MALIK ILYAS SB JPS,MB NO.9500,MB,,0,Direct Sale (Credit Customer): BOND,,,True,False,True,2026-06-19 11:56,Rehman Ahmed,False,,,sales,direct_sale,1354,MB NO.9500,Credit Customer
6183,FBMCL-00022,MALIK ILYAS SB JPS,MB NO.9466,MB,,0,Direct Sale (Credit Customer): FAUJI,,,True,False,True,2026-06-19 12:00,Rehman Ahmed,False,,,sales,direct_sale,1355,MB NO.9466,Credit Customer
6184,FBMCL-00025,MALIK JAVED SB KHAN PUR KHOKHAR,MB NO.9461,MB,,0,Direct Sale (Cash): PIONEER,,,True,True,True,2026-06-19 12:16,Rehman Ahmed,False,,,sales,direct_sale,1356,MB NO.9461,Cash
6185,FBMCL-00260,HDC MEHAR MEHDI SB JPS,MB NO.9491,MB,,136064,Booking: DG,,,False,False,True,2026-06-18 12:31,Rehman Ahmed,False,,,booking,booking,273,MB NO.9491,Booking
6186,ORPH-00085,Orphan85,MB NO.9501,MB,,0,Direct Sale (Cash): BOND,,,True,True,True,2026-06-19 12:40,Rehman Ahmed,False,"[MIGRATION] Orphan record. Original client: ""M ARSHAD CONT JPS"".",,sales,direct_sale,1357,MB NO.9501,Cash
6187,FBMCL-00043,KASHIF SB DHINDA,MB NO.9462,MB,,0,Direct Sale (Credit Customer): PIONEER,,,True,False,True,2026-06-19 14:16,Rehman Ahmed,False,,,sales,direct_sale,1359,MB NO.9462,Credit Customer
6188,FBMCL-00043,KASHIF SB DHINDA,MB NO.9503,MB,,0,Direct Sale (Credit Customer): KOHAT,,,True,False,True,2026-06-19 14:18,Rehman Ahmed,False,,,sales,direct_sale,1360,MB NO.9503,Credit Customer
6189,ORPH-00064,Orphan64,MB NO.9504,MB,,0,Direct Sale (Cash): KOHAT,,,True,True,True,2026-06-19 14:20,Rehman Ahmed,False,"[MIGRATION] Orphan record. Original client: ""ZAHID BUTT SB JPS"".",,sales,direct_sale,1361,MB NO.9504,Cash
6193,FBMCL-00235,NASAR IQBAL BUTT SB JPS,MB NO.9272,MB,,0,Booking: PIONEER,,,True,False,True,2026-06-13 11:59,Shujaat Muzaffar,False,,,booking,booking,278,MB NO.9272,Booking
6194,FBMCL-00235,NASAR IQBAL BUTT SB JPS,MB NO.9272/2,MB,,0,Direct Sale (Credit Customer): 12MM STEEL,,,True,False,True,2026-06-20 12:05,Shujaat Muzaffar,False,,,sales,direct_sale,1368,MB NO.9272/2,Credit Customer
6195,FBMCL-00235,NASAR IQBAL BUTT SB JPS,MB NO.9509,MB,,0,Direct Sale (Cash): ISM 12MM STEEL,,,True,True,True,2026-06-20 13:22,Shujaat Muzaffar,False,,,sales,direct_sale,1369,MB NO.9509,Cash
6196,FBMCL-00220,GHULAM GHOUS SB JPS,MB NO.9517,MB,,10000,Direct Sale (Mixed Transaction): PIONEER,,,False,False,True,2026-06-20 13:34,Shujaat Muzaffar,False,,,sales,direct_sale,1373,MB NO.9517,Mixed Transaction
6197,FBMCL-00150,MUHAMMAD AKRAM SB SANTAL SURKHIYAN,MB NO.9522,MB,,0,Direct Sale (Mixed Transaction): DG,,,True,False,True,2026-06-20 13:45,Shujaat Muzaffar,False,,,sales,direct_sale,1377,MB NO.9522,Mixed Transaction
6198,FBMCL-00047,HAJI IQBAL SB JPS,MB NO.9524,MB,,0,Direct Sale (Credit Customer): WIRE,,,True,False,True,2026-06-20 13:50,Shujaat Muzaffar,False,,,sales,direct_sale,1211,MB NO.9524,Credit Customer
6199,FBMCL-00240,ABDUL AZIZ SB DEDHAR SHARIF,MB NO.9528,MB,,3300,Direct Sale (Credit Customer): KOHAT,,,False,False,True,2026-06-20 13:58,Shujaat Muzaffar,False,,,sales,direct_sale,1381,MB NO.9528,Credit Customer
6200,FBMCL-00147,MUHAMMAD RAZAQ SB JPS,MB NO.9529,MB,,0,Direct Sale (Credit Customer): FAUJI,,,True,False,True,2026-06-20 14:00,Shujaat Muzaffar,False,,,sales,direct_sale,1382,MB NO.9529,Credit Customer
6201,FBMCL-00244,SHAMRAIZ SB JAGUWAN,MB NO.9531,MB,,0,Direct Sale (Cash): FT-KOHAT,,,True,True,True,2026-06-20 14:20,Shujaat Muzaffar,False,,,sales,direct_sale,1384,MB NO.9531,Cash
6202,FBMCL-00105,DR EHSAN SB DHINDA,MB NO.9533,MB,,0,Direct Sale (Mixed Transaction): FAUJI,,,True,False,True,2026-06-20 14:26,Shujaat Muzaffar,False,,,sales,direct_sale,1385,MB NO.9533,Mixed Transaction
6203,FBMCL-00229,SARWAR SB MASON,MB NO.9534,MB,,3750,Direct Sale (Credit Customer): BAJRI MOTI,,,False,False,True,2026-06-20 14:28,Shujaat Muzaffar,False,,,sales,direct_sale,1386,MB NO.9534,Credit Customer
6204,FBMCL-00089,ASIF HUSSAIN JPS (ALI ALMUNIUM),MB NO.9536,MB,,0,Direct Sale (Credit Customer): PIONEER,,,True,False,True,2026-06-20 14:40,Shujaat Muzaffar,False,,,sales,direct_sale,1387,MB NO.9536,Credit Customer
6205,FBMCL-00216,SAGHEER BAIG SB KOANKH,MB NO.9537,MB,,2250.6,Direct Sale (Credit Customer): 6MM STEEL,,,False,False,True,2026-06-20 15:05,Shujaat Muzaffar,False,,,sales,direct_sale,1388,MB NO.9537,Credit Customer
6206,FBMCL-00044,NADEEM SB DHINDA,MB NO.9538,MB,,0,Direct Sale (Credit Customer): FAUJI,,,True,False,True,2026-06-20 15:07,Shujaat Muzaffar,False,,,sales,direct_sale,1389,MB NO.9538,Credit Customer
6207,FBMCL-00063,ABDULLAH SB KOANKH,MB NO.9539,MB,,8750,Direct Sale (Credit Customer): PIONEER,,,False,False,True,2026-06-20 15:09,Shujaat Muzaffar,False,,,sales,direct_sale,1390,MB NO.9539,Credit Customer
6208,FBMCL-00044,NADEEM SB DHINDA,MB NO.9544,MB,,0,Direct Sale (Credit Customer): FAUJI,,,True,False,True,2026-06-20 15:56,Shujaat Muzaffar,False,,,sales,direct_sale,1393,MB NO.9544,Credit Customer
6210,FBMCL-00044,NADEEM SB DHINDA,MB NO.9555,MB,,0,Direct Sale (Credit Customer): DG,,,True,False,True,2026-06-20 17:20,Shujaat Muzaffar,False,,,sales,direct_sale,1403,MB NO.9555,Credit Customer
6211,FBMCL-00259,ASIM SB KOANKH,MB NO.9557,MB,,1760,Direct Sale (Credit Customer): WIRE,,,False,False,True,2026-06-21 10:06,Shujaat Muzaffar,False,,,sales,direct_sale,1405,MB NO.9557,Credit Customer
6212,FBMCL-00263,QAISER SB JPS,MB NO.9559,MB,,0,Direct Sale (Credit Customer): KOHAT,,,True,False,True,2026-06-21 10:10,Shujaat Muzaffar,False,,,sales,direct_sale,1406,MB NO.9559,Credit Customer
6213,FBMCL-00218,RAZAQ SB KHANPUR KHOKHAR,MB NO.9562,MB,,0,Direct Sale (Mixed Transaction): ISM 12MM STEEL,,,True,False,True,2026-06-21 10:17,Shujaat Muzaffar,False,,,sales,direct_sale,1407,MB NO.9562,Mixed Transaction
6214,FBMCL-00248,HAJI AKRAM SB CONT DOYIAN,MB NO.9570/3,MB,,0,Direct Sale (Credit Customer): LABOUR,,,True,False,True,2026-06-21 12:08,Shujaat Muzaffar,False,,,sales,direct_sale,1412,MB NO.9570/3,Credit Customer
6215,FBMCL-00215,CH IMRAN SB JPS,MB NO.9572,MB,,4003.5,Direct Sale (Mixed Transaction): DG,,,False,False,True,2026-06-21 12:21,Shujaat Muzaffar,False,,,sales,direct_sale,1414,MB NO.9572,Mixed Transaction
6216,FBMCL-00169,MUHAMMAD SHABEER SB CONT TIBBA AJNALA,MB NO.9573,MB,,0,Direct Sale (Mixed Transaction): DG,,,True,False,True,2026-06-21 12:23,Shujaat Muzaffar,False,,,sales,direct_sale,1415,MB NO.9573,Mixed Transaction
6217,FBMCL-00146,ABDUL SATTAR SB DHINDA FARM,MB NO.9574+9576,MB,,0,Direct Sale (Cash): PIONEER,,,True,True,True,2026-06-21 12:26,Shujaat Muzaffar,False,,,sales,direct_sale,1416,MB NO.9574+9576,Cash
6218,FBMCL-00256,MUHAMMAD ARSHAD SB DHINDA POTAN WALAY,MB NO.9584,MB,,0,Direct Sale (Cash): CHAUGATH,,,True,True,True,2026-06-21 12:45,Shujaat Muzaffar,False,,,sales,direct_sale,1420,MB NO.9584,Cash
6219,FBMCL-00103,RAJA AMEER HAMZA SB JPS,MB NO.9586,MB,,0,Direct Sale (Cash): RING 6X6,,,True,True,True,2026-06-21 12:48,Shujaat Muzaffar,False,,,sales,direct_sale,1422,MB NO.9586,Cash
6220,FBMCL-00009,MAZHAR SB RUPOWAL DERA,MB NO.9596,MB,,0,Booking: ISM 12MM STEEL,,,True,False,True,2026-06-21 14:57,Shujaat Muzaffar,False,,,booking,booking,280,MB NO.9596,Booking
6221,FBMCL-00009,MAZHAR SB RUPOWAL DERA,MB NO.9594,MB,,0,Direct Sale (Mixed Transaction): FAUJI,,,True,False,True,2026-06-21 15:04,Shujaat Muzaffar,False,,,sales,direct_sale,1425,MB NO.9594,Mixed Transaction
6222,FBMCL-00009,MAZHAR SB RUPOWAL DERA,MB NO.9305,MB,,0,Direct Sale (Credit Customer): GOLA GOL,,,True,False,True,2026-06-21 15:09,Shujaat Muzaffar,False,,,sales,direct_sale,1426,MB NO.9305,Credit Customer
6223,FBMCL-00009,MAZHAR SB RUPOWAL DERA,MB NO.9597,MB,,0,Direct Sale (Credit Customer): WIRE,,,True,False,True,2026-06-21 15:22,Shujaat Muzaffar,False,,,sales,direct_sale,1427,MB NO.9597,Credit Customer
6224,FBMCL-00138,FAROOQ KALAS SB PARSUWAL,MB NO.9598,MB,,0,Direct Sale (Mixed Transaction): 12MM STEEL,,,True,False,True,2026-06-21 16:00,Shujaat Muzaffar,False,,,sales,direct_sale,1428,MB NO.9598,Mixed Transaction
6225,FBMCL-00154,MUHAMMAD ABID SB KOANKH,MB NO.9599,MB,,108470,Booking: CHAUGATH,,,False,False,True,2026-06-21 16:22,Shujaat Muzaffar,False,,,booking,booking,281,MB NO.9599,Booking
6226,FBMCL-00244,SHAMRAIZ SB JAGUWAN,MB NO.9600,MB,,0,Direct Sale (Cash): KOHAT,,,True,True,True,2026-06-21 16:52,Shujaat Muzaffar,False,,,sales,direct_sale,1429,MB NO.9600,Cash
6227,FBMCL-00146,ABDUL SATTAR SB DHINDA FARM,MB NO.9576/2,MB,,1250,Direct Sale (Credit Customer): RENT-CEMENT,,,False,False,True,2026-06-21 17:16,Shujaat Muzaffar,False,,,sales,direct_sale,1430,MB NO.9576/2,Credit Customer
6228,FBMCL-00113,MUHAMMAD SALEEM SB RUPOWAL,MB NO.9601,MB,,0,Direct Sale (Credit Customer): PIONEER,,,True,False,True,2026-06-21 17:43,Shujaat Muzaffar,False,,,sales,direct_sale,1433,MB NO.9601,Credit Customer
6229,FBMCL-00105,DR EHSAN SB DHINDA,MB NO.9618,MB,,0,Direct Sale (Mixed Transaction): FAUJI,,,True,False,True,2026-06-22 10:04,Shujaat Muzaffar,False,,,sales,direct_sale,1434,MB NO.9618,Mixed Transaction
6230,FBMCL-00154,MUHAMMAD ABID SB KOANKH,MB NO.9622,MB,,8341,Direct Sale (Mixed Transaction): 12MM STEEL,,,False,False,True,2026-06-22 10:31,Shujaat Muzaffar,False,,,sales,direct_sale,1435,MB NO.9622,Mixed Transaction
6231,FBMCL-00218,RAZAQ SB KHANPUR KHOKHAR,MB NO.9605,MB,,8799.999999999998,Booking: KOHAT,,,False,False,True,2026-06-22 10:58,Shujaat Muzaffar,False,DISCOUNT STEEL RETURN,,booking,booking,282,MB NO.9605,Booking
6232,FBMCL-00009,MAZHAR SB RUPOWAL DERA,MB NO.9610,MB,,0,Direct Sale (Mixed Transaction): FAUJI,,,True,False,True,2026-06-22 12:34,Shujaat Muzaffar,False,,,sales,direct_sale,1438,MB NO.9610,Mixed Transaction
6233,FBMCL-00048,RANA ZAHEER SB JPS,SB-SL-2435,SB,,0,Direct Sale (Cash): KOHAT,,,True,True,False,2026-06-22 12:51,Shujaat Muzaffar,False,,,sales,direct_sale,1439,SB-SL-2435,Cash
6234,FBMCL-00260,HDC MEHAR MEHDI SB JPS,MB NO.9614,MB,,330,Direct Sale (Mixed Transaction): ISM 12MM STEEL,,,False,False,True,2026-06-22 13:02,Shujaat Muzaffar,False,,,sales,direct_sale,1440,MB NO.9614,Mixed Transaction
6235,FBMCL-00124,ARIF BAIG SB KOANKH (ASIM BAIG),MB NO.9616,MB,,0,Direct Sale (Mixed Transaction): PIONEER,,,True,False,True,2026-06-22 13:24,Shujaat Muzaffar,False,,,sales,direct_sale,1441,MB NO.9616,Mixed Transaction
6236,FBMCL-00089,ASIF HUSSAIN JPS (ALI ALMUNIUM),MB NO.9621,MB,,0,Direct Sale (Credit Customer): KOHAT,,,True,False,True,2026-06-22 13:33,Shujaat Muzaffar,False,,,sales,direct_sale,1442,MB NO.9621,Credit Customer
6237,FBMCL-00111,RAJA PARWEZ SB RANGPUR,MB NO.9626,MB,,0,Direct Sale (Credit Customer): FT-KOHAT,,,True,False,True,2026-06-22 13:43,Shujaat Muzaffar,False,,,sales,direct_sale,1444,MB NO.9626,Credit Customer
6238,FBMCL-00212,MIRZA NAZAR BAIG SB KOANKH,MB NO.9627,MB,,0,Direct Sale (Mixed Transaction): ISM 12MM STEEL,,,True,False,True,2026-06-22 13:48,Shujaat Muzaffar,False,,,sales,direct_sale,1445,MB NO.9627,Mixed Transaction
6239,FBMCL-00212,MIRZA NAZAR BAIG SB KOANKH,MB NO.9627/2,MB,,0,Booking: KOHAT,,,True,False,True,2026-06-22 13:50,Shujaat Muzaffar,False,,,booking,booking,283,MB NO.9627/2,Booking
6240,FBMCL-00263,QAISER SB JPS,MB NO.9628,MB,,0,Direct Sale (Credit Customer): KOHAT,,,True,False,True,2026-06-22 14:07,Shujaat Muzaffar,False,,,sales,direct_sale,1446,MB NO.9628,Credit Customer
6241,FBMCL-00263,QAISER SB JPS,MB NO.9593,MB,,0,Direct Sale (Credit Customer): KOHAT,,,True,False,True,2026-06-22 14:22,Shujaat Muzaffar,False,,,sales,direct_sale,1447,MB NO.9593,Credit Customer
6242,FBMCL-00263,QAISER SB JPS,MB NO.9516,MB,,0,Direct Sale (Credit Customer): KOHAT,,,True,False,True,2026-06-22 14:23,Shujaat Muzaffar,False,,,sales,direct_sale,1448,MB NO.9516,Credit Customer
6243,FBMCL-00175,MUHAMMAD ARSHAD SB GHURAL (SUBEDAR QADAR DAD SB),MB NO.9221,MB,,0,Direct Sale (Mixed Transaction): FAUJI,,,True,False,True,2026-06-22 14:36,Shujaat Muzaffar,False,,,sales,direct_sale,1451,MB NO.9221,Mixed Transaction
6245,FBMCL-00178,ZEESHAN ATTARI SB JPS,MB NO.9636,MB,,840,Direct Sale (Credit Customer): WIRE,,,False,False,True,2026-06-22 14:51,Shujaat Muzaffar,False,,,sales,direct_sale,1454,MB NO.9636,Credit Customer
6246,FBMCL-00260,HDC MEHAR MEHDI SB JPS,MB NO.9614/2,MB,,17000,Direct Sale (Credit Customer): BAJRI MOTI,,,False,False,True,2026-06-22 15:44,Shujaat Muzaffar,False,,,sales,direct_sale,1455,MB NO.9614/2,Credit Customer
6247,FBMCL-00253,KHALID SB HANDA DERHA,MB NO.9643,MB,,0,Direct Sale (Mixed Transaction): ISM 12MM STEEL,,,True,False,True,2026-06-22 16:21,Shujaat Muzaffar,False,,,sales,direct_sale,1456,MB NO.9643,Mixed Transaction
6248,FBMCL-00052,GHULAM SARWAR SB JPS(HAJI JAVED SB),SB-SL-2460,SB,,0,Direct Sale (Cash): KOHAT,,,True,True,False,2026-06-23 10:29,Shujaat Muzaffar,False,,,sales,direct_sale,1464,SB-SL-2460,Cash
6249,FBMCL-00028,MIRZA AMJAD JAVED SB AJNALA SITE,MB NO.9676,MB,,0,Direct Sale (Credit Customer): KOHAT,,,True,False,True,2026-06-23 10:55,Shujaat Muzaffar,False,,,sales,direct_sale,1469,MB NO.9676,Credit Customer
6250,FBMCL-00261,MUSHTAQ SB JPS,MB NO.9662,MB,,2015.3,Direct Sale (Mixed Transaction): CHAUGATH,,,False,False,True,2026-06-23 11:05,Shujaat Muzaffar,False,,,sales,direct_sale,1470,MB NO.9662,Mixed Transaction
6251,FBMCL-00043,KASHIF SB DHINDA,MB NO.9665,MB,,12550,Direct Sale (Credit Customer): KOHAT,,,False,False,True,2026-06-23 11:13,Shujaat Muzaffar,False,,,sales,direct_sale,1472,MB NO.9665,Credit Customer
6252,FBMCL-00220,GHULAM GHOUS SB JPS,MB NO.9669,MB,,18000,Direct Sale (Credit Customer): BRICKS,,,False,False,True,2026-06-23 11:17,Shujaat Muzaffar,False,,,sales,direct_sale,1474,MB NO.9669,Credit Customer
6253,FBMCL-00260,HDC MEHAR MEHDI SB JPS,MB NO.9670,MB,,8769.599999999999,Direct Sale (Mixed Transaction): KOHAT,,,False,False,True,2026-06-23 11:24,Shujaat Muzaffar,False,,,sales,direct_sale,1475,MB NO.9670,Mixed Transaction
6254,FBMCL-00154,MUHAMMAD ABID SB KOANKH,MB NO.9672,MB,,3981,Direct Sale (Credit Customer): RINGS 7X7,,,False,False,True,2026-06-23 11:35,Shujaat Muzaffar,False,,,sales,direct_sale,1476,MB NO.9672,Credit Customer
6255,FBMCL-00025,MALIK JAVED SB KHAN PUR KHOKHAR,MB NO.9673,MB,,0,Direct Sale (Credit Customer): KOHAT,,,True,False,True,2026-06-23 11:36,Shujaat Muzaffar,False,,,sales,direct_sale,1477,MB NO.9673,Credit Customer
6256,FBMCL-00209,SHABEEB SB KANIYAN,MB NO.9679,MB,,0,Direct Sale (Credit Customer): GOLA GOL,,,True,False,True,2026-06-23 11:54,Shujaat Muzaffar,False,,,sales,direct_sale,1479,MB NO.9679,Credit Customer
6257,FBMCL-00006,SHEHBAZ BAIG SB KOANKH,MB NO.9684,MB,,407,Direct Sale (Mixed Transaction): KOHAT,,,False,False,True,2026-06-23 12:29,Shujaat Muzaffar,False,,,sales,direct_sale,1480,MB NO.9684,Mixed Transaction
6258,FBMCL-00071,HAJI WARIS SB JPS,MB NO.9680,MB,,0,Direct Sale (Cash): KOHAT,,,True,True,True,2026-06-23 13:16,Shujaat Muzaffar,False,,,sales,direct_sale,1481,MB NO.9680,Cash
6259,FBMCL-00111,RAJA PARWEZ SB RANGPUR,MB NO.9687,MB,,0,Direct Sale (Credit Customer): 6MM STEEL,,,True,False,True,2026-06-23 14:08,Shujaat Muzaffar,False,,,sales,direct_sale,1482,MB NO.9687,Credit Customer
6261,FBMCL-00233,NAZIM GUJJAR SB JPS,MB NO.9692,MB,,8677,Booking: ISM 12MM STEEL,,,False,False,True,2026-06-22 14:16,Shujaat Muzaffar,False,,,booking,booking,288,MB NO.9692,Booking
6262,FBMCL-00233,NAZIM GUJJAR SB JPS,MB NO.9692/2,MB,,88717,Direct Sale (Credit Customer): PIONEER,,,False,False,True,2026-06-23 14:23,Shujaat Muzaffar,False,PREVIOUS DELIVERED BILLS MATERIAL,,sales,direct_sale,1485,MB NO.9692/2,Credit Customer
6263,FBMCL-00260,HDC MEHAR MEHDI SB JPS,MB NO.9670/2,MB,,13500,Direct Sale (Credit Customer): BAJR,,,False,False,True,2026-06-23 15:54,Shujaat Muzaffar,False,,,sales,direct_sale,1487,MB NO.9670/2,Credit Customer
6264,FBMCL-00168,ABDUL REHMAN SB JPS(ZAFAR CONT),MB NO.9701,MB,,0,Direct Sale (Cash): CHIPS ZERO,,,True,True,True,2026-06-23 16:55,Shujaat Muzaffar,False,,,sales,direct_sale,1490,MB NO.9701,Cash
6265,FBMCL-00253,KHALID SB HANDA DERHA,MB NO.9702,MB,,0,Direct Sale (Mixed Transaction): KOHAT,,,True,False,True,2026-06-24 10:18,Shujaat Muzaffar,False,,,sales,direct_sale,1491,MB NO.9702,Mixed Transaction
6266,FBMCL-00089,ASIF HUSSAIN JPS (ALI ALMUNIUM),MB NO.9706,MB,,0,Direct Sale (Credit Customer): KOHAT,,,True,False,True,2026-06-24 10:36,Shujaat Muzaffar,False,,,sales,direct_sale,1492,MB NO.9706,Credit Customer
6267,FBMCL-00052,GHULAM SARWAR SB JPS(HAJI JAVED SB),SB-SL-2489,SB,,0,Direct Sale (Cash): KOHAT,,,True,True,False,2026-06-24 10:40,Shujaat Muzaffar,False,,,sales,direct_sale,1493,SB-SL-2489,Cash
6268,FBMCL-00263,QAISER SB JPS,MB NO.9712,MB,,0,Direct Sale (Credit Customer): KOHAT,,,True,False,True,2026-06-24 11:02,Shujaat Muzaffar,False,,,sales,direct_sale,1496,MB NO.9712,Credit Customer
6270,FBMCL-00233,NAZIM GUJJAR SB JPS,MB NO.9716,MB,,6125,Direct Sale (Credit Customer): 6MM STEEL,,,False,False,True,2026-06-24 11:09,Shujaat Muzaffar,False,,,sales,direct_sale,1500,MB NO.9716,Credit Customer
6271,FBMCL-00260,HDC MEHAR MEHDI SB JPS,MB NO.9717,MB,,6728,Direct Sale (Credit Customer): RING 6X6,,,False,False,True,2026-06-24 11:12,Shujaat Muzaffar,False,,,sales,direct_sale,1501,MB NO.9717,Credit Customer
6272,FBMCL-00163,YASIR YAQOOB SB DILAWARPUR,MB NO.9722,MB,,1581,Direct Sale (Credit Customer): RING 6X6,,,False,False,True,2026-06-24 11:17,Shujaat Muzaffar,False,,,sales,direct_sale,1502,MB NO.9722,Credit Customer
6273,FBMCL-00264,RAJA ARSHAD SB JAGUWAN,MB NO.9726,MB,,0,Booking: KOHAT,,,True,False,True,2026-06-24 12:56,Shujaat Muzaffar,False,,,booking,booking,289,MB NO.9726,Booking
6274,FBMCL-00212,MIRZA NAZAR BAIG SB KOANKH,MB NO.9733,MB,,0,Direct Sale (Credit Customer): PIONEER,,,True,False,True,2026-06-24 13:35,Shujaat Muzaffar,False,,,sales,direct_sale,1507,MB NO.9733,Credit Customer
6275,FBMCL-00147,MUHAMMAD RAZAQ SB JPS,MB NO.9741,MB,,0,Direct Sale (Credit Customer): DG,,,True,False,True,2026-06-24 13:46,Shujaat Muzaffar,False,,,sales,direct_sale,1508,MB NO.9741,Credit Customer
6276,FBMCL-00240,ABDUL AZIZ SB DEDHAR SHARIF,MB NO.9735,MB,,29100,Direct Sale (Credit Customer): PIONEER,,,False,False,True,2026-06-24 13:53,Shujaat Muzaffar,False,,,sales,direct_sale,1509,MB NO.9735,Credit Customer
6277,FBMCL-00145,MASTER ZAHOOR SB JPS,MB NO.9740,MB,,0,Direct Sale (Credit Customer): DG,,,True,False,True,2026-06-24 14:23,Shujaat Muzaffar,False,,,sales,direct_sale,1510,MB NO.9740,Credit Customer
6278,FBMCL-00021,RANA ZAHID SB JPS,MB NO.9742,MB,,0,Direct Sale (Credit Customer): KOHAT,,,True,False,True,2026-06-24 14:34,Shujaat Muzaffar,False,,,sales,direct_sale,1511,MB NO.9742,Credit Customer
6279,FBMCL-00216,SAGHEER BAIG SB KOANKH,MB NO.9467,MB,,9099.999999999998,Direct Sale (Mixed Transaction): PIONEER,,,False,False,True,2026-06-24 14:55,Shujaat Muzaffar,False,,,sales,direct_sale,1514,MB NO.9467,Mixed Transaction
6280,FBMCL-00216,SAGHEER BAIG SB KOANKH,MB NO.9286,MB,,107673,Direct Sale (Credit Customer): ISM 12MM STEEL,,,False,False,True,2026-06-24 15:05,Shujaat Muzaffar,False,,,sales,direct_sale,1515,MB NO.9286,Credit Customer
6281,FBMCL-00216,SAGHEER BAIG SB KOANKH,MB NO.9484,MB,,8532,Direct Sale (Credit Customer): 6MM STEEL,,,False,False,True,2026-06-24 15:23,Shujaat Muzaffar,False,,,sales,direct_sale,1516,MB NO.9484,Credit Customer
6283,FBMCL-00175,MUHAMMAD ARSHAD SB GHURAL (SUBEDAR QADAR DAD SB),MB NO.9747,MB,,0,Booking: ISM 12MM STEEL,,,True,False,True,2026-06-24 17:29,Shujaat Muzaffar,False,,,booking,booking,291,MB NO.9747,Booking
6284,FBMCL-00021,RANA ZAHID SB JPS,MB NO.9755,MB,,0,Direct Sale (Credit Customer): BAJRI MOTI,,,True,False,True,2026-06-25 10:28,Shujaat Muzaffar,False,,,sales,direct_sale,1518,MB NO.9755,Credit Customer
6285,FBMCL-00043,KASHIF SB DHINDA,MB NO.9756,MB,,2760,Direct Sale (Credit Customer): PIONEER,,,False,False,True,2026-06-25 10:42,Shujaat Muzaffar,False,,,sales,direct_sale,1519,MB NO.9756,Credit Customer
6286,FBMCL-00052,GHULAM SARWAR SB JPS(HAJI JAVED SB),MB NO.9748/9759,MB,,0,Direct Sale (Cash): KOHAT,,,True,True,True,2026-06-25 12:00,Shujaat Muzaffar,False,,,sales,direct_sale,1522,MB NO.9748/9759,Cash
6287,FBMCL-00111,RAJA PARWEZ SB RANGPUR,MB NO.9763,MB,,0,Direct Sale (Credit Customer): FT-KOHAT,,,True,False,True,2026-06-25 13:37,Shujaat Muzaffar,False,,,sales,direct_sale,1524,MB NO.9763,Credit Customer
6288,FBMCL-00171,FAKHAR SHAH SB AJNALA,MB NO.9154,MB,,0,Direct Sale (Credit Customer): FAUJI,,,True,False,True,2026-06-25 13:45,Shujaat Muzaffar,False,,,sales,direct_sale,1525,MB NO.9154,Credit Customer
6289,FBMCL-00205,IRFAN SB DEDHAR SHARIF,MB NO.9182,MB,,144741,Booking: ISM 12MM STEEL,,,True,False,True,2026-06-11 15:34,Shujaat Muzaffar,False,,,booking,booking,292,MB NO.9182,Booking
6290,FBMCL-00215,CH IMRAN SB JPS,MB NO.9162,MB,,17615,Direct Sale (Mixed Transaction): CHAUGATH,,,False,False,True,2026-06-25 15:45,Shujaat Muzaffar,False,,,sales,direct_sale,1530,MB NO.9162,Mixed Transaction
6291,FBMCL-00089,ASIF HUSSAIN JPS (ALI ALMUNIUM),MB NO.9165,MB,,0,Direct Sale (Credit Customer): KOHAT,,,True,False,True,2026-06-25 15:47,Shujaat Muzaffar,False,,,sales,direct_sale,1531,MB NO.9165,Credit Customer
6292,FBMCL-00235,NASAR IQBAL BUTT SB JPS,MB NO.9767,MB,,0,Direct Sale (Cash): ISM 12MM STEEL,,,True,True,True,2026-06-25 16:09,Shujaat Muzaffar,False,,,sales,direct_sale,1532,MB NO.9767,Cash
6293,FBMCL-00168,ABDUL REHMAN SB JPS(ZAFAR CONT),MB NO.9769,MB,,0,Direct Sale (Cash): FT-KOHAT,,,True,True,True,2026-06-27 10:05,Shujaat Muzaffar,False,,,sales,direct_sale,1533,MB NO.9769,Cash
6294,FBMCL-00100,HAJI YOUSUF BUTT JPS,MB NO.9774,MB,,0,Booking: KOHAT,,,True,False,True,2026-06-25 10:45,Shujaat Muzaffar,False,,,booking,booking,294,MB NO.9774,Booking
6295,FBMCL-00013,JAWAD SB AJNALA JPS,MB NO.9754,MB,,0,Direct Sale (Credit Customer): BRICKS,,,True,False,True,2026-06-27 11:31,Shujaat Muzaffar,False,,,sales,direct_sale,1534,MB NO.9754,Credit Customer
6296,FBMCL-00263,QAISER SB JPS,MB NO.9790,MB,,0,Direct Sale (Credit Customer): KOHAT,,,True,False,True,2026-06-27 11:53,Shujaat Muzaffar,False,,,sales,direct_sale,1537,MB NO.9790,Credit Customer
6297,FBMCL-00071,HAJI WARIS SB JPS,MB NO.9791,MB,,0,Direct Sale (Cash): KOHAT,,,True,True,True,2026-06-27 12:12,Shujaat Muzaffar,False,,,sales,direct_sale,1538,MB NO.9791,Cash
6298,FBMCL-00071,HAJI WARIS SB JPS,SB-SL-2535,SB,,0,Direct Sale (Cash): ISM 12MM STEEL,,,True,True,False,2026-06-27 12:34,Shujaat Muzaffar,False,,,sales,direct_sale,1539,SB-SL-2535,Cash
6299,FBMCL-00145,MASTER ZAHOOR SB JPS,MB NO.9793,MB,,0,Direct Sale (Credit Customer): KOHAT,,,True,False,True,2026-06-27 12:45,Shujaat Muzaffar,False,,,sales,direct_sale,1541,MB NO.9793,Credit Customer
6300,FBMCL-00235,NASAR IQBAL BUTT SB JPS,MB NO.9795,MB,,0,Direct Sale (Cash): 12MM STEEL,,,True,True,True,2026-06-27 12:50,Shujaat Muzaffar,False,,,sales,direct_sale,1542,MB NO.9795,Cash
6301,FBMCL-00266,HAFIZ ZEESHAN SB GHURAIRA,MB NO.9798,MB,,200,Booking: PIONEER,,,False,False,True,2026-06-27 12:59,Shujaat Muzaffar,False,,,booking,booking,295,MB NO.9798,Booking
6302,FBMCL-00029,RAZA ULLAH SB MALAK PUR,MB NO.9811,MB,,0,Direct Sale (Cash): ISM 12MM STEEL,,,True,True,True,2026-06-27 13:07,Shujaat Muzaffar,False,,,sales,direct_sale,1544,MB NO.9811,Cash
6303,FBMCL-00190,AZHAR BUTT SB JPS BUTT SWEETS,MB NO.9801,MB,,34,Direct Sale (Credit Customer): KOHAT,,,False,False,True,2026-06-27 13:10,Shujaat Muzaffar,False,,,sales,direct_sale,1545,MB NO.9801,Credit Customer
6304,FBMCL-00013,JAWAD SB AJNALA JPS,MB NO.9802,MB,,2360,Direct Sale (Credit Customer): KOHAT,,,False,False,True,2026-06-27 13:11,Shujaat Muzaffar,False,,,sales,direct_sale,1546,MB NO.9802,Credit Customer
6305,FBMCL-00008,TALHA SB JPS,MB NO.9814,MB,,20077,Direct Sale (Mixed Transaction): KOHAT,,,False,False,True,2026-06-27 13:45,Shujaat Muzaffar,False,,,sales,direct_sale,1549,MB NO.9814,Mixed Transaction
6306,FBMCL-00167,CH MUHAMMAD AKRAM RIHANIA SB JPS,MB NO.9807,MB,,210,Direct Sale (Credit Customer): GOLA GOL,,,False,False,True,2026-06-27 14:11,Shujaat Muzaffar,False,,,sales,direct_sale,1550,MB NO.9807,Credit Customer
6307,FBMCL-00247,YOUNIS GHAFFARI SB JPS,MB NO.9808,MB,,500,Direct Sale (Credit Customer): OPEN CEMENT,,,False,False,True,2026-06-27 14:15,Shujaat Muzaffar,False,,,sales,direct_sale,1551,MB NO.9808,Credit Customer
6309,FBMCL-00243,ALI SHAN SB RANGRA,MB NO.9819,MB,,0,Direct Sale (Mixed Transaction): ISM 12MM STEEL,,,True,False,True,2026-06-27 17:35,Shujaat Muzaffar,False,,,sales,direct_sale,1554,MB NO.9819,Mixed Transaction
6310,FBMCL-00264,RAJA ARSHAD SB JAGUWAN,MB NO.9824,MB,,0,Direct Sale (Mixed Transaction): KOHAT,,,True,False,True,2026-06-28 11:28,Shujaat Muzaffar,False,,,sales,direct_sale,1556,MB NO.9824,Mixed Transaction
6311,FBMCL-00224,ATIF BAIG SB KOANKH,MB NO.9825,MB,,0,Direct Sale (Credit Customer): KOHAT,,,True,False,True,2026-06-28 11:36,Shujaat Muzaffar,False,,,sales,direct_sale,1557,MB NO.9825,Credit Customer
6312,FBMCL-00227,ASIF SB DERHA HANDA,MB NO.9827,MB,,34500,Booking: KOHAT,,,False,False,True,2026-06-28 11:44,Shujaat Muzaffar,False,,,booking,booking,297,MB NO.9827,Booking
6313,FBMCL-00227,ASIF SB DERHA HANDA,MB NO.9827/2,MB,,103024,Direct Sale (Mixed Transaction): ISM 12MM STEEL,,,False,False,True,2026-06-28 11:47,Shujaat Muzaffar,False,,,sales,direct_sale,1559,MB NO.9827/2,Mixed Transaction
6314,FBMCL-00022,MALIK ILYAS SB JPS,MB NO.9828,MB,,0,Direct Sale (Credit Customer): DG,,,True,False,True,2026-06-28 11:54,Shujaat Muzaffar,False,,,sales,direct_sale,1560,MB NO.9828,Credit Customer
6315,FBMCL-00263,QAISER SB JPS,MB NO.9833,MB,,0,Direct Sale (Credit Customer): KOHAT,,,True,False,True,2026-06-28 12:19,Shujaat Muzaffar,False,,,sales,direct_sale,1562,MB NO.9833,Credit Customer
6316,FBMCL-00089,ASIF HUSSAIN JPS (ALI ALMUNIUM),MB NO.9836,MB,,0,Direct Sale (Credit Customer): KOHAT,,,True,False,True,2026-06-28 12:54,Shujaat Muzaffar,False,,,sales,direct_sale,1565,MB NO.9836,Credit Customer
6317,FBMCL-00178,ZEESHAN ATTARI SB JPS,MB NO.9838,MB,,4300,Direct Sale (Mixed Transaction): DG,,,False,False,True,2026-06-28 13:03,Shujaat Muzaffar,False,,,sales,direct_sale,1567,MB NO.9838,Mixed Transaction
6318,FBMCL-00260,HDC MEHAR MEHDI SB JPS,MB NO.9835/2,MB,,330,Direct Sale (Credit Customer): WIRE,,,False,False,True,2026-06-28 13:07,Shujaat Muzaffar,False,,,sales,direct_sale,1568,MB NO.9835/2,Credit Customer
6319,FBMCL-00178,ZEESHAN ATTARI SB JPS,MB NO.9757/2,MB,,720,Direct Sale (Credit Customer): RENT-GENERAL,,,False,False,True,2026-06-28 13:11,Shujaat Muzaffar,False,,,sales,direct_sale,1569,MB NO.9757/2,Credit Customer
6320,FBMCL-00052,GHULAM SARWAR SB JPS(HAJI JAVED SB),MB NO.9839,MB,,0,Direct Sale (Cash): KOHAT,,,True,True,True,2026-06-28 13:13,Shujaat Muzaffar,False,,,sales,direct_sale,1570,MB NO.9839,Cash
6321,FBMCL-00243,ALI SHAN SB RANGRA,MB NO.9842,MB,,0,Direct Sale (Credit Customer): TILE 1ST GAGGO MANDI,,,True,False,True,2026-06-28 13:33,Shujaat Muzaffar,False,,,sales,direct_sale,1572,MB NO.9842,Credit Customer
6322,FBMCL-00071,HAJI WARIS SB JPS,MB NO.9845,MB,,0,Direct Sale (Credit Customer): KOHAT,,,True,False,True,2026-06-28 14:11,Shujaat Muzaffar,False,,,sales,direct_sale,1573,MB NO.9845,Credit Customer
6323,FBMCL-00022,MALIK ILYAS SB JPS,MB NO.9848,MB,,0,Direct Sale (Credit Customer): DG,,,True,False,True,2026-06-28 14:13,Shujaat Muzaffar,False,,,sales,direct_sale,1574,MB NO.9848,Credit Customer
6324,FBMCL-00111,RAJA PARWEZ SB RANGPUR,MB NO.9851,MB,,0,Direct Sale (Credit Customer): KOHAT,,,True,False,True,2026-06-28 15:42,Shujaat Muzaffar,False,,,sales,direct_sale,1575,MB NO.9851,Credit Customer
6325,FBMCL-00146,ABDUL SATTAR SB DHINDA FARM,MB NO.9859,MB,,14400,Direct Sale (Credit Customer): KOHAT,,,False,False,True,2026-06-28 16:21,Shujaat Muzaffar,False,,,sales,direct_sale,1577,MB NO.9859,Credit Customer
6326,FBMCL-00111,RAJA PARWEZ SB RANGPUR,MB NO.8056,MB,,0,Booking: DG,,,True,False,True,2026-05-07 15:25,Shujaat Muzaffar,False,,,booking,booking,181,MB NO.8056,Booking
6327,FBMCL-00018,NAZAKAT MOBILE SHOP JPS,MB NO.9861,MB,,0,Direct Sale (Credit Customer): KOHAT,,,True,False,True,2026-06-28 17:29,Shujaat Muzaffar,False,,,sales,direct_sale,1582,MB NO.9861,Credit Customer
6328,FBMCL-00089,ASIF HUSSAIN JPS (ALI ALMUNIUM),MB NO.9867,MB,,0,Direct Sale (Credit Customer): 12MM STEEL,,,True,False,True,2026-06-29 09:05,Shujaat Muzaffar,False,,,sales,direct_sale,1585,MB NO.9867,Credit Customer
6329,FBMCL-00158,JAMEEL SB JAGWAN,MB NO.9869,MB,,29900,Booking: KOHAT,,,False,False,True,2026-06-29 10:44,Shujaat Muzaffar,False,,,booking,booking,299,MB NO.9869,Booking
6330,FBMCL-00267,ASIF SB KOANKH,MB NO.9878,MB,,0,Booking: KOHAT,,,True,False,True,2026-06-28 10:48,Shujaat Muzaffar,False,,,booking,booking,300,MB NO.9878,Booking
6331,FBMCL-00227,ASIF SB DERHA HANDA,MB NO.9872,MB,,0,Direct Sale (Mixed Transaction): DG,,,True,False,True,2026-06-29 10:58,Shujaat Muzaffar,False,,,sales,direct_sale,1587,MB NO.9872,Mixed Transaction
6332,FBMCL-00263,QAISER SB JPS,MB NO.9873,MB,,0,Direct Sale (Credit Customer): DG,,,True,False,True,2026-06-29 12:01,Shujaat Muzaffar,False,,,sales,direct_sale,1588,MB NO.9873,Credit Customer
6333,FBMCL-00264,RAJA ARSHAD SB JAGUWAN,MB NO.9886,MB,,0,Direct Sale (Mixed Transaction): FAUJI,,,True,False,True,2026-06-29 12:23,Shujaat Muzaffar,False,,,sales,direct_sale,1590,MB NO.9886,Mixed Transaction
6334,FBMCL-00150,MUHAMMAD AKRAM SB SANTAL SURKHIYAN,MB NO.9888,MB,,0,Direct Sale (Mixed Transaction): DG,,,True,False,True,2026-06-29 13:35,Shujaat Muzaffar,False,,,sales,direct_sale,1591,MB NO.9888,Mixed Transaction
6335,FBMCL-00225,SIKANDAR SB JAGUWAN,MB NO.9890,MB,,0,Direct Sale (Credit Customer): 12MM STEEL,,,True,False,True,2026-06-29 13:47,Shujaat Muzaffar,False,,,sales,direct_sale,1593,MB NO.9890,Credit Customer
6336,FBMCL-00243,ALI SHAN SB RANGRA,MB NO.9894,MB,,0,Direct Sale (Credit Customer): WIRE,,,True,False,True,2026-06-29 14:28,Shujaat Muzaffar,False,,,sales,direct_sale,1594,MB NO.9894,Credit Customer
6337,FBMCL-00113,MUHAMMAD SALEEM SB RUPOWAL,MB NO.9900,MB,,13745,Direct Sale (Credit Customer): DG,,,False,False,True,2026-06-29 14:33,Shujaat Muzaffar,False,,,sales,direct_sale,1595,MB NO.9900,Credit Customer
6338,FBMCL-00105,DR EHSAN SB DHINDA,MB NO.9167,MB,,0,Direct Sale (Mixed Transaction): FAUJI,,,True,False,True,2026-06-29 16:26,Shujaat Muzaffar,False,,,sales,direct_sale,1600,MB NO.9167,Mixed Transaction
6339,FBMCL-00105,DR EHSAN SB DHINDA,MB NO.9167/2,MB,,0,Direct Sale (Credit Customer): CHAUGATH,,,True,False,True,2026-06-29 16:32,Shujaat Muzaffar,False,,,sales,direct_sale,1601,MB NO.9167/2,Credit Customer
6340,FBMCL-00204,SHEHZAD SB GHURAIRA,MB NO.9169,MB,,0,Direct Sale (Cash): KOHAT,,,True,True,True,2026-06-29 16:37,Shujaat Muzaffar,False,,,sales,direct_sale,1602,MB NO.9169,Cash
6341,FBMCL-00066,SUBEDAR MUHAMMAD ARSHAD SB KHANPUR KHOKHAR,MB NO.9180,MB,,565.0000000000146,Booking: ISM 12MM STEEL,,,False,False,True,2026-06-11 16:55,Shujaat Muzaffar,False,,,booking,booking,303,MB NO.9180,Booking
6342,FBMCL-00191,MIRZA REHMAN SB JPS,MB NO.9188,MB,,0,Direct Sale (Credit Customer): CHAUGATH,,,True,False,True,2026-06-29 17:19,Shujaat Muzaffar,False,,,sales,direct_sale,1603,MB NO.9188,Credit Customer
6343,FBMCL-00052,GHULAM SARWAR SB JPS(HAJI JAVED SB),MB NO.9907,MB,,0,Direct Sale (Credit Customer): DG,,,True,False,True,2026-06-30 11:10,Shujaat Muzaffar,False,,,sales,direct_sale,1605,MB NO.9907,Credit Customer
6344,FBMCL-00006,SHEHBAZ BAIG SB KOANKH,MB NO.9909,MB,,0,Direct Sale (Cash): PIONEER,,,True,True,True,2026-06-30 11:22,Shujaat Muzaffar,False,,,sales,direct_sale,1607,MB NO.9909,Cash
6345,FBMCL-00263,QAISER SB JPS,MB NO.9910,MB,,0,Direct Sale (Credit Customer): FAUJI,,,True,False,True,2026-06-30 11:28,Shujaat Muzaffar,False,,,sales,direct_sale,1608,MB NO.9910,Credit Customer
6346,FBMCL-00235,NASAR IQBAL BUTT SB JPS,MB NO.9277,MB,,0,Direct Sale (Mixed Transaction): PIONEER,,,True,False,True,2026-06-30 11:44,Shujaat Muzaffar,False,,,sales,direct_sale,1609,MB NO.9277,Mixed Transaction
6347,FBMCL-00188,RAFAQAT HUSSAIN SB MALIK (MASJID),MB NO.9915,MB,,0,Direct Sale (Cash): RING 6X6,,,True,True,True,2026-06-30 12:27,Shujaat Muzaffar,False,,,sales,direct_sale,1612,MB NO.9915,Cash
6348,FBMCL-00052,GHULAM SARWAR SB JPS(HAJI JAVED SB),MB NO.9917,MB,,12971,Direct Sale (Credit Customer): DG,,,False,False,True,2026-06-30 12:32,Shujaat Muzaffar,False,,,sales,direct_sale,1613,MB NO.9917,Credit Customer
6349,FBMCL-00242,KHALIL AHMED SB DHINDA KALAAN,MB NO.9920,MB,,0,Direct Sale (Credit Customer): PIONEER,,,True,False,True,2026-06-30 13:16,Shujaat Muzaffar,False,,,sales,direct_sale,1614,MB NO.9920,Credit Customer
6350,FBMCL-00242,KHALIL AHMED SB DHINDA KALAAN,MB NO.9690/2,MB,,0,Direct Sale (Credit Customer): CHAUGATH,,,True,False,True,2026-06-30 13:19,Shujaat Muzaffar,False,,,sales,direct_sale,1615,MB NO.9690/2,Credit Customer
6351,FBMCL-00167,CH MUHAMMAD AKRAM RIHANIA SB JPS,MB NO.9936,MB,,17539,Direct Sale (Mixed Transaction): 12MM STEEL,,,False,False,True,2026-06-30 13:30,Shujaat Muzaffar,False,,,sales,direct_sale,1616,MB NO.9936,Mixed Transaction
6352,FBMCL-00167,CH MUHAMMAD AKRAM RIHANIA SB JPS,MB NO.9937,MB,,51389.99999999997,Direct Sale (Mixed Transaction): 12MM STEEL,,,False,False,True,2026-06-30 13:39,Shujaat Muzaffar,False,,,sales,direct_sale,1617,MB NO.9937,Mixed Transaction
6353,FBMCL-00172,SAIF ULLAH SB KOANKH,MB NO.9197,MB,,1400,Direct Sale (Credit Customer): KOHAT,,,False,False,True,2026-06-30 14:31,Shujaat Muzaffar,False,,,sales,direct_sale,1619,MB NO.9197,Credit Customer
6354,FBMCL-00215,CH IMRAN SB JPS,MB NO.9925,MB,,3705,Direct Sale (Mixed Transaction): ISM 12MM STEEL,,,False,False,True,2026-06-30 14:39,Shujaat Muzaffar,False,,,sales,direct_sale,1620,MB NO.9925,Mixed Transaction
6355,FBMCL-00154,MUHAMMAD ABID SB KOANKH,MB NO.9926,MB,,2973.6,Direct Sale (Credit Customer): RING 6X6,,,False,False,True,2026-06-30 14:51,Shujaat Muzaffar,False,,,sales,direct_sale,1621,MB NO.9926,Credit Customer
6356,FBMCL-00243,ALI SHAN SB RANGRA,MB NO.9929,MB,,0,Direct Sale (Credit Customer): ISM 12MM STEEL,,,True,False,True,2026-06-30 15:14,Shujaat Muzaffar,False,,,sales,direct_sale,1623,MB NO.9929,Credit Customer
6357,FBMCL-00028,MIRZA AMJAD JAVED SB AJNALA SITE,MB NO.9919,MB,,0,Direct Sale (Credit Customer): PIONEER,,,True,False,True,2026-06-30 15:53,Shujaat Muzaffar,False,,,sales,direct_sale,1626,MB NO.9919,Credit Customer
6358,FBMCL-00244,SHAMRAIZ SB JAGUWAN,MB NO.9951,MB,,0,Direct Sale (Mixed Transaction): KOHAT,,,True,False,True,2026-06-30 16:18,Shujaat Muzaffar,False,,,sales,direct_sale,1628,MB NO.9951,Mixed Transaction
6359,FBMCL-00235,NASAR IQBAL BUTT SB JPS,MB NO.9952,MB,,3404,Booking: ISM 12MM STEEL,,,False,False,True,2026-06-30 16:38,Shujaat Muzaffar,False,,,booking,booking,305,MB NO.9952,Booking
6360,FBMCL-00235,NASAR IQBAL BUTT SB JPS,MB NO.9932,MB,,8941,Direct Sale (Mixed Transaction): ISM 12MM STEEL,,,False,False,True,2026-06-30 17:08,Shujaat Muzaffar,False,,,sales,direct_sale,1629,MB NO.9932,Mixed Transaction
6361,FBMCL-00262,GHULAM MURTZA SB KOANKH,MB NO.9966,MB,,0,Direct Sale (Credit Customer): PIONEER,,,True,False,True,2026-07-01 11:27,Shujaat Muzaffar,False,,,sales,direct_sale,1633,MB NO.9966,Credit Customer
6362,FBMCL-00150,MUHAMMAD AKRAM SB SANTAL SURKHIYAN,MB NO.9969,MB,,0,Direct Sale (Mixed Transaction): 12MM STEEL,,,True,False,True,2026-07-01 12:26,Shujaat Muzaffar,False,,,sales,direct_sale,1634,MB NO.9969,Mixed Transaction
6363,FBMCL-00245,SYED SHAFQAT ABBAS SB GHURAIRA,MB NO.9974,MB,,0,Direct Sale (Cash): FAUJI,,,True,True,True,2026-07-01 12:27,Shujaat Muzaffar,False,,,sales,direct_sale,1635,MB NO.9974,Cash
6364,FBMCL-00205,IRFAN SB DEDHAR SHARIF,MB NO.9975,MB,,0,Direct Sale (Credit Customer): 20MM STEEL,,,True,False,True,2026-07-01 12:39,Shujaat Muzaffar,False,,,sales,direct_sale,1636,MB NO.9975,Credit Customer
6365,FBMCL-00071,HAJI WARIS SB JPS,MB NO.9955,MB,,0,Direct Sale (Credit Customer): KOHAT,,,True,False,True,2026-07-01 13:18,Shujaat Muzaffar,False,,,sales,direct_sale,1637,MB NO.9955,Credit Customer
6366,FBMCL-00047,HAJI IQBAL SB JPS,MB NO.9978,MB,,0,Direct Sale (Credit Customer): WIRE,,,True,False,True,2026-07-01 13:35,Shujaat Muzaffar,False,,,sales,direct_sale,1638,MB NO.9978,Credit Customer
6367,FBMCL-00006,SHEHBAZ BAIG SB KOANKH,MB NO.9982,MB,,0,Direct Sale (Cash): PIONEER,,,True,True,True,2026-07-01 13:46,Shujaat Muzaffar,False,,,sales,direct_sale,1640,MB NO.9982,Cash
6368,FBMCL-00235,NASAR IQBAL BUTT SB JPS,MB NO.9983,MB,,0,Direct Sale (Cash): PIONEER,,,True,True,True,2026-07-01 13:49,Shujaat Muzaffar,False,,,sales,direct_sale,1641,MB NO.9983,Cash
6369,FBMCL-00048,RANA ZAHEER SB JPS,MB NO.9968,MB,,0,Direct Sale (Cash): KOHAT,,,True,True,True,2026-07-01 13:52,Shujaat Muzaffar,False,,,sales,direct_sale,1642,MB NO.9968,Cash
6370,FBMCL-00235,NASAR IQBAL BUTT SB JPS,MB NO.9986,MB,,0,Direct Sale (Cash): PIONEER,,,True,True,True,2026-07-01 14:26,Shujaat Muzaffar,False,,,sales,direct_sale,1643,MB NO.9986,Cash
6371,FBMCL-00086,RIZWAN KAKA SB JPS,MB NO.10002,MB,,0,Direct Sale (Cash): PIONEER,,,True,True,True,2026-07-01 15:51,Shujaat Muzaffar,False,,,sales,direct_sale,1645,MB NO.10002,Cash
6372,FBMCL-00178,ZEESHAN ATTARI SB JPS,MB NO.10003,MB,,1200,Direct Sale (Credit Customer): WIRE,,,False,False,True,2026-07-01 16:16,Shujaat Muzaffar,False,,,sales,direct_sale,1647,MB NO.10003,Credit Customer
6373,FBMCL-00253,KHALID SB HANDA DERHA,MB NO.10004,MB,,0,Direct Sale (Credit Customer): FAUJI,,,True,False,True,2026-07-01 16:47,Shujaat Muzaffar,False,,,sales,direct_sale,1650,MB NO.10004,Credit Customer
6374,FBMCL-00242,KHALIL AHMED SB DHINDA KALAAN,MB NO.10006,MB,,0,Booking: ISM 12MM STEEL,,,True,False,True,2026-07-01 17:18,Shujaat Muzaffar,False,,,booking,booking,306,MB NO.10006,Booking
6375,FBMCL-00025,MALIK JAVED SB KHAN PUR KHOKHAR,MB NO.10007,MB,,0,Direct Sale (Credit Customer): FAUJI,,,True,False,True,2026-07-01 17:25,Shujaat Muzaffar,False,,,sales,direct_sale,1652,MB NO.10007,Credit Customer
6377,FBMCL-00044,NADEEM SB DHINDA,MB NO.10017,MB,,0,Direct Sale (Credit Customer): DG,,,True,False,True,2026-07-02 12:33,Shujaat Muzaffar,False,,,sales,direct_sale,1659,MB NO.10017,Credit Customer
6378,FBMCL-00264,RAJA ARSHAD SB JAGUWAN,MB NO.10018,MB,,0,Direct Sale (Credit Customer): WIRE,,,True,False,True,2026-07-02 12:34,Shujaat Muzaffar,False,,,sales,direct_sale,1660,MB NO.10018,Credit Customer
6379,FBMCL-00264,RAJA ARSHAD SB JAGUWAN,MB NO.10035,MB,,0,Direct Sale (Mixed Transaction): PIONEER,,,True,False,True,2026-07-02 12:55,Shujaat Muzaffar,False,,,sales,direct_sale,1666,MB NO.10035,Mixed Transaction
6380,FBMCL-00264,RAJA ARSHAD SB JAGUWAN,MB NO.10035/2,MB,,0.02999999998792191,Direct Sale (Credit Customer): LABOUR,,,False,False,True,2026-07-02 12:58,Shujaat Muzaffar,False,,,sales,direct_sale,1667,MB NO.10035/2,Credit Customer
6381,FBMCL-00178,ZEESHAN ATTARI SB JPS,MB NO.10028,MB,,1800,Direct Sale (Mixed Transaction): 12MM STEEL,,,False,False,True,2026-07-02 13:08,Shujaat Muzaffar,False,,,sales,direct_sale,1668,MB NO.10028,Mixed Transaction
6382,FBMCL-00263,QAISER SB JPS,MB NO.10034,MB,,0,Direct Sale (Credit Customer): FAUJI,,,True,False,True,2026-07-02 14:54,Shujaat Muzaffar,False,,,sales,direct_sale,1670,MB NO.10034,Credit Customer
6383,FBMCL-00063,ABDULLAH SB KOANKH,MB NO.10039,MB,,600,Booking: DG,,,False,False,True,2026-07-02 15:03,Shujaat Muzaffar,False,,,booking,booking,307,MB NO.10039,Booking
6384,FBMCL-00191,MIRZA REHMAN SB JPS,MB NO.10041,MB,,0,Direct Sale (Mixed Transaction): 12MM STEEL,,,True,False,True,2026-07-02 15:29,Shujaat Muzaffar,False,,,sales,direct_sale,1673,MB NO.10041,Mixed Transaction
6385,FBMCL-00013,JAWAD SB AJNALA JPS,MB NO.10043,MB,,2800,Direct Sale (Credit Customer): DG,,,False,False,True,2026-07-02 15:38,Shujaat Muzaffar,False,,,sales,direct_sale,1674,MB NO.10043,Credit Customer
6386,FBMCL-00260,HDC MEHAR MEHDI SB JPS,MB NO.10046,MB,,165,Direct Sale (Mixed Transaction): DG,,,False,False,True,2026-07-02 16:13,Shujaat Muzaffar,False,,,sales,direct_sale,1676,MB NO.10046,Mixed Transaction
6388,FBMCL-00167,CH MUHAMMAD AKRAM RIHANIA SB JPS,MB NO.10057,MB,,0,Direct Sale (Cash): GOLA GOL,,,True,True,True,2026-07-04 09:44,Shujaat Muzaffar,False,,,sales,direct_sale,1682,MB NO.10057,Cash
6389,FBMCL-00260,HDC MEHAR MEHDI SB JPS,MB NO.10062,MB,,32000,Direct Sale (Credit Customer): BAJRI MOTI,,,False,False,True,2026-07-04 10:40,Shujaat Muzaffar,False,,,sales,direct_sale,1684,MB NO.10062,Credit Customer
6390,FBMCL-00191,MIRZA REHMAN SB JPS,MB NO.10073,MB,,0,Direct Sale (Credit Customer): WIRE,,,True,False,True,2026-07-04 11:01,Shujaat Muzaffar,False,,,sales,direct_sale,1688,MB NO.10073,Credit Customer
6391,FBMCL-00192,DR AMIN SB JPS,MB NO.10095,MB,,0,Direct Sale (Mixed Transaction): PIONEER,,,True,False,True,2026-07-04 11:47,Shujaat Muzaffar,False,,,sales,direct_sale,1689,MB NO.10095,Mixed Transaction
6392,FBMCL-00263,QAISER SB JPS,MB NO.10082,MB,,0,Direct Sale (Credit Customer): FAUJI,,,True,False,True,2026-07-04 12:22,Shujaat Muzaffar,False,,,sales,direct_sale,1692,MB NO.10082,Credit Customer
6393,FBMCL-00245,SYED SHAFQAT ABBAS SB GHURAIRA,MB NO.10084,MB,,36000,Direct Sale (Credit Customer): FT-DG,,,False,False,True,2026-07-04 12:52,Shujaat Muzaffar,False,,,sales,direct_sale,1694,MB NO.10084,Credit Customer
6394,FBMCL-00071,HAJI WARIS SB JPS,MB NO.10093,MB,,0,Direct Sale (Credit Customer): DG,,,True,False,True,2026-07-04 13:01,Shujaat Muzaffar,False,,,sales,direct_sale,1697,MB NO.10093,Credit Customer
6395,FBMCL-00088,FAISAL SB AJNALA,MB NO.10105,MB,,0,Direct Sale (Mixed Transaction): DG,,,True,False,True,2026-07-04 15:32,Shujaat Muzaffar,False,,,sales,direct_sale,1702,MB NO.10105,Mixed Transaction
6396,FBMCL-00262,GHULAM MURTZA SB KOANKH,MB NO.10108,MB,,0,Direct Sale (Credit Customer): FAUJI,,,True,False,True,2026-07-04 15:36,Shujaat Muzaffar,False,,,sales,direct_sale,1704,MB NO.10108,Credit Customer
6397,FBMCL-00205,IRFAN SB DEDHAR SHARIF,MB NO.10110,MB,,0,Direct Sale (Credit Customer): FAUJI,,,True,False,True,2026-07-04 15:38,Shujaat Muzaffar,False,,,sales,direct_sale,1705,MB NO.10110,Credit Customer
6398,FBMCL-00163,YASIR YAQOOB SB DILAWARPUR,MB NO.10121,MB,,4000.000000003,Direct Sale (Credit Customer): RENT-CEMENT,,,False,False,True,2026-07-04 17:03,Shujaat Muzaffar,False,,,sales,direct_sale,1709,MB NO.10121,Credit Customer
6399,FBMCL-00253,KHALID SB HANDA DERHA,MB NO.10127,MB,,0,Direct Sale (Credit Customer): CHAUGATH,,,True,False,True,2026-07-05 13:04,Shujaat Muzaffar,False,,,sales,direct_sale,1710,MB NO.10127,Credit Customer
6400,FBMCL-00001,ABDUL AZEEM SB KHAN PUR KHOKHAR,MB NO.10130,MB,,1240,Direct Sale (Mixed Transaction): 12MM STEEL,,,False,False,True,2026-07-05 13:12,Shujaat Muzaffar,False,,,sales,direct_sale,1711,MB NO.10130,Mixed Transaction
6401,FBMCL-00191,MIRZA REHMAN SB JPS,MB NO.10131,MB,,0,Direct Sale (Credit Customer): CONCRETE SPACER,,,True,False,True,2026-07-05 13:22,Shujaat Muzaffar,False,,,sales,direct_sale,1712,MB NO.10131,Credit Customer
6402,FBMCL-00089,ASIF HUSSAIN JPS (ALI ALMUNIUM),MB NO.10132,MB,,0,Direct Sale (Mixed Transaction): 12MM STEEL,,,True,False,True,2026-07-05 13:31,Shujaat Muzaffar,False,,,sales,direct_sale,1713,MB NO.10132,Mixed Transaction
6403,FBMCL-00124,ARIF BAIG SB KOANKH (ASIM BAIG),MB NO.10162,MB,,0,Direct Sale (Credit Customer): RING SIMOSA,,,True,False,True,2026-07-05 14:14,Shujaat Muzaffar,False,,,sales,direct_sale,1714,MB NO.10162,Credit Customer
6404,FBMCL-00076,IMRAN SB MALAK PUR,MB NO.10137,MB,,0,Direct Sale (Credit Customer): FAUJI,,,True,False,True,2026-07-05 14:22,Shujaat Muzaffar,False,,,sales,direct_sale,1716,MB NO.10137,Credit Customer
6405,FBMCL-00044,NADEEM SB DHINDA,MB NO.10142,MB,,0,Direct Sale (Credit Customer): DG,,,True,False,True,2026-07-05 14:31,Shujaat Muzaffar,False,,,sales,direct_sale,1717,MB NO.10142,Credit Customer
6406,FBMCL-00242,KHALIL AHMED SB DHINDA KALAAN,MB NO.10151,MB,,0,Direct Sale (Mixed Transaction): FAUJI,,,True,False,True,2026-07-05 15:04,Shujaat Muzaffar,False,,,sales,direct_sale,1720,MB NO.10151,Mixed Transaction
6407,FBMCL-00216,SAGHEER BAIG SB KOANKH,SB-SL-2718,SB,,0,Direct Sale (Cash): RINGS 7X7,,,True,True,False,2026-07-05 15:12,Shujaat Muzaffar,False,,,sales,direct_sale,1722,SB-SL-2718,Cash
6408,FBMCL-00051,FAZAL ILAHI SB JALPUWAL,MB NO.10155,MB,,0,Direct Sale (Mixed Transaction): FAUJI,,,True,False,True,2026-07-05 15:14,Shujaat Muzaffar,False,,,sales,direct_sale,1723,MB NO.10155,Mixed Transaction
6409,FBMCL-00242,KHALIL AHMED SB DHINDA KALAAN,MB NO.10158,MB,,0,Direct Sale (Credit Customer): FAUJI,,,True,False,True,2026-07-05 15:30,Shujaat Muzaffar,False,,,sales,direct_sale,1724,MB NO.10158,Credit Customer
6410,FBMCL-00229,SARWAR SB MASON,MB NO.10159,MB,,51374,Booking: ISM 12MM STEEL,,,False,False,True,2026-07-05 15:32,Shujaat Muzaffar,False,,,booking,booking,308,MB NO.10159,Booking
6411,FBMCL-00087,ARIF SB JPS(HAJI ASHFAQ S),MB NO.10170,MB,,0.5,Direct Sale (Credit Customer): CHAUGATH,,,False,False,True,2026-07-05 16:52,Shujaat Muzaffar,False,,,sales,direct_sale,1728,MB NO.10170,Credit Customer
6412,FBMCL-00186,SAFDAR ALI SB AJNALA (ASLAM CONT),MB NO.9473,MB,,0,Direct Sale (Mixed Transaction): 12MM STEEL,,,True,False,True,2026-07-05 17:04,Shujaat Muzaffar,False,,,sales,direct_sale,1730,MB NO.9473,Mixed Transaction
6413,FBMCL-00178,ZEESHAN ATTARI SB JPS,MB NO.10087,MB,,37344,Direct Sale (Mixed Transaction): 12MM STEEL,,,False,False,True,2026-07-06 10:51,Shujaat Muzaffar,False,,,sales,direct_sale,1732,MB NO.10087,Mixed Transaction
6414,FBMCL-00010,BILAL SB KOANKH (QARI EJAZ SB),MB NO.10193,MB,,16403,Direct Sale (Mixed Transaction): DG,,,False,False,True,2026-07-06 16:34,Shujaat Muzaffar,False,,,sales,direct_sale,1733,MB NO.10193,Mixed Transaction
6415,ORPH-00086,Orphan86,MB NO.10196,MB,,29000,Direct Sale (Open Khata): KOHAT,,,False,False,True,2026-07-06 16:41,Shujaat Muzaffar,False,"[MIGRATION] Orphan record. Original client: ""IMRAN ASHRAF"".",,sales,direct_sale,1734,MB NO.10196,Open Khata
6416,ORPH-00065,Orphan65,MB NO.10197,MB,,0,Direct Sale (Cash): KOHAT,,,True,True,True,2026-07-06 16:54,Shujaat Muzaffar,False,"[MIGRATION] Orphan record. Original client: ""MALIK ARSHAD JPSB"".",,sales,direct_sale,1735,MB NO.10197,Cash
6417,FBMCL-00260,HDC MEHAR MEHDI SB JPS,MB NO.10062/2,MB,,2500,Direct Sale (Credit Customer): SAND,,,False,False,True,2026-07-07 11:18,Shujaat Muzaffar,False,,,sales,direct_sale,1736,MB NO.10062/2,Credit Customer
6418,FBMCL-00267,ASIF SB KOANKH,MB NO.10217,MB,,0,Direct Sale (Credit Customer): WIRE,,,True,False,True,2026-07-07 13:18,Shujaat Muzaffar,False,,,sales,direct_sale,1738,MB NO.10217,Credit Customer
6420,FBMCL-00169,MUHAMMAD SHABEER SB CONT TIBBA AJNALA,MB NO.10223,MB,,0,Direct Sale (Credit Customer): KOHAT,,,True,False,True,2026-07-07 13:59,Shujaat Muzaffar,False,,,sales,direct_sale,1742,MB NO.10223,Credit Customer
6422,FBMCL-00089,ASIF HUSSAIN JPS (ALI ALMUNIUM),MB NO.10226,MB,,0,Direct Sale (Mixed Transaction): KOHAT,,,True,False,True,2026-07-07 14:24,Shujaat Muzaffar,False,,,sales,direct_sale,1745,MB NO.10226,Mixed Transaction
6423,FBMCL-00089,ASIF HUSSAIN JPS (ALI ALMUNIUM),MB NO.10256,MB,,0,Direct Sale (Credit Customer): PIONEER,,,True,False,True,2026-07-07 14:45,Shujaat Muzaffar,False,,,sales,direct_sale,1748,MB NO.10256,Credit Customer
6424,FBMCL-00229,SARWAR SB MASON,MB NO.10227,MB,,2244,Direct Sale (Credit Customer): RING 4X4,,,False,False,True,2026-07-07 15:11,Shujaat Muzaffar,False,,,sales,direct_sale,1749,MB NO.10227,Credit Customer
6425,FBMCL-00216,SAGHEER BAIG SB KOANKH,MB NO.10235,MB,,3842.5,Direct Sale (Credit Customer): RING 6X6,,,False,False,True,2026-07-07 15:14,Shujaat Muzaffar,False,,,sales,direct_sale,1750,MB NO.10235,Credit Customer
6426,FBMCL-00253,KHALID SB HANDA DERHA,MB NO.10257,MB,,0,Direct Sale (Credit Customer): PIONEER,,,True,False,True,2026-07-07 15:32,Shujaat Muzaffar,False,,,sales,direct_sale,1751,MB NO.10257,Credit Customer
6427,FBMCL-00089,ASIF HUSSAIN JPS (ALI ALMUNIUM),MB NO.10258,MB,,0,Direct Sale (Credit Customer): PIONEER,,,True,False,True,2026-07-07 15:39,Shujaat Muzaffar,False,,,sales,direct_sale,1752,MB NO.10258,Credit Customer
6428,FBMCL-00013,JAWAD SB AJNALA JPS,MB NO.10275,MB,,1400,Direct Sale (Credit Customer): KOHAT,,,False,False,True,2026-07-08 10:12,Shujaat Muzaffar,False,,,sales,direct_sale,1753,MB NO.10275,Credit Customer
6429,FBMCL-00262,GHULAM MURTZA SB KOANKH,MB NO.10278,MB,,0,Direct Sale (Cash): PIONEER,,,True,True,True,2026-07-08 10:17,Shujaat Muzaffar,False,,,sales,direct_sale,1754,MB NO.10278,Cash
6430,FBMCL-00192,DR AMIN SB JPS,MB NO.10291,MB,,0,Direct Sale (Credit Customer): TILE 2ND JHANG,,,True,False,True,2026-07-08 12:51,Shujaat Muzaffar,False,,,sales,direct_sale,1760,MB NO.10291,Credit Customer
6432,FBMCL-00089,ASIF HUSSAIN JPS (ALI ALMUNIUM),MB NO.10293,MB,,0,Direct Sale (Credit Customer): PIONEER,,,True,False,True,2026-07-08 14:04,Shujaat Muzaffar,False,,,sales,direct_sale,1762,MB NO.10293,Credit Customer
6435,FBMCL-00269,NADEEM BUTT SB JPS,MB NO.10304,MB,,564000,Booking: ISM 12MM STEEL,,,False,False,True,2026-07-08 15:14,Shujaat Muzaffar,False,,,booking,booking,310,MB NO.10304,Booking
6436,FBMCL-00150,MUHAMMAD AKRAM SB SANTAL SURKHIYAN,MB NO.10313,MB,,0,Direct Sale (Mixed Transaction): PIONEER,,,True,False,True,2026-07-08 15:30,Shujaat Muzaffar,False,,,sales,direct_sale,1770,MB NO.10313,Mixed Transaction
6437,FBMCL-00228,SHEHBAZ SB RANGPUR,MB NO.10319,MB,,0,Booking: KOHAT,,,True,False,True,2026-07-08 10:11,Shujaat Muzaffar,False,,,booking,booking,311,MB NO.10319,Booking
6438,FBMCL-00217,MIRZA SHAMSHEED SB BHUCH,MB NO.10320,MB,,977,Direct Sale (Credit Customer): WIRE,,,False,False,True,2026-07-09 10:17,Shujaat Muzaffar,False,,,sales,direct_sale,1773,MB NO.10320,Credit Customer
6439,FBMCL-00208,MIRZA YOUNUS SB JPS,MB NO.10327,MB,,26495.00000000002,Direct Sale (Mixed Transaction): ISM 12MM STEEL,,,False,False,True,2026-07-09 10:45,Shujaat Muzaffar,False,,,sales,direct_sale,1775,MB NO.10327,Mixed Transaction
6441,FBMCL-00262,GHULAM MURTZA SB KOANKH,MB NO.10338,MB,,35546.79999999992,Booking: CHAUGATH,,,True,False,True,2026-07-09 11:46,Shujaat Muzaffar,False,,,booking,booking,313,MB NO.10338,Booking
6442,FBMCL-00145,MASTER ZAHOOR SB JPS,MB NO.10343,MB,,0,Direct Sale (Credit Customer): FAUJI,,,True,False,True,2026-07-09 12:11,Shujaat Muzaffar,False,,,sales,direct_sale,1779,MB NO.10343,Credit Customer
6443,FBMCL-00044,NADEEM SB DHINDA,MB NO.10342,MB,,0,Direct Sale (Credit Customer): FAUJI,,,True,False,True,2026-07-09 12:19,Shujaat Muzaffar,False,,,sales,direct_sale,1780,MB NO.10342,Credit Customer
6444,FBMCL-00260,HDC MEHAR MEHDI SB JPS,MB NO.10344,MB,,330,Direct Sale (Mixed Transaction): FAUJI,,,False,False,True,2026-07-09 12:23,Shujaat Muzaffar,False,,,sales,direct_sale,1781,MB NO.10344,Mixed Transaction
6445,FBMCL-00260,HDC MEHAR MEHDI SB JPS,MB NO.10346,MB,,2204,Direct Sale (Credit Customer): RING 6X6,,,False,False,True,2026-07-09 12:28,Shujaat Muzaffar,False,,,sales,direct_sale,1782,MB NO.10346,Credit Customer
6446,FBMCL-00043,KASHIF SB DHINDA,MB NO.9816,MB,,2760,Direct Sale (Credit Customer): PIONEER,,,False,False,True,2026-07-09 13:29,Shujaat Muzaffar,False,,,sales,direct_sale,1783,MB NO.9816,Credit Customer
6447,FBMCL-00171,FAKHAR SHAH SB AJNALA,MB NO.9254,MB,,0,Direct Sale (Credit Customer): PIONEER,,,True,False,True,2026-07-09 13:51,Shujaat Muzaffar,False,,,sales,direct_sale,1784,MB NO.9254,Credit Customer
6448,FBMCL-00229,SARWAR SB MASON,MB NO.10360,MB,,41180,Direct Sale (Mixed Transaction): PIONEER,,,False,False,True,2026-07-09 14:46,Shujaat Muzaffar,False,,,sales,direct_sale,1785,MB NO.10360,Mixed Transaction
6449,FBMCL-00260,HDC MEHAR MEHDI SB JPS,MB NO.10306,MB,,16000,Direct Sale (Credit Customer): BAJRI MOTI,,,False,False,True,2026-07-09 16:40,Shujaat Muzaffar,False,,,sales,direct_sale,1788,MB NO.10306,Credit Customer
6450,FBMCL-00048,RANA ZAHEER SB JPS,MB NO.10362,MB,,0,Direct Sale (Credit Customer): BOND,,,True,False,True,2026-07-09 17:02,Shujaat Muzaffar,False,,,sales,direct_sale,1790,MB NO.10362,Credit Customer
6451,FBMCL-00158,JAMEEL SB JAGWAN,MB NO.10364,MB,,38000,Direct Sale (Credit Customer): FECTO,,,False,False,True,2026-07-09 17:08,Shujaat Muzaffar,False,,,sales,direct_sale,1791,MB NO.10364,Credit Customer
6452,FBMCL-00044,NADEEM SB DHINDA,MB NO.10342/2,MB,,0,Direct Sale (Credit Customer): FAUJI,,,True,False,True,2026-07-09 17:38,Shujaat Muzaffar,False,,,sales,direct_sale,1793,MB NO.10342/2,Credit Customer
6455,FBMCL-00067,MUHAMMAD BASHEER SB CONT KOANKH,MB NO.10383,MB,,0,Direct Sale (Cash): PIONER,,,True,True,True,2026-07-10 13:02,Shujaat Muzaffar,False,,,sales,direct_sale,1797,MB NO.10383,Cash
6456,FBMCL-00124,ARIF BAIG SB KOANKH (ASIM BAIG),MB NO.10386,MB,,0,Direct Sale (Credit Customer): PIONEER,,,True,False,True,2026-07-10 13:04,Shujaat Muzaffar,False,,,sales,direct_sale,1798,MB NO.10386,Credit Customer
6457,FBMCL-00261,MUSHTAQ SB JPS,MB NO.10388,MB,,860,Direct Sale (Credit Customer): WIRE,,,False,False,True,2026-07-11 09:37,Shujaat Muzaffar,False,,,sales,direct_sale,1799,MB NO.10388,Credit Customer
6458,FBMCL-00171,FAKHAR SHAH SB AJNALA,MB NO.10357,MB,,0,Direct Sale (Credit Customer): PIONEER,,,True,False,True,2026-07-11 09:51,Shujaat Muzaffar,False,,,sales,direct_sale,1800,MB NO.10357,Credit Customer
6459,FBMCL-00009,MAZHAR SB RUPOWAL DERA,MB NO.10403,MB,,0,Direct Sale (Credit Customer): PIONEER,,,True,False,True,2026-07-11 10:53,Shujaat Muzaffar,False,,,sales,direct_sale,1805,MB NO.10403,Credit Customer
6460,FBMCL-00150,MUHAMMAD AKRAM SB SANTAL SURKHIYAN,MB NO.10415,MB,,0,Booking: 12MM STEEL,,,True,False,True,2026-07-11 12:12,Shujaat Muzaffar,False,,,booking,booking,314,MB NO.10415,Booking
6461,FBMCL-00261,MUSHTAQ SB JPS,MB NO.10402,MB,,48882.70000000001,Direct Sale (Mixed Transaction): ISM 12MM STEEL,,,False,False,True,2026-07-11 12:47,Shujaat Muzaffar,False,,,sales,direct_sale,1807,MB NO.10402,Mixed Transaction
6462,FBMCL-00167,CH MUHAMMAD AKRAM RIHANIA SB JPS,MB NO.10406,MB,,9868.6,Direct Sale (Credit Customer): CHAUGATH,,,False,False,True,2026-07-11 13:58,Shujaat Muzaffar,False,,,sales,direct_sale,1809,MB NO.10406,Credit Customer
6463,FBMCL-00150,MUHAMMAD AKRAM SB SANTAL SURKHIYAN,MB NO.10415/2,MB,,0,Direct Sale (Credit Customer): RING 4X4,,,True,False,True,2026-07-11 14:47,Shujaat Muzaffar,False,,,sales,direct_sale,1810,MB NO.10415/2,Credit Customer
6464,FBMCL-00028,MIRZA AMJAD JAVED SB AJNALA SITE,MB NO.10418,MB,,0,Direct Sale (Credit Customer): PIONEER,,,True,False,True,2026-07-11 15:24,Shujaat Muzaffar,False,,,sales,direct_sale,1811,MB NO.10418,Credit Customer
6465,FBMCL-00262,GHULAM MURTZA SB KOANKH,MB NO.10421,MB,,0,Direct Sale (Credit Customer): PIONEER,,,True,False,True,2026-07-11 15:29,Shujaat Muzaffar,False,,,sales,direct_sale,1812,MB NO.10421,Credit Customer
6466,FBMCL-00263,QAISER SB JPS,MB NO.10200,MB,,0,Direct Sale (Credit Customer): KOHAT,,,True,False,True,2026-07-11 15:43,Shujaat Muzaffar,False,,,sales,direct_sale,1813,MB NO.10200,Credit Customer
6467,FBMCL-00263,QAISER SB JPS,MB NO.10425,MB,,0,Direct Sale (Credit Customer): PIONEER,,,True,False,True,2026-07-11 15:44,Shujaat Muzaffar,False,,,sales,direct_sale,1814,MB NO.10425,Credit Customer
6469,FBMCL-00197,RAOOF SB GHURAL,MB NO.10424,MB,,0,Booking: 12MM STEEL,,,True,False,True,2026-07-11 16:55,Shujaat Muzaffar,False,,,booking,booking,315,MB NO.10424,Booking
6470,FBMCL-00270,YASIR JAVED SB  JPS,MB NO.10444,MB,,325000,Booking: KOHAT,,,False,False,True,2026-07-12 10:24,Shujaat Muzaffar,False,,,booking,booking,316,MB NO.10444,Booking
6471,FBMCL-00080,ADNAN SB DOIYAN,MB NO.10374,MB,,0,Booking: PIONEER,,,True,False,True,2026-07-09 10:38,Shujaat Muzaffar,False,,,booking,booking,317,MB NO.10374,Booking
6472,FBMCL-00080,ADNAN SB DOIYAN,MB NO.10377,MB,,0,Direct Sale (Mixed Transaction): PIONEER,,,True,False,True,2026-07-12 10:42,Shujaat Muzaffar,False,,,sales,direct_sale,1821,MB NO.10377,Mixed Transaction
6473,FBMCL-00171,FAKHAR SHAH SB AJNALA,MB NO.10390,MB,,0,Direct Sale (Credit Customer): PIONEER,,,True,False,True,2026-07-12 10:50,Shujaat Muzaffar,False,,,sales,direct_sale,1822,MB NO.10390,Credit Customer
6474,FBMCL-00076,IMRAN SB MALAK PUR,MB NO.10447,MB,,25880,Direct Sale (Credit Customer): PIONEER,,,False,False,True,2026-07-12 11:00,Shujaat Muzaffar,False,,,sales,direct_sale,1823,MB NO.10447,Credit Customer
6475,FBMCL-00028,MIRZA AMJAD JAVED SB AJNALA SITE,MB NO.10448,MB,,0,Direct Sale (Credit Customer): WIRE,,,True,False,True,2026-07-12 12:55,Shujaat Muzaffar,False,,,sales,direct_sale,1827,MB NO.10448,Credit Customer
6476,FBMCL-00263,QAISER SB JPS,MB NO.10450,MB,,0,Direct Sale (Credit Customer): FECTO,,,True,False,True,2026-07-12 12:56,Shujaat Muzaffar,False,,,sales,direct_sale,1828,MB NO.10450,Credit Customer
6477,FBMCL-00241,RAJA MUDASIR SB JPS,MB NO.10454,MB,,5483.01,Direct Sale (Credit Customer): FAUJI,,,False,False,True,2026-07-12 16:13,Shujaat Muzaffar,False,,,sales,direct_sale,1829,MB NO.10454,Credit Customer
6478,FBMCL-00171,FAKHAR SHAH SB AJNALA,MB NO.10456,MB,,0,Direct Sale (Credit Customer): FECTO,,,True,False,True,2026-07-12 16:26,Shujaat Muzaffar,False,,,sales,direct_sale,1830,MB NO.10456,Credit Customer
6479,FBMCL-00146,ABDUL SATTAR SB DHINDA FARM,MB NO.10458,MB,,0,Direct Sale (Cash): FECTO,,,True,True,True,2026-07-12 16:29,Shujaat Muzaffar,False,,,sales,direct_sale,1831,MB NO.10458,Cash
6480,FBMCL-00035,EHSAN SB CHAUHAN,MB NO.9268,MB,,870,Direct Sale (Mixed Transaction): DG,,,False,False,True,2026-07-12 17:21,Shujaat Muzaffar,False,,,sales,direct_sale,1835,MB NO.9268,Mixed Transaction
6481,FBMCL-00111,RAJA PARWEZ SB RANGPUR,MB NO.10470,MB,,0,Direct Sale (Credit Customer): KOHAT,,,True,False,True,2026-07-13 09:20,Shujaat Muzaffar,False,,,sales,direct_sale,1838,MB NO.10470,Credit Customer
6482,FBMCL-00188,RAFAQAT HUSSAIN SB MALIK (MASJID),MB NO.10467,MB,,0,Direct Sale (Mixed Transaction): 12MM STEEL,,,True,False,True,2026-07-13 10:19,Shujaat Muzaffar,False,,,sales,direct_sale,1842,MB NO.10467,Mixed Transaction
6483,FBMCL-00050,MAJID HUSSAIN SB AJNALA,MB NO.10474,MB,,1000,Direct Sale (Mixed Transaction): CHAUGATH,,,False,False,True,2026-07-13 10:35,Shujaat Muzaffar,False,,,sales,direct_sale,1844,MB NO.10474,Mixed Transaction
6484,FBMCL-00271,SAJID SB GHURAL ( BOBY DRIVER ),MB NO.10325,MB,,12500,Booking: FAUJI,,,False,False,True,2026-06-30 12:28,Shujaat Muzaffar,False,,,booking,booking,321,MB NO.10325,Booking
6485,FBMCL-00028,MIRZA AMJAD JAVED SB AJNALA SITE,MB NO.10486,MB,,0,Direct Sale (Credit Customer): FECTO,,,True,False,True,2026-07-13 13:26,Shujaat Muzaffar,False,,,sales,direct_sale,1848,MB NO.10486,Credit Customer
6486,FBMCL-00267,ASIF SB KOANKH,MB NO.10491,MB,,0,Direct Sale (Mixed Transaction): KOHAT,,,True,False,True,2026-07-13 14:40,Shujaat Muzaffar,False,,,sales,direct_sale,1849,MB NO.10491,Mixed Transaction
6487,FBMCL-00008,TALHA SB JPS,MB NO.9255,MB,,21915,Direct Sale (Mixed Transaction): KOHAT,,,False,False,True,2026-07-13 15:19,Shujaat Muzaffar,False,,,sales,direct_sale,1853,MB NO.9255,Mixed Transaction
6488,FBMCL-00008,TALHA SB JPS,MB NO.9300,MB,,11713.5,Direct Sale (Credit Customer): RING 6X6,,,False,False,True,2026-07-13 15:26,Shujaat Muzaffar,False,,,sales,direct_sale,1854,MB NO.9300,Credit Customer
6489,FBMCL-00008,TALHA SB JPS,MB NO.9376,MB,,8768.5,Direct Sale (Mixed Transaction): KOHAT,,,False,False,True,2026-07-13 15:29,Shujaat Muzaffar,False,,,sales,direct_sale,1855,MB NO.9376,Mixed Transaction
6490,FBMCL-00243,ALI SHAN SB RANGRA,MB NO.10506,MB,,16574.10000000006,Direct Sale (Credit Customer): FECTO,,,False,False,True,2026-07-13 15:44,Shujaat Muzaffar,False,,,sales,direct_sale,1858,MB NO.10506,Credit Customer
6491,FBMCL-00171,FAKHAR SHAH SB AJNALA,MB NO.10514,MB,,0,Direct Sale (Credit Customer): PIONEER,,,True,False,True,2026-07-14 08:50,Shujaat Muzaffar,False,,,sales,direct_sale,1861,MB NO.10514,Credit Customer
6492,FBMCL-00108,TARIQ BUTT SB JPS,MB NO.10525,MB,,840,Direct Sale (Credit Customer): TILE 1ST JHANG,,,False,False,True,2026-07-14 10:40,Shujaat Muzaffar,False,,,sales,direct_sale,1868,MB NO.10525,Credit Customer
6493,FBMCL-00253,KHALID SB HANDA DERHA,MB NO.10531,MB,,0,Booking: ISM 12MM STEEL,,,True,False,True,2026-07-13 11:32,Shujaat Muzaffar,False,,,booking,booking,323,MB NO.10531,Booking
6494,FBMCL-00260,HDC MEHAR MEHDI SB JPS,MB NO.10534,MB,,7400.799999999999,Direct Sale (Credit Customer): RING 6X6,,,False,False,True,2026-07-14 12:31,Shujaat Muzaffar,False,,,sales,direct_sale,1873,MB NO.10534,Credit Customer
6495,FBMCL-00215,CH IMRAN SB JPS,MB NO.9288,MB,,1647,Direct Sale (Credit Customer): CHAUGATH,,,False,False,True,2026-07-14 13:09,Shujaat Muzaffar,False,,,sales,direct_sale,1875,MB NO.9288,Credit Customer
6496,FBMCL-00215,CH IMRAN SB JPS,MB NO.9245,MB,,21843,Direct Sale (Mixed Transaction): CHAUGATH,,,False,False,True,2026-07-14 13:21,Shujaat Muzaffar,False,,,sales,direct_sale,1876,MB NO.9245,Mixed Transaction
6497,FBMCL-00175,MUHAMMAD ARSHAD SB GHURAL (SUBEDAR QADAR DAD SB),MB NO.10536,MB,,0,Direct Sale (Mixed Transaction): ISM 12MM STEEL,,,True,False,True,2026-07-14 14:25,Shujaat Muzaffar,False,,,sales,direct_sale,1878,MB NO.10536,Mixed Transaction
6498,FBMCL-00209,SHABEEB SB KANIYAN,MB NO.9271,MB,,0,Direct Sale (Mixed Transaction): KOHAT,,,True,False,True,2026-07-14 15:41,Shujaat Muzaffar,False,,,sales,direct_sale,1883,MB NO.9271,Mixed Transaction
6499,FBMCL-00089,ASIF HUSSAIN JPS (ALI ALMUNIUM),MB NO.9279,MB,,0,Direct Sale (Credit Customer): PIONEER,,,True,False,True,2026-07-14 15:45,Shujaat Muzaffar,False,,,sales,direct_sale,1884,MB NO.9279,Credit Customer
6500,FBMCL-00145,MASTER ZAHOOR SB JPS,MB NO.9293,MB,,0,Direct Sale (Mixed Transaction): DG,,,True,False,True,2026-07-14 15:48,Shujaat Muzaffar,False,,,sales,direct_sale,1885,MB NO.9293,Mixed Transaction
6501,FBMCL-00145,MASTER ZAHOOR SB JPS,MB NO.9294,MB,,40400,Booking: 12MM STEEL,,,False,False,True,2026-06-12 15:50,Shujaat Muzaffar,False,,,booking,booking,325,MB NO.9294,Booking
6502,FBMCL-00021,RANA ZAHID SB JPS,MB NO.9195,MB,,0,Direct Sale (Credit Customer): FAUJI,,,True,False,True,2026-07-14 16:43,Shujaat Muzaffar,False,,,sales,direct_sale,1888,MB NO.9195,Credit Customer
6503,FBMCL-00021,RANA ZAHID SB JPS,MB NO.9469,MB,,0,Direct Sale (Credit Customer): FAUJI,,,True,False,True,2026-07-14 17:07,Shujaat Muzaffar,False,,,sales,direct_sale,1889,MB NO.9469,Credit Customer
6504,FBMCL-00145,MASTER ZAHOOR SB JPS,MB NO.9295,MB,,122.5,Direct Sale (Mixed Transaction): 12MM STEEL,,,False,False,True,2026-07-14 17:13,Shujaat Muzaffar,False,,,sales,direct_sale,1890,MB NO.9295,Mixed Transaction
6505,FBMCL-00205,IRFAN SB DEDHAR SHARIF,MB NO.10556,MB,,0,Direct Sale (Credit Customer): PIONEER,,,True,False,True,2026-07-15 09:19,Shujaat Muzaffar,False,,,sales,direct_sale,1892,MB NO.10556,Credit Customer
6506,FBMCL-00273,KHAYAM SB MALIKPUR,MB NO.105551,MB,,0,Booking: ISM 12MM STEEL,,,True,False,True,2026-07-14 09:35,Shujaat Muzaffar,False,,,booking,booking,326,MB NO.105551,Booking
6507,FBMCL-00178,ZEESHAN ATTARI SB JPS,MB NO.10560,MB,,300,Direct Sale (Mixed Transaction): 12MM STEEL,,,False,False,True,2026-07-15 10:15,Shujaat Muzaffar,False,,,sales,direct_sale,1893,MB NO.10560,Mixed Transaction
6508,FBMCL-00273,KHAYAM SB MALIKPUR,MB NO.10552,MB,,0,Direct Sale (Mixed Transaction): FECTO,,,True,False,True,2026-07-15 10:42,Shujaat Muzaffar,False,,,sales,direct_sale,1896,MB NO.10552,Mixed Transaction
6509,FBMCL-00175,MUHAMMAD ARSHAD SB GHURAL (SUBEDAR QADAR DAD SB),MB NO.10553,MB,,0,Direct Sale (Mixed Transaction): ISM 12MM STEEL,,,True,False,True,2026-07-15 10:43,Shujaat Muzaffar,False,,,sales,direct_sale,1897,MB NO.10553,Mixed Transaction
6510,FBMCL-00267,ASIF SB KOANKH,MB NO.10567,MB,,860,Direct Sale (Mixed Transaction): PIONEER,,,False,False,True,2026-07-15 10:51,Shujaat Muzaffar,False,,,sales,direct_sale,1898,MB NO.10567,Mixed Transaction
6511,FBMCL-00171,FAKHAR SHAH SB AJNALA,MB NO.10565,MB,,0,Direct Sale (Credit Customer): PIONEER,,,True,False,True,2026-07-15 11:18,Shujaat Muzaffar,False,,,sales,direct_sale,1900,MB NO.10565,Credit Customer
6512,FBMCL-00242,KHALIL AHMED SB DHINDA KALAAN,MB NO.10570,MB,,0,Direct Sale (Credit Customer): FECTO,,,True,False,True,2026-07-15 11:27,Shujaat Muzaffar,False,,,sales,direct_sale,1901,MB NO.10570,Credit Customer
6513,FBMCL-00025,MALIK JAVED SB KHAN PUR KHOKHAR,MB NO.10563,MB,,0,Direct Sale (Credit Customer): PIONEER,,,True,False,True,2026-07-15 11:54,Shujaat Muzaffar,False,,,sales,direct_sale,1902,MB NO.10563,Credit Customer
6514,FBMCL-00262,GHULAM MURTZA SB KOANKH,MB NO.10575,MB,,0,Direct Sale (Mixed Transaction): CHAUGATH,,,True,False,True,2026-07-15 12:14,Shujaat Muzaffar,False,,,sales,direct_sale,1903,MB NO.10575,Mixed Transaction
6515,FBMCL-00048,RANA ZAHEER SB JPS,MB NO.10573,MB,,199.9999999999927,Direct Sale (Credit Customer): BOND,,,False,False,True,2026-07-15 12:18,Shujaat Muzaffar,False,,,sales,direct_sale,1904,MB NO.10573,Credit Customer
6516,FBMCL-00100,HAJI YOUSUF BUTT JPS,MB NO.10576,MB,,0,Direct Sale (Cash): PIONEER,,,True,True,True,2026-07-15 12:52,Shujaat Muzaffar,False,,,sales,direct_sale,1907,MB NO.10576,Cash
6517,FBMCL-00263,QAISER SB JPS,MB NO.10577,MB,,0,Direct Sale (Credit Customer): PIONEER,,,True,False,True,2026-07-15 12:53,Shujaat Muzaffar,False,,,sales,direct_sale,1908,MB NO.10577,Credit Customer
6518,FBMCL-00100,HAJI YOUSUF BUTT JPS,MB NO.10579,MB,,0,Booking: KOHAT,,,True,False,True,2026-07-15 13:06,Shujaat Muzaffar,False,,,booking,booking,328,MB NO.10579,Booking
6519,FBMCL-00048,RANA ZAHEER SB JPS,MB NO.10585,MB,,4550,Direct Sale (Credit Customer): BOND,,,False,False,True,2026-07-15 15:44,Shujaat Muzaffar,False,,,sales,direct_sale,1914,MB NO.10585,Credit Customer
6520,FBMCL-00274,HAJI AMANAT SB KHARANA,MB NO.10586,MB,,0,Booking: FAUJI,,,True,False,True,2026-07-15 15:45,Shujaat Muzaffar,False,,,booking,booking,329,MB NO.10586,Booking
6521,FBMCL-00124,ARIF BAIG SB KOANKH (ASIM BAIG),MB NO.10382/2,MB,,0,Direct Sale (Credit Customer): BAJRI MOTI,,,True,False,True,2026-07-15 16:08,Shujaat Muzaffar,False,,,sales,direct_sale,1915,MB NO.10382/2,Credit Customer
6522,FBMCL-00124,ARIF BAIG SB KOANKH (ASIM BAIG),MB NO.10588,MB,,0,Direct Sale (Credit Customer): RING 4X4,,,True,False,True,2026-07-15 16:11,Shujaat Muzaffar,False,,,sales,direct_sale,1916,MB NO.10588,Credit Customer
6523,FBMCL-00103,RAJA AMEER HAMZA SB JPS,MB NO.10592,MB,,0,Direct Sale (Credit Customer): ISM 12MM STEEL,,,True,False,True,2026-07-15 16:32,Shujaat Muzaffar,False,,,sales,direct_sale,1917,MB NO.10592,Credit Customer
6524,FBMCL-00190,AZHAR BUTT SB JPS BUTT SWEETS,MB NO.9065/4,MB,,350,Direct Sale (Mixed Transaction): RENT STEEL,,,False,False,True,2026-07-15 16:45,Shujaat Muzaffar,False,STEEL RETURN RENT,,sales,direct_sale,1918,MB NO.9065/4,Mixed Transaction
6525,FBMCL-00190,AZHAR BUTT SB JPS BUTT SWEETS,MB NO.10031,MB,,2805,Direct Sale (Credit Customer): RING 4X4,,,False,False,True,2026-07-15 16:47,Shujaat Muzaffar,False,,,sales,direct_sale,1919,MB NO.10031,Credit Customer
6526,FBMCL-00202,HAFIZ ABDUL JABBAR SB RANGPUR,MB NO.10598/2,MB,,0,Booking: FECTO,,,True,False,True,2026-07-16 10:15,Shujaat Muzaffar,False,13  REMAINING BAG KOHAT CONVERTED INTO FECTO DG OR FAUJI,,booking,booking,330,MB NO.10598/2,Booking
6527,FBMCL-00242,KHALIL AHMED SB DHINDA KALAAN,MB NO.10599,MB,,0,Direct Sale (Cash): FECTO,,,True,True,True,2026-07-16 10:27,Shujaat Muzaffar,False,,,sales,direct_sale,1921,MB NO.10599,Cash
6528,FBMCL-00162,SHERAZ SB MALIK PUR,MB NO.10602,MB,,0,Booking: PIONEER,,,True,False,True,2026-07-15 10:50,Shujaat Muzaffar,False,,,booking,booking,331,MB NO.10602,Booking
6529,FBMCL-00111,RAJA PARWEZ SB RANGPUR,MB NO.10606,MB,,0,Direct Sale (Credit Customer): FECTO,,,True,False,True,2026-07-16 10:55,Shujaat Muzaffar,False,,,sales,direct_sale,1924,MB NO.10606,Credit Customer
6530,FBMCL-00253,KHALID SB HANDA DERHA,MB NO.10607,MB,,0.9000000000232831,Booking: FECTO,,,False,False,True,2026-07-15 11:24,Shujaat Muzaffar,False,,,booking,booking,332,MB NO.10607,Booking
6531,FBMCL-00197,RAOOF SB GHURAL,MB NO.10615,MB,,0,Direct Sale (Mixed Transaction): WIRE,,,True,False,True,2026-07-16 11:45,Shujaat Muzaffar,False,,,sales,direct_sale,1925,MB NO.10615,Mixed Transaction
6532,FBMCL-00260,HDC MEHAR MEHDI SB JPS,MB NO.10571/2,MB,,297,Direct Sale (Credit Customer): WIRE,,,False,False,True,2026-07-16 13:09,Shujaat Muzaffar,False,,,sales,direct_sale,1929,MB NO.10571/2,Credit Customer
6533,FBMCL-00260,HDC MEHAR MEHDI SB JPS,MB NO.10622,MB,,15000,Booking: RENT-CEMENT,,,False,False,True,2026-07-16 13:14,Shujaat Muzaffar,False,,,booking,booking,335,MB NO.10622,Booking
6534,FBMCL-00178,ZEESHAN ATTARI SB JPS,MB NO.10625,MB,,9602,Direct Sale (Credit Customer): CHAUGATH,,,False,False,True,2026-07-16 14:06,Shujaat Muzaffar,False,,,sales,direct_sale,1931,MB NO.10625,Credit Customer
6535,FBMCL-00028,MIRZA AMJAD JAVED SB AJNALA SITE,MB NO.10627,MB,,0,Direct Sale (Credit Customer): FECTO,,,True,False,True,2026-07-16 14:16,Shujaat Muzaffar,False,,,sales,direct_sale,1932,MB NO.10627,Credit Customer
6536,FBMCL-00241,RAJA MUDASIR SB JPS,MB NO.10632,MB,,4736.999999999999,Direct Sale (Mixed Transaction): FECTO,,,False,False,True,2026-07-16 16:30,Shujaat Muzaffar,False,,,sales,direct_sale,1933,MB NO.10632,Mixed Transaction
6537,FBMCL-00064,SULEIMAN SB AJNALA,MB NO.10645,MB,,0,Direct Sale (Mixed Transaction): KOHAT,,,True,False,True,2026-07-17 14:54,Shujaat Muzaffar,False,,,sales,direct_sale,1935,MB NO.10645,Mixed Transaction
6538,FBMCL-00012,MAJEED BUTT SB JPS,MB NO.10646,MB,,500,Booking: KOHAT,,,False,False,True,2026-07-17 14:55,Shujaat Muzaffar,False,,,booking,booking,336,MB NO.10646,Booking
6540,FBMCL-00175,MUHAMMAD ARSHAD SB GHURAL (SUBEDAR QADAR DAD SB),MB NO.10652,MB,,0,Direct Sale (Mixed Transaction): WIRE,,,True,False,True,2026-07-17 15:17,Shujaat Muzaffar,False,,,sales,direct_sale,1937,MB NO.10652,Mixed Transaction
6543,FBMCL-00124,ARIF BAIG SB KOANKH (ASIM BAIG),MB NO.10672,MB,,3035.4,Direct Sale (Credit Customer): LUCKY SUPREME,,,False,False,True,2026-07-18 11:40,Shujaat Muzaffar,False,,,sales,direct_sale,1939,MB NO.10672,Credit Customer
6544,FBMCL-00163,YASIR YAQOOB SB DILAWARPUR,MB NO.10654,MB,,1400,Direct Sale (Mixed Transaction): LUCKY SUPREME,,,False,False,True,2026-07-18 12:50,Shujaat Muzaffar,False,,,sales,direct_sale,1943,MB NO.10654,Mixed Transaction
6545,FBMCL-00253,KHALID SB HANDA DERHA,MB NO.10678,MB,,1048.999999999933,Direct Sale (Mixed Transaction): ISM 12MM STEEL,,,False,False,True,2026-07-18 12:59,Shujaat Muzaffar,False,,,sales,direct_sale,1945,MB NO.10678,Mixed Transaction
6546,FBMCL-00256,MUHAMMAD ARSHAD SB DHINDA POTAN WALAY,MB NO.10683,MB,,0,Direct Sale (Cash): LUCKY SUPREME,,,True,True,True,2026-07-18 13:13,Shujaat Muzaffar,False,,,sales,direct_sale,1948,MB NO.10683,Cash
6547,FBMCL-00047,HAJI IQBAL SB JPS,MB NO.10684,MB,,0,Direct Sale (Credit Customer): RING 6X6,,,True,False,True,2026-07-18 13:14,Shujaat Muzaffar,False,,,sales,direct_sale,1949,MB NO.10684,Credit Customer
6548,FBMCL-00171,FAKHAR SHAH SB AJNALA,MB NO.10685,MB,,0,Direct Sale (Credit Customer): PIONEER,,,True,False,True,2026-07-18 13:31,Shujaat Muzaffar,False,,,sales,direct_sale,1950,MB NO.10685,Credit Customer
6549,FBMCL-00145,MASTER ZAHOOR SB JPS,MB NO.10686,MB,,15200,Direct Sale (Credit Customer): KOHAT,,,False,False,True,2026-07-18 13:34,Shujaat Muzaffar,False,,,sales,direct_sale,1951,MB NO.10686,Credit Customer
6550,FBMCL-00158,JAMEEL SB JAGWAN,MB NO.10687,MB,,0,Direct Sale (Cash): LUCKY SUPREME,,,True,True,True,2026-07-18 13:43,Shujaat Muzaffar,False,,,sales,direct_sale,1952,MB NO.10687,Cash
6551,FBMCL-00256,MUHAMMAD ARSHAD SB DHINDA POTAN WALAY,MB NO.10692,MB,,0,Direct Sale (Cash): LUCKY SUPREME,,,True,True,True,2026-07-18 13:48,Shujaat Muzaffar,False,,,sales,direct_sale,1953,MB NO.10692,Cash
6552,FBMCL-00186,SAFDAR ALI SB AJNALA (ASLAM CONT),MB NO.10177,MB,,0,Direct Sale (Credit Customer): CHAUGATH,,,True,False,True,2026-07-18 14:20,Shujaat Muzaffar,False,,,sales,direct_sale,1955,MB NO.10177,Credit Customer
6553,FBMCL-00197,RAOOF SB GHURAL,MB NO.10640,MB,,0,Direct Sale (Mixed Transaction): 12MM STEEL,,,True,False,True,2026-07-18 14:57,Shujaat Muzaffar,False,,,sales,direct_sale,1957,MB NO.10640,Mixed Transaction
6554,FBMCL-00215,CH IMRAN SB JPS,MB NO.10700,MB,,27242,Direct Sale (Mixed Transaction): ISM 12MM STEEL,,,False,False,True,2026-07-18 15:54,Shujaat Muzaffar,False,,,sales,direct_sale,1959,MB NO.10700,Mixed Transaction
6555,FBMCL-00241,RAJA MUDASIR SB JPS,MB NO.10708,MB,,770,Direct Sale (Credit Customer): RING 6X6,,,False,False,True,2026-07-18 17:41,Shujaat Muzaffar,False,,,sales,direct_sale,1962,MB NO.10708,Credit Customer
6556,FBMCL-00215,CH IMRAN SB JPS,MB NO.10701,MB,,38038.5,Direct Sale (Mixed Transaction): ISM 12MM STEEL,,,False,False,True,2026-07-19 11:51,Shujaat Muzaffar,False,,,sales,direct_sale,1965,MB NO.10701,Mixed Transaction
6557,FBMCL-00103,RAJA AMEER HAMZA SB JPS,MB NO.10712,MB,,0,Direct Sale (Mixed Transaction): KOHAT,,,True,False,True,2026-07-19 13:03,Shujaat Muzaffar,False,,,sales,direct_sale,1966,MB NO.10712,Mixed Transaction
6558,FBMCL-00256,MUHAMMAD ARSHAD SB DHINDA POTAN WALAY,MB NO.10696,MB,,31600,Direct Sale (Credit Customer): PIONEER,,,False,False,True,2026-07-19 13:23,Shujaat Muzaffar,False,,,sales,direct_sale,1971,MB NO.10696,Credit Customer
6559,FBMCL-00256,MUHAMMAD ARSHAD SB DHINDA POTAN WALAY,MB NO.10745,MB,,0,Direct Sale (Cash): PIONEER,,,True,True,True,2026-07-19 13:25,Shujaat Muzaffar,False,,,sales,direct_sale,1972,MB NO.10745,Cash
6560,FBMCL-00191,MIRZA REHMAN SB JPS,MB NO.10726,MB,,0,Direct Sale (Credit Customer): BRICKS,,,True,False,True,2026-07-19 13:31,Shujaat Muzaffar,False,,,sales,direct_sale,1973,MB NO.10726,Credit Customer
6561,FBMCL-00263,QAISER SB JPS,MB NO.10729,MB,,0,Direct Sale (Credit Customer): PIONEER,,,True,False,True,2026-07-19 13:32,Shujaat Muzaffar,False,,,sales,direct_sale,1974,MB NO.10729,Credit Customer
6562,FBMCL-00154,MUHAMMAD ABID SB KOANKH,MB NO.10731,MB,,1800,Direct Sale (Mixed Transaction): DG,,,False,False,True,2026-07-19 13:37,Shujaat Muzaffar,False,,,sales,direct_sale,1975,MB NO.10731,Mixed Transaction
6563,FBMCL-00263,QAISER SB JPS,MB NO.10729.2,MB,,0,Direct Sale (Credit Customer): ISM 12MM STEEL,,,True,False,True,2026-07-19 13:46,Shujaat Muzaffar,False,,,sales,direct_sale,1977,MB NO.10729.2,Credit Customer
6564,FBMCL-00216,SAGHEER BAIG SB KOANKH,MB NO.10738,MB,,5631.7,Direct Sale (Mixed Transaction): ISM 12MM STEEL,,,False,False,True,2026-07-19 14:26,Shujaat Muzaffar,False,,,sales,direct_sale,1979,MB NO.10738,Mixed Transaction
6565,FBMCL-00163,YASIR YAQOOB SB DILAWARPUR,MB NO.10741,MB,,1400,Direct Sale (Mixed Transaction): PIONEER,,,False,False,True,2026-07-19 14:32,Shujaat Muzaffar,False,,,sales,direct_sale,1980,MB NO.10741,Mixed Transaction
6566,FBMCL-00253,KHALID SB HANDA DERHA,MB NO.10740,MB,,21200,Direct Sale (Mixed Transaction): FECTO,,,False,False,True,2026-07-19 15:42,Shujaat Muzaffar,False,,,sales,direct_sale,1982,MB NO.10740,Mixed Transaction
6567,FBMCL-00225,SIKANDAR SB JAGUWAN,MB NO.10748,MB,,68820.00000000003,Booking: ISM 12MM STEEL,,,False,False,True,2026-07-17 15:50,Shujaat Muzaffar,False,,,booking,booking,339,MB NO.10748,Booking
6569,FBMCL-00225,SIKANDAR SB JAGUWAN,MB NO.10751,MB,,3507.599999999939,Direct Sale (Mixed Transaction): ISM 12MM STEEL,,,False,False,True,2026-07-19 16:11,Shujaat Muzaffar,False,,,sales,direct_sale,1983,MB NO.10751,Mixed Transaction
6570,FBMCL-00228,SHEHBAZ SB RANGPUR,MB NO.10695/2,MB,,0,Direct Sale (Credit Customer): RENT-CEMENT,,,True,False,True,2026-07-19 16:33,Shujaat Muzaffar,False,,,sales,direct_sale,1986,MB NO.10695/2,Credit Customer
6571,FBMCL-00278,EHSAN SB LOADER PARSUWAL,MB NO.10762,MB,,10000,Booking: ISM 12MM STEEL,,,False,False,True,2026-07-19 17:39,Shujaat Muzaffar,False,,,booking,booking,342,MB NO.10762,Booking
6572,FBMCL-00028,MIRZA AMJAD JAVED SB AJNALA SITE,MB NO.10767,MB,,0,Direct Sale (Credit Customer): PIONEER,,,True,False,True,2026-07-20 09:38,Shujaat Muzaffar,False,,,sales,direct_sale,1991,MB NO.10767,Credit Customer
6573,FBMCL-00205,IRFAN SB DEDHAR SHARIF,MB NO.10703,MB,,0,Direct Sale (Credit Customer): ISM 12MM STEEL,,,True,False,True,2026-07-20 09:50,Shujaat Muzaffar,False,,,sales,direct_sale,1993,MB NO.10703,Credit Customer
6574,FBMCL-00263,QAISER SB JPS,MB NO.10777,MB,,0,Direct Sale (Credit Customer): PIONEER,,,True,False,True,2026-07-20 10:06,Shujaat Muzaffar,False,,,sales,direct_sale,1994,MB NO.10777,Credit Customer
6575,FBMCL-00154,MUHAMMAD ABID SB KOANKH,MB NO.10782,MB,,536.9999999999999,Direct Sale (Credit Customer): RING 4X4,,,False,False,True,2026-07-20 10:52,Shujaat Muzaffar,False,,,sales,direct_sale,1998,MB NO.10782,Credit Customer
6576,FBMCL-00262,GHULAM MURTZA SB KOANKH,MB NO.10789,MB,,0,Direct Sale (Credit Customer): PIONEER,,,True,False,True,2026-07-20 13:02,Shujaat Muzaffar,False,,,sales,direct_sale,2000,MB NO.10789,Credit Customer
6577,FBMCL-00178,ZEESHAN ATTARI SB JPS,MB NO.10791,MB,,6310.2,Direct Sale (Mixed Transaction): DG,,,False,False,True,2026-07-20 13:06,Shujaat Muzaffar,False,,,sales,direct_sale,2001,MB NO.10791,Mixed Transaction
6578,FBMCL-00277,TANVEER SB DHINDA,MB NO.10793,MB,,0,Booking: 12MM STEEL,,,True,False,True,2026-07-20 13:24,Shujaat Muzaffar,False,,,booking,booking,344,MB NO.10793,Booking
6579,FBMCL-00191,MIRZA REHMAN SB JPS,MB NO.10797,MB,,0,Direct Sale (Mixed Transaction): PIONEER,,,True,False,True,2026-07-20 14:16,Shujaat Muzaffar,False,,,sales,direct_sale,2003,MB NO.10797,Mixed Transaction
6580,FBMCL-00191,MIRZA REHMAN SB JPS,MB NO.10798,MB,,0,Direct Sale (Credit Customer): BRICKS,,,True,False,True,2026-07-20 14:22,Shujaat Muzaffar,False,,,sales,direct_sale,2004,MB NO.10798,Credit Customer
6581,FBMCL-00263,QAISER SB JPS,MB NO.10777/2,MB,,0,Direct Sale (Credit Customer): KOHAT,,,True,False,True,2026-07-20 14:46,Shujaat Muzaffar,False,,,sales,direct_sale,2006,MB NO.10777/2,Credit Customer
6582,FBMCL-00191,MIRZA REHMAN SB JPS,MB NO.10049,MB,,0,Direct Sale (Credit Customer): 12MM STEEL,,,True,False,True,2026-07-20 16:34,Shujaat Muzaffar,False,,,sales,direct_sale,2010,MB NO.10049,Credit Customer
6583,FBMCL-00026,MASJID PANJTAN PAK JPS(QARI ANSAR SB),MB NO.10810,MB,,0,Booking: KOHAT,,,True,False,True,2026-07-20 17:02,Shujaat Muzaffar,False,,,booking,booking,345,MB NO.10810,Booking
6584,FBMCL-00216,SAGHEER BAIG SB KOANKH,MB NO.10812,MB,,2460,Direct Sale (Credit Customer): CHIPS ZERO,,,False,False,True,2026-07-20 17:36,Shujaat Muzaffar,False,,,sales,direct_sale,2011,MB NO.10812,Credit Customer
6585,FBMCL-00124,ARIF BAIG SB KOANKH (ASIM BAIG),MB NO.10813,MB,,2180,Direct Sale (Credit Customer): CHIPS ZERO,,,False,False,True,2026-07-20 17:40,Shujaat Muzaffar,False,,,sales,direct_sale,2012,MB NO.10813,Credit Customer
6586,FBMCL-00066,SUBEDAR MUHAMMAD ARSHAD SB KHANPUR KHOKHAR,MB NO.10816,MB,,25245,Direct Sale (Mixed Transaction): ISM 12MM STEEL,,,False,False,True,2026-07-23 09:21,Shujaat Muzaffar,False,,,sales,direct_sale,2014,MB NO.10816,Mixed Transaction
6587,FBMCL-00243,ALI SHAN SB RANGRA,MB NO.10825,MB,,69600,Booking: 12MM STEEL,,,False,False,True,2026-07-21 09:30,Shujaat Muzaffar,False,,,booking,booking,346,MB NO.10825,Booking
6588,FBMCL-00013,JAWAD SB AJNALA JPS,MB NO.10819,MB,,2750,Direct Sale (Credit Customer): KOHAT,,,False,False,True,2026-07-23 10:23,Shujaat Muzaffar,False,,,sales,direct_sale,2020,MB NO.10819,Credit Customer
6589,FBMCL-00013,JAWAD SB AJNALA JPS,MB NO.10819/2,MB,,1550,Direct Sale (Credit Customer): KOHAT,,,False,False,True,2026-07-23 10:24,Shujaat Muzaffar,False,,,sales,direct_sale,2021,MB NO.10819/2,Credit Customer
6590,FBMCL-00278,EHSAN SB LOADER PARSUWAL,MB NO.10764,MB,,4814.4,Direct Sale (Mixed Transaction): CHAUGATH,,,False,False,True,2026-07-23 10:30,Shujaat Muzaffar,False,,,sales,direct_sale,2022,MB NO.10764,Mixed Transaction
6591,FBMCL-00278,EHSAN SB LOADER PARSUWAL,MB NO.10764/2,MB,,18800,Booking: KOHAT,,,False,False,True,2026-07-20 10:36,Shujaat Muzaffar,False,,,booking,booking,347,MB NO.10764/2,Booking
6592,FBMCL-00202,HAFIZ ABDUL JABBAR SB RANGPUR,MB NO.10644/2,MB,,0,Direct Sale (Credit Customer): RENT-CEMENT,,,True,False,True,2026-07-23 10:58,Shujaat Muzaffar,False,,,sales,direct_sale,2024,MB NO.10644/2,Credit Customer
6593,FBMCL-00209,SHABEEB SB KANIYAN,MB NO.9299,MB,,0,Direct Sale (Mixed Transaction): ISM 12MM STEEL,,,True,False,True,2026-07-23 11:12,Shujaat Muzaffar,False,,,sales,direct_sale,2026,MB NO.9299,Mixed Transaction
6594,FBMCL-00209,SHABEEB SB KANIYAN,MB NO.9302/2,MB,,0,Direct Sale (Credit Customer): RENT STEEL,,,True,False,True,2026-07-23 11:17,Shujaat Muzaffar,False,,,sales,direct_sale,2027,MB NO.9302/2,Credit Customer
6595,FBMCL-00071,HAJI WARIS SB JPS,MB NO.10828,MB,,0,Direct Sale (Credit Customer): DG,,,True,False,True,2026-07-23 11:27,Shujaat Muzaffar,False,,,sales,direct_sale,2028,MB NO.10828,Credit Customer
6596,FBMCL-00064,SULEIMAN SB AJNALA,MB NO.9307,MB,,1496,Direct Sale (Mixed Transaction): KOHAT,,,False,False,True,2026-07-23 11:30,Shujaat Muzaffar,False,,,sales,direct_sale,2029,MB NO.9307,Mixed Transaction
6597,FBMCL-00129,QARI EJAZ SB HOME KOANKH,MB NO.9316,MB,,43700,Direct Sale (Credit Customer): PIONEER,,,False,False,True,2026-07-23 12:12,Shujaat Muzaffar,False,,,sales,direct_sale,2033,MB NO.9316,Credit Customer
6598,FBMCL-00208,MIRZA YOUNUS SB JPS,MB NO.9385,MB,,19877.2,Direct Sale (Mixed Transaction): CHAUGATH,,,False,False,True,2026-07-23 12:37,Shujaat Muzaffar,False,,,sales,direct_sale,2038,MB NO.9385,Mixed Transaction
6599,FBMCL-00259,ASIM SB KOANKH,MB NO.9390,MB,,52.59999999999981,Direct Sale (Mixed Transaction): RING 6X6,,,False,False,True,2026-07-23 12:59,Shujaat Muzaffar,False,,,sales,direct_sale,2039,MB NO.9390,Mixed Transaction
6600,FBMCL-00177,MUHAMMAD ARIF BAIG SB KOANKH (KAMRAN NUMBERDAR),MB NO.10835,MB,,33150,Booking: PIONEER,,,False,False,True,2026-07-20 13:24,Shujaat Muzaffar,False,,,booking,booking,348,MB NO.10835,Booking
6601,FBMCL-00169,MUHAMMAD SHABEER SB CONT TIBBA AJNALA,MB NO.10836,MB,,3650,Booking: DG,,,False,False,True,2026-07-18 13:34,Shujaat Muzaffar,False,,,booking,booking,349,MB NO.10836,Booking
6602,FBMCL-00169,MUHAMMAD SHABEER SB CONT TIBBA AJNALA,MB NO.10823,MB,,7800,Direct Sale (Mixed Transaction): DG,,,False,False,True,2026-07-23 13:38,Shujaat Muzaffar,False,,,sales,direct_sale,2040,MB NO.10823,Mixed Transaction
6604,FBMCL-00200,HDC SYED TASSAWAR SHAH SB MALIKPUR SITE,MB NO.3515,MB,,0,Direct Sale (Mixed Transaction): BRICKS,,,True,False,True,2026-07-23 16:06,Shujaat Muzaffar,False,,,sales,direct_sale,2043,MB NO.3515,Mixed Transaction
6605,FBMCL-00145,MASTER ZAHOOR SB JPS,MB NO.10800,MB,,37250,Direct Sale (Credit Customer): KOHAT,,,False,False,True,2026-07-23 16:19,Shujaat Muzaffar,False,,,sales,direct_sale,2044,MB NO.10800,Credit Customer
6606,FBMCL-00178,ZEESHAN ATTARI SB JPS,MB NO.10841,MB,,800,Direct Sale (Credit Customer): WIRE,,,False,False,True,2026-07-23 16:40,Shujaat Muzaffar,False,,,sales,direct_sale,2047,MB NO.10841,Credit Customer
6607,FBMCL-00200,HDC SYED TASSAWAR SHAH SB MALIKPUR SITE,MB NO.3645,MB,,0,Direct Sale (Credit Customer): BACK FILLING,,,True,False,True,2026-07-23 17:09,Shujaat Muzaffar,False,,,sales,direct_sale,2049,MB NO.3645,Credit Customer
6608,FBMCL-00200,HDC SYED TASSAWAR SHAH SB MALIKPUR SITE,MB NO.3705,MB,,0,Direct Sale (Mixed Transaction): 10MM STEEL,,,True,False,True,2026-07-23 17:13,Shujaat Muzaffar,False,,,sales,direct_sale,2050,MB NO.3705,Mixed Transaction
6611,FBMCL-00279,FAROOQ SB GHURAIRA,MB NO.10858,MB,,0,Direct Sale (Credit Customer): FECTO,,,True,False,True,2026-07-25 09:16,Shujaat Muzaffar,False,,,sales,direct_sale,2063,MB NO.10858,Credit Customer
6612,FBMCL-00111,RAJA PARWEZ SB RANGPUR,MB NO.10861,MB,,0,Direct Sale (Credit Customer): KOHAT,,,True,False,True,2026-07-25 10:01,Shujaat Muzaffar,False,,,sales,direct_sale,2064,MB NO.10861,Credit Customer
6613,FBMCL-00018,NAZAKAT MOBILE SHOP JPS,MB NO.10862/2,MB,,0,Direct Sale (Credit Customer): OPEN CEMENT,,,True,False,True,2026-07-25 10:22,Shujaat Muzaffar,False,,,sales,direct_sale,2065,MB NO.10862/2,Credit Customer
6614,FBMCL-00018,NAZAKAT MOBILE SHOP JPS,MB NO.10834,MB,,285,Direct Sale (Credit Customer): OPEN CEMENT,,,False,False,True,2026-07-25 10:26,Shujaat Muzaffar,False,,,sales,direct_sale,2066,MB NO.10834,Credit Customer
6615,FBMCL-00247,YOUNIS GHAFFARI SB JPS,MB NO.9196,MB,,1400,Direct Sale (Credit Customer): PIONEER,,,False,False,True,2026-07-25 10:37,Shujaat Muzaffar,False,,,sales,direct_sale,2067,MB NO.9196,Credit Customer
6616,FBMCL-00247,YOUNIS GHAFFARI SB JPS,MB NO.9232,MB,,3580,Direct Sale (Credit Customer): PIONEER,,,False,False,True,2026-07-25 10:40,Shujaat Muzaffar,False,,,sales,direct_sale,2068,MB NO.9232,Credit Customer
6617,FBMCL-00247,YOUNIS GHAFFARI SB JPS,MB NO.9232/2,MB,,2180,Direct Sale (Credit Customer): BAJRI MOTI,,,False,False,True,2026-07-25 10:45,Shujaat Muzaffar,False,,,sales,direct_sale,2069,MB NO.9232/2,Credit Customer
6618,FBMCL-00031,SALEEM CONT JPS,MB NO.9318,MB,,8650,Direct Sale (Credit Customer): PIONEER,,,False,False,True,2026-07-25 11:48,Shujaat Muzaffar,False,,,sales,direct_sale,2070,MB NO.9318,Credit Customer
6619,FBMCL-00031,SALEEM CONT JPS,MB NO.9348,MB,,700,Direct Sale (Credit Customer): OPEN CEMENT,,,False,False,True,2026-07-25 11:55,Shujaat Muzaffar,False,,,sales,direct_sale,2071,MB NO.9348,Credit Customer
6620,FBMCL-00031,SALEEM CONT JPS,MB NO.9653,MB,,1625,Direct Sale (Credit Customer): KOHAT,,,False,False,True,2026-07-25 11:58,Shujaat Muzaffar,False,,,sales,direct_sale,2072,MB NO.9653,Credit Customer
6621,FBMCL-00031,SALEEM CONT JPS,MB NO.9766,MB,,1375,Direct Sale (Credit Customer): PIONEER,,,False,False,True,2026-07-25 11:59,Shujaat Muzaffar,False,,,sales,direct_sale,2073,MB NO.9766,Credit Customer
6622,FBMCL-00280,HAFIZ IFTIKHAR SB JPS,MB NO.10662,MB,,2342500,Booking: ISM 12MM STEEL,,,False,False,True,2026-06-17 17:08,Shujaat Muzaffar,False,,,booking,booking,354,MB NO.10662,Booking
6623,FBMCL-00013,JAWAD SB AJNALA JPS,MB NO.10867,MB,,1550,Direct Sale (Credit Customer): KOHAT,,,False,False,True,2026-07-25 17:25,Shujaat Muzaffar,False,,,sales,direct_sale,2077,MB NO.10867,Credit Customer
6624,FBMCL-00147,MUHAMMAD RAZAQ SB JPS,MB NO.10874,MB,,0,Direct Sale (Credit Customer): DG,,,True,False,True,2026-07-26 09:15,Shujaat Muzaffar,False,,,sales,direct_sale,2082,MB NO.10874,Credit Customer
6625,FBMCL-00124,ARIF BAIG SB KOANKH (ASIM BAIG),MB NO.10881,MB,,560,Direct Sale (Credit Customer): CHIPS ZERO,,,False,False,True,2026-07-26 11:12,Shujaat Muzaffar,False,,,sales,direct_sale,2084,MB NO.10881,Credit Customer
6627,FBMCL-00200,HDC SYED TASSAWAR SHAH SB MALIKPUR SITE,MB NO.3342,MB,,0,Direct Sale (Mixed Transaction): 12MM STEEL,,,True,False,True,2026-07-26 11:51,Shujaat Muzaffar,False,,,sales,direct_sale,672,MB NO.3342,Mixed Transaction
6628,FBMCL-00212,MIRZA NAZAR BAIG SB KOANKH,MB NO.10884\,MB,,0,Booking: KOHAT,,,True,False,True,2026-07-26 12:03,Shujaat Muzaffar,False,,,booking,booking,355,MB NO.10884\,Booking
6629,FBMCL-00047,HAJI IQBAL SB JPS,MB NO.10749,MB,,0,Direct Sale (Credit Customer): WIRE,,,True,False,True,2026-07-26 12:17,Shujaat Muzaffar,False,,,sales,direct_sale,2085,MB NO.10749,Credit Customer
6630,FBMCL-00047,HAJI IQBAL SB JPS,MB NO.10880,MB,,0,Direct Sale (Mixed Transaction): 12MM STEEL,,,True,False,True,2026-07-26 12:23,Shujaat Muzaffar,False,,,sales,direct_sale,2086,MB NO.10880,Mixed Transaction
6631,FBMCL-00047,HAJI IQBAL SB JPS,MB NO.10886,MB,,4510,Direct Sale (Mixed Transaction): 12MM STEEL,,,False,False,True,2026-07-26 12:41,Shujaat Muzaffar,False,,,sales,direct_sale,2087,MB NO.10886,Mixed Transaction
6632,FBMCL-00200,HDC SYED TASSAWAR SHAH SB MALIKPUR SITE,MB NO.5128,MB,,0,Direct Sale (Mixed Transaction): CHAUGATH,,,True,False,True,2026-07-26 13:17,Shujaat Muzaffar,False,,,sales,direct_sale,2089,MB NO.5128,Mixed Transaction
6633,FBMCL-00200,HDC SYED TASSAWAR SHAH SB MALIKPUR SITE,MB NO.5510,MB,,0,Direct Sale (Mixed Transaction): RING 6X6,,,True,False,True,2026-07-26 13:44,Shujaat Muzaffar,False,,,sales,direct_sale,2092,MB NO.5510,Mixed Transaction
6634,ORPH-00013,Orphan13,MB NO.10895,MB,,0,Direct Sale (Cash): KOHAT,,,True,True,True,2026-07-26 15:27,Shujaat Muzaffar,False,"[MIGRATION] Orphan record. Original client: ""ADNAN LOADER GHURAIRA"".",,sales,direct_sale,2097,MB NO.10895,Cash
6635,FBMCL-00150,MUHAMMAD AKRAM SB SANTAL SURKHIYAN,MB NO.10888,MB,,0,Direct Sale (Mixed Transaction): 12MM STEEL,,,True,False,True,2026-07-26 15:41,Shujaat Muzaffar,False,,,sales,direct_sale,2098,MB NO.10888,Mixed Transaction
6636,FBMCL-00200,HDC SYED TASSAWAR SHAH SB MALIKPUR SITE,MB NO.6115,MB,,0,Direct Sale (Credit Customer): BRICKS,,,True,False,True,2026-07-26 16:06,Shujaat Muzaffar,False,,,sales,direct_sale,2100,MB NO.6115,Credit Customer
6637,FBMCL-00200,HDC SYED TASSAWAR SHAH SB MALIKPUR SITE,MB NO.6139,MB,,0,Direct Sale (Mixed Transaction): 12MM STEEL,,,True,False,True,2026-07-26 16:22,Shujaat Muzaffar,False,,,sales,direct_sale,2101,MB NO.6139,Mixed Transaction
6638,FBMCL-00200,HDC SYED TASSAWAR SHAH SB MALIKPUR SITE,MB NO.6240,MB,,0,Direct Sale (Credit Customer): BRICKS,,,True,False,True,2026-07-26 16:29,Shujaat Muzaffar,False,,,sales,direct_sale,2103,MB NO.6240,Credit Customer
6639,FBMCL-00200,HDC SYED TASSAWAR SHAH SB MALIKPUR SITE,MB NO.6270,MB,,0,Direct Sale (Credit Customer): BRICKS,,,True,False,True,2026-07-26 16:36,Shujaat Muzaffar,False,,,sales,direct_sale,2105,MB NO.6270,Credit Customer
6640,FBMCL-00200,HDC SYED TASSAWAR SHAH SB MALIKPUR SITE,MB NO.6329,MB,,0,Direct Sale (Credit Customer): BRICKS,,,True,False,True,2026-07-26 16:41,Shujaat Muzaffar,False,,,sales,direct_sale,2106,MB NO.6329,Credit Customer
6641,FBMCL-00200,HDC SYED TASSAWAR SHAH SB MALIKPUR SITE,MB NO.6356,MB,,0,Direct Sale (Credit Customer): BRICKS,,,True,False,True,2026-07-26 16:45,Shujaat Muzaffar,False,,,sales,direct_sale,2107,MB NO.6356,Credit Customer
6642,FBMCL-00200,HDC SYED TASSAWAR SHAH SB MALIKPUR SITE,MB NO.6821,MB,,0,Direct Sale (Mixed Transaction): CHAUGATH,,,True,False,True,2026-07-26 16:52,Shujaat Muzaffar,False,,,sales,direct_sale,2108,MB NO.6821,Mixed Transaction
6643,FBMCL-00200,HDC SYED TASSAWAR SHAH SB MALIKPUR SITE,MB NO.7134,MB,,0,Direct Sale (Mixed Transaction): 12MM STEEL,,,True,False,True,2026-07-26 17:16,Shujaat Muzaffar,False,,,sales,direct_sale,2112,MB NO.7134,Mixed Transaction
6644,FBMCL-00200,HDC SYED TASSAWAR SHAH SB MALIKPUR SITE,MB NO.7410,MB,,0,Direct Sale (Mixed Transaction): RING 6X6,,,True,False,True,2026-07-26 17:34,Shujaat Muzaffar,False,,,sales,direct_sale,2117,MB NO.7410,Mixed Transaction
6645,FBMCL-00013,JAWAD SB AJNALA JPS,MB NO.10891,MB,,1550,Direct Sale (Credit Customer): KOHAT,,,False,False,True,2026-07-27 09:54,Shujaat Muzaffar,False,,,sales,direct_sale,2118,MB NO.10891,Credit Customer
6646,FBMCL-00281,MEHAR SHAFIQ HARDWARE STORE JPS,MB NO.10902,MB,,9700,Direct Sale (Credit Customer): PIONEER,,,False,False,True,2026-07-27 11:12,Shujaat Muzaffar,False,,,sales,direct_sale,2121,MB NO.10902,Credit Customer
6647,FBMCL-00013,JAWAD SB AJNALA JPS,MB NO.10919,MB,,3100,Direct Sale (Credit Customer): KOHAT,,,False,False,True,2026-07-27 14:18,Shujaat Muzaffar,False,,,sales,direct_sale,2124,MB NO.10919,Credit Customer
6648,FBMCL-00212,MIRZA NAZAR BAIG SB KOANKH,MB NO.10928,MB,,0,Direct Sale (Credit Customer): BAJRI MOTI,,,True,False,True,2026-07-27 14:33,Shujaat Muzaffar,False,,,sales,direct_sale,2126,MB NO.10928,Credit Customer
6649,FBMCL-00067,MUHAMMAD BASHEER SB CONT KOANKH,MB NO.10934,MB,,17000,Booking: PIONEER,,,False,False,True,2026-07-27 14:57,Shujaat Muzaffar,False,,,booking,booking,356,MB NO.10934,Booking
6650,FBMCL-00212,MIRZA NAZAR BAIG SB KOANKH,MB NO.10935,MB,,0,Direct Sale (Credit Customer): BAJRI MOTI,,,True,False,True,2026-07-27 15:22,Shujaat Muzaffar,False,,,sales,direct_sale,2128,MB NO.10935,Credit Customer
6651,FBMCL-00009,MAZHAR SB RUPOWAL DERA,MB NO.10938,MB,,5865.800000000003,Direct Sale (Credit Customer): PIONEER,,,False,False,True,2026-07-27 15:34,Shujaat Muzaffar,False,,,sales,direct_sale,2131,MB NO.10938,Credit Customer
6652,FBMCL-00051,FAZAL ILAHI SB JALPUWAL,MB NO.10939,MB,,0,Direct Sale (Mixed Transaction): KOHAT,,,True,False,True,2026-07-27 15:36,Shujaat Muzaffar,False,,,sales,direct_sale,2132,MB NO.10939,Mixed Transaction
6653,FBMCL-00175,MUHAMMAD ARSHAD SB GHURAL (SUBEDAR QADAR DAD SB),MB NO.10941,MB,,0,Direct Sale (Mixed Transaction): ISM 12MM STEEL,,,True,False,True,2026-07-27 15:41,Shujaat Muzaffar,False,,,sales,direct_sale,2133,MB NO.10941,Mixed Transaction
6654,FBMCL-00066,SUBEDAR MUHAMMAD ARSHAD SB KHANPUR KHOKHAR,MB NO.10937/2,MB,,4000,Direct Sale (Credit Customer): LABOUR,,,False,False,True,2026-07-27 16:46,Shujaat Muzaffar,False,,,sales,direct_sale,2137,MB NO.10937/2,Credit Customer
6655,FBMCL-00150,MUHAMMAD AKRAM SB SANTAL SURKHIYAN,MB NO.10888/2,MB,,0,Direct Sale (Credit Customer): RENT-STEEL,,,True,False,True,2026-07-27 16:51,Shujaat Muzaffar,False,,,sales,direct_sale,2138,MB NO.10888/2,Credit Customer
6656,FBMCL-00272,SHAMRAIZ SB HANDA STOP,MB NO.10959,MB,,606360,Booking: ISM 12MM STEEL,,,False,False,True,2026-07-27 16:33,Shujaat Muzaffar,False,,,booking,booking,358,MB NO.10959,Booking
6657,FBMCL-00013,JAWAD SB AJNALA JPS,MB NO.10960,MB,,6200,Direct Sale (Credit Customer): KOHAT,,,False,False,True,2026-07-28 16:36,Shujaat Muzaffar,False,,,sales,direct_sale,2142,MB NO.10960,Credit Customer
6658,FBMCL-00284,KHAWAR SB CONT DHINDA,MB NO.10962,MB,,217850,Booking: ISM 12MM STEEL,,,False,False,True,2026-07-27 16:48,Shujaat Muzaffar,False,,,booking,booking,359,MB NO.10962,Booking
6659,FBMCL-00260,HDC MEHAR MEHDI SB JPS,MB NO.10966,MB,,456,Direct Sale (Mixed Transaction): ISM 12MM STEEL,,,False,False,True,2026-07-28 16:55,Shujaat Muzaffar,False,,,sales,direct_sale,2144,MB NO.10966,Mixed Transaction
6660,FBMCL-00260,HDC MEHAR MEHDI SB JPS,MB NO.10966/2,MB,,3828,Direct Sale (Credit Customer): RING 6X6,,,False,False,True,2026-07-29 10:45,Shujaat Muzaffar,False,,,sales,direct_sale,2153,MB NO.10966/2,Credit Customer
6661,FBMCL-00200,HDC SYED TASSAWAR SHAH SB MALIKPUR SITE,MB NO.8260,MB,,0,Direct Sale (Mixed Transaction): 12MM STEEL,,,True,False,True,2026-07-29 11:45,Shujaat Muzaffar,False,,,sales,direct_sale,2157,MB NO.8260,Mixed Transaction
6662,FBMCL-00200,HDC SYED TASSAWAR SHAH SB MALIKPUR SITE,MB NO.8295,MB,,0,Direct Sale (Mixed Transaction): 20MM STEEL,,,True,False,True,2026-07-29 11:48,Shujaat Muzaffar,False,,,sales,direct_sale,2158,MB NO.8295,Mixed Transaction
6663,FBMCL-00200,HDC SYED TASSAWAR SHAH SB MALIKPUR SITE,MB NO.9884,MB,,0,Direct Sale (Credit Customer): CHIPS ZERO,,,True,False,True,2026-07-29 12:31,Shujaat Muzaffar,False,,,sales,direct_sale,2163,MB NO.9884,Credit Customer
6664,FBMCL-00200,HDC SYED TASSAWAR SHAH SB MALIKPUR SITE,MB NO.9998,MB,,0,Direct Sale (Credit Customer): CHAUGATH,,,True,False,True,2026-07-29 12:47,Shujaat Muzaffar,False,,,sales,direct_sale,2165,MB NO.9998,Credit Customer
6666,FBMCL-00200,HDC SYED TASSAWAR SHAH SB MALIKPUR SITE,MB NO.1839,MB,,0,Booking: 12MM STEEL,,,True,False,True,2025-07-10 15:38,Shujaat Muzaffar,False,,,booking,booking,163,MB NO.1839,Booking
6667,FBMCL-00205,IRFAN SB DEDHAR SHARIF,MB NO.10994,MB,,36634,Direct Sale (Credit Customer): CHAUGATH,,,False,False,True,2026-07-29 13:39,Shujaat Muzaffar,False,,,sales,direct_sale,2172,MB NO.10994,Credit Customer
6668,FBMCL-00200,HDC SYED TASSAWAR SHAH SB MALIKPUR SITE,MB NO.10946,MB,,0,Direct Sale (Credit Customer): CHAUGATH,,,True,False,True,2026-07-29 14:05,Shujaat Muzaffar,False,,,sales,direct_sale,2173,MB NO.10946,Credit Customer
6669,FBMCL-00071,HAJI WARIS SB JPS,MB NO.10989,MB,,0,Direct Sale (Cash): DG,,,True,True,True,2026-07-29 14:52,Shujaat Muzaffar,False,,,sales,direct_sale,2174,MB NO.10989,Cash
6670,FBMCL-00147,MUHAMMAD RAZAQ SB JPS,MB NO.10993,MB,,0,Direct Sale (Credit Customer): DG,,,True,False,True,2026-07-29 15:01,Shujaat Muzaffar,False,,,sales,direct_sale,2175,MB NO.10993,Credit Customer
6671,FBMCL-00098,NABEEL ILLAHI KOANKH,MB NO.8332,MB,,0,Direct Sale (Mixed Transaction): KOHAT,,,True,False,True,2026-07-29 15:19,Shujaat Muzaffar,False,,,sales,direct_sale,2176,MB NO.8332,Mixed Transaction
6672,FBMCL-00098,NABEEL ILLAHI KOANKH,MB NO.8346,MB,,0,Direct Sale (Credit Customer): KOHAT,,,True,False,True,2026-07-29 15:23,Shujaat Muzaffar,False,,,sales,direct_sale,2177,MB NO.8346,Credit Customer
6673,FBMCL-00098,NABEEL ILLAHI KOANKH,MB NO.8390,MB,,0,Direct Sale (Credit Customer): KOHAT,,,True,False,True,2026-07-29 15:25,Shujaat Muzaffar,False,,,sales,direct_sale,2178,MB NO.8390,Credit Customer
6674,FBMCL-00285,MUHAMMAD YOUSUF SB GHURAIRA,MB NO.10985,MB,,1226400,Booking: 12MM STEEL,,,False,False,True,2026-07-27 16:31,Shujaat Muzaffar,False,,,booking,booking,360,MB NO.10985,Booking
6675,FBMCL-00063,ABDULLAH SB KOANKH,MB NO.9475/2,MB,,1500,Direct Sale (Credit Customer): CHIPS 8 NUMBER,,,False,False,True,2026-07-30 10:59,Shujaat Muzaffar,False,,,sales,direct_sale,2041,MB NO.9475/2,Credit Customer
6676,FBMCL-00080,ADNAN SB DOIYAN,MB NO.11017,MB,,0,Direct Sale (Credit Customer): PIONEER,,,True,False,True,2026-07-30 11:26,Shujaat Muzaffar,False,,,sales,direct_sale,2181,MB NO.11017,Credit Customer
6677,ORPH-00022,Orphan22,MB NO.11005,MB,,0,Direct Sale (Cash): FECTO,,,True,True,True,2026-07-30 11:44,Shujaat Muzaffar,False,"[MIGRATION] Orphan record. Original client: ""ASAD SB DOIYAN (MASJID)"".",,sales,direct_sale,2182,MB NO.11005,Cash
6678,FBMCL-00216,SAGHEER BAIG SB KOANKH,MB NO.11007,MB,,106379,Direct Sale (Mixed Transaction): ISM 12MM STEEL,,,False,False,True,2026-07-30 11:49,Shujaat Muzaffar,False,,,sales,direct_sale,2183,MB NO.11007,Mixed Transaction
6679,FBMCL-00145,MASTER ZAHOOR SB JPS,MB NO.11014,MB,,27600,Booking: KOHAT,,,False,False,True,2026-07-30 11:59,Shujaat Muzaffar,False,,,booking,booking,363,MB NO.11014,Booking
6680,FBMCL-00272,SHAMRAIZ SB HANDA STOP,MB NO.11015,MB,,11137,Direct Sale (Mixed Transaction): ISM 12MM STEEL,,,False,False,True,2026-07-30 13:32,Shujaat Muzaffar,False,,,sales,direct_sale,2186,MB NO.11015,Mixed Transaction
6681,FBMCL-00163,YASIR YAQOOB SB DILAWARPUR,MB NO.11009/2,MB,,4500,Direct Sale (Credit Customer): RENT-CEMENT,,,False,False,True,2026-07-30 14:15,Shujaat Muzaffar,False,,,sales,direct_sale,2192,MB NO.11009/2,Credit Customer
6682,FBMCL-00262,GHULAM MURTZA SB KOANKH,MB NO.11027,MB,,0,Direct Sale (Credit Customer): ISM 12MM STEEL,,,True,False,True,2026-07-30 15:00,Shujaat Muzaffar,False,,,sales,direct_sale,2194,MB NO.11027,Credit Customer
6683,FBMCL-00192,DR AMIN SB JPS,MB NO.11026,MB,,0,Direct Sale (Credit Customer): CHAUGATH,,,True,False,True,2026-07-30 15:35,Shujaat Muzaffar,False,,,sales,direct_sale,2195,MB NO.11026,Credit Customer
6684,FBMCL-00186,SAFDAR ALI SB AJNALA (ASLAM CONT),MB NO.11034,MB,,6265.399999999936,Booking: 12MM STEEL,,,False,False,True,2026-07-20 16:42,Shujaat Muzaffar,False,,,booking,booking,366,MB NO.11034,Booking
6685,FBMCL-00186,SAFDAR ALI SB AJNALA (ASLAM CONT),MB NO.11036,MB,,2552.5,Direct Sale (Mixed Transaction): 12MM STEEL,,,False,False,True,2026-08-01 13:36,Shujaat Muzaffar,False,,,sales,direct_sale,2198,MB NO.11036,Mixed Transaction
6686,FBMCL-00202,HAFIZ ABDUL JABBAR SB RANGPUR,MB NO.11042,MB,,0,Direct Sale (Credit Customer): 12MM STEEL,,,True,False,True,2026-08-01 14:29,Shujaat Muzaffar,False,,,sales,direct_sale,2200,MB NO.11042,Credit Customer
6687,FBMCL-00147,MUHAMMAD RAZAQ SB JPS,MB NO.11046,MB,,0,Direct Sale (Credit Customer): FAUJI,,,True,False,True,2026-08-01 14:35,Shujaat Muzaffar,False,,,sales,direct_sale,2203,MB NO.11046,Credit Customer
6688,FBMCL-00150,MUHAMMAD AKRAM SB SANTAL SURKHIYAN,MB NO.11071,MB,,0,Booking: 12MM STEEL,,,True,False,True,2026-07-31 15:06,Shujaat Muzaffar,False,,,booking,booking,367,MB NO.11071,Booking
6689,FBMCL-00108,TARIQ BUTT SB JPS,MB NO.11056,MB,,12320,Direct Sale (Credit Customer): FAUJI,,,False,False,True,2026-08-01 15:13,Shujaat Muzaffar,False,,,sales,direct_sale,2208,MB NO.11056,Credit Customer
6690,FBMCL-00191,MIRZA REHMAN SB JPS,MB NO.11057,MB,,0,Direct Sale (Credit Customer): PIONEER,,,True,False,True,2026-08-01 15:15,Shujaat Muzaffar,False,,,sales,direct_sale,2209,MB NO.11057,Credit Customer
6691,FBMCL-00008,TALHA SB JPS,MB NO.11059,MB,,22723.79999999997,Direct Sale (Mixed Transaction): 12MM STEEL,,,False,False,True,2026-08-01 15:18,Shujaat Muzaffar,False,,,sales,direct_sale,2210,MB NO.11059,Mixed Transaction
6692,FBMCL-00008,TALHA SB JPS,MB NO.11060,MB,,0,Direct Sale (Cash): WIRE,,,True,True,True,2026-08-01 15:21,Shujaat Muzaffar,False,,,sales,direct_sale,2211,MB NO.11060,Cash
6693,FBMCL-00100,HAJI YOUSUF BUTT JPS,MB NO.11063,MB,,0,Direct Sale (Mixed Transaction): 12MM STEEL,,,True,False,True,2026-08-01 15:26,Shujaat Muzaffar,False,,,sales,direct_sale,2214,MB NO.11063,Mixed Transaction
6694,FBMCL-00255,MALIK SHEHBAZ SB DHINDA,MB NO.11067,MB,,0,Direct Sale (Cash): KOHAT,,,True,True,True,2026-08-01 15:30,Shujaat Muzaffar,False,,,sales,direct_sale,2215,MB NO.11067,Cash
6695,FBMCL-00028,MIRZA AMJAD JAVED SB AJNALA SITE,MB NO.11068,MB,,0,Booking: PIONEER,,,True,False,True,2026-08-01 15:32,Shujaat Muzaffar,False,,,booking,booking,368,MB NO.11068,Booking
6696,FBMCL-00287,ASIF SB LOADER JPS,MB NO.11070,MB,,30000,Booking: KOHAT,,,False,False,True,2026-07-30 15:36,Shujaat Muzaffar,False,,,booking,booking,370,MB NO.11070,Booking
6697,FBMCL-00235,NASAR IQBAL BUTT SB JPS,MB NO.11115,MB,,29040,Booking: ISM 12MM STEEL,,,False,False,True,2026-08-02 12:12,Shujaat Muzaffar,False,,,booking,booking,371,MB NO.11115,Booking
6698,FBMCL-00244,SHAMRAIZ SB JAGUWAN,MB NO.11120,MB,,0,Booking: KOHAT,,,True,False,True,2026-08-02 13:17,Shujaat Muzaffar,False,,,booking,booking,372,MB NO.11120,Booking
6699,FBMCL-00262,GHULAM MURTZA SB KOANKH,MB NO.11090,MB,,34399,Booking: ISM 12MM STEEL,,,False,False,True,2026-08-02 14:59,Shujaat Muzaffar,False,,,booking,booking,373,MB NO.11090,Booking
6700,FBMCL-00261,MUSHTAQ SB JPS,MB NO.11097,MB,,2742,Direct Sale (Credit Customer): ISM 12MM STEEL,,,False,False,True,2026-08-02 15:33,Shujaat Muzaffar,False,,,sales,direct_sale,2223,MB NO.11097,Credit Customer
6701,FBMCL-00100,HAJI YOUSUF BUTT JPS,MB NO.11107,MB,,0,Direct Sale (Mixed Transaction): KOHAT,,,True,False,True,2026-08-02 16:42,Shujaat Muzaffar,False,,,sales,direct_sale,2227,MB NO.11107,Mixed Transaction
6703,FBMCL-00178,ZEESHAN ATTARI SB JPS,MB NO.11113,MB,,121257,Direct Sale (Mixed Transaction): DG,,,False,False,True,2026-08-02 16:51,Shujaat Muzaffar,False,,,sales,direct_sale,2229,MB NO.11113,Mixed Transaction
6704,FBMCL-00208,MIRZA YOUNUS SB JPS,MB NO.11117,MB,,12370,Direct Sale (Credit Customer): CHAUGATH,,,False,False,True,2026-08-02 16:56,Shujaat Muzaffar,False,,,sales,direct_sale,2231,MB NO.11117,Credit Customer
6705,FBMCL-00216,SAGHEER BAIG SB KOANKH,MB NO.11126,MB,,600,Direct Sale (Mixed Transaction): CONCRETE SPACER,,,False,False,True,2026-08-03 10:24,Rehman Ahmed,False,,,sales,direct_sale,2233,MB NO.11126,Mixed Transaction
6706,FBMCL-00064,SULEIMAN SB AJNALA,MB NO.11129,MB,,13413.6,Direct Sale (Credit Customer): 12MM STEEL,,,False,False,True,2026-08-03 10:28,Shujaat Muzaffar,False,,,sales,direct_sale,2235,MB NO.11129,Credit Customer
6707,FBMCL-00191,MIRZA REHMAN SB JPS,MB NO.11134,MB,,359.6000000000349,Direct Sale (Credit Customer): KOHAT,,,False,False,True,2026-08-03 10:36,Shujaat Muzaffar,False,,,sales,direct_sale,2237,MB NO.11134,Credit Customer
6708,FBMCL-00215,CH IMRAN SB JPS,MB NO.11136,MB,,155300.4,Direct Sale (Credit Customer): CHAUGATH,,,False,False,True,2026-08-03 10:39,Shujaat Muzaffar,False,,,sales,direct_sale,2239,MB NO.11136,Credit Customer
6709,FBMCL-00285,MUHAMMAD YOUSUF SB GHURAIRA,MB NO.11138,MB,,2550,Direct Sale (Mixed Transaction): DG,,,False,False,True,2026-08-03 10:43,Shujaat Muzaffar,False,,,sales,direct_sale,2241,MB NO.11138,Mixed Transaction
6710,FBMCL-00288,RASHEED AHMED SB JPS,MB NO.11139,MB,,498800,Booking: ISM 12MM STEEL,,,False,False,True,2026-08-03 11:23,Rehman Ahmed,False,,,booking,booking,374,MB NO.11139,Booking
6711,FBMCL-00051,FAZAL ILAHI SB JALPUWAL,MB NO.11147,MB,,0,Direct Sale (Credit Customer): KOHAT,,,True,False,True,2026-08-03 12:35,Shujaat Muzaffar,False,,,sales,direct_sale,2249,MB NO.11147,Credit Customer
6712,FBMCL-00215,CH IMRAN SB JPS,MB NO.11145,MB,,3014,Direct Sale (Credit Customer): CHAUGATH,,,False,False,True,2026-08-03 13:12,Shujaat Muzaffar,False,,,sales,direct_sale,2250,MB NO.11145,Credit Customer
6713,FBMCL-00192,DR AMIN SB JPS,MB NO.11150,MB,,0,Direct Sale (Credit Customer): WIRE,,,True,False,True,2026-08-03 17:12,Shujaat Muzaffar,False,,,sales,direct_sale,2251,MB NO.11150,Credit Customer
6714,FBMCL-00145,MASTER ZAHOOR SB JPS,MB NO.11163,MB,,24320,Booking: KOHAT,,,False,False,True,2026-08-03 10:28,Shujaat Muzaffar,False,,,booking,booking,375,MB NO.11163,Booking
6715,FBMCL-00241,RAJA MUDASIR SB JPS,MB NO.11169,MB,,430,Direct Sale (Mixed Transaction): ISM 12MM STEEL,,,False,False,True,2026-08-04 10:46,Shujaat Muzaffar,False,,,sales,direct_sale,2255,MB NO.11169,Mixed Transaction
6716,FBMCL-00212,MIRZA NAZAR BAIG SB KOANKH,MB NO.11175,MB,,0,Direct Sale (Credit Customer): KOHAT,,,True,False,True,2026-08-04 10:51,Shujaat Muzaffar,False,,,sales,direct_sale,2258,MB NO.11175,Credit Customer
6718,FBMCL-00289,ALI SHAN SB HANDA,MB NO.11155,MB,,0,Booking: ISM 12MM STEEL,,,True,False,True,2026-08-03 11:54,Shujaat Muzaffar,False,,,booking,booking,377,MB NO.11155,Booking
6719,FBMCL-00197,RAOOF SB GHURAL,MB NO.11186,MB,,21929.21000000002,Booking: ISM 12MM STEEL,,,False,False,True,2026-08-04 10:53,Shujaat Muzaffar,False,,,booking,booking,376,MB NO.11186,Booking
6720,FBMCL-00150,MUHAMMAD AKRAM SB SANTAL SURKHIYAN,MB NO.11188,MB,,0,Booking: DG,,,True,False,True,2026-08-04 16:43,Shujaat Muzaffar,False,,,booking,booking,378,MB NO.11188,Booking
6721,FBMCL-00150,MUHAMMAD AKRAM SB SANTAL SURKHIYAN,MB NO.11188/2,MB,,0,Direct Sale (Credit Customer): RENT-STEEL,,,True,False,True,2026-08-04 16:46,Shujaat Muzaffar,False,,,sales,direct_sale,2264,MB NO.11188/2,Credit Customer
6722,FBMCL-00047,HAJI IQBAL SB JPS,MB NO.11183-1,MB,,3200,Direct Sale (Mixed Transaction): CHAUGATH,,,False,False,True,2026-08-05 10:31,Rehman Ahmed,False,,,sales,direct_sale,2263,MB NO.11183-1,Mixed Transaction
6723,FBMCL-00147,MUHAMMAD RAZAQ SB JPS,MB NO.11194,MB,,7700,Direct Sale (Credit Customer): FAUJI,,,False,False,True,2026-08-05 11:52,Shujaat Muzaffar,False,,,sales,direct_sale,2266,MB NO.11194,Credit Customer
6724,FBMCL-00260,HDC MEHAR MEHDI SB JPS,MB NO.11201/2,MB,,350,Direct Sale (Mixed Transaction): KOHAT,,,False,False,True,2026-08-05 13:11,Shujaat Muzaffar,False,,,sales,direct_sale,2273,MB NO.11201/2,Mixed Transaction
6725,FBMCL-00242,KHALIL AHMED SB DHINDA KALAAN,MB NO.11202,MB,,0,Direct Sale (Mixed Transaction): TILE 2ND JHANG,,,True,False,True,2026-08-05 13:18,Shujaat Muzaffar,False,,,sales,direct_sale,2274,MB NO.11202,Mixed Transaction
6726,FBMCL-00047,HAJI IQBAL SB JPS,MB NO.11210,MB,,4297.6,Direct Sale (Mixed Transaction): 12MM STEEL,,,False,False,True,2026-08-05 13:45,Shujaat Muzaffar,False,,,sales,direct_sale,2275,MB NO.11210,Mixed Transaction
6727,FBMCL-00287,ASIF SB LOADER JPS,MB NO.11203,MB,,2511,Direct Sale (Mixed Transaction): FECTO,,,False,False,True,2026-08-05 14:58,Shujaat Muzaffar,False,,,sales,direct_sale,2276,MB NO.11203,Mixed Transaction
6728,FBMCL-00289,ALI SHAN SB HANDA,MB NO.11205,MB,,0,Direct Sale (Mixed Transaction): FECTO,,,True,False,True,2026-08-05 15:00,Shujaat Muzaffar,False,,,sales,direct_sale,2277,MB NO.11205,Mixed Transaction
6729,FBMCL-00157,MIRZA NAGHMAN SB TIBBA,MB NO.11215,MB,,85148.2,Direct Sale (Credit Customer): CHAUGATH,,,False,False,True,2026-08-05 15:13,Shujaat Muzaffar,False,,,sales,direct_sale,2278,MB NO.11215,Credit Customer
6730,FBMCL-00100,HAJI YOUSUF BUTT JPS,MB NO.11217,MB,,0,Direct Sale (Mixed Transaction): KOHAT,,,True,False,True,2026-08-05 16:22,Shujaat Muzaffar,False,,,sales,direct_sale,2279,MB NO.11217,Mixed Transaction
6731,00446,AKAS AMJAD RANG PUR,MB NO.11218,MB,,0,Direct Sale (Credit Customer): PIONEER,,,True,False,True,2026-08-05 16:33,Shujaat Muzaffar,False,,,sales,direct_sale,2281,MB NO.11218,Credit Customer
6732,FBMCL-00111,RAJA PARWEZ SB RANGPUR,MB NO.11226,MB,,9680,Direct Sale (Credit Customer): KOHAT,,,False,False,True,2026-08-06 12:45,Shujaat Muzaffar,False,,,sales,direct_sale,2285,MB NO.11226,Credit Customer
6733,FBMCL-00241,RAJA MUDASIR SB JPS,MB NO.11228,MB,,1645.5,Direct Sale (Credit Customer): CONCRETE SPACER,,,False,False,True,2026-08-06 13:12,Mohsan Javed,False,,,sales,direct_sale,2286,MB NO.11228,Credit Customer
6734,FBMCL-00134,MUHAMMAD QASIM SB MALIKPUR,MB NO.11233,MB,,14105.9,Direct Sale (Mixed Transaction): 12MM STEEL,,,False,False,True,2026-08-06 13:15,Mohsan Javed,False,,,sales,direct_sale,2287,MB NO.11233,Mixed Transaction
6735,FBMCL-00191,MIRZA REHMAN SB JPS,MB NO.11235,MB,,31000,Direct Sale (Credit Customer): PIONEER,,,False,False,True,2026-08-06 13:51,Mohsan Javed,False,,,sales,direct_sale,2288,MB NO.11235,Credit Customer
6736,FBMCL-00134,MUHAMMAD QASIM SB MALIKPUR,MB NO.11243,MB,,1400,Direct Sale (Mixed Transaction): 6MM STEEL,,,False,False,True,2026-08-06 15:02,Mohsan Javed,False,,,sales,direct_sale,2291,MB NO.11243,Mixed Transaction
6737,FBMCL-00192,DR AMIN SB JPS,MB NO.11252,MB,,32804.89999999998,Booking: 12MM STEEL,,,False,False,True,2026-08-06 15:08,Mohsan Javed,False,,,booking,booking,380,MB NO.11252,Booking
6738,FBMCL-00192,DR AMIN SB JPS,MB NO.11253,MB,,4900.4,Direct Sale (Credit Customer): RING 6X6,,,False,False,True,2026-08-06 15:11,Mohsan Javed,False,,,sales,direct_sale,2294,MB NO.11253,Credit Customer
6739,FBMCL-00080,ADNAN SB DOIYAN,MB NO.11255,MB,,0,Direct Sale (Mixed Transaction): PIONEER,,,True,False,True,2026-08-06 15:14,Mohsan Javed,False,,,sales,direct_sale,2295,MB NO.11255,Mixed Transaction
6740,FBMCL-00255,MALIK SHEHBAZ SB DHINDA,MB NO.11261,MB,,0,Direct Sale (Credit Customer): PIONEER,,,True,False,True,2026-08-06 15:24,Mohsan Javed,False,,,sales,direct_sale,2299,MB NO.11261,Credit Customer
6741,FBMCL-00147,MUHAMMAD RAZAQ SB JPS,MB NO.11229,MB,,0,Direct Sale (Credit Customer): PIONEER,,,True,False,True,2026-08-06 16:27,Mohsan Javed,False,,,sales,direct_sale,2300,MB NO.11229,Credit Customer
6742,FBMCL-00263,QAISER SB JPS,MB NO.11267,MB,,32936,Booking: 12MM STEEL,,,False,False,True,2026-08-06 16:49,Mohsan Javed,False,,,booking,booking,381,MB NO.11267,Booking
6743,FBMCL-00044,NADEEM SB DHINDA,MB NO.11265,MB,,24968,Booking: DG,,,False,False,True,2026-08-06 17:14,Rehman Ahmed,False,,,booking,booking,382,MB NO.11265,Booking
6744,FBMCL-00178,ZEESHAN ATTARI SB JPS,MB NO.10014-1,MB,,19032,Direct Sale (Mixed Transaction): 20MM STEEL,,,False,False,True,2026-08-06 18:26,Rehman Ahmed,False,,,sales,direct_sale,2304,MB NO.10014-1,Mixed Transaction
6745,FBMCL-00290,SHEHZAD KHAN SB DHINDA,MB NO.11290,MB,,0,Booking: KOHAT,,,True,False,True,2026-08-07 11:05,Rehman Ahmed,False,,,booking,booking,383,MB NO.11290,Booking
6746,FBMCL-00150,MUHAMMAD AKRAM SB SANTAL SURKHIYAN,MB NO.11276,MB,,0,Direct Sale (Credit Customer): FECTO,,,True,False,True,2026-08-07 12:53,Mohsan Javed,False,,,sales,direct_sale,2307,MB NO.11276,Credit Customer
6747,FBMCL-00105,DR EHSAN SB DHINDA,MB NO.11277,MB,,0,Direct Sale (Mixed Transaction): ISM 12MM STEEL,,,True,False,True,2026-08-07 12:55,Mohsan Javed,False,,,sales,direct_sale,2308,MB NO.11277,Mixed Transaction
6748,FBMCL-00262,GHULAM MURTZA SB KOANKH,MB NO.11278,MB,,93407.5,Direct Sale (Mixed Transaction): ISM 12MM STEEL,,,False,False,True,2026-08-07 12:58,Mohsan Javed,False,,,sales,direct_sale,2309,MB NO.11278,Mixed Transaction
6749,FBMCL-00192,DR AMIN SB JPS,MB NO.11279,MB,,634.3999999999986,Direct Sale (Mixed Transaction): 12MM STEEL,,,False,False,True,2026-08-07 13:09,Mohsan Javed,False,,,sales,direct_sale,2310,MB NO.11279,Mixed Transaction
6751,FBMCL-00192,DR AMIN SB JPS,MB NO.11298,MB,,31000,Direct Sale (Credit Customer): PIONEER,,,False,False,True,2026-08-07 14:45,Mohsan Javed,False,,,sales,direct_sale,2320,MB NO.11298,Credit Customer
6752,FBMCL-00228,SHEHBAZ SB RANGPUR,MB NO.11281,MB,,0,Direct Sale (Mixed Transaction): KOHAT,,,True,False,True,2026-08-08 09:32,Mohsan Javed,False,,,sales,direct_sale,2311,MB NO.11281,Mixed Transaction
6753,FBMCL-00100,HAJI YOUSUF BUTT JPS,MB NO.11303,MB,,0,Direct Sale (Credit Customer): PIONEER,,,True,False,True,2026-08-08 12:27,Mohsan Javed,False,,,sales,direct_sale,2322,MB NO.11303,Credit Customer
6754,FBMCL-00080,ADNAN SB DOIYAN,MB NO.11305,MB,,0,Direct Sale (Credit Customer): PIONEER,,,True,False,True,2026-08-08 12:30,Mohsan Javed,False,,,sales,direct_sale,2323,MB NO.11305,Credit Customer
6755,FBMCL-00100,HAJI YOUSUF BUTT JPS,MB NO.11307,MB,,0,Direct Sale (Cash): KOHAT,,,True,True,True,2026-08-08 12:37,Mohsan Javed,False,,,sales,direct_sale,2324,MB NO.11307,Cash
6756,FBMCL-00285,MUHAMMAD YOUSUF SB GHURAIRA,MB NO.11308,MB,,4093,Direct Sale (Mixed Transaction): 12MM STEEL,,,False,False,True,2026-08-08 13:00,Mohsan Javed,False,,,sales,direct_sale,2325,MB NO.11308,Mixed Transaction
6757,FBMCL-00260,HDC MEHAR MEHDI SB JPS,MB NO.11314,MB,,2888.4,Direct Sale (Mixed Transaction): ISM 12MM STEEL,,,False,False,True,2026-08-08 13:05,Mohsan Javed,False,,,sales,direct_sale,2327,MB NO.11314,Mixed Transaction
6758,FBMCL-00242,KHALIL AHMED SB DHINDA KALAAN,MB NO.11319,MB,,0,Direct Sale (Cash): KOHAT,,,True,True,True,2026-08-08 13:09,Mohsan Javed,False,,,sales,direct_sale,2330,MB NO.11319,Cash
6759,FBMCL-00132,TUFAIL ABBAS SB RANGPUR,MB NO.11320,MB,,0,Direct Sale (Mixed Transaction): KOHAT,,,True,False,True,2026-08-08 14:36,Mohsan Javed,False,,,sales,direct_sale,2331,MB NO.11320,Mixed Transaction
6760,FBMCL-00178,ZEESHAN ATTARI SB JPS,MB NO.11328,MB,,112612.7,Direct Sale (Credit Customer): ISM 12MM STEEL,,,False,False,True,2026-08-08 14:48,Mohsan Javed,False,,,sales,direct_sale,2332,MB NO.11328,Credit Customer
6761,FBMCL-00260,HDC MEHAR MEHDI SB JPS,MB NO.11332,MB,,3087.6,Direct Sale (Credit Customer): RING 6X6,,,False,False,True,2026-08-08 15:01,Mohsan Javed,False,,,sales,direct_sale,2334,MB NO.11332,Credit Customer
6762,FBMCL-00188,RAFAQAT HUSSAIN SB MALIK (MASJID),MB NO.11333,MB,,0,Direct Sale (Mixed Transaction): 12MM STEEL,,,True,False,True,2026-08-08 16:45,Mohsan Javed,False,,,sales,direct_sale,2335,MB NO.11333,Mixed Transaction
6763,FBMCL-00100,HAJI YOUSUF BUTT JPS,MB NO.11334,MB,,0,Direct Sale (Cash): KOHAT,,,True,True,True,2026-08-08 16:49,Mohsan Javed,False,,,sales,direct_sale,2336,MB NO.11334,Cash
6764,FBMCL-00197,RAOOF SB GHURAL,MB NO.11234,MB,,7961.799999999995,Direct Sale (Mixed Transaction): ISM 12MM STEEL,,,False,False,True,2026-08-08 16:53,Rehman Ahmed,False,,,sales,direct_sale,2337,MB NO.11234,Mixed Transaction
6765,FBMCL-00028,MIRZA AMJAD JAVED SB AJNALA SITE,MB NO.11337,MB,,0,Direct Sale (Mixed Transaction): PIONEER,,,True,False,True,2026-08-08 17:35,Mohsan Javed,False,,,sales,direct_sale,2338,MB NO.11337,Mixed Transaction
6766,FBMCL-00028,MIRZA AMJAD JAVED SB AJNALA SITE,MB NO.11339,MB,,0,Direct Sale (Credit Customer): FECTO,,,True,False,True,2026-08-08 17:38,Mohsan Javed,False,,,sales,direct_sale,2339,MB NO.11339,Credit Customer
6767,FBMCL-00009,MAZHAR SB RUPOWAL DERA,MB NO.11340,MB,,40000,Direct Sale (Credit Customer): FECTO,,,False,False,True,2026-08-09 11:01,Mohsan Javed,False,,,sales,direct_sale,2340,MB NO.11340,Credit Customer
6768,FBMCL-00103,RAJA AMEER HAMZA SB JPS,MB NO.11343,MB,,0,Direct Sale (Cash): 12MM STEEL,,,True,True,True,2026-08-09 11:28,Mohsan Javed,False,,,sales,direct_sale,2341,MB NO.11343,Cash
6769,FBMCL-00028,MIRZA AMJAD JAVED SB AJNALA SITE,MB NO.11345,MB,,17000,Direct Sale (Credit Customer): FECTO,,,False,False,True,2026-08-09 11:40,Mohsan Javed,False,,,sales,direct_sale,2342,MB NO.11345,Credit Customer
6770,FBMCL-00191,MIRZA REHMAN SB JPS,MB NO.11346,MB,,31000,Direct Sale (Credit Customer): PIONEER,,,False,False,True,2026-08-09 11:59,Mohsan Javed,False,,,sales,direct_sale,2343,MB NO.11346,Credit Customer
6771,FBMCL-00154,MUHAMMAD ABID SB KOANKH,MB NO.11347,MB,,1290,Direct Sale (Mixed Transaction): 12MM STEEL,,,False,False,True,2026-08-09 12:01,Mohsan Javed,False,,,sales,direct_sale,2344,MB NO.11347,Mixed Transaction
6772,FBMCL-00255,MALIK SHEHBAZ SB DHINDA,MB NO.11351,MB,,0,Direct Sale (Credit Customer): CHAUGATH,,,True,False,True,2026-08-09 12:50,Mohsan Javed,False,,,sales,direct_sale,2347,MB NO.11351,Credit Customer
6773,FBMCL-00013,JAWAD SB AJNALA JPS,MB NO.11355,MB,,1520,Direct Sale (Credit Customer): KOHAT,,,False,False,True,2026-08-09 13:11,Mohsan Javed,False,,,sales,direct_sale,2351,MB NO.11355,Credit Customer
6774,FBMCL-00262,GHULAM MURTZA SB KOANKH,MB NO.11362/2,MB,,500,Direct Sale (Mixed Transaction): PIONEER,,,False,False,True,2026-08-09 15:05,Mohsan Javed,False,,,sales,direct_sale,2355,MB NO.11362/2,Mixed Transaction
6775,FBMCL-00273,KHAYAM SB MALIKPUR,MB NO.11116/2,MB,,0,Direct Sale (Credit Customer): WIRE,,,True,False,True,2026-08-09 15:25,Mohsan Javed,False,,,sales,direct_sale,2357,MB NO.11116/2,Credit Customer
6776,FBMCL-00177,MUHAMMAD ARIF BAIG SB KOANKH (KAMRAN NUMBERDAR),MB NO.11103/2,MB,,56458,Direct Sale (Credit Customer): CHAUGATH,,,False,False,True,2026-08-09 16:09,Mohsan Javed,False,,,sales,direct_sale,2361,MB NO.11103/2,Credit Customer
6777,FBMCL-00047,HAJI IQBAL SB JPS,MB NO.11371,MB,,400,Direct Sale (Mixed Transaction): CHAUGATH,,,False,False,True,2026-08-09 16:21,Mohsan Javed,False,,,sales,direct_sale,2362,MB NO.11371,Mixed Transaction
6778,FBMCL-00212,MIRZA NAZAR BAIG SB KOANKH,MB NO.11370,MB,,16943,Direct Sale (Credit Customer): KOHAT,,,False,False,True,2026-08-09 16:25,Mohsan Javed,False,,,sales,direct_sale,2363,MB NO.11370,Credit Customer
6779,FBMCL-00051,FAZAL ILAHI SB JALPUWAL,MB NO.11372,MB,,0,Direct Sale (Credit Customer): KOHAT,,,True,False,True,2026-08-09 16:28,Mohsan Javed,False,,,sales,direct_sale,2364,MB NO.11372,Credit Customer
6780,FBMCL-00028,MIRZA AMJAD JAVED SB AJNALA SITE,MB NO.11367,MB,,40500,Direct Sale (Credit Customer): FECTO,,,False,False,True,2026-08-09 16:30,Mohsan Javed,False,,,sales,direct_sale,2365,MB NO.11367,Credit Customer
6781,FBMCL-00200,HDC SYED TASSAWAR SHAH SB MALIKPUR SITE,MB NO.11375,MB,,44,Direct Sale (Mixed Transaction): PIONEER,,,False,False,True,2026-08-11 11:11,Mohsan Javed,False,,,sales,direct_sale,2369,MB NO.11375,Mixed Transaction
6782,FBMCL-00262,GHULAM MURTZA SB KOANKH,MB NO.11377/2,MB,,1500,Direct Sale (Credit Customer): RENT-CEMENT,,,False,False,True,2026-08-11 11:24,Mohsan Javed,False,30 PIONEER RETURN RENT,,sales,direct_sale,2370,MB NO.11377/2,Credit Customer
6783,FBMCL-00161,EJAZ SB DUKANDAR JALPUWAL,MB NO.11378,MB,,19800,Direct Sale (Credit Customer): KOHAT,,,False,False,True,2026-08-11 11:41,Mohsan Javed,False,,,sales,direct_sale,2371,MB NO.11378,Credit Customer
6784,FBMCL-00105,DR EHSAN SB DHINDA,MB NO.11401,MB,,1622.999999999997,Direct Sale (Credit Customer): FECTO,,,False,False,True,2026-08-11 12:24,Shujaat Muzaffar,False,,,sales,direct_sale,2377,MB NO.11401,Credit Customer
6785,FBMCL-00188,RAFAQAT HUSSAIN SB MALIK (MASJID),MB NO.11402,MB,,0,Direct Sale (Cash): CONCRETE SPACER,,,True,True,True,2026-08-11 12:26,Shujaat Muzaffar,False,,,sales,direct_sale,2378,MB NO.11402,Cash
6786,FBMCL-00228,SHEHBAZ SB RANGPUR,MB NO.11403,MB,,0,Direct Sale (Credit Customer): WHITE CEMENT,,,True,False,True,2026-08-11 12:28,Shujaat Muzaffar,False,,,sales,direct_sale,2379,MB NO.11403,Credit Customer
6787,FBMCL-00103,RAJA AMEER HAMZA SB JPS,MB NO.11408,MB,,0,Direct Sale (Credit Customer): KOHAT,,,True,False,True,2026-08-11 12:33,Shujaat Muzaffar,False,,,sales,direct_sale,2382,MB NO.11408,Credit Customer
6788,FBMCL-00175,MUHAMMAD ARSHAD SB GHURAL (SUBEDAR QADAR DAD SB),MB NO.11412,MB,,0,Direct Sale (Mixed Transaction): FAUJI,,,True,False,True,2026-08-11 12:41,Shujaat Muzaffar,False,,,sales,direct_sale,2384,MB NO.11412,Mixed Transaction
6789,FBMCL-00013,JAWAD SB AJNALA JPS,MB NO.11415,MB,,3040,Direct Sale (Credit Customer): FECTO,,,False,False,True,2026-08-11 12:42,Shujaat Muzaffar,False,,,sales,direct_sale,2385,MB NO.11415,Credit Customer
6790,FBMCL-00228,SHEHBAZ SB RANGPUR,SB-BK-1377,SB,,0,Booking: KOHAT,,,True,False,False,2026-08-11 12:45,Shujaat Muzaffar,False,,,booking,booking,385,SB-BK-1377,Booking
6791,FBMCL-00103,RAJA AMEER HAMZA SB JPS,MB NO.11422,MB,,0,Direct Sale (Credit Customer): TILE 1ST JHANG,,,True,False,True,2026-08-11 12:48,Shujaat Muzaffar,False,,,sales,direct_sale,2386,MB NO.11422,Credit Customer
6792,FBMCL-00268,SHAHZAIB FAROOQ SB ALAM GARH,MB NO.11423,MB,,0,Direct Sale (Credit Customer): DG,,,True,False,True,2026-08-11 12:50,Shujaat Muzaffar,False,,,sales,direct_sale,2387,MB NO.11423,Credit Customer
6793,FBMCL-00212,MIRZA NAZAR BAIG SB KOANKH,MB NO.11424,MB,,3500,Direct Sale (Credit Customer): BAJRI MOTI,,,False,False,True,2026-08-11 12:51,Shujaat Muzaffar,False,,,sales,direct_sale,2388,MB NO.11424,Credit Customer
6794,FBMCL-00244,SHAMRAIZ SB JAGUWAN,MB NO.11425,MB,,0,Direct Sale (Credit Customer): 6MM STEEL,,,True,False,True,2026-08-11 12:54,Shujaat Muzaffar,False,,,sales,direct_sale,2389,MB NO.11425,Credit Customer
6795,FBMCL-00111,RAJA PARWEZ SB RANGPUR,MB NO.11386,MB,,0,Direct Sale (Cash): KOHAT,,,True,True,True,2026-08-11 13:08,Shujaat Muzaffar,False,,,sales,direct_sale,2390,MB NO.11386,Cash
6796,FBMCL-00213,HAFIZ NASIR SB GHURAL,MB NO.11395,MB,,12702.3,Direct Sale (Credit Customer): BAJRI MOTI,,,False,False,True,2026-08-11 13:18,Shujaat Muzaffar,False,,,sales,direct_sale,2394,MB NO.11395,Credit Customer
6797,FBMCL-00242,KHALIL AHMED SB DHINDA KALAAN,MB NO.11393,MB,,0,Direct Sale (Credit Customer): 12MM STEEL,,,True,False,True,2026-08-11 14:27,Mohsan Javed,False,,,sales,direct_sale,2396,MB NO.11393,Credit Customer
6798,FBMCL-00213,HAFIZ NASIR SB GHURAL,MB NO.11429,MB,,10400,Direct Sale (Credit Customer): BAJRI PAAN,,,False,False,True,2026-08-11 14:44,Shujaat Muzaffar,False,,,sales,direct_sale,2398,MB NO.11429,Credit Customer
6799,FBMCL-00188,RAFAQAT HUSSAIN SB MALIK (MASJID),MB NO.11397,MB,,0,Direct Sale (Credit Customer): 12MM STEEL,,,True,False,True,2026-08-11 14:46,Mohsan Javed,False,,,sales,direct_sale,2399,MB NO.11397,Credit Customer
6800,FBMCL-00177,MUHAMMAD ARIF BAIG SB KOANKH (KAMRAN NUMBERDAR),MB NO.11432,MB,,7304,Direct Sale (Credit Customer): CHAUGATH,,,False,False,True,2026-08-11 14:47,Shujaat Muzaffar,False,,,sales,direct_sale,2400,MB NO.11432,Credit Customer
6801,FBMCL-00256,MUHAMMAD ARSHAD SB DHINDA POTAN WALAY,MB NO.11433,MB,,0,Direct Sale (Cash): PIONEER,,,True,True,True,2026-08-11 14:51,Shujaat Muzaffar,False,,,sales,direct_sale,2401,MB NO.11433,Cash
6802,FBMCL-00191,MIRZA REHMAN SB JPS,MB NO.11399,MB,,30400,Direct Sale (Credit Customer): KOHAT,,,False,False,True,2026-08-11 14:57,Mohsan Javed,False,,,sales,direct_sale,2405,MB NO.11399,Credit Customer
6803,FBMCL-00188,RAFAQAT HUSSAIN SB MALIK (MASJID),MB NO.11435,MB,,0,Direct Sale (Credit Customer): DG,,,True,False,True,2026-08-11 14:57,Shujaat Muzaffar,False,,,sales,direct_sale,2406,MB NO.11435,Credit Customer
6804,FBMCL-00291,MALIK ZUBAIR HUSSIAN PARLY KOTHY,MB NO.11440,MB,,36000,Booking: ISM 12MM STEEL,,,False,False,True,2026-08-11 16:03,Shujaat Muzaffar,False,,,booking,booking,387,MB NO.11440,Booking
6805,FBMCL-00013,JAWAD SB AJNALA JPS,MB NO.11442,MB,,1520,Direct Sale (Credit Customer): KOHAT,,,False,False,True,2026-08-11 16:12,Shujaat Muzaffar,False,,,sales,direct_sale,2409,MB NO.11442,Credit Customer
6806,00446,AKAS AMJAD RANG PUR,MB NO.11449,MB,,0,Booking: ISM 12MM STEEL,,,True,False,True,2026-08-11 17:11,Shujaat Muzaffar,False,,,booking,booking,389,MB NO.11449,Booking
6811,FBMCL-00216,SAGHEER BAIG SB KOANKH,MB NO.11454,MB,,11400,Direct Sale (Mixed Transaction): TILE 1ST JHANG,,,False,False,True,2026-08-12 11:21,Shujaat Muzaffar,False,,,sales,direct_sale,2416,MB NO.11454,Mixed Transaction
6812,FBMCL-00191,MIRZA REHMAN SB JPS,MB NO.11458,MB,,30400,Direct Sale (Credit Customer): PIONEER,,,False,False,True,2026-08-12 11:31,Shujaat Muzaffar,False,,,sales,direct_sale,2418,MB NO.11458,Credit Customer
6813,FBMCL-00080,ADNAN SB DOIYAN,MB NO.11465,MB,,0,Direct Sale (Credit Customer): PIONEER,,,True,False,True,2026-08-12 11:37,Shujaat Muzaffar,False,,,sales,direct_sale,2420,MB NO.11465,Credit Customer
6815,FBMCL-00292,MUBASHIR SB KHANPUR KHOKHAR,MB NO.11478,MB,,4460,Booking: DG,,,False,False,True,2026-08-12 13:00,Rehman Ahmed,False,"RATE OF BOOKING WILL NOT INCREASE IN CASE OF CURRENT RATE INCREASES,ALSO RATE WILL REDUCE IF CURRENT RATE REDUCES.",,booking,booking,390,MB NO.11478,Booking
6816,00446,AKAS AMJAD RANG PUR,MB NO.11468,MB,,0,Direct Sale (Mixed Transaction): PIONEER,,,True,False,True,2026-08-12 14:55,Shujaat Muzaffar,False,,,sales,direct_sale,2421,MB NO.11468,Mixed Transaction
6817,FBMCL-00200,HDC SYED TASSAWAR SHAH SB MALIKPUR SITE,MB NO.11472,MB,,3050,Direct Sale (Credit Customer): BAJRI MOTI,,,False,False,True,2026-08-12 15:43,Shujaat Muzaffar,False,,,sales,direct_sale,2422,MB NO.11472,Credit Customer
6818,FBMCL-00013,JAWAD SB AJNALA JPS,MB NO.11477,MB,,3040,Direct Sale (Credit Customer): PIONEER,,,False,False,True,2026-08-12 15:46,Shujaat Muzaffar,False,,,sales,direct_sale,2424,MB NO.11477,Credit Customer
6819,FBMCL-00013,JAWAD SB AJNALA JPS,MB NO.11483,MB,,4540,Direct Sale (Credit Customer): PIONEER,,,False,False,True,2026-08-12 15:48,Shujaat Muzaffar,False,,,sales,direct_sale,2425,MB NO.11483,Credit Customer
6820,FBMCL-00076,IMRAN SB MALAK PUR,MB NO.11431,MB,,3100,Direct Sale (Credit Customer): FECTO,,,False,False,True,2026-08-12 16:24,Shujaat Muzaffar,False,,,sales,direct_sale,2426,MB NO.11431,Credit Customer
6821,FBMCL-00013,JAWAD SB AJNALA JPS,MB NO.11490,MB,,1500,Direct Sale (Credit Customer): BAJRI PAAN,,,False,False,True,2026-08-13 12:45,Shujaat Muzaffar,False,,,sales,direct_sale,2428,MB NO.11490,Credit Customer
6822,FBMCL-00242,KHALIL AHMED SB DHINDA KALAAN,MB NO.11495,MB,,0,Direct Sale (Credit Customer): DG,,,True,False,True,2026-08-13 12:53,Shujaat Muzaffar,False,,,sales,direct_sale,2430,MB NO.11495,Credit Customer
6823,FBMCL-00282,MUHMMAD SHAREEF SB DHINDA,MB NO.11496,MB,,0,Direct Sale (Credit Customer): DG,,,True,False,True,2026-08-13 12:55,Shujaat Muzaffar,False,,,sales,direct_sale,2431,MB NO.11496,Credit Customer
6824,FBMCL-00175,MUHAMMAD ARSHAD SB GHURAL (SUBEDAR QADAR DAD SB),MB NO.11500,MB,,17810.19999999995,Booking: FAUJI,,,False,False,True,2026-08-13 13:01,Shujaat Muzaffar,False,,,booking,booking,391,MB NO.11500,Booking
6825,FBMCL-00294,CH SHOUKT AJNALA,MB NO.11506,MB,,0,Direct Sale (Cash): PIONEER,,,True,True,True,2026-08-13 14:15,Shujaat Muzaffar,False,,,sales,direct_sale,2435,MB NO.11506,Cash
6826,FBMCL-00290,SHEHZAD KHAN SB DHINDA,MB NO.11512,MB,,0,Direct Sale (Mixed Transaction): KOHAT,,,True,False,True,2026-08-13 14:17,Shujaat Muzaffar,False,,,sales,direct_sale,2436,MB NO.11512,Mixed Transaction
6827,FBMCL-00263,QAISER SB JPS,MB NO.11513,MB,,1520,Direct Sale (Credit Customer): KOHAT,,,False,False,True,2026-08-13 14:19,Shujaat Muzaffar,False,,,sales,direct_sale,2437,MB NO.11513,Credit Customer
6828,FBMCL-00047,HAJI IQBAL SB JPS,MB NO.11515,MB,,55600,Booking: ISM 12MM STEEL,,,False,False,True,2026-08-13 14:21,Shujaat Muzaffar,False,,,booking,booking,393,MB NO.11515,Booking
6829,FBMCL-00287,ASIF SB LOADER JPS,SB-BK-1386,SB,,44400,Booking: ISM 12MM STEEL,,,False,False,False,2026-08-13 14:25,Shujaat Muzaffar,False,,,booking,booking,394,SB-BK-1386,Booking
6830,FBMCL-00289,ALI SHAN SB HANDA,MB NO.11520,MB,,0,Direct Sale (Mixed Transaction): KOHAT,,,True,False,True,2026-08-13 14:29,Shujaat Muzaffar,False,,,sales,direct_sale,2440,MB NO.11520,Mixed Transaction
6832,FBMCL-00229,SARWAR SB MASON,MB NO.10182,MB,,328.9999999999947,Direct Sale (Mixed Transaction): ISM 12MM STEEL,,,False,False,True,2026-08-13 14:57,Shujaat Muzaffar,False,,,sales,direct_sale,2443,MB NO.10182,Mixed Transaction
6833,FBMCL-00282,MUHMMAD SHAREEF SB DHINDA,MB NO.11523,MB,,0,Direct Sale (Credit Customer): DG,,,True,False,True,2026-08-14 08:48,Shujaat Muzaffar,False,,,sales,direct_sale,2445,MB NO.11523,Credit Customer
6834,FBMCL-00111,RAJA PARWEZ SB RANGPUR,MB NO.11526,MB,,0,Direct Sale (Cash): PIONEER,,,True,True,True,2026-08-14 08:52,Shujaat Muzaffar,False,,,sales,direct_sale,2446,MB NO.11526,Cash
6835,FBMCL-00282,MUHMMAD SHAREEF SB DHINDA,MB NO.11529,MB,,0,Direct Sale (Cash): BAJRI MOTI,,,True,True,True,2026-08-14 09:14,Shujaat Muzaffar,False,,,sales,direct_sale,2448,MB NO.11529,Cash
6836,FBMCL-00299,JHANGIR SB MALIKPUR,MB NO.11420,MB,,0,Booking: ISM 12MM STEEL,,,True,False,True,2026-08-10 11:15,Shujaat Muzaffar,False,,,booking,booking,397,MB NO.11420,Booking
6837,FBMCL-00300,SUFYAN BAIG SB HAJIA KOANKH,MB NO.11438,MB,,105000,Booking: PIONEER,,,False,False,True,2026-08-10 11:40,Shujaat Muzaffar,False,,,booking,booking,398,MB NO.11438,Booking
6839,FBMCL-00111,RAJA PARWEZ SB RANGPUR,MB NO.11536,MB,,17820,Direct Sale (Credit Customer): KOHAT,,,False,False,True,2026-08-15 08:55,Shujaat Muzaffar,False,,,sales,direct_sale,2453,MB NO.11536,Credit Customer
6840,FBMCL-00067,MUHAMMAD BASHEER SB CONT KOANKH,MB NO.11538,MB,,23250,Direct Sale (Credit Customer): PIONEER,,,False,False,True,2026-08-15 09:19,Shujaat Muzaffar,False,,,sales,direct_sale,2456,MB NO.11538,Credit Customer
6841,FBMCL-00263,QAISER SB JPS,MB NO.11542,MB,,6740.800000000001,Direct Sale (Mixed Transaction): 12MM STEEL,,,False,False,True,2026-08-15 10:01,Shujaat Muzaffar,False,,,sales,direct_sale,2459,MB NO.11542,Mixed Transaction
6842,FBMCL-00191,MIRZA REHMAN SB JPS,MB NO.11547,MB,,30400,Direct Sale (Credit Customer): PIONEER,,,False,False,True,2026-08-15 10:11,Shujaat Muzaffar,False,,,sales,direct_sale,2461,MB NO.11547,Credit Customer
6843,FBMCL-00296,MALIK IQBAL SB MALIKPUR,MB NO.11548,MB,,1010.799999999999,Direct Sale (Mixed Transaction): ISM 12MM STEEL,,,False,False,True,2026-08-15 10:45,Shujaat Muzaffar,False,,,sales,direct_sale,2463,MB NO.11548,Mixed Transaction
6844,FBMCL-00244,SHAMRAIZ SB JAGUWAN,MB NO.11533,MB,,0,Direct Sale (Credit Customer): KOHAT,,,True,False,True,2026-08-15 11:43,Shujaat Muzaffar,False,,,sales,direct_sale,2466,MB NO.11533,Credit Customer
6845,FBMCL-00256,MUHAMMAD ARSHAD SB DHINDA POTAN WALAY,MB NO.11544,MB,,18300,Booking: KOHAT,,,False,False,True,2026-08-15 11:45,Shujaat Muzaffar,False,,,booking,booking,399,MB NO.11544,Booking
6847,FBMCL-00202,HAFIZ ABDUL JABBAR SB RANGPUR,MB NO.11166/2,MB,,0,Direct Sale (Credit Customer): KOHAT,,,True,False,True,2026-08-15 12:45,Mohsan Javed,False,,,sales,direct_sale,2470,MB NO.11166/2,Credit Customer
6848,FBMCL-00028,MIRZA AMJAD JAVED SB AJNALA SITE,MB NO.1567,MB,,40000,Direct Sale (Credit Customer): PIONEER,,,False,False,True,2026-08-15 15:18,Mohsan Javed,False,,,sales,direct_sale,2473,MB NO.1567,Credit Customer
6849,FBMCL-00051,FAZAL ILAHI SB JALPUWAL,MB NO.11563,MB,,0,Direct Sale (Credit Customer): PIONEER,,,True,False,True,2026-08-15 16:25,Mohsan Javed,False,,,sales,direct_sale,2475,MB NO.11563,Credit Customer
6850,FBMCL-00047,HAJI IQBAL SB JPS,MB NO.11540,MB,,3481.6,Direct Sale (Mixed Transaction): 12MM STEEL,,,False,False,True,2026-08-16 09:19,Shujaat Muzaffar,False,,,sales,direct_sale,2476,MB NO.11540,Mixed Transaction
6851,FBMCL-00263,QAISER SB JPS,MB NO.11576,MB,,43432,Direct Sale (Mixed Transaction): 12MM STEEL,,,False,False,True,2026-08-16 10:21,Shujaat Muzaffar,False,,,sales,direct_sale,2481,MB NO.11576,Mixed Transaction
6852,FBMCL-00263,QAISER SB JPS,MB NO.11565/2,MB,,2313,Direct Sale (Credit Customer): 6MM STEEL,,,False,False,True,2026-08-16 10:41,Shujaat Muzaffar,False,,,sales,direct_sale,2482,MB NO.11565/2,Credit Customer
6853,FBMCL-00197,RAOOF SB GHURAL,MB NO.11580,MB,,1250,Direct Sale (Mixed Transaction): PIONEER,,,False,False,True,2026-08-16 11:23,Shujaat Muzaffar,False,,,sales,direct_sale,2483,MB NO.11580,Mixed Transaction
6854,FBMCL-00235,NASAR IQBAL BUTT SB JPS,MB NO.11581,MB,,18400,Booking: PIONEER,,,False,False,True,2026-08-16 11:33,Shujaat Muzaffar,False,,,booking,booking,401,MB NO.11581,Booking
6855,FBMCL-00235,NASAR IQBAL BUTT SB JPS,MB NO.11582,MB,,610,Direct Sale (Mixed Transaction): ISM 12MM STEEL,,,False,False,True,2026-08-16 11:38,Shujaat Muzaffar,False,,,sales,direct_sale,2485,MB NO.11582,Mixed Transaction
6856,FBMCL-00301,FAUJI EJAZ AHMED SB JPS,MB NO.11590,MB,,2070230.2,Booking: ISM 12MM STEEL,,,False,False,True,2026-08-16 12:56,Shujaat Muzaffar,False,,,booking,booking,403,MB NO.11590,Booking
6857,FBMCL-00262,GHULAM MURTZA SB KOANKH,MB NO.11596,MB,,15800,Direct Sale (Credit Customer): PIONEER,,,False,False,True,2026-08-16 13:48,Shujaat Muzaffar,False,,,sales,direct_sale,2488,MB NO.11596,Credit Customer
6858,FBMCL-00010,BILAL SB KOANKH (QARI EJAZ SB),MB NO.11597,MB,,9936,Direct Sale (Mixed Transaction): PIONEER,,,False,False,True,2026-08-16 13:50,Shujaat Muzaffar,False,,,sales,direct_sale,2489,MB NO.11597,Mixed Transaction
6859,FBMCL-00302,MALIK ARSHAD SB JPS,MB NO.11601,MB,,485587.3,Booking: ISM 12MM STEEL,,,False,False,True,2026-08-16 14:45,Shujaat Muzaffar,False,,,booking,booking,404,MB NO.11601,Booking
6860,FBMCL-00215,CH IMRAN SB JPS,MB NO.11618,MB,,574,Direct Sale (Credit Customer): RING 6X6,,,False,False,True,2026-08-17 09:27,Mohsan Javed,False,,,sales,direct_sale,2495,MB NO.11618,Credit Customer
6861,FBMCL-00205,IRFAN SB DEDHAR SHARIF,MB NO.11621,MB,,7729.5,Direct Sale (Mixed Transaction): 12MM STEEL,,,False,False,True,2026-08-17 09:41,Mohsan Javed,False,,,sales,direct_sale,2497,MB NO.11621,Mixed Transaction
6862,FBMCL-00282,MUHMMAD SHAREEF SB DHINDA,MB NO.11622,MB,,9920,Direct Sale (Credit Customer): BRICKS,,,False,False,True,2026-08-17 10:23,Mohsan Javed,False,,,sales,direct_sale,2498,MB NO.11622,Credit Customer
6863,FBMCL-00241,RAJA MUDASIR SB JPS,MB NO.11169/2,MB,,430,Direct Sale (Mixed Transaction): WIRE,,,False,False,True,2026-08-19 12:58,Shujaat Muzaffar,False,,,sales,direct_sale,2509,MB NO.11169/2,Mixed Transaction
6864,FBMCL-00241,RAJA MUDASIR SB JPS,MB NO.11599,MB,,42920,Booking: DG,,,False,False,True,2026-08-16 13:04,Shujaat Muzaffar,False,,,booking,booking,405,MB NO.11599,Booking
6865,FBMCL-00241,RAJA MUDASIR SB JPS,SB-SL-3507,SB,,6200,Direct Sale (Mixed Transaction): DG,,,False,False,False,2026-08-19 13:13,Shujaat Muzaffar,False,,,sales,direct_sale,2511,SB-SL-3507,Mixed Transaction
6866,FBMCL-00150,MUHAMMAD AKRAM SB SANTAL SURKHIYAN,MB NO.11640,MB,,710.5,Direct Sale (Credit Customer): KOHAT,,,False,False,True,2026-08-19 13:15,Shujaat Muzaffar,False,,,sales,direct_sale,2512,MB NO.11640,Credit Customer
6867,FBMCL-00051,FAZAL ILAHI SB JALPUWAL,MB NO.11641,MB,,0,Direct Sale (Credit Customer): KOHAT,,,True,False,True,2026-08-19 13:20,Shujaat Muzaffar,False,,,sales,direct_sale,2513,MB NO.11641,Credit Customer
6868,FBMCL-00241,RAJA MUDASIR SB JPS,MB NO.11643,MB,,4600,Direct Sale (Credit Customer): BAJRI MOTI,,,False,False,True,2026-08-19 13:27,Shujaat Muzaffar,False,,,sales,direct_sale,2515,MB NO.11643,Credit Customer
6869,FBMCL-00299,JHANGIR SB MALIKPUR,MB NO.11388,MB,,0,Direct Sale (Mixed Transaction): ISM 12MM STEEL,,,True,False,True,2026-08-19 13:54,Shujaat Muzaffar,False,,,sales,direct_sale,2516,MB NO.11388,Mixed Transaction
6870,FBMCL-00175,MUHAMMAD ARSHAD SB GHURAL (SUBEDAR QADAR DAD SB),MB NO.11655,MB,,3500,Direct Sale (Mixed Transaction): DG,,,False,False,True,2026-08-19 15:11,Admin,False,,,sales,direct_sale,2520,MB NO.11655,Mixed Transaction
6871,FBMCL-00186,SAFDAR ALI SB AJNALA (ASLAM CONT),MB NO.11663,MB,,9166.400000000001,Direct Sale (Mixed Transaction): KOHAT,,,False,False,True,2026-08-19 15:59,Admin,False,,,sales,direct_sale,2526,MB NO.11663,Mixed Transaction
6872,FBMCL-00103,RAJA AMEER HAMZA SB JPS,MB NO.11665,MB,,0,Direct Sale (Credit Customer): WIRE,,,True,False,True,2026-08-19 16:00,Admin,False,,,sales,direct_sale,2527,MB NO.11665,Credit Customer
6873,FBMCL-00209,SHABEEB SB KANIYAN,MB NO.11666,MB,,2900,Direct Sale (Credit Customer),,,False,False,True,2026-08-19 16:01,Admin,False,,,sales,direct_sale,2528,MB NO.11666,Credit Customer
6874,FBMCL-00244,SHAMRAIZ SB JAGUWAN,MB NO.11673,MB,,0,Direct Sale (Credit Customer),,,True,False,True,2026-08-19 16:13,Admin,False,,,sales,direct_sale,2533,MB NO.11673,Credit Customer
6875,FBMCL-00103,RAJA AMEER HAMZA SB JPS,MB NO.11674,MB,,11200,Direct Sale (Credit Customer),,,False,False,True,2026-08-19 16:16,Admin,False,,,sales,direct_sale,2534,MB NO.11674,Credit Customer
6876,FBMCL-00287,ASIF SB LOADER JPS,MB NO.11675,MB,,0,Direct Sale (Cash): FECTO,,,True,True,True,2026-08-19 16:18,Admin,False,,,sales,direct_sale,2535,MB NO.11675,Cash
6877,FBMCL-00244,SHAMRAIZ SB JAGUWAN,MB NO.11703,MB,,0,Booking: PIONEER,,,True,False,True,2026-08-19 16:17,Shujaat Muzaffar,False,,,booking,booking,408,MB NO.11703,Booking
6878,FBMCL-00273,KHAYAM SB MALIKPUR,MB NO.11676,MB,,819.2000000000553,Direct Sale (Mixed Transaction),,,False,False,True,2026-08-19 16:21,Admin,False,,,sales,direct_sale,2536,MB NO.11676,Mixed Transaction
6879,FBMCL-00191,MIRZA REHMAN SB JPS,MB NO.11679,MB,,15300,Direct Sale (Credit Customer),,,False,False,True,2026-08-19 16:24,Admin,False,,,sales,direct_sale,2537,MB NO.11679,Credit Customer
6882,FBMCL-00260,HDC MEHAR MEHDI SB JPS,MB NO.11528/2,MB,,2808,Direct Sale (Credit Customer): CHIPS ZERO,,,False,False,True,2026-08-20 10:16,Shujaat Muzaffar,False,,,sales,direct_sale,2544,MB NO.11528/2,Credit Customer
6883,FBMCL-00209,SHABEEB SB KANIYAN,MB NO.11708,MB,,0,Booking: KOHAT,,,True,False,True,2026-08-19 10:27,Shujaat Muzaffar,False,,,booking,booking,409,MB NO.11708,Booking
6884,FBMCL-00177,MUHAMMAD ARIF BAIG SB KOANKH (KAMRAN NUMBERDAR),MB NO.11712,MB,,495300,Booking: ISM 12MM STEEL,,,False,False,True,2026-08-20 10:28,Shujaat Muzaffar,False,,,booking,booking,410,MB NO.11712,Booking
6885,FBMCL-00305,MUHAMMAD SHAFIQUE SB AJNALA,MB NO.11713,MB,,165500,Booking: KOHAT,,,False,False,True,2026-08-19 10:40,Shujaat Muzaffar,False,,,booking,booking,411,MB NO.11713,Booking
6886,FBMCL-00051,FAZAL ILAHI SB JALPUWAL,MB NO.11689,MB,,0,Booking: CHAUGATH,,,True,False,True,2026-08-19 10:52,Admin,False,,,booking,booking,412,MB NO.11689,Booking
6887,FBMCL-00046,MEHBOOB ALAM SB KOANKH,MB NO.11691,MB,,0,Booking: KOHAT,,,True,False,True,2026-08-19 11:01,Admin,False,,,booking,booking,413,MB NO.11691,Booking
6888,ORPH-00013,Orphan13,MB NO.11694,MB,,0,Direct Sale (Cash): PIONEER,,,True,True,True,2026-08-20 11:08,Admin,False,"[MIGRATION] Orphan record. Original client: ""ADNAN LOADER GHURAIRA"".",,sales,direct_sale,2546,MB NO.11694,Cash
6889,FBMCL-00100,HAJI YOUSUF BUTT JPS,MB NO.11695,MB,,0,Direct Sale (Cash): DG,,,True,True,True,2026-08-20 11:10,Admin,False,,,sales,direct_sale,2547,MB NO.11695,Cash
6890,FBMCL-00205,IRFAN SB DEDHAR SHARIF,MB NO.11697,MB,,40003.69999999999,Direct Sale (Mixed Transaction): 12MM STEEL,,,False,False,True,2026-08-20 11:16,Admin,False,,,sales,direct_sale,2548,MB NO.11697,Mixed Transaction
6891,FBMCL-00277,TANVEER SB DHINDA,MB NO.11486,MB,,2000,Direct Sale (Mixed Transaction): 12MM STEEL,,,False,False,True,2026-08-20 11:50,Shujaat Muzaffar,False,,,sales,direct_sale,2549,MB NO.11486,Mixed Transaction
6892,FBMCL-00025,MALIK JAVED SB KHAN PUR KHOKHAR,MB NO.11109,MB,,0,Direct Sale (Credit Customer): PIONEER,,,True,False,True,2026-08-20 12:07,Shujaat Muzaffar,False,,,sales,direct_sale,2551,MB NO.11109,Credit Customer
6893,00446,AKAS AMJAD RANG PUR,MB NO.11681,MB,,0,Direct Sale (Mixed Transaction): ISM 12MM STEEL,,,True,False,True,2026-08-20 17:03,Shujaat Muzaffar,False,,,sales,direct_sale,2554,MB NO.11681,Mixed Transaction
6894,FBMCL-00214,IMRAN SB CHACHUWAL,MB NO.11735,MB,,0,Booking: 12MM STEEL,,,True,False,True,2026-08-21 11:06,Admin,False,,,booking,booking,415,MB NO.11735,Booking
6895,FBMCL-00308,NAEEM SB KOANKH,MB NO.11730,MB,,0,Direct Sale (Cash): PIONEER,,,True,True,True,2026-08-21 11:53,Admin,False,,,sales,direct_sale,2557,MB NO.11730,Cash
6896,FBMCL-00290,SHEHZAD KHAN SB DHINDA,MB NO.11732,MB,,0,Direct Sale (Mixed Transaction): DG,,,True,False,True,2026-08-21 11:55,Admin,False,,,sales,direct_sale,2558,MB NO.11732,Mixed Transaction
6897,FBMCL-00205,IRFAN SB DEDHAR SHARIF,MB NO.11742,MB,,24375,Direct Sale (Mixed Transaction): FECTO,,,False,False,True,2026-08-22 12:30,Shujaat Muzaffar,False,,,sales,direct_sale,2563,MB NO.11742,Mixed Transaction
6898,FBMCL-00261,MUSHTAQ SB JPS,MB NO.11628,MB,,5000,Booking: DG,,,False,False,True,2026-08-17 12:38,Shujaat Muzaffar,False,,,booking,booking,417,MB NO.11628,Booking
6899,FBMCL-00216,SAGHEER BAIG SB KOANKH,MB NO.11492,MB,,750,Direct Sale (Mixed Transaction): RENT-GENERAL,,,False,False,True,2026-08-22 14:35,Shujaat Muzaffar,False,,,sales,direct_sale,2429,MB NO.11492,Mixed Transaction
6900,FBMCL-00244,SHAMRAIZ SB JAGUWAN,MB NO.11751,MB,,0,Direct Sale (Cash): PIONEER,,,True,True,True,2026-08-23 13:10,Mohsan Javed,False,,,sales,direct_sale,2569,MB NO.11751,Cash
6901,FBMCL-00138,FAROOQ KALAS SB PARSUWAL,MB NO.11754,MB,,2500.8,Direct Sale (Mixed Transaction): FAUJI,,,False,False,True,2026-08-23 13:16,Mohsan Javed,False,,,sales,direct_sale,2571,MB NO.11754,Mixed Transaction
6903,FBMCL-00009,MAZHAR SB RUPOWAL DERA,MB NO.11758,MB,,39500,Direct Sale (Credit Customer): FAUJI,,,False,False,True,2026-08-23 13:20,Mohsan Javed,False,,,sales,direct_sale,2574,MB NO.11758,Credit Customer
6904,FBMCL-00301,FAUJI EJAZ AHMED SB JPS,MB NO.111739/2,MB,,14400,Direct Sale (Credit Customer): RENT-CEMENT,,,False,False,True,2026-08-23 13:49,Shujaat Muzaffar,False,,,sales,direct_sale,2575,MB NO.111739/2,Credit Customer
6905,FBMCL-00216,SAGHEER BAIG SB KOANKH,MB NO.11763,MB,,206000,Booking: PIONEER,,,False,False,True,2026-08-22 13:59,Shujaat Muzaffar,False,,,booking,booking,418,MB NO.11763,Booking
6906,FBMCL-00309,AMJAD SB PEROSHAH,MB NO.11769,MB,,0,Booking: ISM 12MM STEEL,,,True,False,True,2026-08-22 14:30,Shujaat Muzaffar,False,,,booking,booking,419,MB NO.11769,Booking
6907,FBMCL-00228,SHEHBAZ SB RANGPUR,MB NO.11772,MB,,2200,Direct Sale (Credit Customer): WHITE CEMENT,,,False,False,True,2026-08-23 14:38,Shujaat Muzaffar,False,,,sales,direct_sale,2580,MB NO.11772,Credit Customer
6908,FBMCL-00282,MUHMMAD SHAREEF SB DHINDA,MB NO.11776,MB,,600,Direct Sale (Credit Customer): RENT-GENERAL,,,False,False,True,2026-08-23 14:52,Shujaat Muzaffar,False,,,sales,direct_sale,2582,MB NO.11776,Credit Customer
6909,FBMCL-00191,MIRZA REHMAN SB JPS,MB NO.11784,MB,,30600,Direct Sale (Credit Customer): PIONEER,,,False,False,True,2026-08-23 15:35,Shujaat Muzaffar,False,,,sales,direct_sale,2589,MB NO.11784,Credit Customer
6910,FBMCL-00256,MUHAMMAD ARSHAD SB DHINDA POTAN WALAY,MB NO.11785,MB,,31600,Direct Sale (Credit Customer): FECTO,,,False,False,True,2026-08-23 15:41,Shujaat Muzaffar,False,,,sales,direct_sale,2590,MB NO.11785,Credit Customer
6911,FBMCL-00290,SHEHZAD KHAN SB DHINDA,MB NO.11684,MB,,33.79999999998836,Direct Sale (Mixed Transaction): DG,,,False,False,True,2026-08-23 15:56,Shujaat Muzaffar,False,,,sales,direct_sale,2594,MB NO.11684,Mixed Transaction
6912,FBMCL-00302,MALIK ARSHAD SB JPS,MB NO.11791,MB,,12414.6,Direct Sale (Mixed Transaction): ISM 12MM STEEL,,,False,False,True,2026-08-23 16:08,Shujaat Muzaffar,False,,,sales,direct_sale,2595,MB NO.11791,Mixed Transaction
6913,FBMCL-00186,SAFDAR ALI SB AJNALA (ASLAM CONT),MB NO.11793,MB,,73344,Direct Sale (Mixed Transaction): DG,,,False,False,True,2026-08-23 16:28,Shujaat Muzaffar,False,,,sales,direct_sale,2596,MB NO.11793,Mixed Transaction
6914,FBMCL-00150,MUHAMMAD AKRAM SB SANTAL SURKHIYAN,MB NO.11796,MB,,125931.5000000003,Direct Sale (Mixed Transaction): 12MM STEEL,,,False,False,True,2026-08-23 16:37,Shujaat Muzaffar,False,,,sales,direct_sale,2598,MB NO.11796,Mixed Transaction
6915,FBMCL-00228,SHEHBAZ SB RANGPUR,MB NO.11799,MB,,1000,Direct Sale (Mixed Transaction): PIONEER,,,False,False,True,2026-08-23 16:39,Mohsan Javed,False,,,sales,direct_sale,2599,MB NO.11799,Mixed Transaction
6916,FBMCL-00018,NAZAKAT MOBILE SHOP JPS,MB NO.11800,MB,,3000,Direct Sale (Credit Customer): DG,,,False,False,True,2026-08-23 16:41,Mohsan Javed,False,,,sales,direct_sale,2600,MB NO.11800,Credit Customer
6917,FBMCL-00302,MALIK ARSHAD SB JPS,MB NO.11804,MB,,790,Direct Sale (Credit Customer): WIRE,,,False,False,True,2026-08-23 17:09,Shujaat Muzaffar,False,,,sales,direct_sale,2602,MB NO.11804,Credit Customer
6918,FBMCL-00277,TANVEER SB DHINDA,MB NO.11805,MB,,7450,Direct Sale (Credit Customer): TILE 1ST JHANG,,,False,False,True,2026-08-23 17:12,Shujaat Muzaffar,False,,,sales,direct_sale,2603,MB NO.11805,Credit Customer
6919,FBMCL-00295,FAISAL SB JPS,MB NO.11806,MB,,264720,Booking: ISM 12MM STEEL,,,False,False,True,2026-08-22 12:54,Shujaat Muzaffar,False,,,booking,booking,421,MB NO.11806,Booking
6920,FBMCL-00290,SHEHZAD KHAN SB DHINDA,MB NO.11812,MB,,2660,Direct Sale (Mixed Transaction): DG,,,False,False,True,2026-08-24 13:25,Shujaat Muzaffar,False,,,sales,direct_sale,2607,MB NO.11812,Mixed Transaction
6921,FBMCL-00103,RAJA AMEER HAMZA SB JPS,MB NO.11820,MB,,32900,Direct Sale (Credit Customer): DG,,,False,False,True,2026-08-24 13:36,Shujaat Muzaffar,False,,,sales,direct_sale,2610,MB NO.11820,Credit Customer
6922,FBMCL-00013,JAWAD SB AJNALA JPS,MB NO.11822,MB,,750,Direct Sale (Credit Customer): OPEN CEMENT,,,False,False,True,2026-08-24 13:44,Shujaat Muzaffar,False,,,sales,direct_sale,2612,MB NO.11822,Credit Customer
6923,FBMCL-00296,MALIK IQBAL SB MALIKPUR,MB NO.11823,MB,,5905.2,Direct Sale (Mixed Transaction): RING 7X9,,,False,False,True,2026-08-24 13:47,Shujaat Muzaffar,False,,,sales,direct_sale,2613,MB NO.11823,Mixed Transaction
6924,FBMCL-00260,HDC MEHAR MEHDI SB JPS,MB NO.11825,MB,,3477.3,Direct Sale (Mixed Transaction): ISM 12MM STEEL,,,False,False,True,2026-08-24 14:11,Shujaat Muzaffar,False,,,sales,direct_sale,2614,MB NO.11825,Mixed Transaction
6925,FBMCL-00302,MALIK ARSHAD SB JPS,MB NO.11828,MB,,592,Direct Sale (Credit Customer): WIRE,,,False,False,True,2026-08-24 14:33,Shujaat Muzaffar,False,,,sales,direct_sale,2617,MB NO.11828,Credit Customer
6926,FBMCL-00030,MUHAMMAD ASHRAF SB AJNALA,MB NO.11829,MB,,113000,Booking: DG,,,False,False,True,2026-08-24 14:45,Shujaat Muzaffar,False,,,booking,booking,423,MB NO.11829,Booking
6927,FBMCL-00302,MALIK ARSHAD SB JPS,MB NO.11830,MB,,1400,Direct Sale (Credit Customer): CONCRETE SPACER,,,False,False,True,2026-08-24 15:24,Shujaat Muzaffar,False,,,sales,direct_sale,2618,MB NO.11830,Credit Customer
6928,00446,AKAS AMJAD RANG PUR,MB NO.11836,MB,,0,Direct Sale (Mixed Transaction): FECTO,,,True,False,True,2026-08-24 16:57,Shujaat Muzaffar,False,,,sales,direct_sale,2621,MB NO.11836,Mixed Transaction
6929,FBMCL-00296,MALIK IQBAL SB MALIKPUR,MB NO.11842,MB,,10438.4,Direct Sale (Mixed Transaction): ISM 12MM STEEL,,,False,False,True,2026-08-25 11:04,Mohsan Javed,False,,,sales,direct_sale,2622,MB NO.11842,Mixed Transaction
6930,FBMCL-00290,SHEHZAD KHAN SB DHINDA,MB NO.11840,MB,,0,Direct Sale (Mixed Transaction): KOHAT,,,True,False,True,2026-08-25 11:12,Mohsan Javed,False,,,sales,direct_sale,2626,MB NO.11840,Mixed Transaction
6931,FBMCL-00178,ZEESHAN ATTARI SB JPS,MB NO.11099/2,MB,,169262.0999999998,Direct Sale (Mixed Transaction): 12MM STEEL,,,False,False,True,2026-08-25 12:09,Shujaat Muzaffar,False,,,sales,direct_sale,2627,MB NO.11099/2,Mixed Transaction
6932,FBMCL-00178,ZEESHAN ATTARI SB JPS,MB NO.11273,MB,,29183.7,Direct Sale (Credit Customer): 10MM STEEL,,,False,False,True,2026-08-25 12:20,Shujaat Muzaffar,False,,,sales,direct_sale,2628,MB NO.11273,Credit Customer
6933,FBMCL-00178,ZEESHAN ATTARI SB JPS,MB NO.11170,MB,,600,Direct Sale (Credit Customer): CONCRETE SPACER,,,False,False,True,2026-08-25 12:28,Shujaat Muzaffar,False,,,sales,direct_sale,2629,MB NO.11170,Credit Customer
6934,FBMCL-00178,ZEESHAN ATTARI SB JPS,SB-SL-3627,SB,,58741.3,Direct Sale (Credit Customer): CHAUGATH,,,False,False,False,2026-08-25 12:32,Shujaat Muzaffar,False,,,sales,direct_sale,2630,SB-SL-3627,Credit Customer
6935,FBMCL-00008,TALHA SB JPS,MB NO.11854,MB,,12400,Direct Sale (Credit Customer): TILE 1ST GAGGO MANDI,,,False,False,True,2026-08-25 12:54,Mohsan Javed,False,,,sales,direct_sale,2632,MB NO.11854,Credit Customer
6936,FBMCL-00277,TANVEER SB DHINDA,MB NO.11855,MB,,0,Direct Sale (Cash): RING 6X6,,,True,True,True,2026-08-25 12:56,Mohsan Javed,False,,,sales,direct_sale,2633,MB NO.11855,Cash
6937,FBMCL-00242,KHALIL AHMED SB DHINDA KALAAN,MB NO.11861,MB,,81170.5,Booking: DG,,,False,False,True,2026-08-25 11:35,Mohsan Javed,False,,,booking,booking,424,MB NO.11861,Booking
6938,FBMCL-00256,MUHAMMAD ARSHAD SB DHINDA POTAN WALAY,MB NO.11862,MB,,31600,Direct Sale (Credit Customer): KOHAT,,,False,False,True,2026-08-27 11:41,Mohsan Javed,False,,,sales,direct_sale,2635,MB NO.11862,Credit Customer
6939,FBMCL-00051,FAZAL ILAHI SB JALPUWAL,MB NO.11870/2,MB,,0,Direct Sale (Credit Customer): CHAUGATH,,,True,False,True,2026-08-27 11:56,Mohsan Javed,False,,,sales,direct_sale,2640,MB NO.11870/2,Credit Customer
6940,FBMCL-00191,MIRZA REHMAN SB JPS,MB NO.11872,MB,,15300,Direct Sale (Credit Customer): KOHAT,,,False,False,True,2026-08-27 11:59,Mohsan Javed,False,,,sales,direct_sale,2642,MB NO.11872,Credit Customer
6941,FBMCL-00215,CH IMRAN SB JPS,MB NO.11875,MB,,3200,Direct Sale (Credit Customer): WIRE,,,False,False,True,2026-08-27 12:04,Mohsan Javed,False,,,sales,direct_sale,2644,MB NO.11875,Credit Customer
6942,FBMCL-00033,AHMED SUBHANI SB AJNALA,MB NO.11878,MB,,0,Booking: DG,,,True,False,True,2026-08-25 12:09,Mohsan Javed,False,,,booking,booking,425,MB NO.11878,Booking
6943,FBMCL-00080,ADNAN SB DOIYAN,MB NO.11879,MB,,0,Direct Sale (Credit Customer): KOHAT,,,True,False,True,2026-08-27 12:12,Mohsan Javed,False,,,sales,direct_sale,2646,MB NO.11879,Credit Customer
6944,FBMCL-00268,SHAHZAIB FAROOQ SB ALAM GARH,MB NO.11892,MB,,0,Direct Sale (Credit Customer): DG,,,True,False,True,2026-08-27 12:24,Mohsan Javed,False,,,sales,direct_sale,2650,MB NO.11892,Credit Customer
6945,FBMCL-00289,ALI SHAN SB HANDA,MB NO.11898,MB,,0,Booking: DG,,,True,False,True,2026-08-27 12:35,Mohsan Javed,False,,,booking,booking,427,MB NO.11898,Booking
6946,FBMCL-00244,SHAMRAIZ SB JAGUWAN,MB NO.11904,MB,,47000,Booking: KOHAT,,,False,False,True,2026-08-27 16:28,Mohsan Javed,False,,,booking,booking,428,MB NO.11904,Booking
6947,FBMCL-00177,MUHAMMAD ARIF BAIG SB KOANKH (KAMRAN NUMBERDAR),MB NO.11908,MB,,21359,Direct Sale (Mixed Transaction): ISM 12MM STEEL,,,False,False,True,2026-08-28 10:44,Mohsan Javed,False,,,sales,direct_sale,2654,MB NO.11908,Mixed Transaction
6948,FBMCL-00290,SHEHZAD KHAN SB DHINDA,MB NO.11909,MB,,760,Direct Sale (Mixed Transaction): KOHAT,,,False,False,True,2026-08-28 10:45,Mohsan Javed,False,,,sales,direct_sale,2655,MB NO.11909,Mixed Transaction
