id,sale_id,delivery_person_id,bags_delivered,rent_amount,created_at,is_void
11,25,1,50,2000,2026-03-14T14:57:00,False
12,25,4,50,2000,2026-03-14T14:57:00,False
13,25,3,50,2000,2026-03-14T14:57:00,False
18,27,2,0,0,2026-03-15T10:16:00,False
19,26,4,0,0,2026-03-14T15:46:00,False
20,15,3,1,1000,2026-03-12T15:57:00,False
21,28,3,20,600,2026-03-15T12:00:00,False
22,29,1,20,800,2026-03-15T13:31:00,False
23,30,4,15,0,2026-03-11T13:53:00,False
24,31,1,20,800,2026-03-15T14:07:00,False
26,33,1,20,600,2026-03-15T14:13:00,False
27,32,2,0,0,2026-03-13T14:33:00,False
28,34,3,20,600,2026-03-15T16:43:00,False
29,35,1,20,800,2026-03-16T08:47:00,False
30,36,2,0,0,2026-03-16T09:04:00,False
32,38,2,0,0,2026-03-16T09:27:00,False
33,39,2,0,0,2026-03-16T10:19:00,False
34,40,1,800,2000,2026-03-16T10:23:00,False
35,40,3,800,2000,2026-03-16T10:23:00,False
36,41,5,20,1000,2026-03-16T09:14:00,False
37,42,2,0,0,2026-03-12T11:27:00,False
38,37,2,0,0,2026-03-11T11:36:00,False
39,43,2,0,0,2026-03-16T11:43:00,False
40,44,5,20,800,2026-03-16T11:59:00,False
41,45,2,0,0,2026-03-16T12:04:00,False
42,46,5,0,0,2026-03-16T09:56:00,False
43,47,5,10,500,2026-03-16T09:33:00,False
44,48,8,20,800,2026-03-16T12:46:00,False
45,49,3,0,0,2026-03-16T15:16:32.953532,False
46,49,1,0,0,2026-03-16T15:16:32.953532,False
47,49,8,0,0,2026-03-16T15:16:32.953532,False
49,51,1,25,1250,2026-03-16T16:20:00,False
50,52,8,10,300,2026-03-16T16:22:58.874601,False
51,53,8,5,150,2026-03-16T16:23:00,False
52,54,2,0,0,2026-03-16T16:27:00,False
53,55,2,0,0,2026-03-16T16:29:00,False
54,56,2,0,0,2026-03-16T16:30:00,False
55,57,3,20,800,2026-03-16T17:20:35.022135,False
56,57,8,20,800,2026-03-16T17:20:35.022135,False
57,58,2,0,0,2026-03-16T17:27:00,False
58,59,1,1,800,2026-03-16T17:33:05.237644,False
59,60,2,0,0,2026-03-17T10:23:00,False
60,61,3,20,800,2026-03-17T10:38:00,False
61,62,1,0,0,2026-03-17T10:45:00,False
62,63,3,10,300,2026-03-17T10:57:00,False
63,64,2,0,0,2026-03-17T11:09:00,False
64,65,1,20,800,2026-03-17T11:17:00,False
65,66,2,2,0,2026-03-17T11:18:00,False
66,67,4,0,1500,2026-03-11T12:17:00,False
67,68,3,25,1250,2026-03-17T12:45:00,False
68,68,1,25,1250,2026-03-17T12:45:00,False
69,68,8,25,1250,2026-03-17T12:45:00,False
72,71,3,0,0,2026-03-17T13:50:00,False
73,72,8,20,1000,2026-03-17T14:03:00,False
74,73,2,0,0,2026-03-17T14:44:00,False
75,74,1,20,600,2026-03-17T15:15:00,False
77,76,3,20,600,2026-03-18T11:00:23.696303,False
80,78,5,10,300,2026-03-18T12:07:00,False
81,79,2,0,0,2026-03-18T12:20:00,False
82,77,3,25,1250,2026-03-18T11:29:00,False
83,77,5,25,1250,2026-03-18T11:29:00,False
84,77,8,15,750,2026-03-18T11:29:00,False
85,75,8,20,800,2026-03-17T16:03:00,False
89,81,5,0,0,2026-03-24T09:51:00,False
91,83,2,0,0,2026-03-24T12:40:00,False
92,84,3,10,0,2026-03-19T12:41:00,False
93,85,2,0,0,2026-03-19T12:52:00,False
94,86,3,12,800,2026-03-19T13:02:00,False
95,87,3,10,300,2026-03-19T13:16:00,False
96,88,2,0,0,2026-03-19T13:24:00,False
100,89,5,20,600,2026-03-24T14:20:00,False
101,82,3,20,1000,2026-03-24T12:00:00,False
102,90,1,10,0,2026-03-19T15:45:00,False
103,91,3,20,800,2026-03-19T15:47:00,False
104,92,1,10,400,2026-03-19T15:50:00,False
105,93,2,1,0,2026-03-25T09:27:00,False
106,94,3,20,1800,2026-03-25T09:30:42.813314,False
107,95,3,19,1000,2026-03-25T10:15:00,False
108,96,3,10,500,2026-03-24T10:59:00,False
109,97,5,20,0,2026-03-25T11:45:53.904233,False
110,98,3,20,0,2026-03-25T12:09:41.995903,False
111,99,5,20,1000,2026-03-25T12:48:00,False
112,100,3,20,600,2026-03-25T13:27:00,False
113,101,3,1,1000,2026-03-25T14:21:00,False
115,103,2,0,0,2026-03-26T09:35:00,False
116,104,2,0,0,2026-03-26T09:36:00,False
117,105,1,15,600,2026-03-26T09:52:00,False
118,106,3,20,800,2026-03-26T09:55:00,False
119,69,1,1,800,2026-03-17T13:19:00,False
121,108,1,142,5680,2026-03-26T11:57:00,False
122,109,2,0,0,2026-03-26T12:54:00,False
123,107,1,20,800,2026-03-26T10:46:00,False
124,110,3,1,700,2026-03-26T14:49:00,False
125,111,2,0,0,2026-03-26T16:03:00,False
126,112,2,15,0,2026-03-28T09:37:00,False
127,113,2,20,0,2026-03-28T10:19:00,False
128,113,2,20,0,2026-03-28T10:19:00,False
129,113,2,20,0,2026-03-28T10:19:00,False
130,114,2,0,0,2026-03-28T10:28:00,False
131,115,2,0,0,2026-03-27T10:38:00,False
132,116,1,20,0,2026-03-28T11:36:00,False
134,118,2,0,0,2026-03-28T12:01:00,False
135,119,2,10,0,2026-03-28T12:05:00,False
136,120,3,20,800,2026-03-28T12:39:00,False
137,121,3,20,0,2026-03-28T13:10:00,False
139,123,1,20,1000,2026-03-28T13:53:00,False
140,117,3,20,1000,2026-03-28T11:52:00,False
141,124,2,0,0,2026-03-28T14:50:00,False
142,125,1,20,1000,2026-03-28T15:28:00,False
143,126,3,0,0,2026-03-28T17:12:00,False
144,127,1,20,800,2026-03-29T09:29:00,False
145,128,5,0,0,2026-03-29T10:50:00,False
146,129,2,0,0,2026-03-29T11:10:00,False
147,130,2,0,0,2026-03-29T11:20:00,False
150,133,1,10,0,2026-03-29T12:29:00,False
151,134,1,4,300,2026-03-29T12:32:00,False
152,122,3,0,0,2026-03-28T13:49:00,False
153,135,2,0,0,2026-03-29T13:14:00,False
154,136,1,20,1000,2026-03-29T13:17:00,False
155,137,3,0,0,2026-03-29T14:15:00,False
156,138,2,0,0,2026-03-29T14:18:00,False
157,131,2,20,600,2026-03-29T11:48:00,False
158,139,1,20,600,2026-03-29T15:39:00,False
159,140,3,2,1000,2026-03-29T16:22:00,False
160,140,1,1,1000,2026-03-29T16:22:00,False
161,132,3,20,800,2026-03-29T12:08:00,False
162,141,3,20,1000,2026-03-30T09:36:00,False
163,141,1,20,1000,2026-03-30T09:36:00,False
164,142,2,0,0,2026-03-30T10:16:00,False
165,143,9,0,0,2026-03-30T10:42:00,False
166,144,2,0,0,2026-03-30T10:44:00,False
168,146,1,15,685.71,2026-03-30T11:24:00,False
169,145,2,0,0,2026-03-30T10:47:00,False
171,148,1,25,0,2026-03-30T13:25:00,False
172,149,2,0,0,2026-03-30T14:26:00,False
173,150,3,10,300,2026-03-30T14:42:00,False
174,151,4,20,600,2026-03-30T15:40:00,False
175,152,1,20,800,2026-03-30T15:53:00,False
176,153,3,20,0,2026-03-31T08:59:00,False
177,154,2,20,0,2026-03-24T09:24:00,False
178,155,1,20,800,2026-03-31T09:32:00,False
179,155,4,20,800,2026-03-31T09:32:00,False
180,156,5,20,800,2026-03-31T09:34:00,False
181,157,6,100,0,2026-03-31T09:45:00,False
182,158,3,1,500,2026-03-31T10:05:00,False
183,159,3,20,800,2026-03-31T10:08:00,False
184,160,5,10,300,2026-03-31T10:15:00,False
185,161,3,20,600,2026-03-31T10:38:00,False
186,162,2,0,0,2026-03-31T11:20:00,False
187,163,2,0,0,2026-03-31T11:40:00,False
188,164,1,1,300,2026-03-31T12:16:00,False
189,165,3,15,600,2026-03-31T12:34:00,False
190,165,1,15,600,2026-03-31T12:34:00,False
191,166,2,0,0,2026-03-31T13:54:00,False
192,167,1,25,1250,2026-03-31T14:05:00,False
193,168,2,0,0,2026-03-31T15:18:00,False
194,169,2,0,0,2026-03-31T15:28:00,False
195,170,2,0,0,2026-03-31T15:46:00,False
197,172,3,10,300,2026-03-31T10:55:00,False
198,173,2,0,0,2026-04-01T12:47:00,False
199,174,2,0,0,2026-04-01T12:52:00,False
201,176,4,25,1250,2026-03-31T13:54:00,False
203,177,3,25,0,2026-04-01T14:30:00,False
204,178,2,20,0,2026-04-01T14:43:00,False
205,179,2,0,0,2026-04-01T14:44:00,False
206,180,1,1,600,2026-04-01T14:46:00,False
207,181,1,20,1200,2026-04-01T15:30:00,False
208,181,9,20,1200,2026-04-01T15:30:00,False
209,181,3,20,1200,2026-04-01T15:30:00,False
210,182,4,10,500,2026-04-01T15:34:00,False
211,183,2,0,0,2026-03-28T15:35:00,False
212,184,4,0,0,2026-04-01T16:06:00,False
213,185,5,20,800,2026-04-01T16:14:00,False
214,186,3,0,500,2026-03-15T10:33:00,False
215,186,4,0,1000,2026-03-15T10:33:00,False
216,187,4,1,1000,2026-04-01T09:55:00,False
217,188,1,0,0,2026-04-02T10:18:00,False
218,189,3,20,600,2026-04-02T10:20:00,False
219,190,9,20,1000,2026-04-02T10:24:00,False
220,191,4,1,1000,2026-04-02T10:28:00,False
221,192,2,0,0,2026-04-01T11:06:00,False
222,193,2,0,0,2026-04-02T11:12:00,False
223,194,2,4,0,2026-04-02T11:26:00,False
224,195,2,0,0,2026-04-01T11:31:00,False
225,196,2,15,0,2026-04-01T11:36:00,False
226,197,2,0,0,2026-04-01T11:41:00,False
227,171,2,0,0,2026-03-31T16:11:00,False
228,198,2,0,0,2026-04-01T12:32:00,False
229,199,2,0,0,2026-04-01T12:35:00,False
230,200,2,0,0,2026-04-02T12:56:00,False
231,201,2,0,0,2026-04-02T14:45:00,False
232,202,2,0,0,2026-04-02T14:48:00,False
233,203,5,25,0,2026-04-02T15:18:00,False
234,204,1,20,1000,2026-04-02T15:46:00,False
235,205,4,25,0,2026-04-02T15:53:00,False
236,206,2,0,0,2026-04-03T09:26:00,False
237,207,2,0,0,2026-04-03T09:40:00,False
238,208,2,0,0,2026-04-03T14:35:00,False
239,209,2,0,0,2026-04-03T16:10:00,False
240,210,9,20,600,2026-04-04T09:37:00,False
242,212,2,20,0,2026-04-04T09:40:00,False
243,213,2,0,0,2026-04-04T09:43:00,False
244,214,2,0,0,2026-04-04T09:47:00,False
245,215,9,20,914.29,2026-04-04T09:53:00,False
246,216,4,20,600,2026-04-04T10:01:00,False
247,217,2,0,0,2026-04-04T10:21:00,False
248,218,2,0,0,2026-04-04T10:57:00,False
249,211,1,20,0,2026-04-04T09:38:00,False
250,219,1,1,0,2026-04-04T13:23:00,False
251,220,3,20,1200,2026-04-04T14:50:00,False
252,221,2,0,0,2026-04-04T15:07:00,False
253,222,1,25,1500,2026-04-05T12:14:00,False
254,223,4,20,0,2026-04-05T12:28:00,False
255,224,1,6,0,2026-04-05T12:32:00,False
256,225,4,11,300,2026-04-05T13:05:00,False
257,226,4,25,0,2026-04-05T13:11:00,False
258,227,1,20,800,2026-04-05T13:22:00,False
259,228,10,25,1000,2026-04-05T13:37:00,False
260,229,2,0,0,2026-04-06T09:25:00,False
261,230,1,20,1000,2026-04-06T09:32:00,False
262,230,4,20,1000,2026-04-06T09:32:00,False
263,230,3,20,1000,2026-04-06T09:32:00,False
264,231,1,0,0,2026-04-06T12:09:00,False
265,232,2,0,0,2026-04-06T12:12:00,False
267,234,9,20,1200,2026-04-06T12:18:00,False
268,235,2,0,0,2026-04-06T12:20:00,False
269,236,2,0,0,2026-04-06T12:28:00,False
270,237,4,20,600,2026-04-06T12:31:00,False
271,238,2,0,0,2026-04-06T12:35:00,False
272,239,2,0,0,2026-04-06T12:42:00,False
273,240,2,0,0,2026-04-06T12:44:00,False
276,242,1,20,800,2026-04-06T12:53:00,False
277,243,3,20,1000,2026-04-06T12:58:00,False
278,244,2,0,0,2026-04-06T13:16:00,False
279,245,9,20,1250,2026-04-06T13:25:00,False
280,246,2,0,0,2026-04-06T13:31:00,False
281,247,10,15,685.71,2026-04-05T13:47:00,False
282,248,1,25,1350,2026-04-06T14:17:00,False
283,249,9,20,1000,2026-04-06T14:24:00,False
284,250,2,0,0,2026-04-06T14:42:00,False
285,251,3,20,1000,2026-04-06T14:55:00,False
286,252,2,20,0,2026-04-06T16:32:00,False
287,253,2,0,0,2026-04-06T17:17:00,False
288,241,1,0,2000,2026-04-06T12:47:00,False
289,241,3,0,2000,2026-04-06T12:47:00,False
290,254,1,20,0,2026-04-06T09:35:00,False
291,254,3,20,0,2026-04-06T09:35:00,False
292,255,9,20,800,2026-04-06T09:37:00,False
293,256,4,20,700,2026-04-07T10:02:00,False
294,257,2,2,0,2026-04-07T10:10:00,False
295,258,1,1,1500,2026-04-07T10:49:32.479820,False
296,258,3,1,1500,2026-04-07T10:49:32.479820,False
297,258,4,1,1500,2026-04-07T10:49:32.479820,False
298,258,10,1,1500,2026-04-07T10:49:32.479820,False
299,259,3,1,500,2026-04-07T11:01:00,False
300,260,1,20,0,2026-04-07T12:25:00,False
301,70,8,25,1000,2026-03-17T13:35:00,False
302,261,3,1,1000,2026-03-26T13:43:00,False
303,262,3,1,1000,2026-04-07T14:44:00,False
304,263,2,0,0,2026-04-07T14:50:00,False
305,233,2,0,0,2026-04-06T12:15:00,False
306,264,4,20,1250,2026-04-08T10:15:00,False
307,265,2,2,0,2026-04-08T10:19:00,False
308,266,1,20,1200,2026-04-08T10:27:00,False
309,266,3,20,1200,2026-04-08T10:27:00,False
310,267,10,10,400,2026-04-08T10:32:00,False
311,268,1,5,0,2026-04-08T10:36:00,False
312,269,2,0,0,2026-04-08T10:44:00,False
313,270,2,0,0,2026-04-08T11:21:00,False
314,271,2,0,0,2026-04-08T11:23:00,False
315,272,2,0,0,2026-04-08T11:28:00,False
316,273,4,0,0,2026-04-08T13:24:00,False
317,274,3,20,1000,2026-04-08T14:25:00,False
318,275,1,50,0,2026-04-08T15:00:00,False
319,275,4,50,0,2026-04-08T15:00:00,False
320,275,3,25,0,2026-04-08T15:00:00,False
321,275,10,25,0,2026-04-08T15:00:00,False
322,276,2,0,0,2026-04-08T15:47:00,False
326,278,4,20,0,2026-04-09T10:03:00,False
327,279,4,0,0,2026-04-05T10:04:00,False
328,280,1,5,0,2026-04-08T10:06:00,False
329,281,2,0,0,2026-04-08T10:15:00,False
330,282,2,0,0,2026-04-08T10:28:00,False
331,283,4,10,300,2026-04-09T10:42:00,False
332,284,9,20,600,2026-04-09T10:45:00,False
333,285,9,25,1500,2026-04-09T10:51:00,False
334,286,2,0,0,2026-04-09T11:02:00,False
337,288,4,1,300,2026-04-09T12:31:00,False
338,289,4,25,1350,2026-04-09T12:49:20.021924,False
339,290,9,20,1200,2026-04-09T12:50:00,False
340,175,1,20,1200,2026-04-01T13:14:00,False
341,291,3,25,0,2026-04-09T13:08:00,False
342,292,1,25,0,2026-04-09T13:15:00,False
343,293,2,0,0,2026-04-01T13:55:00,False
344,294,1,25,1000,2026-04-09T14:40:00,False
345,295,3,20,1000,2026-04-09T14:52:00,False
346,296,2,0,0,2026-04-09T16:05:00,False
348,298,4,25,0,2026-04-09T16:20:00,False
350,300,2,0,0,2026-04-09T09:19:00,False
351,301,2,0,0,2026-04-10T09:21:00,False
352,302,2,0,0,2026-04-10T09:26:00,False
353,303,2,0,0,2026-04-10T09:28:00,False
354,304,2,0,0,2026-04-10T09:35:00,False
355,305,5,17,0,2026-04-10T10:12:00,False
356,306,3,20,1000,2026-04-10T10:31:00,False
357,307,2,0,0,2026-04-10T11:37:00,False
358,308,2,0,0,2026-04-10T14:24:00,False
364,311,1,1,700,2026-04-10T14:42:00,False
365,277,1,0,1490,2026-04-09T09:58:00,False
366,277,10,0,1490,2026-04-09T09:58:00,False
367,277,9,0,1490,2026-04-09T09:58:00,False
368,312,6,300,0,2026-04-10T16:37:00,False
370,310,1,40,1800,2026-04-10T14:37:00,False
371,310,4,40,1800,2026-04-10T14:37:00,False
372,310,3,40,1800,2026-04-10T14:37:00,False
373,310,10,20,900,2026-04-10T14:37:00,False
374,313,1,14,630,2026-04-10T16:40:00,False
375,314,2,0,0,2026-04-11T12:35:00,False
376,315,1,25,1250,2026-04-11T12:43:00,False
377,316,9,25,0,2026-04-11T12:47:00,False
378,317,2,0,0,2026-04-13T13:26:00,False
380,319,2,0,0,2026-04-11T15:05:00,False
381,320,1,20,800,2026-04-11T15:25:00,False
382,321,10,10,600,2026-04-13T15:35:00,False
383,322,2,2,0,2026-04-11T15:36:00,False
384,323,2,0,0,2026-04-12T15:53:00,False
385,324,4,20,1000,2026-04-13T15:55:00,False
386,325,9,0,0,2026-04-12T16:03:00,False
387,326,2,0,0,2026-04-12T16:09:00,False
388,327,1,8,0,2026-04-12T16:18:00,False
389,328,9,20,0,2026-04-12T16:19:00,False
390,329,4,1,600,2026-04-12T16:22:00,False
391,330,1,25,0,2026-04-12T16:54:00,False
392,331,2,25,1350,2026-04-12T16:57:00,False
393,332,2,0,0,2026-04-13T17:11:00,False
394,333,3,20,0,2026-04-13T17:14:00,False
398,336,2,0,0,2026-04-13T10:56:00,False
399,337,2,0,0,2026-04-13T10:58:00,False
400,338,3,15,800,2026-04-13T11:01:00,False
401,339,3,10,0,2026-04-13T11:03:00,False
402,340,2,0,0,2026-04-13T11:07:00,False
403,334,1,0,0,2026-04-13T11:17:00,False
404,334,4,0,0,2026-04-13T11:17:00,False
405,341,2,128,0,2026-04-13T11:19:00,False
406,342,9,1,900,2026-04-13T11:34:00,False
407,342,5,1,900,2026-04-13T11:34:00,False
409,343,1,15,0,2026-04-14T11:56:00,False
410,344,2,10,0,2026-04-14T12:16:00,False
411,345,5,20,0,2026-04-14T12:18:00,False
412,346,1,25,1350,2026-04-14T12:21:00,False
413,347,3,0,1833,2026-04-14T12:33:00,False
414,347,1,0,1834,2026-04-14T12:33:00,False
415,347,4,0,1833,2026-04-14T12:33:00,False
416,348,3,10,350,2026-04-14T12:38:00,False
417,349,1,0,600,2026-04-14T12:49:00,False
418,1,1,0,1200,2026-03-09T09:24:00,False
419,4,4,0,300,2026-03-07T16:09:00,False
420,5,3,0,300,2026-03-10T16:10:00,False
421,6,4,0,1538.2,2026-03-11T06:15:00,False
422,9,1,0,1000,2026-03-12T10:20:00,False
423,12,1,0,1200,2026-03-12T14:35:00,False
424,14,1,0,800,2026-03-11T14:47:00,False
425,20,3,0,400,2026-03-14T10:51:00,False
426,21,4,0,500,2026-03-14T11:07:00,False
427,350,2,0,0,2026-04-14T13:45:00,False
429,352,2,0,0,2026-04-14T13:51:00,False
430,353,2,0,0,2026-04-14T13:53:00,False
431,354,2,0,0,2026-04-06T13:54:00,False
432,355,4,10,600,2026-04-14T13:56:00,False
433,356,3,10,350,2026-04-14T14:25:00,False
434,357,3,10,500,2026-04-14T14:44:00,False
436,359,4,20,600,2026-04-14T15:00:00,False
437,360,1,20,100,2026-04-14T15:02:00,False
438,318,9,0,0,2026-04-11T13:36:00,False
439,361,2,0,0,2026-04-14T15:13:00,False
440,362,4,25,0,2026-04-14T15:15:00,False
441,335,1,20,1000,2026-04-13T09:21:00,False
442,363,2,0,0,2026-04-14T15:23:00,False
443,364,2,0,0,2026-04-14T15:24:00,False
444,365,2,0,0,2026-04-14T15:39:00,False
445,366,2,0,0,2026-04-14T16:31:00,False
447,367,2,0,0,2026-04-14T08:40:00,False
448,368,2,0,0,2026-04-14T09:10:00,False
451,370,3,6,500,2026-04-15T10:04:00,False
452,371,2,0,0,2026-04-15T10:11:00,False
454,373,4,0,1300,2026-04-14T10:18:00,False
455,374,2,0,0,2026-04-15T11:17:00,False
456,375,3,10,1800,2026-04-15T11:52:00,False
457,376,2,0,0,2026-04-15T12:01:00,False
458,377,1,25,1250,2026-04-15T14:07:00,False
459,378,1,20,1000,2026-04-15T14:12:00,False
461,380,2,10,0,2026-04-15T14:14:00,False
463,382,2,0,0,2026-04-15T14:30:00,False
464,381,3,0,0,2026-04-15T14:15:00,False
465,383,1,10,400.01,2026-04-15T15:54:00,False
466,384,2,8,0,2026-04-15T17:01:00,False
469,386,2,0,0,2026-04-15T17:46:00,False
470,385,1,25,700,2026-04-15T17:30:00,False
471,385,9,25,700,2026-04-15T17:30:00,False
472,387,1,50,2000,2026-04-16T10:19:00,False
473,387,9,50,2000,2026-04-16T10:19:00,False
474,387,3,50,2000,2026-04-16T10:19:00,False
475,387,4,50,2000,2026-04-16T10:19:00,False
476,388,3,150.3,1000,2026-04-16T10:22:00,False
477,389,9,0,270,2026-04-16T10:41:00,False
478,390,2,0,0,2026-04-15T10:54:00,False
479,391,2,0,0,2026-04-15T11:01:00,False
480,392,2,0,0,2026-04-16T11:15:00,False
481,393,1,20,1000,2026-04-16T11:42:00,False
482,394,9,0,300,2026-04-16T11:55:00,False
483,395,4,20,800,2026-04-16T12:34:00,False
484,396,3,25,1350,2026-04-16T13:18:00,False
485,397,4,25,0,2026-04-16T13:35:00,False
486,398,4,0,300,2026-04-15T15:02:00,False
487,399,1,0,0,2026-04-16T15:58:00,False
488,400,2,0,0,2026-04-16T16:03:00,False
489,401,1,20,800,2026-04-16T17:06:00,False
490,402,2,0,0,2026-04-17T09:23:00,False
493,404,2,0,0,2026-04-17T09:45:00,False
494,405,2,0,0,2026-04-17T10:18:00,False
495,406,2,0,0,2026-04-17T12:49:00,False
496,407,5,170,0,2026-04-17T15:14:00,False
497,408,2,0,0,2026-04-17T15:23:00,False
498,409,2,0,0,2026-04-17T15:24:00,False
499,410,5,5,0,2026-04-17T15:56:00,False
500,411,2,0,0,2026-04-17T16:31:00,False
501,412,2,0,0,2026-04-18T09:52:00,False
502,413,5,0,0,2026-04-18T10:20:00,False
503,414,3,15,800,2026-04-18T10:20:00,False
504,415,9,20,1200,2026-04-18T10:23:00,False
505,416,2,0,0,2026-04-18T10:24:00,False
506,417,2,0,0,2026-04-18T10:25:00,False
507,418,10,5,200,2026-04-18T10:33:00,False
510,421,2,0,0,2026-04-18T10:45:00,False
511,422,2,0,0,2026-04-18T10:46:00,False
512,420,1,0,0,2026-04-18T10:47:00,False
513,423,4,20,1200,2026-04-18T10:47:00,False
514,424,1,0,500,2026-04-18T10:53:00,False
516,426,4,0,700,2026-04-19T11:00:00,False
517,427,1,0,800,2026-04-19T11:01:00,False
518,428,2,0,0,2026-04-19T11:03:00,False
519,429,9,10,0,2026-04-19T11:04:00,False
520,430,2,0,0,2026-04-19T11:05:00,False
521,431,2,0,0,2026-04-19T11:05:00,False
522,432,2,0,0,2026-04-19T11:08:00,False
525,434,2,0,0,2026-04-19T11:58:00,False
526,433,1,20,1200,2026-04-19T11:27:00,False
527,433,9,20,1200,2026-04-19T11:27:00,False
528,435,2,0,0,2026-04-04T16:05:00,False
529,419,1,210,0,2026-04-18T10:35:00,False
530,436,1,1,700,2026-04-19T17:13:00,False
531,425,2,0,0,2026-04-19T10:56:00,False
532,437,2,0,0,2026-04-19T17:25:00,False
535,439,4,0,0,2026-04-20T09:10:00,False
536,440,2,0,0,2026-04-20T09:23:00,False
537,441,4,15,0,2026-04-19T11:05:00,False
540,443,3,15,800,2026-04-20T11:11:00,False
545,444,2,0,0,2026-04-20T11:32:00,False
546,445,1,0,800,2026-04-20T11:58:00,False
547,446,6,297,0,2026-04-20T12:45:00,False
548,358,3,20,800,2026-04-14T14:45:00,False
549,447,4,25,1250,2026-04-20T13:41:00,False
550,448,2,0,0,2026-04-20T14:24:00,False
551,449,3,25,1250,2026-04-20T14:51:00,False
552,450,1,0,625,2026-04-20T16:11:00,False
553,451,1,25,1350,2026-04-20T16:51:00,False
554,452,1,8,0,2026-04-20T09:53:00,False
555,453,4,5,200,2026-04-21T10:19:00,False
556,454,1,25,1250,2026-04-21T10:20:00,False
557,455,9,25,0,2026-04-21T10:22:00,False
558,456,10,10,600,2026-04-21T10:23:00,False
559,457,4,20,1000,2026-04-21T12:07:00,False
560,458,2,0,0,2026-04-21T12:09:00,False
561,459,2,0,0,2026-04-21T12:16:00,False
562,460,1,20,1000,2026-04-21T12:41:00,False
563,461,9,20,520,2026-04-21T12:42:00,False
564,462,9,22,0,2026-04-21T13:31:00,False
565,463,2,0,0,2026-04-14T13:45:00,False
566,464,2,0,0,2026-04-15T13:47:00,False
567,465,2,0,0,2026-04-21T13:47:00,False
568,287,3,0,0,2026-04-09T11:38:00,False
569,287,1,0,0,2026-04-09T11:38:00,False
570,466,1,25,1300,2026-04-21T15:45:00,False
571,467,4,20,1250,2026-04-21T16:47:00,False
572,468,5,20,0,2026-04-21T17:24:00,False
573,469,2,21,0,2026-04-22T09:24:00,False
574,470,2,0,0,2026-04-22T09:32:00,False
575,471,2,0,0,2026-04-22T09:33:00,False
576,442,1,20,500,2026-04-20T11:06:00,False
577,442,9,20,500,2026-04-20T11:06:00,False
578,438,4,20,500,2026-04-20T09:03:00,False
579,438,3,20,500,2026-04-20T09:03:00,False
580,472,2,0,0,2026-04-22T09:40:00,False
581,473,2,0,0,2026-04-12T09:40:00,False
582,474,2,0,0,2026-04-22T10:21:00,False
583,475,9,0,0,2026-04-22T13:11:00,False
584,476,4,20,1250,2026-04-22T13:13:00,False
585,477,2,0,0,2026-04-22T13:24:00,False
586,478,2,0,0,2026-04-22T17:37:00,False
587,479,6,300,0,2026-04-21T17:38:00,False
588,480,1,0,0,2026-04-22T08:52:00,False
589,480,9,0,0,2026-04-22T08:52:00,False
590,481,4,0,0,2026-04-23T09:05:52.645606,False
591,482,2,0,0,2026-04-23T09:09:00,False
592,483,4,0,0,2026-04-23T09:17:00,False
593,483,1,0,0,2026-04-23T09:17:00,False
594,483,9,0,0,2026-04-23T09:17:00,False
595,484,2,0,0,2026-04-23T09:20:00,False
596,485,9,10,1200,2026-04-23T09:45:00,False
598,487,2,0,0,2026-04-23T11:32:00,False
602,489,1,1,1350,2026-04-23T13:57:00,False
603,490,9,10,350,2026-04-23T14:08:00,False
604,491,6,0,0,2026-04-23T14:18:00,False
605,492,10,1,800,2026-04-23T14:19:00,False
606,486,4,0,400,2026-04-23T10:23:00,False
609,494,2,0,0,2026-04-23T14:48:00,False
610,495,2,0,0,2026-04-23T14:50:51.343576,False
611,496,2,0,0,2026-04-23T17:13:00,False
612,497,1,40,2000,2026-04-24T10:38:00,False
613,498,2,0,0,2026-04-24T10:54:00,False
614,499,1,20,0,2026-04-24T11:38:00,False
615,500,1,20,1200,2026-04-25T12:41:00,False
616,501,4,1,700,2026-04-25T12:43:00,False
617,502,3,0,0,2026-04-25T12:46:00,False
618,503,2,0,0,2026-04-25T12:47:00,False
619,504,2,0,0,2026-04-25T12:49:00,False
620,505,9,25,1500,2026-04-25T12:51:00,False
621,506,9,0,0,2026-04-25T12:57:00,False
622,507,1,20,800,2026-04-25T13:00:00,False
623,508,2,0,0,2026-04-25T13:06:00,False
625,510,9,25,1500,2026-04-25T13:18:00,False
626,511,1,1,250,2026-04-25T13:31:01.524430,False
627,512,3,10,0,2026-04-25T14:27:00,False
628,513,9,1,700,2026-04-25T14:38:00,False
629,514,1,20,1000,2026-04-25T14:53:00,False
630,403,1,0,0,2026-04-17T09:36:00,False
631,403,9,0,0,2026-04-17T09:36:00,False
632,372,2,0,0,2026-04-15T10:12:00,False
633,309,2,0,0,2026-04-10T14:35:00,False
634,515,2,0,0,2026-04-25T15:42:00,False
637,516,1,25,600,2026-04-25T16:09:00,False
638,517,1,25,1250,2026-04-25T16:28:00,False
639,517,4,50,2500,2026-04-25T16:28:00,False
640,517,3,63,3250,2026-04-25T16:28:00,False
641,518,9,1,850,2026-04-25T21:49:00,False
642,519,2,0,0,2026-04-25T21:52:00,False
644,521,9,25,1500,2026-04-25T22:09:00,False
645,522,2,0,0,2026-04-25T22:52:00,False
646,523,1,20,520,2026-04-25T22:55:00,False
647,523,4,20,520,2026-04-25T22:55:00,False
648,523,11,40,1040,2026-04-25T22:55:00,False
649,524,2,0,0,2026-04-22T23:59:00,False
650,525,2,0,0,2026-04-25T23:15:00,False
651,493,4,0,1388,2026-04-23T14:37:00,False
652,493,10,0,1389.32,2026-04-23T14:37:00,False
653,526,11,20,1000,2026-04-26T13:06:00,False
654,527,9,0,0,2026-04-26T13:11:00,False
655,528,2,0,0,2026-04-26T13:33:00,False
656,529,11,0,700,2026-04-26T15:23:49.103660,False
657,530,1,120,0,2026-04-26T15:27:00,False
658,530,4,120,0,2026-04-26T15:27:00,False
659,530,11,20,0,2026-04-26T15:27:00,False
660,531,9,25,600,2026-04-26T15:36:00,False
663,533,2,0,0,2026-04-26T16:54:00,False
664,534,1,0,0,2026-04-26T17:10:00,False
666,536,2,0,0,2026-04-27T10:33:00,False
668,538,2,0,0,2026-04-26T10:37:00,False
669,539,1,25,0,2026-04-27T10:57:00,False
670,540,9,20,0,2026-04-27T10:58:00,False
671,541,1,25,0,2026-04-27T11:28:00,False
672,297,1,25,0,2026-04-09T16:13:00,False
674,542,2,0,0,2026-04-09T11:53:00,False
675,543,11,25,1250,2026-04-27T12:32:00,False
677,545,11,10,350,2026-04-27T12:35:00,False
679,547,1,22,0,2026-04-27T12:50:00,False
680,547,11,22,0,2026-04-27T12:50:00,False
681,547,9,21,0,2026-04-27T12:50:00,False
682,546,2,0,0,2026-04-27T12:45:00,False
683,548,2,0,0,2026-04-27T13:33:00,False
684,549,11,15,500,2026-04-27T14:18:00,False
685,550,2,0,0,2026-04-27T14:57:00,False
686,551,2,0,0,2026-04-27T14:59:12.565751,False
687,552,2,0,0,2026-04-27T15:13:00,False
688,553,1,25,600,2026-04-27T16:36:00,False
689,554,2,2,0,2026-04-27T16:42:00,False
690,555,1,25,1500,2026-04-28T09:26:00,False
691,556,1,20,1000,2026-04-28T09:28:00,False
692,557,2,0,0,2026-04-28T10:27:00,False
693,558,1,0,0,2026-04-28T10:29:00,False
694,559,2,0,0,2026-04-28T10:31:00,False
696,561,1,24,0,2026-04-28T10:35:00,False
698,563,2,0,0,2026-04-28T11:14:00,False
699,564,1,20,0,2026-04-28T11:17:00,False
700,565,7,100,0,2026-04-28T11:23:00,False
701,566,2,0,0,2026-04-28T11:25:00,False
702,567,1,47,1880,2026-04-28T12:37:00,False
703,567,9,23,920,2026-04-28T12:37:00,False
704,568,1,0,0,2026-04-28T15:42:00,False
705,569,2,0,0,2026-04-12T15:43:00,False
706,570,9,300,600,2026-04-28T16:26:00,False
707,571,11,20,1000,2026-04-28T16:28:00,False
708,572,2,0,0,2026-04-19T09:26:00,False
709,573,1,14,0,2026-04-29T09:27:00,False
711,575,1,0,0,2026-04-29T09:49:00,False
712,575,11,0,0,2026-04-29T09:49:00,False
713,575,6,0,0,2026-04-29T09:49:00,False
714,574,9,25,1350,2026-04-28T09:58:00,False
715,576,11,15,0,2026-04-29T10:07:00,False
716,577,1,25,600,2026-04-29T10:10:00,False
717,578,9,20,1100,2026-04-29T12:20:00,False
718,509,1,1,1000,2026-04-25T13:13:00,False
719,537,11,20,800,2026-04-26T10:34:00,False
720,579,1,10,1000,2026-04-29T15:32:00,False
721,544,1,25,1250,2026-04-27T12:34:00,False
722,580,11,25,1250,2026-04-29T15:43:00,False
723,581,2,0,0,2026-04-29T15:58:00,False
724,582,1,20,0,2026-04-29T19:14:00,False
725,583,11,14,560,2026-04-29T19:18:00,False
726,584,1,6,600,2026-04-29T19:20:00,False
727,585,2,20,0,2026-04-29T19:22:00,False
728,586,2,0,0,2026-04-29T19:23:00,False
729,587,1,20,600,2026-04-29T19:29:00,False
734,592,2,0,0,2026-04-30T20:23:00,False
735,591,1,20,600,2026-04-30T20:25:00,False
736,590,11,20,1200,2026-04-30T20:25:00,False
737,589,11,0,700,2026-04-30T11:27:00,False
738,588,1,6,300,2026-04-30T11:27:00,False
739,593,1,0,0,2026-04-30T11:34:00,False
741,595,2,0,0,2026-04-30T12:05:00,False
742,596,1,0,1200,2026-04-30T13:15:00,False
743,597,11,20,1200,2026-04-30T14:37:00,False
744,598,2,0,0,2025-06-26T15:28:00,False
745,599,4,5,200,2025-07-07T15:54:00,False
747,601,11,20,0,2026-04-30T16:07:00,False
748,602,1,0,0,2026-04-30T16:11:00,False
749,603,4,0,4574,2026-04-30T16:49:22.431426,False
750,604,2,0,0,2026-05-01T09:02:00,False
751,605,2,0,0,2026-05-02T09:33:00,False
752,606,5,20,0,2026-05-02T09:39:00,False
753,594,2,0,0,2026-04-30T11:51:00,False
754,607,2,0,0,2026-05-02T10:43:00,False
755,608,1,15,600,2026-05-02T10:54:00,False
756,609,1,20,1000,2026-05-02T10:55:00,False
757,610,11,20,1100,2026-05-02T11:00:00,False
758,611,9,25,1250,2026-05-02T11:04:55.332228,False
759,612,9,0,800,2026-05-02T11:20:00,False
760,613,2,0,0,2026-05-02T11:23:00,False
761,614,2,0,0,2026-05-02T11:24:00,False
762,615,11,25,1350,2026-05-02T11:26:00,False
763,616,9,20,600,2026-05-02T11:30:00,False
765,618,2,0,0,2026-05-02T12:12:00,False
766,619,9,10,0,2026-05-02T12:14:00,False
767,620,6,200,0,2026-05-02T13:13:00,False
768,621,9,25,0,2026-05-02T13:15:00,False
769,617,9,1,1250,2026-05-02T11:34:00,False
770,617,11,1,1250,2026-05-02T11:34:00,False
771,622,2,0,0,2026-05-02T14:25:00,False
772,623,2,0,0,2026-05-02T15:05:00,False
774,625,4,10,520,2025-10-11T15:39:00,False
776,627,2,0,0,2025-10-14T16:46:00,False
777,628,4,6,0,2025-10-15T00:00:00,False
778,629,11,20,1000,2026-05-03T08:46:00,False
779,630,2,0,0,2026-05-02T08:52:00,False
780,626,4,10,400,2025-10-12T09:09:00,False
781,631,1,1,1200,2026-05-02T09:11:00,False
782,632,11,0,0,2026-05-03T09:14:00,False
783,633,1,25,1500,2026-05-03T09:19:00,False
784,634,2,0,0,2026-05-03T09:39:00,False
785,635,11,20,1100,2026-05-03T09:46:00,False
787,636,2,0,0,2026-05-03T11:13:00,False
789,638,9,20,0,2026-05-03T11:52:00,False
790,639,5,20,0,2026-05-03T12:07:00,False
792,560,11,20,600,2026-04-28T10:34:00,False
793,640,1,20,600,2026-05-03T12:12:00,False
794,641,9,15,750,2026-05-03T12:44:00,False
795,642,11,10,350,2026-05-03T13:04:00,False
796,643,9,15,750,2026-05-03T14:50:00,False
797,644,11,20,1600,2026-05-03T15:21:00,False
798,644,1,20,1600,2026-05-03T15:21:00,False
799,645,2,0,0,2026-05-03T15:25:00,False
800,646,2,0,0,2026-05-03T15:36:00,False
801,647,2,0,0,2026-05-03T15:38:00,False
802,648,11,15,750,2026-05-03T15:55:00,False
803,649,1,20,1000,2026-05-03T16:01:00,False
804,650,1,200,10000,2026-05-02T09:32:00,False
805,650,11,40,2000,2026-05-02T09:32:00,False
806,651,1,20,1000,2026-05-03T10:13:00,False
807,652,2,0,0,2026-05-04T10:33:26.686572,False
808,653,1,27,1620,2026-05-04T10:50:00,False
809,653,11,26,1560,2026-05-04T10:50:00,False
810,653,9,27,1620,2026-05-04T10:50:00,False
811,654,1,20,1000,2026-05-04T11:07:00,False
812,655,2,0,0,2026-05-04T11:40:00,False
813,656,11,20,1100,2026-05-04T11:42:00,False
814,657,11,20,1500,2026-05-04T12:14:00,False
815,657,1,25,1500,2026-05-04T12:14:00,False
816,488,1,2,3600,2026-04-23T12:00:00,False
817,488,4,1,1800,2026-04-23T12:00:00,False
818,488,9,1,1800,2026-04-23T12:00:00,False
819,658,1,20,1000,2026-05-04T15:07:00,False
820,659,1,20,1000,2026-05-04T15:07:00,False
821,660,4,10,0,2025-10-10T15:22:00,False
822,661,4,0,790,2025-10-23T15:25:00,False
823,662,4,20,800,2025-10-25T15:41:00,False
824,663,4,40,1600,2025-10-25T15:56:00,False
825,664,2,0,0,2026-05-04T16:06:00,False
826,665,4,10,400,2025-10-22T16:13:00,False
827,666,4,5,200,2026-05-04T16:23:10.069378,False
828,667,4,5,200,2025-10-27T16:23:00,False
829,668,4,5,200,2025-10-29T16:28:00,False
830,669,2,0,0,2026-05-05T09:17:51.906635,False
831,670,4,5,500,2025-10-30T09:39:00,False
832,671,11,25,1250,2026-05-05T10:01:49.507460,False
834,673,9,15,600,2026-05-05T10:57:00,False
835,520,9,20,800,2026-04-25T22:06:00,False
836,351,1,10,400,2026-04-14T13:46:00,False
837,674,9,20,1200,2026-05-05T11:37:00,False
838,675,2,3,0,2026-05-05T11:43:00,False
839,676,1,20,1000,2026-05-05T12:09:00,False
840,677,2,0,0,2026-05-05T12:30:00,False
841,678,8,20,520,2026-05-05T12:41:00,False
842,679,2,0,0,2026-05-05T12:56:00,False
844,681,2,0,0,2026-05-05T13:25:10.444703,False
845,682,1,20,1000,2026-05-05T13:28:00,False
846,683,11,20,0,2026-05-05T13:31:00,False
847,680,9,25,1500,2026-05-05T12:59:00,False
848,684,9,20,1000,2026-05-05T15:29:00,False
849,685,8,25,1500,2026-05-05T15:33:00,False
851,687,4,5,200,2025-11-04T16:35:00,False
852,688,4,10,400,2025-11-02T16:49:00,False
853,689,4,1,40,2025-11-03T16:54:00,False
854,690,4,5,200,2025-11-05T16:56:00,False
855,691,4,55.2,0,2026-05-05T17:00:00,False
856,692,2,0,0,2026-05-06T09:17:50.838582,False
857,686,10,500,1250,2026-05-05T15:37:00,False
858,693,2,0,0,2026-05-05T09:34:00,False
859,694,8,15,0,2026-05-06T09:54:00,False
860,695,11,20,1100,2026-05-06T16:41:00,False
861,696,1,11,0,2026-05-06T16:44:00,False
862,697,2,0,0,2026-05-06T16:51:03.328031,False
863,698,2,0,0,2026-05-06T16:56:30.221560,False
864,699,11,0,600,2026-05-06T16:59:53.707771,False
865,700,2,5,0,2026-05-06T17:02:00,False
866,701,1,25,0,2026-05-06T17:03:00,False
867,701,9,25,0,2026-05-06T17:03:00,False
868,702,11,0,700,2026-05-06T17:05:00,False
869,703,10,0,0,2026-05-06T17:07:00,False
870,704,8,20,0,2026-05-06T17:09:00,False
871,705,2,10,0,2026-05-06T17:11:00,False
872,706,2,0,0,2026-05-06T09:29:00,False
874,708,9,10,0,2026-05-06T09:37:00,False
875,707,8,0,0,2026-05-06T09:35:00,False
876,709,11,1,1000,2026-05-06T09:39:00,False
877,710,10,10,350,2026-05-06T10:03:00,False
878,711,9,20,600,2026-05-06T10:07:00,False
879,712,1,20,0,2026-05-06T10:25:00,False
880,713,11,20,1100,2026-05-06T10:36:00,False
881,714,11,20,800,2026-05-07T10:44:00,False
882,715,2,0,0,2026-05-07T10:55:00,False
883,716,1,14,300,2026-05-07T10:59:00,False
884,717,1,5,300,2026-05-07T11:02:00,False
885,718,9,10,600,2026-05-07T11:09:00,False
886,719,8,15,1350,2026-05-07T12:38:00,False
887,720,2,0,0,2026-05-07T12:43:00,False
888,721,9,0,0,2026-05-07T12:48:00,False
889,722,2,150,0,2026-05-07T12:50:00,False
890,723,2,0,0,2026-05-07T12:53:00,False
891,724,2,0,0,2026-05-07T12:54:00,False
892,725,2,2,0,2026-05-07T13:13:00,False
893,726,2,0,0,2026-05-07T13:24:00,False
894,727,2,0,0,2026-05-07T15:34:00,False
895,728,11,20,1100,2026-05-08T10:09:00,False
896,729,2,0,0,2026-05-08T10:12:00,False
897,730,2,0,0,2026-05-08T10:13:00,False
898,731,2,0,0,2026-05-08T10:54:00,False
900,733,11,20,1500,2026-05-08T11:16:00,False
901,734,9,20,0,2026-05-09T11:37:00,False
902,735,1,20,1100,2026-05-09T11:55:00,False
903,736,2,0,0,2026-05-09T11:58:00,False
904,737,8,22,0,2026-05-09T12:03:00,False
905,738,11,20,0,2026-05-09T12:05:00,False
906,739,9,0,0,2026-05-09T12:11:40.084539,False
907,740,11,0,0,2026-05-09T12:14:00,False
908,741,10,20,600,2026-05-09T12:17:00,False
909,742,6,100,0,2026-05-09T12:19:00,False
911,744,2,0,0,2026-05-09T12:50:00,False
912,745,2,0,0,2026-05-09T13:57:00,False
913,746,2,0,0,2026-05-09T13:59:00,False
914,747,11,10,0,2026-05-09T14:25:00,False
915,748,9,0,0,2026-05-09T15:08:00,False
916,749,2,0,0,2026-05-09T16:09:00,False
918,751,11,20,520,2026-05-09T17:24:00,False
919,752,2,0,0,2026-05-09T10:25:00,False
920,753,2,0,0,2026-05-10T10:31:00,False
921,754,2,0,1200,2026-05-07T10:32:00,False
922,755,1,20,1100,2026-05-10T10:37:00,False
923,756,2,0,0,2026-05-10T10:39:00,False
924,757,9,0,0,2026-05-10T10:40:00,False
925,758,2,0,0,2026-05-10T10:42:00,False
926,535,1,2,1200,2026-04-21T17:12:00,False
928,760,2,0,0,2026-05-07T10:59:00,False
929,761,1,20,1000,2026-05-10T11:02:00,False
930,761,9,20,1000,2026-05-10T11:02:00,False
931,761,8,45,2250,2026-05-10T11:02:00,False
932,761,11,45,2950,2026-05-10T11:02:00,False
933,762,1,20,0,2026-05-10T11:20:00,False
934,763,9,20,1000,2026-05-10T11:24:00,False
935,764,10,20,1250,2026-05-10T11:26:00,False
936,765,1,0,0,2026-05-10T11:30:00,False
937,766,2,0,0,2026-05-10T11:31:00,False
938,767,9,20,0,2026-05-10T11:58:00,False
941,770,2,0,0,2026-05-10T15:26:00,False
942,771,2,0,0,2026-05-10T15:56:00,False
943,772,10,20,800,2026-05-10T16:20:00,False
944,768,1,20,920,2026-05-10T14:13:00,False
945,773,8,20,1000,2026-05-11T11:10:00,False
946,774,11,20,1000,2026-05-11T11:11:00,False
948,776,1,0,0,2026-05-11T11:23:00,False
949,776,9,0,0,2026-05-11T11:23:00,False
951,778,2,0,0,2026-05-11T11:38:00,False
952,779,10,20,1200,2026-05-11T12:00:00,False
953,775,8,0,0,2026-05-11T11:13:00,False
954,780,1,0,2166,2026-05-11T17:10:00,False
955,780,11,0,2166,2026-05-11T17:10:00,False
956,780,9,0,2168,2026-05-11T17:10:00,False
957,781,2,0,0,2026-05-11T17:12:00,False
958,637,9,20,700,2026-05-03T11:14:00,False
959,782,10,20,1000,2026-05-11T17:17:00,False
960,783,1,25,1350,2026-05-11T17:18:00,False
961,784,2,0,0,2026-05-11T17:24:00,False
962,785,9,0,308.67,2026-05-11T17:25:00,False
963,777,11,0,1006.5,2026-05-11T11:24:00,False
964,786,2,0,0,2026-05-11T17:35:00,False
965,787,9,0,0,2026-05-11T08:37:00,False
966,769,11,0,200,2026-05-10T14:15:00,False
967,788,8,0,0,2026-05-12T10:21:00,False
968,789,1,0,0,2026-05-12T10:25:00,False
969,789,8,0,0,2026-05-12T10:25:00,False
970,790,11,25,750,2026-05-12T10:30:55.804358,False
972,792,9,0,0,2026-05-12T10:35:00,False
973,793,11,0,1000,2026-05-12T10:40:00,False
974,750,10,20,1000,2026-05-09T16:19:00,False
975,732,11,20,1000,2026-05-08T11:15:00,False
976,794,8,20,0,2026-05-12T10:52:00,False
977,795,1,25,1500,2026-05-12T10:53:00,False
978,796,1,0,2000,2026-05-12T12:02:00,False
979,797,8,20,1000,2026-05-12T12:47:00,False
980,798,9,0,0,2026-05-12T14:17:00,False
981,799,8,0,0,2026-05-12T14:23:00,False
982,800,9,0,0,2026-05-12T14:54:00,False
983,759,4,0,2500,2026-05-07T10:49:00,False
984,801,2,0,0,2026-05-12T16:28:00,False
985,791,9,0,1300,2026-05-12T10:33:00,False
986,802,11,0,0,2026-05-13T11:40:00,False
987,803,2,0,0,2026-05-13T11:43:00,False
988,804,2,0,0,2026-05-13T12:07:00,False
990,806,8,10,350,2026-05-13T12:52:00,False
991,807,1,10,350,2026-05-13T13:33:00,False
994,810,1,45,0,2026-05-13T13:42:00,False
995,810,11,19,0,2026-05-13T13:42:00,False
996,810,1,20,0,2026-05-13T13:42:00,False
997,811,2,0,0,2026-05-13T13:47:00,False
998,812,2,0,0,2026-05-13T15:39:00,False
1000,814,8,10,350,2026-05-13T15:50:00,False
1001,815,2,0,0,2026-05-13T16:43:00,False
1002,816,2,0,0,2026-05-06T16:44:00,False
1011,821,8,20,700,2026-05-14T15:05:00,False
1012,822,9,20,1500,2026-05-14T15:12:00,False
1013,823,5,0,0,2026-05-14T15:14:00,False
1014,823,9,0,0,2026-05-14T15:14:00,False
1018,825,11,0,0,2026-05-14T15:39:00,False
1019,826,8,0,0,2026-05-14T15:41:00,False
1020,827,1,0,0,2026-05-14T15:44:00,False
1021,827,11,0,0,2026-05-14T15:44:00,False
1022,828,1,20,0,2026-05-14T15:45:00,False
1024,830,1,25,0,2026-05-14T16:01:00,False
1025,831,9,20,800,2026-05-14T16:16:00,False
1026,832,11,0,1200,2026-05-14T16:17:00,False
1027,833,9,0,0,2026-05-14T16:54:00,False
1028,834,11,0,0,2026-05-14T17:07:00,False
1032,369,1,0,1271,2026-04-14T10:01:00,False
1033,369,3,0,1272.62,2026-04-14T10:01:00,False
1037,836,8,0,0,2026-05-16T13:13:00,False
1039,817,11,0,0,2026-05-14T11:07:00,False
1040,817,9,0,0,2026-05-14T11:07:00,False
1041,817,1,0,0,2026-05-14T11:07:00,False
1042,838,1,0,0,2026-05-15T10:42:00,False
1043,837,1,0,0,2026-05-15T10:21:00,False
1044,839,8,20,100,2026-05-15T10:49:00,False
1046,841,1,80,4000,2026-05-16T11:30:00,False
1051,846,2,0,0,2026-05-16T13:20:00,False
1054,849,1,25,1350,2026-05-16T13:42:00,False
1055,848,5,0,350,2026-05-16T13:40:00,False
1056,847,11,20,1800,2026-05-16T13:38:00,False
1057,845,10,20,1000,2026-05-16T13:19:00,False
1058,844,11,0,600,2026-05-16T13:13:00,False
1059,843,8,0,1250,2026-05-16T13:07:00,False
1060,842,5,0,0,2026-05-16T13:06:00,False
1061,840,10,0,3500,2026-05-16T11:27:00,False
1062,743,8,20,0,2026-05-09T12:44:00,False
1063,850,1,0,0,2026-05-16T14:12:00,False
1064,850,11,0,0,2026-05-16T14:12:00,False
1065,851,2,0,0,2026-05-16T14:14:00,False
1066,852,2,0,0,2026-05-16T14:16:00,False
1067,853,2,0,0,2026-05-16T14:17:00,False
1068,854,8,20,1100,2026-05-17T14:18:00,False
1069,855,11,0,0,2026-05-17T14:19:00,False
1070,856,1,0,600,2026-05-17T14:21:00,False
1071,857,2,0,0,2026-05-17T14:22:00,False
1072,858,8,0,1200,2026-05-17T14:24:00,False
1073,859,8,0,0,2026-05-17T14:27:00,False
1074,860,8,20,1000,2026-05-17T15:18:00,False
1079,835,11,0,0,2026-05-15T10:49:00,False
1080,835,1,0,0,2026-05-15T10:49:00,False
1081,835,9,0,0,2026-05-15T10:49:00,False
1082,862,2,0,0,2026-05-17T04:45:00,False
1083,861,10,0,235.13,2026-05-15T15:46:00,False
1088,532,11,20,520,2026-04-26T16:49:00,False
1089,532,9,20,520,2026-04-26T16:49:00,False
1090,864,8,0,0,2026-05-17T03:07:00,False
1091,864,1,0,0,2026-05-17T03:07:00,False
1092,864,11,0,0,2026-05-17T03:07:00,False
1093,864,10,0,0,2026-05-17T03:07:00,False
1094,865,6,0,0,2026-05-17T03:15:00,False
1095,866,8,20,0,2026-05-18T03:17:00,False
1096,867,2,0,0,2026-05-17T03:21:00,False
1098,869,11,20,1000,2026-05-18T03:24:00,False
1099,870,1,0,4740,2026-05-18T03:26:00,False
1102,872,2,0,0,2026-05-18T03:34:00,False
1103,873,11,0,1400,2026-05-18T03:35:00,False
1104,873,8,0,700,2026-05-18T03:35:00,False
1105,874,11,0,0,2026-05-18T03:38:00,False
1106,875,2,0,0,2026-05-18T03:39:00,False
1107,808,11,20,1200,2026-05-13T13:36:00,False
1108,876,9,0,0,2026-05-18T03:58:00,False
1109,877,1,40,2000,2026-05-18T04:03:00,False
1110,877,8,40,2000,2026-05-18T04:03:00,False
1111,877,11,40,2000,2026-05-18T04:03:00,False
1112,878,9,0,0,2026-05-18T04:05:00,False
1114,880,2,0,0,2026-05-16T04:08:00,False
1115,881,2,0,0,2026-05-18T04:15:00,False
1119,885,1,0,0,2026-05-18T05:17:00,False
1120,886,11,0,2400,2026-05-18T05:18:00,False
1121,871,10,0,0,2026-05-18T03:32:00,False
1122,871,1,0,0,2026-05-18T03:32:00,False
1123,887,8,20,1000,2026-05-18T21:41:00,False
1125,888,2,0,0,2026-05-18T22:52:00,False
1126,889,1,0,0,2026-05-18T00:09:00,False
1127,890,8,0,600,2026-05-18T00:22:00,False
1128,891,2,0,0,2026-05-18T00:51:00,False
1129,892,9,0,0,2026-05-18T00:54:00,False
1131,894,8,15,550,2026-05-19T01:05:00,False
1132,895,11,0,700,2026-05-19T01:11:00,False
1133,896,8,20,0,2026-05-19T01:17:00,False
1134,868,1,0,0,2026-05-17T03:23:00,False
1135,897,9,40,0,2026-05-19T01:30:00,False
1136,897,5,40,0,2026-05-19T01:30:00,False
1137,898,11,15,550,2026-05-19T01:33:00,False
1138,899,8,25,1500,2026-05-19T01:40:00,False
1139,900,11,20,1200,2026-05-19T01:43:00,False
1140,901,8,20,600,2026-05-19T01:46:00,False
1145,902,8,20,520,2026-05-19T16:21:47.141947,False
1146,902,11,40,1040,2026-05-19T16:21:47.141947,False
1147,902,5,60,1560,2026-05-19T16:21:47.141947,False
1148,902,10,40,1040,2026-05-19T16:21:47.141947,False
1149,879,9,0,1000,2026-05-18T04:06:00,False
1150,903,2,0,0,2026-05-18T22:10:00,False
1151,904,2,0,0,2026-05-19T22:14:00,False
1152,905,10,0,0,2026-05-19T22:15:00,False
1153,906,1,25,1200,2026-05-19T22:18:00,False
1154,907,11,0,700,2026-05-19T22:19:00,False
1155,908,10,10,0,2026-05-19T22:21:00,False
1156,908,2,2,0,2026-05-19T22:21:00,False
1157,909,1,0,500,2026-05-19T22:43:00,False
1159,911,8,0,600,2026-05-19T22:49:00,False
1160,912,1,0,1200,2026-05-20T10:51:00,False
1162,913,10,0,800,2026-05-20T10:54:00,False
1163,914,1,20,1300,2026-05-20T11:01:45.446707,False
1164,915,2,0,0,2026-05-20T11:02:00,False
1165,916,11,2,1200,2026-05-20T11:03:00,False
1166,916,10,2,1200,2026-05-20T11:03:00,False
1167,917,1,20,600,2026-05-20T11:05:00,False
1168,918,1,20,600,2026-05-20T11:07:00,False
1169,919,10,0,700,2026-05-20T11:46:00,False
1170,920,2,0,0,2026-05-20T12:02:00,False
1171,921,2,0,0,2026-05-16T12:04:00,False
1172,922,8,140,7000,2026-05-16T12:06:00,False
1173,923,10,5,350,2026-05-20T12:09:00,False
1174,924,1,1,1500,2026-05-20T12:13:00,False
1175,925,2,0,0,2026-05-21T12:33:20.049424,False
1176,926,8,25,1500,2026-05-20T12:33:00,False
1177,927,1,25,1200,2026-05-20T12:38:00,False
1178,928,8,20,0,2026-05-20T12:48:00,False
1179,929,9,0,700,2026-05-21T12:54:00,False
1180,930,1,25,1200,2026-05-20T13:02:00,False
1181,931,8,0,1500,2026-05-21T13:12:00,False
1182,805,1,20,0,2026-05-13T12:13:00,False
1183,932,2,0,0,2026-05-14T13:32:00,False
1184,933,2,0,0,2026-05-21T13:34:00,False
1185,934,5,25,1000,2026-05-21T13:48:00,False
1186,934,11,25,1000,2026-05-21T13:48:00,False
1187,935,9,20,0,2026-05-21T13:52:00,False
1188,936,2,0,0,2026-05-21T13:54:00,False
1189,937,2,0,0,2026-05-21T14:07:00,False
1190,938,10,14,750,2026-05-21T14:31:00,False
1191,939,1,0,942.81,2026-05-21T14:33:00,False
1192,940,2,0,0,2026-05-21T14:38:00,False
1193,941,8,6,300,2026-05-21T11:18:00,False
1194,942,9,17,1000,2026-05-23T01:34:00,False
1195,942,11,16,1000,2026-05-23T01:34:00,False
1196,943,2,0,0,2026-05-21T01:37:00,False
1197,944,1,20,0,2026-05-21T01:39:00,False
1198,945,10,0,0,2026-05-21T01:40:00,False
1199,946,2,0,0,2026-05-21T01:42:00,False
1200,947,2,0,0,2026-05-21T01:48:00,False
1201,948,10,0,497.18,2026-05-21T01:52:00,False
1202,949,10,20,600,2026-05-21T02:13:00,False
1203,950,2,0,0,2026-05-21T02:14:00,False
1205,893,1,0,960,2026-05-18T00:56:00,False
1206,951,1,25,1200,2026-05-21T14:40:00,False
1207,952,1,25,1200,2026-05-21T02:42:00,False
1208,953,2,0,0,2026-05-21T02:52:00,False
1209,954,9,1,1200,2026-05-21T03:01:00,False
1210,955,9,0,1500,2026-05-13T03:14:00,False
1211,956,2,0,0,2026-05-22T03:17:00,False
1212,957,8,15,750,2026-05-23T03:30:00,False
1213,958,1,0,0,2026-05-23T03:31:00,False
1214,958,9,0,0,2026-05-23T03:31:00,False
1215,958,11,0,0,2026-05-23T03:31:00,False
1216,959,5,50,2800,2026-05-23T03:38:00,False
1217,959,1,50,2800,2026-05-23T03:38:00,False
1218,960,10,20,600,2026-05-23T03:41:00,False
1219,960,11,20,600,2026-05-23T03:41:00,False
1220,961,2,0,0,2026-05-23T03:42:00,False
1221,962,10,0,350,2026-05-23T03:43:00,False
1222,963,8,0,1300,2026-05-23T03:45:00,False
1223,964,11,0,800,2026-05-23T03:51:00,False
1224,965,11,20,600,2026-05-23T03:58:00,False
1225,966,9,0,1339.2,2026-05-23T04:01:00,False
1226,966,1,0,1339.2,2026-05-23T04:01:00,False
1227,967,8,10,350,2026-05-23T04:07:00,False
1228,968,9,0,1300,2026-05-23T04:08:00,False
1229,969,2,0,0,2026-05-23T04:16:00,False
1230,970,11,20,0,2026-05-23T04:19:00,False
1231,971,8,0,0,2026-05-23T04:21:00,False
1232,972,10,25,1200,2026-05-23T04:23:00,False
1235,974,9,10,300,2026-05-23T22:58:00,False
1236,975,1,15,450,2026-05-23T23:00:00,False
1237,976,11,17,1000,2026-05-23T23:56:00,False
1238,976,10,19,1000,2026-05-23T23:56:00,False
1239,977,9,1,600,2026-05-23T00:57:00,False
1240,978,10,0,0,2026-05-23T01:35:00,False
1241,979,2,0,0,2026-05-23T01:37:00,False
1242,980,1,0,0,2026-05-24T04:15:00,False
1243,981,2,0,0,2026-05-24T04:19:00,False
1244,982,8,9,350,2026-05-24T04:20:00,False
1245,983,8,0,0,2026-05-24T04:25:00,False
1246,983,7,250,0,2026-05-24T04:25:00,False
1247,984,2,0,0,2026-05-24T04:39:00,False
1248,985,9,20,600,2026-05-24T04:40:00,False
1249,986,5,0,0,2026-05-24T04:50:00,False
1250,987,2,0,0,2026-05-24T04:53:00,False
1251,988,2,0,0,2026-05-24T05:04:00,False
1252,989,11,20,1000,2026-05-24T05:05:00,False
1253,990,10,0,572.4,2026-05-24T11:10:00,False
1254,991,9,0,750,2026-05-25T11:15:00,False
1255,992,2,0,3000,2026-05-24T11:54:00,False
1256,993,1,15,1000,2026-05-25T12:46:00,False
1257,994,10,10,300,2026-05-25T12:49:00,False
1258,995,8,40,1200,2026-05-25T12:52:00,False
1259,995,9,20,600,2026-05-25T12:52:00,False
1260,995,11,20,600,2026-05-25T12:52:00,False
1261,996,2,0,0,2026-05-25T12:55:00,False
1263,973,2,0,0,2026-05-23T04:28:00,False
1264,1001,2,0,0,2026-05-25T13:03:00,False
1265,1002,2,0,0,2026-05-25T14:37:00,False
1266,1003,1,20,1000,2026-05-25T14:44:00,False
1267,813,1,20,1000,2026-05-13T15:40:00,False
1268,1004,11,20,1000,2026-05-25T14:49:00,False
1269,1005,10,20,0,2026-05-25T14:51:00,False
1270,1006,8,20,1500,2026-05-25T15:26:00,False
1272,1008,9,20,800,2026-05-25T15:32:00,False
1273,1009,1,20,0,2026-05-25T15:40:00,False
1274,1007,2,0,0,2026-05-25T15:31:00,False
1275,1010,10,20,1500,2026-05-25T15:43:00,False
1276,1011,10,0,0,2026-05-25T15:44:00,False
1277,1012,1,20,0,2026-05-25T15:47:00,False
1278,1013,2,0,0,2026-05-25T15:53:00,False
1279,1014,11,0,0,2026-05-25T15:57:00,False
1281,1016,2,0,0,2026-05-25T16:51:00,False
1282,1017,9,20,600,2026-05-25T16:58:00,False
1283,1017,1,20,600,2026-05-25T16:58:00,False
1284,1017,10,20,600,2026-05-25T16:58:00,False
1285,1018,11,0,0,2026-05-25T17:03:00,False
1286,1019,9,10,300,2026-05-25T17:04:00,False
1287,1015,9,0,500,2026-05-30T16:31:00,False
1288,1020,9,10,350,2026-05-30T17:12:00,False
1289,1021,2,0,0,2026-05-30T17:18:00,False
1290,1022,8,25,1250,2026-05-26T17:21:00,False
1291,1023,1,25,1250,2026-05-30T17:23:48.152335,False
1292,1024,9,20,1000,2026-05-30T17:24:00,False
1293,1025,2,0,0,2026-05-30T17:32:00,False
1295,1027,2,0,0,2026-05-30T17:37:00,False
1297,1029,9,0,0,2026-05-30T17:41:00,False
1298,1030,1,20,0,2026-05-30T17:42:00,False
1299,1031,2,0,0,2026-05-30T17:43:00,False
1300,1032,9,0,1250,2026-05-30T09:14:00,False
1301,1033,2,0,0,2026-05-31T10:43:11.231124,False
1302,1034,2,0,0,2026-05-31T10:51:00,False
1303,1035,1,20,600,2026-05-31T10:52:00,False
1304,1036,1,20,0,2026-05-31T10:55:00,False
1305,1037,2,0,0,2026-05-31T10:56:00,False
1306,1038,2,0,0,2026-05-31T10:58:00,False
1307,1039,2,0,0,2026-05-31T11:02:00,False
1308,1040,1,20,600,2026-05-31T11:07:00,False
1309,1041,2,0,0,2026-05-31T11:09:00,False
1310,1042,8,0,0,2026-05-31T11:33:00,False
1311,1043,1,0,1000,2026-05-31T13:24:00,False
1312,1044,2,0,0,2026-05-26T13:36:00,False
1313,1045,2,0,0,2026-05-26T13:38:00,False
1314,1046,10,10,600,2026-05-26T13:39:00,False
1315,1047,2,0,0,2026-05-26T13:41:00,False
1316,1048,2,0,0,2026-05-26T13:42:00,False
1317,1049,2,0,0,2026-05-26T13:45:00,False
1318,1050,1,20,0,2026-05-26T14:58:00,False
1319,1051,1,0,700,2026-05-26T15:12:00,False
1320,1052,11,10,0,2026-05-26T15:21:00,False
1322,1054,10,20,700,2026-05-26T15:26:00,False
1323,1054,9,20,700,2026-05-26T15:26:00,False
1324,1055,2,0,0,2026-05-26T15:28:00,False
1325,1056,2,0,0,2026-05-26T15:31:00,False
1326,1057,2,0,0,2026-05-26T15:32:00,False
1327,1058,11,15,525,2026-05-26T15:33:00,False
1328,1059,2,0,0,2026-05-26T15:40:00,False
1329,1053,1,0,700,2026-05-26T15:26:00,False
1330,1060,1,50,2500,2026-05-31T15:45:00,False
1331,1026,9,0,0,2026-05-30T17:35:00,False
1332,1061,10,20,600,2026-05-31T16:49:00,False
1333,1062,1,0,1252,2026-05-31T09:50:00,False
1334,1062,11,0,1252,2026-05-31T09:50:00,False
1335,1063,8,25,1500,2026-05-31T10:04:00,False
1336,1064,10,20,1000,2026-05-31T10:05:00,False
1337,1065,11,0,1000,2026-06-01T10:53:00,False
1338,1066,1,20,1000,2026-06-01T10:56:00,False
1339,1067,9,10,600,2026-06-01T12:37:00,False
1340,1068,1,20,0,2026-06-01T12:50:00,False
1341,1068,2,20,0,2026-06-01T12:50:00,False
1344,1070,9,20,1000,2026-06-01T13:00:00,False
1345,1071,9,0,2500,2026-06-01T13:04:00,False
1346,1072,2,0,0,2026-06-01T13:07:00,False
1347,1073,9,20,0,2026-06-01T13:08:00,False
1348,1074,2,20,0,2026-06-01T13:22:00,False
1349,1075,9,20,0,2026-06-01T13:25:00,False
1350,1076,1,20,520,2026-06-01T13:29:00,False
1351,1077,2,20,0,2026-06-01T15:30:00,False
1352,1078,9,20,0,2026-06-01T15:32:00,False
1353,1079,2,0,0,2026-06-01T15:37:00,False
1354,1080,1,20,600,2026-06-01T15:40:00,False
1355,1081,2,20,0,2026-06-01T15:41:00,False
1356,1082,9,0,0,2026-06-01T15:51:00,False
1357,1083,2,0,0,2026-06-02T11:01:00,False
1358,1084,8,10,600,2026-06-02T11:02:00,False
1359,1085,2,0,0,2026-06-02T11:04:00,False
1360,1086,11,0,0,2026-06-02T11:04:00,False
1361,1087,2,0,0,2026-06-02T11:27:00,False
1362,1088,10,20,1000,2026-06-02T12:00:00,False
1363,1089,1,0,600,2026-06-02T12:02:00,False
1364,1090,8,20,1500,2026-06-02T12:08:00,False
1365,1091,9,0,0,2026-06-02T12:11:39.574472,False
1366,1092,11,10,350,2026-06-02T12:21:00,False
1367,1093,2,0,0,2026-06-02T12:36:00,False
1368,1094,2,0,0,2026-06-02T12:48:00,False
1369,1095,1,2,0,2026-06-02T12:50:00,False
1370,1096,10,20,700,2026-06-02T12:52:00,False
1373,1098,8,5,0,2026-06-02T16:50:00,False
1374,1099,1,0,1770,2026-06-02T17:13:00,False
1375,1099,11,0,1770,2026-06-02T17:13:00,False
1376,1099,10,0,1772.98,2026-06-02T17:13:00,False
1377,1100,1,20,1500,2026-06-03T10:38:00,False
1378,1101,9,0,0,2026-06-03T11:04:00,False
1380,1103,2,0,0,2026-06-03T17:34:00,False
1381,1104,1,30,1500,2026-06-03T17:53:00,False
1382,1105,1,0,0,2026-06-03T08:38:00,False
1383,1106,1,0,0,2026-06-08T08:41:00,False
1384,1107,1,10,350,2026-06-08T09:17:00,False
1385,1108,9,15,900,2026-06-08T09:19:00,False
1386,1109,10,20,1000,2026-06-08T09:23:00,False
1387,1110,11,10,600,2026-06-04T09:25:00,False
1388,1111,2,0,0,2026-06-08T09:28:00,False
1389,1112,2,0,0,2026-06-05T10:15:00,False
1390,1113,2,0,0,2026-06-08T10:20:00,False
1391,1114,1,0,800,2026-06-04T11:48:00,False
1392,1115,2,0,0,2026-06-08T12:09:00,False
1393,1116,2,0,0,2026-06-08T12:13:00,False
1395,1118,9,20,1200,2026-06-08T12:27:00,False
1396,1119,2,0,0,2026-06-08T12:31:00,False
1397,883,9,1,2000,2026-05-18T04:21:00,False
1398,1120,8,25,0,2026-06-08T12:41:00,False
1399,1121,2,0,0,2026-06-04T12:42:00,False
1400,1122,9,1,2000,2026-06-08T12:47:00,False
1401,1123,8,0,0,2026-06-03T13:01:00,False
1402,1124,2,0,0,2026-06-08T13:18:00,False
1403,1125,10,0,0,2026-06-04T13:28:00,False
1404,1126,2,0,0,2026-06-08T13:50:00,False
1405,1127,2,0,0,2026-06-08T13:51:00,False
1406,1128,2,0,0,2026-06-08T13:55:00,False
1407,1129,8,10,600,2026-06-04T14:03:00,False
1408,1130,11,10,800,2026-06-08T14:26:00,False
1409,1131,2,0,0,2026-06-08T14:36:00,False
1410,1132,1,20,0,2026-06-08T14:38:00,False
1411,1133,8,0,0,2026-06-05T14:46:00,False
1412,1134,2,0,0,2026-06-05T16:58:00,False
1413,1135,11,25,0,2026-06-08T17:00:00,False
1414,1135,10,25,0,2026-06-08T17:00:00,False
1415,1136,2,0,0,2026-06-08T17:01:00,False
1416,1137,2,0,0,2026-06-05T17:02:00,False
1417,1138,9,10,1000,2026-06-05T17:05:00,False
1418,1139,2,0,0,2026-06-08T17:07:00,False
1419,1140,8,5,1000,2026-06-05T17:10:00,False
1420,1141,10,0,5825,2026-06-05T17:12:00,False
1421,1142,9,20,1300,2026-06-08T17:18:00,False
1422,1143,2,0,0,2026-06-05T17:19:00,False
1424,1145,2,0,0,2026-06-07T08:50:00,False
1426,1147,11,10,0,2026-06-05T09:03:00,False
1427,1148,5,20,0,2026-06-09T09:01:00,False
1428,1149,8,0,0,2026-06-03T09:11:00,False
1432,1153,2,0,0,2026-06-09T10:02:00,False
1433,1154,1,20,700,2026-06-06T10:05:00,False
1434,1155,1,16,0,2026-06-09T10:27:12.380981,False
1435,1156,8,20,1500,2026-06-06T10:47:00,False
1438,1159,11,0,1500,2026-06-09T11:26:00,False
1439,1159,1,0,1500,2026-06-09T11:26:00,False
1440,1158,5,0,700,2026-06-09T11:24:00,False
1442,1161,1,25,1250,2026-06-06T11:44:00,False
1443,1162,2,0,0,2026-06-06T11:51:00,False
1444,1163,8,0,0,2026-06-09T11:53:00,False
1445,1164,1,0,1500,2026-06-09T11:50:00,False
1446,1165,1,0,700,2026-06-09T12:02:00,False
1447,1166,11,20,800,2026-06-09T12:07:00,False
1448,1167,1,20,700,2026-06-09T12:28:00,False
1449,1168,8,0,1000,2026-06-09T12:48:00,False
1451,1170,10,0,1700,2026-06-09T13:35:59.596994,False
1452,1171,2,0,0,2026-06-09T13:46:00,False
1453,1172,11,20,0,2026-06-09T13:46:00,False
1454,1173,1,0,0,2026-06-09T14:03:00,False
1455,910,2,0,0,2026-05-19T22:48:00,False
1456,1174,10,0,0,2026-06-09T14:26:00,False
1458,1176,9,0,0,2026-06-06T16:24:00,False
1459,1177,2,0,0,2026-06-09T16:25:00,False
1460,1178,5,10,0,2026-06-09T17:44:00,False
1461,1179,11,0,0,2026-06-09T11:45:00,False
1462,1180,9,0,0,2026-06-09T12:06:00,False
1463,1181,5,20,1400,2026-06-10T12:38:00,False
1464,1182,11,20,0,2026-06-10T12:39:00,False
1466,1184,2,0,0,2026-06-09T12:45:00,False
1467,1185,2,0,0,2026-06-10T12:46:00,False
1468,1186,1,0,2000,2026-06-06T12:49:00,False
1469,1186,4,0,2000,2026-06-06T12:49:00,False
1470,1186,10,0,2000,2026-06-06T12:49:00,False
1471,1187,1,20,1000,2026-06-10T12:59:00,False
1472,1188,5,25,1500,2026-06-10T13:00:00,False
1473,1189,2,0,0,2026-06-10T13:01:00,False
1474,1190,11,0,520,2026-06-10T13:10:00,False
1476,1192,1,60,0,2026-06-10T14:28:00,False
1477,1192,11,60,0,2026-06-10T14:28:00,False
1478,1192,9,40,0,2026-06-10T14:28:00,False
1479,1193,1,25,750,2026-06-10T14:30:00,False
1480,1193,11,25,750,2026-06-10T14:30:00,False
1481,1194,9,0,0,2026-06-10T14:32:00,False
1482,1195,11,0,1800,2026-06-10T14:36:00,False
1485,1198,2,0,0,2026-06-10T15:55:00,False
1486,1199,6,0,0,2026-06-10T16:44:00,False
1489,1200,8,25,0,2026-06-08T16:55:00,False
1490,1201,1,26,0,2026-06-10T17:24:00,False
1491,1201,4,26,0,2026-06-10T17:24:00,False
1492,1201,9,26,0,2026-06-10T17:24:00,False
1493,1197,10,20,1500,2026-06-10T15:31:00,False
1494,1202,2,0,0,2026-06-15T11:28:00,False
1495,1203,2,0,0,2026-06-15T11:30:00,False
1496,1204,2,0,0,2026-06-15T11:31:00,False
1497,1205,2,0,0,2026-06-15T11:33:00,False
1498,1206,1,25,1250,2026-06-15T11:35:00,False
1499,1207,11,20,1200,2026-06-15T11:37:00,False
1500,1117,2,0,0,2026-06-08T12:27:00,False
1504,1210,2,0,0,2026-06-15T12:26:58.266101,False
1507,1213,1,20,1000,2026-06-06T12:35:00,False
1508,1214,2,0,0,2026-06-06T12:43:00,False
1509,1215,8,20,1000,2026-06-06T12:52:00,False
1510,1216,2,0,0,2026-06-06T13:10:00,False
1514,1218,1,25,1500,2026-06-15T15:29:00,False
1515,1219,10,20,0,2026-06-15T15:30:00,False
1516,1220,9,10,500,2026-06-15T15:45:00,False
1517,1221,2,0,0,2026-06-11T15:46:00,False
1519,1223,10,0,0,2026-06-06T15:58:00,False
1520,1223,11,0,0,2026-06-06T15:58:00,False
1521,1224,11,20,1200,2026-06-06T16:02:00,False
1522,1225,1,20,0,2026-06-06T16:04:00,False
1523,1226,1,0,0,2026-06-06T16:06:00,False
1524,1227,8,0,0,2026-06-06T16:11:00,False
1525,1228,2,0,0,2026-06-06T16:16:00,False
1526,1229,1,0,0,2026-06-07T10:05:00,False
1527,1230,10,0,700,2026-06-07T10:15:00,False
1528,1230,11,0,700,2026-06-07T10:15:00,False
1532,1232,2,0,0,2026-06-16T10:38:00,False
1533,1233,2,0,0,2026-06-07T10:43:00,False
1534,1234,9,10,600,2026-06-07T10:50:00,False
1535,1235,8,25,1100,2026-06-07T11:06:00,False
1536,1236,2,0,0,2026-06-07T11:15:00,False
1537,1237,10,0,1250,2026-06-07T11:29:00,False
1540,1240,2,0,0,2026-06-07T12:03:00,False
1541,1241,2,0,0,2026-06-16T12:17:00,False
1542,1242,2,0,0,2026-06-07T12:18:00,False
1543,1243,11,0,0,2026-06-16T12:34:00,False
1545,1245,9,0,600,2026-06-03T12:39:00,False
1546,1244,10,0,700,2026-06-07T12:39:00,False
1547,1246,11,0,600,2026-06-07T12:47:00,False
1548,1247,2,0,0,2026-06-07T12:50:00,False
1549,1248,1,160,0,2026-06-07T13:06:00,False
1550,1248,9,20,0,2026-06-07T13:06:00,False
1551,1249,1,0,0,2026-06-16T13:10:00,False
1552,1250,2,0,0,2026-06-07T13:12:00,False
1554,1252,2,0,0,2026-06-07T13:31:00,False
1557,1255,2,0,0,2026-06-07T14:29:00,False
1558,1256,2,0,0,2026-06-07T14:52:00,False
1559,1257,1,0,525,2026-06-16T14:59:27.040707,False
1560,1257,11,0,525,2026-06-16T14:59:27.040707,False
1561,1258,11,0,0,2026-06-07T15:08:00,False
1562,1259,2,0,0,2026-06-07T08:41:00,False
1563,1260,2,0,0,2026-06-08T08:43:00,False
1564,1261,1,0,0,2026-06-08T08:44:00,False
1565,1262,2,0,0,2026-06-08T08:47:00,False
1566,1263,2,0,0,2026-06-08T08:55:00,False
1567,1264,2,0,0,2026-06-17T08:59:00,False
1568,1265,10,0,0,2026-06-08T09:02:00,False
1569,1266,8,20,1000,2026-06-03T09:14:00,False
1570,1267,9,20,1000,2026-06-08T09:22:00,False
1571,1268,8,25,1250,2026-06-14T10:48:00,False
1572,1269,1,20,1000,2026-06-11T10:50:00,False
1573,1270,11,0,800,2026-06-08T10:16:00,False
1574,1271,10,20,1250,2026-06-17T12:03:45.040821,False
1575,1272,1,0,0,2026-06-08T09:25:00,False
1576,1273,1,15,525,2026-06-08T12:05:00,False
1577,1274,2,0,0,2026-06-08T12:09:00,False
1578,1275,2,0,0,2026-06-08T12:11:00,False
1579,1276,10,10,350,2026-06-08T12:15:00,False
1580,1277,8,10,600,2026-06-03T12:16:00,False
1581,1278,1,10,600,2026-06-17T12:20:00,False
1582,1279,10,0,0,2026-06-08T12:21:00,False
1583,1280,2,0,0,2026-06-08T12:24:00,False
1584,1281,9,0,0,2026-06-03T12:27:00,False
1585,1282,11,0,0,2026-06-08T12:29:00,False
1586,1283,8,0,0,2026-06-08T12:31:00,False
1587,1284,9,0,0,2026-06-08T12:35:00,False
1588,1285,8,0,0,2026-06-08T12:38:00,False
1589,1286,8,0,0,2026-06-08T12:39:00,False
1590,1287,9,0,0,2026-06-08T12:51:00,False
1591,1288,11,20,1000,2026-06-15T12:51:00,False
1593,1290,2,0,0,2026-06-06T12:57:00,False
1594,1291,1,0,0,2026-06-15T14:37:00,False
1595,1292,10,0,0,2026-06-15T14:42:00,False
1597,1294,11,0,0,2026-06-08T14:52:00,False
1599,1295,1,0,1000,2026-06-16T14:44:00,False
1601,1296,10,10,350,2026-06-16T15:04:00,False
1602,1297,1,0,0,2026-06-08T15:06:00,False
1603,1298,1,0,0,2026-06-16T15:12:00,False
1604,1299,10,25,1250,2026-06-16T15:15:00,False
1608,1301,2,0,0,2026-06-08T15:26:00,False
1610,1303,2,0,0,2026-06-08T15:29:00,False
1611,1304,11,25,1500,2026-06-16T15:22:00,False
1612,1305,2,0,0,2026-06-08T15:48:00,False
1615,1306,2,0,0,2026-06-09T16:17:00,False
1616,1307,10,0,0,2026-06-09T16:18:00,False
1617,1308,2,0,0,2026-06-09T16:24:00,False
1618,1309,2,0,0,2026-06-09T16:38:00,False
1619,1310,2,0,0,2026-06-09T09:03:00,False
1620,1311,2,0,0,2026-06-09T09:08:00,False
1621,1312,2,0,0,2026-06-09T09:10:00,False
1622,1313,2,0,0,2026-06-09T09:31:00,False
1623,1314,2,0,0,2026-06-17T09:53:00,False
1625,1316,1,20,1500,2026-06-17T10:18:00,False
1627,1317,11,20,1100,2026-06-17T10:21:00,False
1628,1318,2,0,0,2026-06-17T10:24:00,False
1629,1319,2,0,0,2026-06-17T10:25:00,False
1630,1320,2,0,0,2026-06-17T10:31:00,False
1631,1321,1,15,350,2026-06-17T10:32:00,False
1633,1323,1,25,1800,2026-06-14T10:39:00,False
1635,1325,2,0,0,2026-06-17T10:44:00,False
1636,1326,1,0,700,2026-06-16T10:43:00,False
1637,1326,9,0,700,2026-06-16T10:43:00,False
1638,1327,8,20,1000,2026-06-17T10:54:00,False
1639,1327,11,20,1000,2026-06-17T10:54:00,False
1640,1327,8,20,1000,2026-06-17T10:54:00,False
1641,1328,2,0,0,2026-06-17T10:55:00,False
1642,1329,8,0,0,2026-06-17T11:20:00,False
1643,1330,1,0,0,2026-06-17T11:29:00,False
1644,1331,8,0,300,2026-06-17T11:40:00,False
1645,1332,2,0,0,2026-06-10T11:50:00,False
1646,1333,1,0,0,2026-06-11T11:59:00,False
1647,1334,8,0,0,2026-06-10T12:00:00,False
1648,1335,9,0,0,2026-06-10T12:02:00,False
1649,1336,8,0,600,2026-06-17T11:51:00,False
1650,1337,1,0,600,2026-06-10T12:12:00,False
1652,1338,2,0,0,2026-06-17T12:56:00,False
1656,1209,10,0,1700,2026-06-06T11:53:00,False
1657,1209,9,0,1700,2026-06-06T11:53:00,False
1658,1231,9,0,1200,2026-06-07T10:21:00,False
1659,1231,11,0,1200,2026-06-07T10:21:00,False
1660,1231,10,0,1200,2026-06-07T10:21:00,False
1662,1340,1,20,1000,2026-06-18T13:48:00,False
1663,1341,2,0,0,2026-06-18T14:21:00,False
1664,1342,2,0,0,2026-06-18T14:40:00,False
1665,1343,2,0,0,2026-06-18T14:53:00,False
1666,1322,8,20,1500,2026-06-17T10:37:00,False
1667,1344,11,25,1250,2026-06-18T15:33:00,False
1669,1346,2,0,0,2026-06-19T09:20:00,False
1670,1347,2,0,0,2026-06-19T09:23:00,False
1671,1348,2,0,0,2026-06-19T09:24:00,False
1672,1349,9,0,0,2026-06-18T09:43:00,False
1673,1349,1,0,0,2026-06-18T09:43:00,False
1674,1350,9,25,1250,2026-06-19T10:23:00,False
1675,1351,8,0,0,2026-06-18T11:21:00,False
1676,1352,9,0,0,2026-06-19T11:28:00,False
1677,1353,9,0,1250,2026-06-19T11:41:00,False
1678,1354,2,0,0,2026-06-19T11:55:00,False
1679,1355,8,0,350,2026-06-18T12:00:00,False
1680,1356,10,20,1200,2026-06-18T12:15:00,False
1681,1357,2,0,0,2026-06-19T12:40:00,False
1682,1358,9,0,0,2026-06-19T14:12:00,False
1683,1359,8,0,600,2026-06-18T14:14:00,False
1684,1360,11,0,0,2026-06-19T14:17:00,False
1685,1361,9,0,300,2026-06-19T14:19:00,False
1689,1365,9,20,1000,2026-06-20T08:54:00,False
1690,1365,11,19,1000,2026-06-20T08:54:00,False
1691,1366,11,25,0,2026-06-19T09:49:00,False
1692,1367,2,0,0,2026-06-20T10:14:00,False
1694,1369,2,0,0,2026-06-19T13:21:00,False
1695,1370,11,20,0,2026-06-19T13:22:00,False
1696,1371,4,25,0,2026-06-19T13:23:00,False
1697,1372,11,20,0,2026-06-19T13:23:00,False
1698,1373,1,0,0,2026-06-20T13:33:00,False
1699,1374,1,22,1125,2026-06-20T13:35:00,False
1700,1374,5,23,1125,2026-06-20T13:35:00,False
1702,1376,8,20,800,2026-06-20T13:39:00,False
1703,1377,9,15,2000,2026-06-20T13:41:00,False
1704,1378,11,20,0,2026-06-20T13:46:00,False
1705,1211,2,0,0,2026-06-15T12:27:00,False
1706,1379,11,0,1498.38,2026-06-15T13:51:00,False
1707,1380,1,20,0,2026-06-20T13:55:00,False
1708,1380,9,20,0,2026-06-20T13:55:00,False
1709,1380,10,20,0,2026-06-20T13:55:00,False
1710,1380,8,20,0,2026-06-20T13:55:00,False
1711,1380,11,40,0,2026-06-20T13:55:00,False
1712,1381,1,20,1500,2026-06-20T13:58:00,False
1713,1382,2,1,0,2026-06-20T13:59:00,False
1714,1382,11,9,300,2026-06-20T13:59:00,False
1716,1384,2,40,0,2026-06-20T14:19:00,False
1717,1385,8,10,7500,2026-06-20T14:23:00,False
1718,1386,10,0,1250,2026-06-20T14:26:00,False
1719,1387,2,0,0,2026-06-20T14:37:00,False
1720,1388,2,0,0,2026-06-20T15:04:00,False
1721,1389,1,20,1000,2026-06-20T15:06:00,False
1722,1390,2,0,0,2026-06-20T15:08:00,False
1723,1391,10,25,1250,2026-06-20T15:09:00,False
1724,1392,2,0,0,2026-06-20T15:10:00,False
1725,1393,1,20,1000,2026-06-20T15:54:00,False
1726,1394,8,20,1000,2026-06-20T15:57:00,False
1728,1395,2,0,0,2026-06-20T16:04:00,False
1729,1396,2,0,0,2026-06-18T16:06:00,False
1730,1397,2,0,0,2026-06-20T16:11:00,False
1747,1401,2,0,0,2026-06-20T16:55:00,False
1749,1403,8,10,600,2026-06-20T17:19:00,False
1751,1405,2,0,0,2026-06-20T08:22:00,False
1752,1406,2,0,0,2026-06-21T10:09:00,False
1753,1407,1,0,0,2026-06-21T10:14:00,False
1754,1408,2,0,0,2026-06-21T10:24:00,False
1756,1410,2,0,0,2026-06-21T10:46:00,False
1757,1411,2,0,0,2026-06-21T11:59:00,False
1758,1412,9,0,0,2026-06-21T12:08:00,False
1759,1413,9,6,180,2026-06-21T12:10:00,False
1760,1414,10,20,600,2026-06-21T12:19:00,False
1761,1415,1,25,1500,2026-06-21T12:22:00,False
1762,1416,11,0,0,2026-06-21T12:24:00,False
1763,1417,2,0,0,2026-06-21T12:27:00,False
1764,1418,10,25,0,2026-06-21T12:29:00,False
1765,1419,1,20,0,2026-06-21T12:39:00,False
1768,1422,2,0,0,2026-06-21T12:47:00,False
1769,1423,2,0,0,2026-06-21T13:00:00,False
1774,1400,1,45,2025,2026-06-20T16:51:00,False
1775,1400,8,40,1800,2026-06-20T16:51:00,False
1776,1400,10,40,1800,2026-06-20T16:51:00,False
1777,1400,11,20,900,2026-06-20T16:51:00,False
1778,1400,9,20,900,2026-06-20T16:51:00,False
1779,1217,11,0,0,2026-06-15T13:14:00,False
1780,1217,10,0,0,2026-06-15T13:14:00,False
1781,1217,9,0,0,2026-06-15T13:14:00,False
1782,1217,8,0,865.5,2026-06-15T13:14:00,False
1783,1146,11,0,600,2026-06-09T08:57:00,False
1784,1420,11,0,400,2026-06-21T12:44:00,False
1785,1424,5,0,1500,2026-06-21T15:00:00,False
1786,1424,11,0,1500,2026-06-21T15:00:00,False
1788,1426,11,0,1300,2026-06-14T15:06:00,False
1789,1427,11,0,0,2026-06-21T15:21:00,False
1790,1428,11,0,1000,2026-06-17T15:40:00,False
1791,1429,7,100,0,2026-06-21T16:51:00,False
1792,1430,11,25,1250,2026-06-21T17:14:00,False
1793,1431,2,0,0,2026-06-21T17:25:00,False
1794,1432,1,25,0,2026-06-21T17:30:00,False
1796,1434,10,0,1000,2026-06-22T09:59:00,False
1797,1435,1,0,422.7,2026-06-22T10:28:00,False
1798,1436,1,25,0,2026-06-22T11:21:00,False
1799,1436,9,25,0,2026-06-22T11:21:00,False
1800,1425,9,0,1250,2026-06-21T15:01:00,False
1801,1437,9,0,0,2026-06-22T12:32:00,False
1802,1438,1,0,0,2026-06-22T12:34:15.019284,False
1803,1438,10,0,0,2026-06-22T12:34:15.019284,False
1804,1438,11,0,0,2026-06-22T12:34:15.019284,False
1805,1438,9,0,0,2026-06-22T12:34:15.019284,False
1806,1439,11,0,600,2026-06-22T12:36:00,False
1807,1440,1,0,0,2026-06-22T12:58:00,False
1808,1441,9,25,0,2026-06-22T13:03:00,False
1809,1442,2,0,0,2026-06-22T13:32:00,False
1810,1443,2,0,0,2026-06-22T13:34:00,False
1811,1444,1,0,0,2026-06-22T13:40:00,False
1812,1445,9,0,0,2026-06-22T13:44:00,False
1813,1446,2,0,0,2026-06-22T14:07:00,False
1814,1447,2,0,0,2026-06-21T14:21:00,False
1815,1448,2,0,0,2026-06-20T14:22:00,False
1816,1449,11,0,0,2026-06-22T14:26:00,False
1818,1451,8,0,0,2026-06-12T14:35:00,False
1819,1452,8,24,0,2026-06-16T14:37:00,False
1821,1454,2,0,0,2026-06-22T14:49:00,False
1822,1455,2,0,0,2026-06-22T15:43:00,False
1823,1456,5,0,0,2026-06-22T16:21:23.569167,False
1824,1456,9,0,0,2026-06-22T16:21:23.569167,False
1825,1457,2,0,0,2026-06-22T16:27:00,False
1826,1458,2,0,0,2026-06-22T16:28:00,False
1827,1459,2,0,0,2026-06-11T16:33:00,False
1828,1460,2,0,0,2026-06-22T16:38:00,False
1830,1462,11,20,800,2026-06-23T09:26:00,False
1831,1463,1,40,2000,2026-06-22T09:27:00,False
1832,1463,5,40,2000,2026-06-22T09:27:00,False
1833,1463,11,40,2000,2026-06-22T09:27:00,False
1834,1463,9,20,1000,2026-06-22T09:27:00,False
1835,1463,8,20,1000,2026-06-22T09:27:00,False
1836,1464,5,0,0,2026-06-22T10:27:00,False
1837,1465,1,25,0,2026-06-23T10:33:00,False
1839,1467,2,0,0,2026-06-22T10:35:00,False
1840,1468,2,0,0,2026-06-23T10:37:00,False
1841,1469,10,25,1250,2026-06-23T10:53:00,False
1842,1470,2,0,0,2026-06-23T11:04:00,False
1843,1471,2,0,0,2026-06-23T11:06:00,False
1844,1472,11,10,600,2026-06-23T11:12:00,False
1845,1473,1,20,1200,2026-06-23T11:14:00,False
1846,1474,9,0,1400,2026-06-23T11:16:00,False
1849,1476,2,0,0,2026-06-23T11:33:00,False
1850,1477,11,20,60,2026-06-23T11:35:00,False
1851,1478,1,15,750,2026-06-23T11:40:00,False
1852,1479,9,0,2000,2026-06-23T11:48:00,False
1853,1480,1,25,1250,2026-06-23T12:28:00,False
1854,1481,10,10,300,2026-06-23T13:15:00,False
1855,1482,2,0,0,2026-06-23T14:06:00,False
1857,1484,11,0,0,2026-06-23T14:12:00,False
1858,1485,2,0,0,2026-06-23T14:20:00,False
1859,1486,2,0,0,2026-06-23T14:23:00,False
1860,1487,2,0,0,2026-06-23T15:53:00,False
1861,1488,11,0,0,2026-06-23T15:58:00,False
1863,1490,2,0,0,2026-06-23T16:53:00,False
1864,1491,11,10,0,2026-06-23T10:16:00,False
1865,1492,2,0,0,2026-06-23T10:35:00,False
1866,1493,5,10,0,2026-06-23T10:36:00,False
1867,1494,1,20,1000,2026-06-24T10:45:00,False
1868,1494,9,20,1000,2026-06-24T10:45:00,False
1869,1494,11,20,1000,2026-06-24T10:45:00,False
1870,1495,2,0,0,2026-06-24T10:48:00,False
1871,1496,2,0,0,2026-06-24T11:00:00,False
1872,1497,10,20,1500,2026-06-24T11:03:00,False
1873,1498,1,0,0,2026-06-24T11:05:00,False
1875,1500,2,0,0,2026-06-24T11:08:00,False
1877,1502,2,0,0,2026-06-24T11:16:00,False
1878,1503,2,0,0,2026-06-24T11:50:00,False
1879,1504,1,25,0,2026-06-24T12:53:00,False
1880,1504,9,50,0,2026-06-24T12:53:00,False
1881,1504,11,25,0,2026-06-24T12:53:00,False
1882,1505,2,0,0,2026-06-24T13:15:00,False
1883,1506,2,0,0,2026-06-24T13:16:00,False
1884,1507,1,20,1000,2026-06-24T13:34:00,False
1885,1508,11,0,400,2026-06-24T13:42:00,False
1886,1509,10,20,1500,2026-06-24T13:51:00,False
1888,1511,10,5,300,2026-06-24T14:32:00,False
1889,1512,11,20,800,2026-06-24T14:38:00,False
1890,1513,1,20,1000,2026-06-18T14:48:00,False
1892,1315,1,25,1250,2026-06-17T10:08:00,False
1893,1514,8,20,1000,2026-06-18T14:52:00,False
1894,1515,8,0,1000,2026-06-14T15:00:00,False
1895,1516,1,0,0,2026-06-18T15:16:00,False
1897,1518,2,0,0,2026-06-25T10:24:00,False
1898,1519,2,0,0,2026-06-25T10:41:00,False
1899,1520,2,0,0,2026-06-24T11:05:00,False
1900,1521,2,0,0,2026-06-24T11:17:00,False
1901,1522,2,0,0,2026-06-24T11:58:00,False
1902,1523,10,85,2550,2026-06-25T12:11:00,False
1903,1523,1,51,1530,2026-06-25T12:11:00,False
1904,1523,9,25,750,2026-06-25T12:11:00,False
1905,1524,11,0,0,2026-06-25T13:36:00,False
1906,1525,1,15,1000,2026-06-10T13:37:00,False
1908,1527,11,20,0,2026-06-11T15:10:00,False
1910,1528,1,20,1728,2026-06-11T15:38:00,False
1911,1529,8,0,1500,2026-06-25T15:41:00,False
1912,1530,10,0,600,2026-06-11T15:42:00,False
1913,1531,3,0,0,2026-06-11T15:45:00,False
1914,1532,2,0,0,2026-06-25T16:07:00,False
1915,1533,2,0,0,2026-06-25T08:18:00,False
1916,1534,2,0,0,2026-06-25T11:29:00,False
1917,1535,2,0,0,2026-06-27T11:40:00,False
1918,1536,1,0,0,2026-06-27T11:46:00,False
1919,1537,2,0,0,2026-06-27T11:52:00,False
1920,1538,2,0,0,2026-06-27T12:10:00,False
1921,1539,2,0,0,2026-06-27T12:33:00,False
1922,1540,2,0,0,2026-06-27T12:36:00,False
1924,1542,2,0,0,2026-06-27T12:49:00,False
1925,1543,10,20,100,2026-06-27T12:50:00,False
1926,1289,1,0,1000,2026-06-08T12:53:00,False
1927,1544,9,0,0,2026-06-27T13:02:00,False
1928,1545,2,0,0,2026-06-27T13:07:00,False
1929,1546,9,10,300,2026-06-27T13:10:00,False
1930,1547,5,0,0,2026-06-27T13:13:00,False
1931,1548,9,25,0,2026-06-18T13:13:00,False
1932,1549,10,0,0,2026-06-27T13:32:00,False
1933,1550,2,0,0,2026-06-27T14:10:00,False
1934,1551,2,0,0,2026-06-27T14:14:00,False
1935,1254,10,0,500,2026-06-07T13:55:00,False
1936,1552,1,0,0,2026-06-27T14:37:00,False
1937,1253,2,0,0,2026-05-16T13:32:00,False
1939,1554,10,0,2500,2026-06-27T17:33:00,False
1940,1554,1,0,2500,2026-06-27T17:33:00,False
1941,1554,9,0,2500,2026-06-27T17:33:00,False
1942,1554,11,0,2500,2026-06-27T17:33:00,False
1943,1555,11,60,0,2026-06-25T17:37:00,False
1944,1555,1,30,0,2026-06-25T17:37:00,False
1945,1556,2,0,0,2026-06-27T08:30:00,False
1946,1557,11,20,1000,2026-06-28T11:34:00,False
1947,1558,1,20,1000,2026-06-28T11:37:00,False
1948,1559,9,0,0,2026-06-28T11:45:00,False
1949,1560,1,4,300,2026-06-28T11:52:00,False
1950,1561,2,0,0,2026-06-28T12:01:00,False
1951,1562,9,0,0,2026-06-28T12:03:00,False
1953,1564,11,0,0,2026-06-28T12:46:00,False
1954,1565,11,0,0,2026-06-28T12:49:00,False
1955,1566,11,20,1000,2026-06-28T12:56:00,False
1956,1567,9,10,600,2026-06-28T12:59:00,False
1957,1568,2,0,0,2026-06-28T13:04:00,False
1958,1569,9,0,720,2026-06-24T13:07:00,False
1959,1570,5,10,0,2026-06-28T13:11:00,False
1960,1571,1,20,520,2026-06-28T13:24:00,False
1961,1572,1,0,0,2026-06-28T13:32:00,False
1962,1573,1,18,0,2026-06-28T14:10:00,False
1963,1573,2,2,0,2026-06-28T14:10:00,False
1964,1574,2,0,0,2026-06-28T14:12:00,False
1965,1575,11,0,0,2026-06-28T15:41:00,False
1966,1576,2,0,0,2026-06-28T15:56:00,False
1967,1577,9,0,600,2026-06-28T16:19:00,False
1968,1578,8,0,0,2026-06-11T16:24:00,False
1969,1579,8,0,0,2026-06-11T16:25:00,False
1970,1580,8,0,0,2026-06-13T16:26:00,False
1971,1581,11,0,0,2026-06-13T16:28:00,False
1972,1582,2,0,0,2026-06-28T17:28:00,False
1973,1583,1,0,0,2026-06-28T17:42:00,False
1974,1584,2,0,0,2026-06-28T17:29:00,False
1975,1585,2,0,0,2026-06-28T09:04:00,False
1976,1586,1,20,1000,2026-06-29T10:52:00,False
1977,1587,11,20,0,2026-06-29T10:56:00,False
1978,1588,2,0,0,2026-06-29T11:57:00,False
1979,1589,10,10,0,2026-06-29T12:10:00,False
1980,1590,2,0,0,2026-06-29T12:21:00,False
1981,1591,10,25,1800,2026-06-29T13:35:01.340396,False
1982,1592,1,20,0,2026-06-29T13:38:00,False
1983,1593,1,0,0,2026-06-29T13:45:00,False
1984,1594,2,0,0,2026-06-29T14:19:00,False
1985,1595,1,10,1000,2026-06-29T14:31:00,False
1986,1433,11,10,1000,2026-06-21T17:42:00,False
1987,1596,9,0,1300,2026-06-10T15:18:00,False
1991,1563,1,0,0,2026-06-28T12:42:00,False
1992,1597,1,0,0,2026-06-28T15:30:00,False
1993,1239,10,0,0,2026-06-07T11:52:00,False
1995,1238,1,0,0,2026-06-03T11:46:00,False
1996,1599,9,25,1500,2026-06-29T15:51:00,False
1997,1600,11,0,1300,2026-06-11T16:20:00,False
1998,1601,2,0,0,2026-06-11T16:31:00,False
1999,1602,5,5,700,2026-06-29T16:36:00,False
2000,1603,9,0,0,2026-06-29T17:17:00,False
2001,1604,2,15,0,2026-06-29T09:42:00,False
2002,1605,2,2,0,2026-06-29T11:09:00,False
2003,1606,1,0,0,2026-06-30T11:15:00,False
2004,1607,5,20,1000,2026-06-30T11:18:00,False
2005,1608,2,0,0,2026-06-30T11:28:29.944387,False
2006,1368,2,0,0,2026-06-20T12:05:00,False
2007,1609,2,0,0,2026-06-14T11:42:00,False
2008,1610,11,20,0,2026-06-30T12:09:00,False
2009,1611,1,25,0,2026-06-30T12:11:00,False
2010,1612,2,0,0,2026-06-30T12:25:00,False
2011,1613,5,10,0,2026-06-30T12:30:00,False
2012,1614,11,20,1000,2026-06-30T13:14:00,False
2013,1615,2,0,0,2026-06-23T13:16:00,False
2014,1616,2,0,0,2026-06-29T13:19:00,False
2015,1617,10,0,0,2026-06-30T13:33:00,False
2016,1617,1,0,0,2026-06-30T13:33:00,False
2017,1618,2,0,0,2026-06-30T14:26:00,False
2018,1619,2,0,0,2026-06-11T14:27:00,False
2019,1620,10,0,0,2026-06-30T14:36:00,False
2020,1621,2,0,0,2026-06-30T14:50:00,False
2021,1622,10,20,520,2026-06-30T15:02:00,False
2022,1623,11,0,0,2026-06-30T15:08:00,False
2023,1624,5,0,0,2026-06-30T15:38:00,False
2024,1624,1,0,0,2026-06-30T15:38:00,False
2025,1624,2,0,0,2026-06-30T15:38:00,False
2026,1625,11,11,600,2026-06-30T15:49:00,False
2027,1626,5,25,1250,2026-06-30T15:52:00,False
2028,1627,10,20,0,2026-06-30T15:58:00,False
2029,1628,2,100,0,2026-06-30T16:17:00,False
2030,1629,11,0,0,2026-06-30T16:59:00,False
2031,1630,5,15,0,2026-06-30T17:11:00,False
2032,1631,2,20,0,2026-06-30T08:43:00,False
2033,1632,11,20,600,2026-07-01T11:05:00,False
2034,1633,5,15,750,2026-07-01T11:25:00,False
2035,1634,9,10,1500,2026-07-01T12:07:00,False
2036,1635,8,25,1500,2026-07-01T12:26:00,False
2037,1636,11,0,0,2026-07-01T12:37:00,False
2038,1251,11,0,1500,2026-06-07T13:14:00,False
2039,1637,2,0,0,2026-06-30T13:14:00,False
2040,1638,2,0,0,2026-07-01T13:34:00,False
2041,1639,8,0,0,2026-07-01T13:44:00,False
2042,1640,5,8,600,2026-07-01T13:45:00,False
2043,1641,2,0,0,2026-07-01T13:48:00,False
2044,1642,5,20,600,2026-07-01T13:51:00,False
2045,1643,2,0,0,2026-07-01T14:25:00,False
2046,1644,11,800,3000,2026-07-01T15:44:00,False
2047,1645,2,0,0,2026-07-01T15:49:00,False
2048,1646,1,140,0,2026-07-01T16:11:00,False
2049,1646,10,140,0,2026-07-01T16:11:00,False
2050,1646,9,100,0,2026-07-01T16:11:00,False
2051,1646,11,20,0,2026-07-01T16:11:00,False
2052,1646,8,20,0,2026-07-01T16:11:00,False
2053,1647,11,0,0,2026-07-01T16:14:00,False
2054,1648,11,0,949.8,2026-06-08T16:21:00,False
2055,1649,5,0,592.05,2026-06-09T16:24:00,False
2056,1650,5,25,0,2026-07-01T16:46:00,False
2057,1651,9,0,0,2026-06-22T16:48:00,False
2058,1652,9,20,1200,2026-07-01T17:24:00,False
2059,1653,11,0,0,2026-07-01T17:32:00,False
2060,1654,2,0,0,2026-07-02T10:40:00,False
2061,1655,10,0,4272,2026-07-01T10:45:00,False
2064,1658,10,20,1500,2026-07-02T12:31:00,False
2065,1659,2,0,0,2026-07-02T12:33:00,False
2066,1660,2,0,0,2026-07-02T12:34:00,False
2067,1661,2,0,0,2026-07-02T12:35:00,False
2068,1662,2,0,0,2026-07-02T12:36:00,False
2069,1663,11,0,0,2026-07-02T12:39:00,False
2070,1664,2,0,0,2026-07-02T12:41:00,False
2071,1665,11,0,1485,2026-07-02T12:43:00,False
2072,1666,2,0,0,2026-07-02T12:52:00,False
2073,1667,10,0,0,2026-07-02T12:57:00,False
2074,1668,9,0,0,2026-07-02T13:06:00,False
2075,1669,9,0,0,2026-07-02T13:15:00,False
2076,1670,2,0,0,2026-07-02T14:53:00,False
2077,1671,2,0,0,2026-07-02T14:55:00,False
2078,1672,11,0,0,2026-06-13T14:56:00,False
2079,1673,11,0,0,2026-07-02T15:26:00,False
2080,1674,2,0,0,2026-07-02T15:37:00,False
2081,1675,9,15,750,2026-07-02T15:46:00,False
2082,1676,9,0,0,2026-07-02T16:11:00,False
2084,1678,11,0,1999.6,2026-07-02T17:20:00,False
2085,1679,9,0,0,2026-07-02T17:24:00,False
2086,1680,11,0,0,2026-07-02T17:24:00,False
2087,1681,2,0,0,2026-07-02T08:22:00,False
2088,1682,2,0,0,2026-07-03T09:41:00,False
2089,1683,2,0,0,2026-07-03T09:44:00,False
2090,1684,2,0,0,2026-07-03T10:31:00,False
2091,1685,2,0,0,2026-07-03T10:40:00,False
2094,1688,2,0,0,2026-07-03T11:01:00,False
2095,1689,4,10,300,2026-07-04T11:41:00,False
2096,1690,4,20,520,2026-07-04T11:47:00,False
2097,1691,4,0,0,2026-07-04T12:04:00,False
2098,1692,2,0,0,2026-07-04T12:21:00,False
2099,1693,4,0,0,2026-07-04T12:23:00,False
2101,1695,8,15,690,2026-07-04T12:55:00,False
2102,1696,10,0,2765,2026-07-04T12:58:00,False
2103,1697,2,0,0,2026-07-04T12:59:00,False
2104,1698,9,0,1997.8,2026-07-04T13:02:00,False
2105,1699,11,80,6000,2026-07-04T13:12:00,False
2106,1699,1,60,4500,2026-07-04T13:12:00,False
2107,1700,2,0,0,2026-07-04T13:34:00,False
2108,1701,10,20,0,2026-07-04T15:28:00,False
2109,1702,1,20,1100,2026-07-04T15:30:00,False
2110,1703,11,20,1000,2026-07-04T15:33:00,False
2111,1704,8,10,600,2026-07-04T15:34:00,False
2112,1705,9,20,1500,2026-07-04T15:36:00,False
2114,1694,9,25,1500,2026-07-04T12:35:00,False
2115,1707,11,0,0,2026-06-28T16:39:00,False
2116,1708,9,0,0,2026-06-29T16:41:00,False
2117,1709,11,50,2800,2026-07-04T17:00:00,False
2118,1709,9,20,1200,2026-07-04T17:00:00,False
2119,1710,11,0,0,2026-07-05T13:03:00,False
2120,1711,9,0,2200,2026-07-05T13:07:00,False
2121,1711,1,0,2200,2026-07-05T13:07:00,False
2122,1711,10,0,2200,2026-07-05T13:07:00,False
2123,1712,2,0,0,2026-07-05T13:18:00,False
2124,1713,11,0,800,2026-07-05T13:29:00,False
2125,1714,2,0,0,2026-07-05T14:13:00,False
2126,1715,2,0,0,2026-07-05T14:17:00,False
2127,1716,10,20,800,2026-07-05T14:20:00,False
2128,1717,11,0,600,2026-07-05T14:26:00,False
2129,1718,11,0,0,2026-07-05T14:40:00,False
2130,1719,11,0,473.85,2026-07-05T14:53:00,False
2131,1720,11,20,1000,2026-07-05T14:57:00,False
2132,1720,4,40,2000,2026-07-05T14:57:00,False
2133,1720,1,20,1050,2026-07-05T14:57:00,False
2134,1686,1,0,500,2026-07-03T10:41:00,False
2136,1722,11,0,600,2026-07-05T15:09:00,False
2137,1723,10,15,750,2026-07-05T15:12:00,False
2138,1724,9,20,1000,2026-07-05T15:25:00,False
2139,1725,1,50,1500,2026-07-04T15:38:00,False
2140,1725,4,50,1500,2026-07-04T15:38:00,False
2141,1725,11,50,1500,2026-07-04T15:38:00,False
2142,1725,10,25,750,2026-07-04T15:38:00,False
2143,1726,4,0,500,2026-07-05T16:22:00,False
2144,1727,4,10,0,2026-07-05T16:28:00,False
2145,1728,2,0,0,2026-07-05T16:49:00,False
2146,1729,2,0,0,2026-07-05T16:57:00,False
2147,1730,1,0,1800,2026-06-18T16:59:00,False
2148,1730,10,0,1800,2026-06-18T16:59:00,False
2149,1730,9,0,1800,2026-06-18T16:59:00,False
2151,1732,1,0,798,2026-07-06T10:46:00,False
2152,1733,1,10,0,2026-07-06T16:33:00,False
2153,1734,1,20,1000,2026-07-06T16:37:00,False
2154,1735,1,20,600,2026-07-06T16:41:00,False
2155,1736,2,0,0,2026-07-04T11:05:00,False
2157,1738,1,0,0,2026-07-07T13:17:00,False
2158,1739,4,20,1000,2026-07-07T13:34:00,False
2160,1741,4,20,1100,2026-07-07T13:56:00,False
2161,1742,9,20,1200,2026-07-07T13:58:00,False
2162,1743,11,25,0,2026-07-07T14:00:00,False
2164,1745,1,25,750,2026-07-07T14:04:00,False
2165,1745,11,25,750,2026-07-07T14:04:00,False
2166,1746,11,0,0,2026-07-07T14:33:00,False
2167,1747,9,15,690,2026-07-07T14:41:00,False
2169,1749,2,0,0,2026-07-07T14:48:00,False
2170,1750,2,0,0,2026-07-07T15:13:00,False
2171,1751,4,0,0,2026-07-07T15:27:00,False
2172,1748,2,0,0,2026-07-07T14:42:00,False
2173,1752,2,0,0,2026-07-07T15:37:00,False
2174,1753,2,0,0,2026-07-07T10:12:00,False
2175,1754,4,10,600,2026-07-08T10:16:00,False
2176,1755,1,25,1250,2026-07-08T10:18:00,False
2177,1501,2,0,0,2026-06-24T11:10:00,False
2178,1475,10,0,0,2026-06-23T11:22:00,False
2179,1475,2,0,0,2026-06-23T11:22:00,False
2180,1756,2,0,0,2026-07-08T11:49:00,False
2181,1757,11,0,0,2026-07-08T11:56:00,False
2182,1758,9,0,0,2026-07-08T12:19:00,False
2184,1760,11,500,800,2026-07-08T12:49:00,False
2186,1762,2,0,0,2026-07-08T14:03:00,False
2187,1763,2,0,0,2026-07-07T14:05:00,False
2190,1766,4,15,600,2026-07-08T14:39:00,False
2191,1767,10,25,0,2026-07-08T15:07:00,False
2192,1768,9,10,0,2026-07-08T15:24:00,False
2193,1769,9,10,500,2026-07-08T15:28:00,False
2194,1770,4,25,0,2026-07-08T15:29:00,False
2196,1772,11,0,0,2026-07-08T15:43:00,False
2197,1772,9,0,0,2026-07-08T15:43:00,False
2198,1773,2,0,0,2026-07-09T10:14:00,False
2199,1774,2,2,0,2026-07-09T10:25:00,False
2202,1776,1,25,1250,2026-07-09T11:20:00,False
2203,1777,9,0,0,2026-07-09T11:26:00,False
2204,1778,2,0,0,2026-07-09T11:55:00,False
2205,1779,2,0,0,2026-07-09T12:10:00,False
2206,1780,9,0,0,2026-07-09T12:18:00,False
2207,1781,2,0,0,2026-07-09T12:22:00,False
2208,1782,2,0,0,2026-07-09T12:27:00,False
2209,1783,2,0,0,2026-06-25T13:28:00,False
2210,1784,1,20,1100,2026-06-13T13:49:00,False
2211,1785,2,35,0,2026-07-09T14:44:00,False
2212,1785,4,20,0,2026-07-09T14:44:00,False
2213,1785,11,20,0,2026-07-09T14:44:00,False
2214,1785,10,20,0,2026-07-09T14:44:00,False
2215,1786,2,0,0,2026-07-09T14:57:00,False
2216,1787,4,20,766.8,2026-06-16T15:22:00,False
2217,1788,2,0,0,2026-07-09T16:39:00,False
2218,1789,4,10,0,2026-07-09T16:45:00,False
2219,1790,11,0,600,2026-07-09T17:02:18.807814,False
2220,1791,9,25,1500,2026-07-09T17:08:29.503267,False
2222,1793,2,0,0,2026-07-09T17:38:00,False
2223,1794,1,20,0,2026-07-10T08:46:00,False
2224,1794,11,20,0,2026-07-10T08:46:00,False
2227,1797,2,15,0,2026-07-10T13:01:00,False
2228,1798,1,25,1250,2026-07-10T13:03:00,False
2229,1799,2,0,0,2026-07-10T09:33:00,False
2230,1800,2,0,0,2026-07-09T09:50:00,False
2231,1801,4,20,0,2026-07-11T10:15:00,False
2232,1802,11,0,0,2026-07-11T10:28:00,False
2234,1804,1,20,1500,2026-07-11T10:35:00,False
2235,1803,10,0,1666.28,2026-06-13T10:32:00,False
2236,1805,4,25,1300,2026-07-11T10:48:00,False
2237,1806,4,0,7720,2026-07-11T11:48:00,False
2238,1807,2,0,0,2026-07-11T12:45:00,False
2239,1808,9,0,0,2026-07-11T13:47:00,False
2240,1809,2,0,0,2026-07-11T13:56:00,False
2241,1810,2,0,0,2026-07-11T14:46:00,False
2242,1811,4,10,600,2026-07-11T15:23:00,False
2243,1812,4,25,1250,2026-07-11T15:28:00,False
2244,1813,2,0,0,2026-07-06T15:30:00,False
2245,1814,2,0,0,2026-07-11T15:43:00,False
2246,1815,1,26,1560,2026-07-11T15:49:00,False
2247,1816,11,20,1000,2026-07-11T15:58:00,False
2248,1817,1,20,0,2026-07-11T16:47:00,False
2250,1819,1,20,0,2026-07-12T09:34:00,False
2252,1821,1,25,1500,2026-07-10T10:40:00,False
2253,1822,4,25,1250,2026-07-11T10:47:00,False
2254,1823,4,18,800,2026-07-12T10:55:00,False
2255,1824,1,20,800,2026-06-13T11:00:00,False
2257,1826,11,20,800,2026-06-18T11:17:00,False
2258,1825,9,20,800,2026-06-16T11:16:00,False
2259,1827,2,0,0,2026-07-12T12:54:00,False
2260,1828,2,0,0,2026-07-12T12:55:00,False
2261,1829,2,0,0,2026-07-12T16:12:00,False
2262,1830,10,25,1250,2026-07-12T16:25:00,False
2263,1831,1,10,600,2026-07-12T16:28:00,False
2264,1832,10,20,1000,2026-07-12T16:30:00,False
2265,1833,2,0,0,2026-07-12T16:31:00,False
2266,1834,1,20,1000,2026-07-07T16:53:00,False
2267,1835,11,0,0,2026-06-14T17:17:00,False
2269,1837,2,0,0,2026-07-07T17:45:00,False
2270,1838,2,0,0,2026-07-13T09:19:00,False
2271,1839,2,16,0,2026-07-13T09:36:00,False
2272,1840,2,0,0,2026-07-13T09:42:00,False
2273,1841,1,20,800,2026-07-06T09:56:00,False
2274,1842,1,0,0,2026-07-13T10:18:00,False
2275,1842,11,0,0,2026-07-13T10:18:00,False
2276,1843,10,20,800,2026-06-16T10:29:00,False
2277,1844,9,0,1500,2026-07-08T10:32:00,False
2278,1845,11,20,680.47,2026-07-13T11:02:00,False
2279,1846,10,25,1250,2026-07-08T12:30:00,False
2280,1847,1,25,1250,2026-07-13T12:33:00,False
2281,1848,4,20,1000,2026-07-13T13:24:00,False
2282,1849,1,25,1250,2026-07-13T14:40:29.889396,False
2283,1850,2,0,0,2026-07-04T14:40:00,False
2284,1851,4,20,1000,2026-07-07T14:43:00,False
2285,1852,2,0,0,2026-07-13T15:03:00,False
2286,1853,8,20,600,2026-06-13T15:04:00,False
2287,1854,2,0,0,2026-06-14T15:24:00,False
2288,1855,11,0,0,2026-06-16T15:26:00,False
2289,1856,11,20,600,2026-06-18T15:30:00,False
2290,1857,11,0,668.28,2026-06-18T15:32:00,False
2291,1858,11,20,1500,2026-07-13T15:42:00,False
2292,1859,1,0,1000,2026-07-13T16:53:45.934973,False
2293,1860,2,0,0,2026-07-13T17:54:00,False
2294,1861,4,25,1250,2026-07-14T08:49:00,False
2295,1862,9,20,520,2026-07-14T08:50:00,False
2296,1863,1,10,300,2026-07-14T08:51:00,False
2297,1864,9,20,1000,2026-07-14T09:02:16.239714,False
2298,1865,11,20,1000,2026-06-14T09:16:00,False
2299,1866,1,10,0,2026-07-14T10:31:15.411212,False
2300,1867,2,0,0,2026-07-14T10:31:00,False
2301,1868,2,0,0,2026-07-14T10:39:00,False
2302,1869,2,0,0,2026-07-14T10:42:00,False
2303,1870,9,0,0,2026-07-14T11:06:00,False
2304,1871,1,20,1200,2026-07-14T11:29:00,False
2305,1872,9,0,0,2026-07-11T11:50:00,False
2306,1873,2,0,0,2026-07-14T12:06:00,False
2307,1874,8,25,0,2026-06-13T12:56:00,False
2308,1875,2,0,0,2026-06-14T13:08:00,False
2309,1876,9,0,600,2026-06-13T13:19:00,False
2310,1877,2,2,0,2026-07-14T13:58:00,False
2311,1878,1,0,0,2026-07-14T14:10:00,False
2312,1878,9,0,0,2026-07-14T14:10:00,False
2313,1879,1,26,1560,2026-07-14T15:02:00,False
2314,1880,11,20,1740,2026-06-13T15:05:00,False
2315,1881,2,1,0,2026-07-14T15:32:00,False
2316,1882,7,20,1200,2026-06-13T15:33:00,False
2317,1883,2,140,0,2026-06-13T15:36:00,False
2318,1884,9,2,0,2026-06-14T15:41:00,False
2319,1885,8,40,1400,2026-06-14T15:45:00,False
2320,1885,11,40,1400,2026-06-14T15:45:00,False
2321,1886,1,20,1000,2026-07-14T16:05:00,False
2322,1887,2,0,0,2026-06-21T16:33:00,False
2323,1888,5,5,0,2026-06-11T16:42:00,False
2324,1889,2,0,0,2026-06-17T16:43:00,False
2325,1890,11,0,0,2026-06-13T17:10:00,False
2326,1510,2,0,0,2026-06-24T14:22:00,False
2327,1541,9,25,600,2026-06-27T12:44:00,False
2328,1891,2,0,0,2026-07-15T08:39:00,False
2329,1892,1,20,1500,2026-07-15T09:17:00,False
2330,1893,4,0,300,2026-07-15T10:09:00,False
2331,1894,2,0,0,2026-07-15T10:26:00,False
2332,1895,1,0,0,2026-07-14T10:26:00,False
2333,1895,9,0,0,2026-07-14T10:26:00,False
2334,1896,4,0,0,2026-07-15T10:40:00,False
2335,1897,10,0,1500,2026-07-15T10:42:00,False
2336,1897,11,0,1500,2026-07-15T10:42:00,False
2337,1897,1,0,1500,2026-07-15T10:42:00,False
2338,1897,9,0,1500,2026-07-15T10:42:00,False
2339,1898,1,20,1250,2026-07-15T10:48:00,False
2340,1899,9,0,303.2,2026-07-15T11:00:00,False
2341,1900,4,25,1250,2026-07-15T11:16:00,False
2342,1901,5,20,1000,2026-07-15T11:23:00,False
2343,1902,9,20,1200,2026-07-15T11:53:00,False
2344,1903,11,0,500,2026-07-15T12:13:00,False
2345,1904,1,0,300,2026-07-15T12:17:00,False
2346,1905,11,0,0,2026-07-15T12:22:00,False
2347,1906,9,0,0,2026-07-14T12:23:00,False
2348,1907,11,10,300,2026-07-15T12:38:00,False
2349,1908,2,0,0,2026-07-15T12:52:00,False
2350,1909,1,20,0,2026-07-15T13:25:15.523278,False
2351,1910,1,0,0,2026-03-18T13:31:00,False
2352,1910,11,0,0,2026-03-18T13:31:00,False
2353,1911,5,25,1250,2026-07-15T14:20:00,False
2355,1912,1,25,1250,2026-07-07T14:42:00,False
2356,1913,11,20,1000,2026-07-15T14:44:00,False
2357,1914,4,0,0,2026-07-15T15:44:00,False
2358,1915,4,0,1200,2026-07-10T16:05:00,False
2359,1916,2,0,0,2026-07-15T16:09:00,False
2360,1917,9,0,0,2026-07-15T16:31:00,False
2361,1918,11,1,1250,2026-06-08T16:43:00,False
2362,1919,2,0,0,2026-07-02T16:45:00,False
2363,1212,11,0,300,2026-06-06T12:29:00,False
2364,1160,11,0,0,2026-06-06T11:40:00,False
2365,1920,11,0,0,2026-07-16T10:10:00,False
2366,1921,9,20,1000,2026-07-16T10:25:00,False
2367,1922,2,0,0,2026-07-16T10:27:00,False
2368,1923,2,0,0,2026-07-16T10:52:00,False
2369,1924,1,0,0,2026-07-16T10:54:00,False
2370,1925,2,0,0,2026-07-16T11:44:00,False
2371,1926,1,15,750,2026-07-16T12:04:16.763121,False
2372,1927,2,0,0,2026-07-16T12:12:00,False
2373,1928,4,10,0,2026-07-16T12:37:00,False
2374,1929,2,0,0,2026-07-16T13:07:00,False
2375,1930,4,0,3900,2026-07-16T13:17:00,False
2376,1931,4,0,300,2026-07-16T14:02:00,False
2377,1932,10,10,600,2026-07-16T14:15:00,False
2378,1933,2,0,0,2026-07-16T16:27:00,False
2379,1934,2,0,0,2026-07-16T17:06:00,False
2380,1935,1,0,0,2026-07-17T14:49:00,False
2384,1937,2,0,0,2026-07-17T15:15:00,False
2386,1939,1,10,500,2026-07-18T11:39:00,False
2387,1940,9,26,1560,2026-07-18T11:49:00,False
2388,1941,11,20,1000,2026-07-18T11:53:00,False
2390,1943,11,25,1400,2026-07-18T12:50:21.334557,False
2391,1944,4,0,0,2026-07-18T12:56:24.053592,False
2392,1945,10,0,0,2026-07-18T12:57:00,False
2393,1946,11,0,278,2026-07-18T13:00:00,False
2394,1947,1,25,0,2026-07-18T13:11:00,False
2395,1948,9,20,1000,2026-07-18T13:12:00,False
2396,1949,2,0,0,2026-07-18T13:13:00,False
2397,1950,10,25,1250,2026-07-18T13:15:00,False
2398,1951,5,10,300,2026-07-18T13:32:00,False
2399,1952,9,25,1500,2026-07-18T13:40:00,False
2400,1953,10,20,1000,2026-07-18T13:47:00,False
2401,1954,10,20,1000,2026-07-18T13:49:00,False
2403,1956,9,20,0,2026-07-18T14:36:00,False
2404,1957,11,0,1500,2026-07-17T14:37:00,False
2405,1957,1,0,1500,2026-07-17T14:37:00,False
2406,1958,1,70,3294,2026-07-18T15:00:00,False
2407,1958,4,50,2352,2026-07-18T15:00:00,False
2408,1958,11,50,2354,2026-07-18T15:00:00,False
2409,1959,1,0,1550,2026-07-17T15:02:00,False
2410,1959,11,0,1574.8,2026-07-17T15:02:00,False
2411,1960,2,0,0,2026-07-18T16:05:00,False
2412,1961,1,75,0,2026-07-18T17:39:00,False
2413,1961,10,25,0,2026-07-18T17:39:00,False
2414,1961,9,50,0,2026-07-18T17:39:00,False
2415,1961,4,50,0,2026-07-18T17:39:00,False
2416,1962,2,0,0,2026-07-18T17:41:00,False
2417,1963,4,25,0,2026-07-18T11:19:00,False
2418,1964,2,0,0,2026-07-18T11:33:00,False
2419,1965,11,0,207.5,2026-07-18T11:34:00,False
2420,1965,1,0,1000,2026-07-18T11:34:00,False
2421,1965,9,0,400,2026-07-18T11:34:00,False
2422,1966,1,0,3300,2026-07-17T13:02:00,False
2423,1966,4,0,3300,2026-07-17T13:02:00,False
2424,1967,2,0,0,2026-07-18T13:04:00,False
2425,1968,10,20,800,2026-07-19T13:14:00,False
2426,1969,2,0,0,2026-07-19T13:15:00,False
2427,1970,11,20,800,2026-07-19T13:17:00,False
2428,1971,4,20,1000,2026-07-18T13:18:00,False
2429,1972,1,20,1000,2026-07-19T13:24:00,False
2430,1973,1,0,0,2026-07-19T13:28:00,False
2431,1974,2,0,0,2026-07-19T13:31:00,False
2432,1975,1,20,3300,2026-07-19T13:34:00,False
2433,1976,9,10,300,2026-07-19T13:38:00,False
2434,1977,2,0,0,2026-07-19T13:45:00,False
2435,1978,9,20,0,2026-07-19T14:20:00,False
2436,1979,1,0,1237.5,2026-07-19T14:24:00,False
2437,1980,1,25,1400,2026-07-19T14:31:00,False
2438,1981,2,0,0,2026-07-19T14:32:00,False
2439,1982,9,0,2000,2026-07-19T15:41:00,False
2440,1982,10,0,2000,2026-07-19T15:41:00,False
2441,1982,11,0,2000,2026-07-19T15:41:00,False
2442,1983,4,0,0,2026-07-19T16:09:00,False
2443,1984,1,25,1250,2026-07-19T16:14:00,False
2445,1986,9,20,1000,2026-07-19T16:33:39.172329,False
2446,1987,2,0,0,2026-07-19T16:35:00,False
2447,1988,2,0,0,2026-07-19T16:44:00,False
2448,1989,2,0,0,2026-07-19T18:00:32.355964,False
2449,1990,1,10,300,2026-07-20T09:12:00,False
2450,1991,10,25,1250,2026-07-19T09:13:00,False
2451,1992,2,0,0,2026-07-20T09:39:00,False
2452,1993,11,0,1200,2026-07-20T09:50:13.535061,False
2453,1994,2,0,0,2026-07-20T10:05:00,False
2454,1995,1,20,0,2026-07-20T10:07:00,False
2455,1995,4,20,0,2026-07-20T10:07:00,False
2456,1995,11,20,0,2026-07-20T10:07:00,False
2457,1996,1,20,800,2026-06-03T10:26:00,False
2458,1997,2,0,0,2026-07-20T10:47:00,False
2459,1998,2,0,0,2026-07-20T10:51:00,False
2460,1999,4,25,0,2026-07-20T11:44:04.811610,False
2461,2000,1,15,750,2026-07-20T13:01:00,False
2462,2001,12,20,600,2026-07-20T13:05:00,False
2463,2002,11,0,0,2026-07-20T13:38:00,False
2464,2003,12,0,0,2026-07-20T14:12:00,False
2465,2004,4,0,0,2026-07-20T14:21:00,False
2466,2005,7,0,0,2026-07-20T14:38:00,False
2467,2006,2,0,0,2026-07-20T14:45:00,False
2468,2007,1,40,1200,2026-07-20T14:58:00,False
2469,2007,11,20,600,2026-07-20T14:58:00,False
2470,2007,9,40,1200,2026-07-20T14:58:00,False
2471,2007,10,40,1200,2026-07-20T14:58:00,False
2472,2007,12,40,1200,2026-07-20T14:58:00,False
2473,2008,12,0,0,2026-07-20T15:21:00,False
2474,2009,9,10,300,2026-07-20T15:47:00,False
2475,2010,11,0,0,2026-07-02T16:32:00,False
2476,2011,1,0,500,2026-07-20T17:34:00,False
2477,2012,1,0,500,2026-07-20T17:39:00,False
2478,2013,12,25,500,2026-07-20T17:44:00,False
2479,2014,11,0,0,2026-07-20T09:14:00,False
2480,2014,4,0,0,2026-07-20T09:14:00,False
2481,2015,11,0,2000,2026-07-20T09:21:00,False
2482,2015,4,0,2000,2026-07-20T09:21:00,False
2483,2016,2,0,0,2026-07-20T09:24:00,False
2484,2017,4,10,500,2026-07-22T09:26:00,False
2485,2018,9,20,0,2026-07-23T09:31:00,False
2486,2019,11,10,500,2026-07-23T09:35:00,False
2487,2020,2,0,0,2026-07-21T10:21:00,False
2488,2021,2,0,0,2026-07-23T10:23:00,False
2489,2022,2,0,0,2026-07-19T10:29:00,False
2490,2023,2,0,0,2026-07-16T10:53:00,False
2491,2024,4,0,0,2026-07-17T10:56:00,False
2492,2025,1,0,87.02,2026-02-06T10:58:00,False
2493,2026,1,0,0,2026-06-14T11:02:00,False
2494,2027,1,0,1500,2026-06-14T11:16:00,False
2495,2028,5,25,0,2026-07-23T11:26:00,False
2496,2029,1,20,0,2026-06-14T11:28:00,False
2497,2030,2,0,0,2026-07-23T11:44:00,False
2498,2031,2,0,0,2026-07-23T11:48:00,False
2499,2032,4,9,0,2026-06-14T12:03:00,False
2500,2033,1,0,1000,2026-06-14T12:06:00,False
2501,2033,11,0,1000,2026-06-14T12:06:00,False
2502,2034,2,0,0,2026-06-15T12:12:00,False
2503,2035,8,25,0,2026-06-16T12:14:00,False
2504,2036,2,0,0,2026-06-16T12:20:00,False
2505,2037,2,0,0,2026-06-16T12:21:00,False
2506,2038,9,0,2050,2026-06-16T12:23:00,False
2507,2039,2,0,0,2026-06-16T12:47:00,False
2508,2040,1,16,1250,2026-07-23T13:36:00,False
2510,2042,10,25,6960,2026-07-23T14:49:00,False
2512,2044,2,0,0,2026-07-20T16:18:00,False
2513,2045,4,0,240,2025-11-11T16:26:00,False
2514,2046,4,10,400,2025-11-13T16:28:00,False
2515,2047,2,0,0,2026-07-23T16:34:00,False
2516,2048,1,25,500,2026-07-23T16:51:00,False
2517,2049,2,0,0,2025-11-15T17:06:00,False
2518,2050,4,0,200,2025-11-06T17:09:00,False
2519,2051,4,10,400,2025-12-27T17:13:00,False
2520,2052,4,10,400,2025-12-28T17:18:00,False
2521,2053,1,10,400,2025-12-30T17:21:00,False
2523,2055,4,20,800,2026-01-05T17:37:00,False
2524,2056,4,7,280,2026-01-05T17:38:00,False
2525,2057,4,10,400,2025-10-15T17:41:00,False
2528,2060,2,0,0,2026-07-24T14:00:00,False
2529,2061,4,20,600,2026-07-25T09:02:00,False
2530,2062,10,18,0,2026-07-25T09:14:00,False
2531,2062,2,2,0,2026-07-25T09:14:00,False
2532,2063,11,0,0,2026-07-25T09:16:00,False
2533,2064,1,0,0,2026-07-25T10:00:00,False
2534,2065,2,0,0,2026-07-04T10:21:00,False
2535,2066,2,0,0,2026-07-23T10:24:00,False
2536,2067,2,0,0,2026-06-11T10:36:00,False
2537,2068,2,0,0,2026-06-13T10:37:00,False
2538,2069,12,0,0,2026-06-14T10:43:00,False
2539,2070,2,0,0,2026-06-14T11:34:00,False
2540,2071,2,0,0,2026-06-15T11:49:00,False
2541,2072,2,0,0,2026-06-22T11:55:00,False
2542,2073,2,0,0,2026-06-25T11:58:00,False
2543,2074,2,0,0,2026-07-25T12:24:00,False
2544,2075,11,20,1360,2026-04-26T13:21:00,False
2545,2076,4,10,560,2026-02-03T13:24:00,False
2546,1775,1,0,1250,2026-07-08T10:26:00,False
2547,1775,10,0,1250,2026-07-08T10:26:00,False
2548,1028,1,25,1500,2026-05-30T17:38:00,False
2549,2077,2,0,0,2026-07-25T17:23:00,False
2550,1985,1,25,1250,2026-07-25T16:25:00,False
2551,2078,9,20,1000,2026-07-26T09:05:00,False
2552,2079,1,25,1250,2026-07-26T09:06:00,False
2553,2080,1,20,1200,2026-07-26T09:06:00,False
2554,2081,10,20,1000,2026-07-26T09:08:00,False
2555,2082,4,20,600,2026-07-26T09:14:00,False
2556,2083,1,20,800,2026-07-26T10:34:00,False
2557,2084,2,0,0,2026-07-26T11:11:00,False
2558,2043,4,0,1200,2025-11-11T16:04:00,False
2559,672,4,0,196,2025-11-02T10:03:00,False
2560,2085,2,0,0,2026-07-19T12:09:00,False
2561,2086,4,0,1006.5,2026-07-26T12:19:00,False
2562,2087,9,0,960.13,2026-07-26T12:41:28.996780,False
2563,2088,9,0,0,2026-07-26T12:44:00,False
2565,2090,4,10,400,2026-01-21T13:34:00,False
2566,2091,4,10,400,2026-01-26T13:35:00,False
2567,2092,12,0,0,2026-01-28T13:40:00,False
2568,2093,4,10,400,2026-01-31T13:45:00,False
2569,2094,4,4,160,2026-02-04T13:47:00,False
2570,2089,4,0,800,2026-01-14T12:56:00,False
2571,2095,4,1,1000,2026-07-26T13:57:00,False
2572,2096,2,0,0,2026-07-26T15:21:00,False
2573,2097,2,0,0,2026-07-26T15:26:00,False
2574,2098,10,0,0,2026-07-26T15:37:00,False
2575,2098,1,0,0,2026-07-26T15:37:00,False
2576,2098,9,0,0,2026-07-26T15:37:00,False
2577,2098,2,0,0,2026-07-26T15:37:00,False
2578,2099,4,5,200,2026-02-10T15:42:00,False
2579,2100,4,500,1000,2026-02-17T16:03:00,False
2580,2101,4,0,1511.2,2026-02-18T16:06:00,False
2581,2102,4,0,1478.4,2026-02-19T16:23:00,False
2582,2103,4,500,1000,2026-02-22T16:26:00,False
2583,2104,4,165,6600,2026-02-22T16:31:00,False
2584,2105,9,500,1000,2026-02-23T16:35:00,False
2585,2106,4,0,2000,2026-07-26T16:41:02.565495,False
2586,2107,4,0,2000,2026-02-26T16:41:00,False
2587,2108,4,0,1000,2026-03-14T16:45:00,False
2588,2109,1,10,400,2026-03-13T16:52:00,False
2589,2110,4,0,1000,2026-07-26T17:08:00,False
2591,2112,2,0,0,2026-04-01T17:13:00,False
2592,2113,1,0,2496,2026-07-26T17:16:00,False
2593,2114,4,0,322.8,2026-04-08T17:18:00,False
2594,2115,4,0,0,2026-04-09T17:21:00,False
2595,2116,4,83,3320,2026-04-09T17:24:00,False
2596,2117,4,0,400,2026-04-12T17:31:00,False
2597,2118,2,0,0,2026-07-26T09:52:00,False
2598,2119,11,25,0,2026-07-27T10:37:00,False
2599,2120,2,0,0,2026-07-26T10:43:00,False
2600,2121,4,6,400,2026-07-26T11:10:00,False
2601,2122,1,20,1000,2026-07-26T11:13:00,False
2602,2123,9,0,755.38,2026-07-27T13:37:00,False
2603,2124,2,0,0,2026-07-27T13:50:00,False
2604,2125,11,0,604.13,2026-07-27T14:23:00,False
2605,2126,13,0,1000,2026-07-27T14:31:00,False
2606,1302,2,0,0,2026-06-08T15:27:00,False
2607,2127,4,0,2250,2026-04-05T15:13:00,False
2608,2128,13,0,1000,2026-07-27T15:19:00,False
2609,2128,4,0,1000,2026-07-27T15:19:00,False
2610,2129,2,0,0,2026-07-27T15:24:00,False
2611,2130,1,60,0,2026-07-27T15:27:00,False
2612,2130,5,40,0,2026-07-27T15:27:00,False
2613,2130,4,40,0,2026-07-27T15:27:00,False
2614,2130,11,20,0,2026-07-27T15:27:00,False
2615,2131,11,25,1250,2026-07-27T15:30:00,False
2616,2132,4,0,2000,2026-07-27T15:35:00,False
2617,2133,9,0,0,2026-07-27T15:40:00,False
2618,2134,13,0,0,2026-07-27T15:41:00,False
2619,2135,1,20,1100,2026-07-27T16:21:00,False
2620,2135,5,20,1100,2026-07-27T16:21:00,False
2621,2136,4,15,750,2026-07-27T16:40:00,False
2622,2137,1,0,0,2026-07-27T16:44:00,False
2623,2137,9,0,0,2026-07-27T16:44:00,False
2624,2137,10,0,0,2026-07-27T16:44:00,False
2625,2137,11,0,0,2026-07-27T16:44:00,False
2626,2138,9,0,2000,2026-07-26T16:46:00,False
2627,2138,1,0,2000,2026-07-26T16:46:00,False
2628,2138,10,0,2000,2026-07-26T16:46:00,False
2629,2138,13,0,2000,2026-07-26T16:46:00,False
2630,2139,11,20,600,2026-07-28T08:53:00,False
2631,2140,4,0,0,2026-07-28T08:59:00,False
2632,2141,9,0,0,2026-07-27T16:30:00,False
2633,2142,2,0,0,2026-07-28T16:36:00,False
2634,2143,1,25,0,2026-07-28T16:52:00,False
2635,2143,11,25,0,2026-07-28T16:52:00,False
2636,2144,1,0,0,2026-07-28T16:53:00,False
2637,2145,13,0,0,2026-07-28T16:56:00,False
2638,2146,4,25,1500,2026-07-28T17:00:00,False
2639,2147,11,20,1500,2026-07-28T17:07:00,False
2640,2148,4,10,0,2026-07-28T17:16:00,False
2641,2149,1,25,0,2026-07-28T17:17:00,False
2642,2150,1,25,1250,2026-07-28T09:11:00,False
2643,2151,1,140,3640,2026-07-28T09:14:00,False
2644,2151,9,80,2080,2026-07-28T09:14:00,False
2645,2151,4,20,520,2026-07-28T09:14:00,False
2646,2152,13,25,500,2026-07-29T09:19:00,False
2647,2153,2,0,0,2026-07-29T10:44:00,False
2648,2154,4,5,200,2026-04-30T10:46:00,False
2649,2155,2,0,0,2026-07-29T11:10:00,False
2650,2156,4,10,400,2026-05-14T11:20:00,False
2652,2158,4,0,0,2026-05-15T11:46:00,False
2656,2160,2,10,0,2026-06-14T12:17:00,False
2657,2161,8,0,0,2026-06-17T12:24:00,False
2659,2163,13,0,0,2026-06-29T12:28:00,False
2660,2162,11,10,400,2026-06-24T12:27:00,False
2661,2164,4,10,400,2026-06-30T12:33:00,False
2662,2165,2,0,0,2026-07-01T12:42:00,False
2663,2166,4,5,760,2026-07-01T12:47:00,False
2664,2167,4,10,400,2026-07-04T12:49:00,False
2665,2159,5,40,1600,2026-05-16T12:11:00,False
2666,2159,8,60,2400,2026-05-16T12:11:00,False
2667,2159,11,20,800,2026-05-16T12:11:00,False
2668,2157,4,0,2778.8,2026-05-14T11:45:00,False
2669,2168,4,10,400,2026-07-04T13:06:00,False
2670,2169,4,20,800,2026-07-05T13:08:00,False
2671,2170,13,0,0,2026-07-07T13:12:00,False
2672,2171,9,5,240,2026-07-20T13:15:00,False
2673,2111,3,20,800,2026-04-24T17:13:00,False
2674,2172,11,0,1500,2026-07-29T13:36:00,False
2675,2173,4,0,0,2026-07-29T13:54:00,False
2676,2174,1,25,750,2026-07-29T14:51:00,False
2677,2175,2,0,0,2026-07-29T15:01:00,False
2678,2176,2,0,0,2026-05-16T15:17:00,False
2679,2177,2,0,0,2026-05-16T15:19:00,False
2680,2178,2,0,0,2026-05-18T15:23:00,False
2681,2179,2,0,0,2026-07-29T17:24:00,False
2682,2180,11,0,0,2026-07-30T10:32:00,False
2683,2041,2,0,0,2026-06-18T14:47:00,False
2684,2181,4,25,1500,2026-07-30T11:24:00,False
2685,2182,13,0,0,2026-07-30T11:42:00,False
2686,2183,1,0,0,2026-07-30T11:47:00,False
2687,2183,11,0,0,2026-07-30T11:47:00,False
2688,2184,10,25,1250,2026-07-30T11:50:00,False
2689,2185,4,50,0,2026-07-30T13:09:00,False
2690,2185,11,25,0,2026-07-30T13:09:00,False
2691,2186,11,0,0,2026-07-30T13:30:00,False
2692,2186,1,0,0,2026-07-30T13:30:00,False
2693,2187,10,20,600,2026-07-30T13:33:00,False
2694,2188,9,0,1000,2026-07-30T13:35:00,False
2695,2189,11,20,1000,2026-07-30T13:43:00,False
2696,2190,10,25,0,2026-07-30T13:44:00,False
2697,2190,1,25,0,2026-07-30T13:44:00,False
2698,2191,4,0,200,2026-07-30T13:50:00,False
2699,2192,4,0,3000,2026-07-30T14:14:00,False
2700,2192,9,0,1500,2026-07-30T14:14:00,False
2701,2193,1,0,1131,2026-07-30T14:24:37.553409,False
2702,2193,11,0,1131,2026-07-30T14:24:37.553409,False
2703,2194,4,0,600,2026-07-30T14:57:00,False
2704,2195,2,0,0,2026-07-30T15:31:00,False
2705,2196,2,0,0,2026-07-30T15:41:00,False
2706,2197,4,0,0,2026-07-30T15:47:00,False
2707,1955,9,0,1000,2026-07-05T13:51:00,False
2708,2198,10,0,0,2026-07-30T12:57:00,False
2709,2198,11,0,0,2026-07-30T12:57:00,False
2710,2199,9,0,0,2026-07-31T13:36:00,False
2711,2200,2,0,0,2026-07-31T14:21:00,False
2712,2201,13,0,0,2026-07-31T14:29:00,False
2713,2202,4,0,0,2026-08-01T14:31:00,False
2714,2203,9,20,600,2026-08-01T14:33:00,False
2715,2204,4,0,0,2026-08-01T14:39:00,False
2716,2205,13,25,500,2026-08-01T14:45:00,False
2717,2206,13,0,0,2026-08-01T15:01:00,False
2718,2207,10,0,0,2026-08-01T15:08:00,False
2719,2208,2,0,0,2026-08-01T15:11:00,False
2720,2209,2,0,0,2026-08-01T15:14:00,False
2721,2210,13,0,0,2026-08-01T15:17:00,False
2722,2211,13,0,0,2026-08-01T15:19:00,False
2723,2212,2,0,0,2026-08-01T15:21:00,False
2724,2213,9,20,0,2026-08-01T15:23:00,False
2725,2214,1,0,0,2026-08-01T15:24:00,False
2726,2215,9,0,0,2026-08-01T15:29:00,False
2727,2216,1,75,0,2026-08-01T15:45:00,False
2728,2216,4,25,0,2026-08-01T15:45:00,False
2729,2217,2,0,0,2026-08-01T15:56:00,False
2730,2218,2,0,0,2026-07-30T16:59:00,False
2731,2219,2,0,0,2026-08-01T17:02:00,False
2732,2220,1,3,0,2026-08-01T15:05:00,False
2733,2221,1,25,0,2026-08-01T15:15:00,False
2734,2222,2,12,0,2026-08-01T15:17:00,False
2736,2224,11,20,0,2026-08-02T15:37:00,False
2737,2225,1,20,0,2026-08-02T16:35:00,False
2738,2226,1,20,0,2026-08-02T16:38:00,False
2741,2229,13,0,1800,2026-08-02T16:50:00,False
2742,2230,10,20,0,2026-08-02T16:52:00,False
2743,2231,3,0,0,2026-08-02T16:55:00,False
2744,2232,10,45,0,2026-08-02T17:44:00,False
2745,2232,11,50,0,2026-08-02T17:44:00,False
2746,2232,13,100,0,2026-08-02T17:44:00,False
2747,2233,2,0,0,2026-08-03T10:24:00,False
2748,2234,2,0,0,2026-08-02T09:00:00,False
2749,2235,5,0,0,2026-08-02T10:26:00,False
2750,2236,4,0,0,2026-07-27T10:32:00,False
2751,2237,12,0,0,2026-08-03T10:35:00,False
2752,2238,2,0,0,2026-08-03T10:36:00,False
2753,2239,9,0,600,2026-08-03T10:38:00,False
2754,2240,10,20,0,2026-08-03T10:39:00,False
2755,2241,3,0,0,2026-08-03T10:41:00,False
2756,2242,1,20,0,2026-07-08T10:44:00,False
2757,2243,1,20,0,2026-07-05T11:06:00,False
2758,2243,4,100,0,2026-07-05T11:06:00,False
2759,2244,8,10,0,2026-06-18T11:11:00,False
2760,2245,1,20,0,2026-08-03T11:34:00,False
2761,2246,1,20,0,2026-08-03T11:36:00,False
2762,2247,3,20,0,2026-08-03T11:37:00,False
2763,2248,5,25,0,2026-08-03T12:33:00,False
2764,2249,1,20,0,2026-08-03T12:34:00,False
2765,2250,9,0,0,2026-08-03T13:11:00,False
2766,2251,2,0,0,2026-08-03T17:11:00,False
2767,2252,1,20,0,2026-08-03T17:13:00,False
2768,2253,2,0,0,2026-08-03T17:14:00,False
2769,2254,5,20,0,2026-08-03T17:16:00,False
2770,2255,1,0,1061,2026-08-04T10:41:00,False
2771,2255,10,0,1061,2026-08-04T10:41:00,False
2772,2256,10,0,0,2026-08-04T10:47:00,False
2773,2257,1,20,0,2026-08-04T10:48:00,False
2774,2258,9,20,1000,2026-08-04T10:50:00,False
2775,2259,9,20,1200,2026-08-03T11:58:00,False
2776,2260,2,0,0,2026-08-04T12:01:00,False
2777,2261,9,20,0,2026-08-04T15:16:00,False
2778,2262,2,15,0,2026-08-04T15:18:00,False
2780,2264,5,0,1500,2026-08-04T16:45:00,False
2781,2265,1,25,0,2026-08-04T16:59:00,False
2782,2265,10,25,0,2026-08-04T16:59:00,False
2783,2265,9,25,0,2026-08-04T16:59:00,False
2784,2263,9,0,0,2026-08-04T15:52:00,False
2785,2266,2,0,0,2026-08-05T11:51:00,False
2786,2267,2,0,0,2026-08-05T11:52:00,False
2788,2269,10,20,0,2026-08-05T11:54:00,False
2789,2270,2,0,0,2026-08-05T11:59:00,False
2790,2271,2,5,0,2026-08-05T12:00:00,False
2791,2268,9,20,0,2026-08-05T11:53:00,False
2792,2272,12,20,0,2026-08-05T13:08:00,False
2793,2273,2,0,0,2026-08-05T13:09:00,False
2794,2274,9,0,0,2026-08-05T13:17:00,False
2795,2275,12,0,0,2026-08-05T13:43:00,False
2796,2276,2,0,0,2026-08-05T14:37:00,False
2797,2277,9,0,0,2026-08-05T14:58:00,False
2798,2278,2,0,0,2026-08-05T15:12:00,False
2799,2279,11,0,0,2026-08-05T16:19:00,False
2800,2280,10,0,0,2026-08-05T16:22:00,False
2801,2281,12,25,0,2026-08-05T16:32:00,False
2802,2282,11,40,0,2026-08-05T16:45:00,False
2803,2282,9,30,0,2026-08-05T16:45:00,False
2804,2282,10,60,0,2026-08-05T16:45:00,False
2805,2283,2,0,0,2026-08-05T17:42:00,False
2806,2284,4,100,5000,2026-08-01T17:58:00,False
2807,2285,10,10,0,2026-08-05T10:56:00,False
2808,2286,2,0,0,2026-08-05T13:05:00,False
2809,2287,2,0,0,2026-08-06T13:13:00,False
2810,2288,11,20,0,2026-08-06T13:20:00,False
2811,2289,9,25,0,2026-08-06T14:22:00,False
2812,2290,2,0,0,2026-08-06T14:24:00,False
2813,2291,2,0,0,2026-08-06T14:26:00,False
2814,2292,2,0,0,2026-08-06T15:03:00,False
2815,2293,11,0,0,2026-08-06T15:05:00,False
2816,2294,2,0,0,2026-08-06T15:10:00,False
2817,2295,1,0,1500,2026-08-06T15:12:00,False
2818,2296,9,25,0,2026-08-06T15:14:00,False
2819,2297,10,25,0,2026-08-05T15:15:00,False
2820,2297,4,25,0,2026-08-05T15:15:00,False
2821,2298,13,0,0,2026-08-06T15:20:00,False
2822,2299,12,0,0,2026-08-06T15:22:00,False
2823,2300,2,0,0,2026-08-06T16:24:00,False
2824,2301,9,45,3375,2026-08-06T16:40:00,False
2825,2301,10,45,3375,2026-08-06T16:40:00,False
2826,2301,4,25,1875,2026-08-06T16:40:00,False
2827,2301,11,20,1500,2026-08-06T16:40:00,False
2828,2302,12,0,0,2026-08-06T17:08:00,False
2829,2303,9,150,4500,2026-08-04T17:09:00,False
2831,2304,8,0,0,2026-07-02T18:22:00,False
2832,2305,8,0,0,2026-08-06T18:50:00,False
2833,2227,3,0,0,2026-08-02T16:40:00,False
2834,2306,12,20,0,2026-08-07T11:05:00,False
2835,2307,2,0,0,2026-08-06T12:50:00,False
2836,2308,3,0,0,2026-08-07T12:53:00,False
2837,2309,1,0,0,2026-08-07T12:56:00,False
2838,2310,2,0,0,2026-08-07T12:59:00,False
2840,2312,3,0,0,2026-08-07T13:12:00,False
2841,2313,5,0,0,2026-08-07T14:22:00,False
2842,2314,12,0,0,2026-08-07T14:23:00,False
2844,2316,1,25,0,2026-08-07T14:29:00,False
2845,2317,1,0,0,2026-08-07T14:30:00,False
2846,2318,12,0,0,2026-08-07T14:33:00,False
2847,2319,2,25,750,2026-08-07T14:36:00,False
2848,2320,12,20,600,2026-08-07T14:43:00,False
2849,2311,2,0,0,2026-08-07T13:10:00,False
2850,2321,12,25,0,2026-08-07T10:31:00,False
2852,2323,4,0,0,2026-08-08T12:27:00,False
2853,2324,2,0,0,2026-08-08T12:32:00,False
2854,2322,11,10,600,2026-08-08T12:24:00,False
2856,2326,4,20,520,2026-08-08T13:02:00,False
2858,2328,2,0,0,2026-08-06T13:05:00,False
2859,2329,11,20,1000,2026-08-08T13:06:00,False
2860,2330,4,20,1000,2026-08-08T13:08:00,False
2861,2331,2,0,0,2026-08-08T14:35:00,False
2862,2332,12,0,800,2026-08-08T14:44:00,False
2863,2333,4,20,0,2026-08-08T14:48:00,False
2864,2333,12,20,0,2026-08-08T14:48:00,False
2865,2333,10,20,0,2026-08-08T14:48:00,False
2866,2333,11,20,0,2026-08-08T14:48:00,False
2867,2333,1,20,0,2026-08-08T14:48:00,False
2868,2334,13,0,0,2026-08-08T14:51:00,False
2869,2335,10,0,1500,2026-08-08T16:40:00,False
2870,2335,11,0,1500,2026-08-08T16:40:00,False
2871,2336,12,0,300,2026-08-08T16:47:00,False
2872,2337,4,0,0,2026-08-06T16:51:00,False
2873,2338,4,0,11250,2026-08-08T17:33:00,False
2874,2339,4,25,1250,2026-08-08T17:37:00,False
2875,2340,10,25,1250,2026-08-08T08:44:00,False
2876,2341,11,0,400,2026-08-08T11:22:00,False
2877,2341,1,0,900,2026-08-08T11:22:00,False
2878,2342,1,0,1250,2026-08-09T11:38:00,False
2879,2343,4,0,0,2026-08-09T11:56:00,False
2880,2344,1,0,0,2026-08-09T11:59:00,False
2881,2344,10,0,0,2026-08-09T11:59:00,False
2882,2345,11,20,1000,2026-08-09T12:43:00,False
2883,2346,4,20,0,2026-08-09T12:46:00,False
2884,2347,2,0,0,2026-08-09T12:49:00,False
2885,2348,2,0,0,2026-08-09T12:52:00,False
2886,2349,2,0,0,2026-08-09T12:53:00,False
2887,2350,2,0,0,2026-08-09T13:09:00,False
2888,2351,2,0,0,2026-08-09T13:10:00,False
2889,2352,4,25,0,2026-08-09T13:12:00,False
2890,2353,10,0,0,2026-08-09T13:14:00,False
2891,2354,4,20,1200,2026-08-09T13:16:00,False
2892,2355,1,72,3600,2026-08-09T14:14:00,False
2893,2355,11,75,3750,2026-08-09T14:14:00,False
2894,2355,10,50,2500,2026-08-09T14:14:00,False
2895,2356,11,0,0,2026-08-09T15:13:00,False
2896,2357,10,0,0,2026-08-02T15:18:00,False
2897,2358,1,20,600,2026-08-09T15:40:00,False
2898,2359,5,50,0,2026-08-09T15:42:00,False
2899,2359,1,25,0,2026-08-09T15:42:00,False
2900,2359,11,50,0,2026-08-09T15:42:00,False
2901,2359,4,25,0,2026-08-09T15:42:00,False
2902,2360,1,20,1000,2026-08-09T16:02:00,False
2903,2361,1,0,0,2026-08-09T16:09:26.461969,False
2904,2362,2,0,0,2026-08-09T16:20:00,False
2905,2363,10,20,1000,2026-08-09T16:24:00,False
2906,2364,11,20,1000,2026-08-09T16:26:00,False
2907,2365,4,25,1250,2026-08-09T16:29:00,False
2908,2366,2,0,0,2026-08-09T16:39:00,False
2909,2327,2,0,0,2026-08-08T13:03:00,False
2910,2367,2,0,0,2026-08-08T16:53:00,False
2911,2368,2,0,0,2026-05-07T17:00:00,False
2913,2370,5,0,0,2026-08-09T11:14:00,False
2914,2370,1,0,0,2026-08-09T11:14:00,False
2915,2371,2,0,0,2026-08-09T11:24:00,False
2916,2372,1,0,0,2026-08-09T11:41:00,False
2917,2373,11,20,1000,2026-08-10T11:42:00,False
2918,2374,10,0,350,2026-08-10T12:03:00,False
2919,2369,4,0,501.2,2026-08-10T11:11:00,False
2920,2375,2,0,0,2026-08-10T12:15:00,False
2921,2376,2,0,0,2026-08-10T12:17:00,False
2922,2377,10,0,0,2026-08-10T12:23:00,False
2923,2378,2,0,0,2026-08-10T12:24:00,False
2924,2379,13,0,0,2026-08-10T12:27:00,False
2925,2380,10,0,0,2026-08-10T12:30:00,False
2926,2381,9,0,600,2026-08-11T12:31:00,False
2928,2383,11,0,1000,2026-08-11T12:38:00,False
2929,2384,9,0,1500,2026-08-11T12:39:00,False
2930,2385,2,0,0,2026-08-11T12:42:00,False
2932,2387,1,0,0,2026-08-11T12:49:00,False
2933,2388,11,0,1000,2026-08-11T12:50:00,False
2934,2389,2,0,0,2026-08-11T12:52:00,False
2936,2391,2,0,0,2026-08-10T13:08:00,False
2937,2390,10,0,0,2026-08-10T13:07:00,False
2938,2392,11,0,0,2026-08-10T13:11:00,False
2939,2393,1,0,0,2026-08-10T13:13:00,False
2940,2394,10,0,0,2026-08-11T13:14:00,False
2943,2396,2,0,0,2026-08-10T12:18:00,False
2944,2397,2,0,0,2026-08-11T14:42:00,False
2945,2398,2,0,0,2026-08-11T14:43:00,False
2946,2399,2,0,800,2026-08-11T14:44:00,False
2947,2400,1,0,0,2026-08-11T14:45:00,False
2948,2401,2,0,0,2026-08-11T14:50:00,False
2949,2402,1,0,0,2026-08-11T14:52:00,False
2951,2404,11,0,0,2026-08-11T14:55:00,False
2952,2403,1,20,1500,2026-08-10T14:55:00,False
2953,2405,2,0,0,2026-08-11T14:57:00,False
2954,2406,11,0,800,2026-08-11T14:56:00,False
2955,2407,13,0,0,2026-08-10T16:06:00,False
2956,2408,2,0,0,2026-08-10T16:09:00,False
2957,2409,2,0,0,2026-08-10T16:11:00,False
2958,2410,1,0,0,2026-08-11T16:36:00,False
2965,2414,2,0,0,2026-08-11T11:12:00,False
2966,2415,2,0,0,2026-08-11T11:13:00,False
2969,2417,3,0,1000,2026-08-12T11:22:00,False
2970,2418,4,0,0,2026-08-12T11:30:00,False
2971,2419,5,0,0,2026-08-12T11:34:00,False
2972,2420,4,0,0,2026-08-12T11:35:00,False
2973,2421,4,25,1250,2026-08-12T14:51:00,False
2974,2422,5,0,0,2026-08-12T15:41:00,False
2975,2423,5,0,0,2026-08-12T15:43:00,False
2976,2424,2,0,0,2026-08-12T15:45:00,False
2977,2425,4,0,0,2026-08-12T15:46:00,False
2978,2426,2,0,0,2026-08-11T16:23:00,False
2982,2428,5,0,0,2026-08-12T12:44:00,False
2983,2427,1,80,0,2026-08-12T12:34:00,False
2984,2427,10,80,0,2026-08-12T12:34:00,False
2985,2427,4,20,0,2026-08-12T12:34:00,False
2987,2430,1,0,0,2026-08-13T12:47:00,False
2988,2431,10,0,0,2026-08-13T12:53:00,False
2989,2432,1,0,0,2026-08-13T12:56:00,False
2990,2433,1,0,0,2026-08-13T13:12:00,False
2991,2434,2,0,0,2026-08-13T13:13:00,False
2992,2435,4,0,0,2026-08-13T14:13:00,False
2993,2436,5,0,0,2026-08-13T14:15:00,False
2994,2437,2,0,0,2026-08-13T14:18:00,False
2995,2438,1,0,0,2026-08-13T14:20:00,False
2996,2439,8,50,0,2026-08-13T14:23:00,False
2997,2439,1,25,0,2026-08-13T14:23:00,False
2998,2439,4,25,0,2026-08-13T14:23:00,False
2999,2440,2,0,0,2026-08-13T14:29:48.758993,False
3000,2441,8,0,0,2026-08-13T14:31:00,False
3002,2443,9,0,0,2026-07-05T14:54:00,False
3003,2444,2,0,0,2026-08-12T17:02:00,False
3004,2445,10,0,0,2026-08-13T08:45:00,False
3005,2446,1,0,0,2026-08-13T08:51:00,False
3006,2447,2,0,0,2026-08-14T09:10:00,False
3007,2448,9,0,0,2026-07-09T09:12:00,False
3008,2449,4,0,0,2026-08-12T11:19:00,False
3009,2449,1,0,0,2026-08-12T11:19:00,False
3010,2450,1,0,0,2026-08-10T11:44:00,False
3011,2451,1,0,0,2026-08-11T11:48:00,False
3014,2453,1,0,0,2026-08-15T08:53:00,False
3015,2454,2,0,0,2026-08-15T09:05:00,False
3016,2455,8,0,0,2026-08-15T09:11:00,False
3017,2456,10,0,0,2026-08-15T09:17:00,False
3018,2457,9,0,0,2026-08-15T09:19:00,False
3019,2458,2,0,0,2026-08-15T09:38:00,False
3020,2459,4,0,0,2026-08-15T09:59:00,False
3022,2461,9,0,0,2026-08-15T10:10:00,False
3023,2462,2,0,0,2026-08-15T10:13:00,False
3024,2460,2,0,0,2026-08-15T10:09:00,False
3025,2463,1,0,0,2026-08-15T10:41:00,False
3026,2464,4,0,0,2026-08-15T10:53:00,False
3027,2325,2,0,0,2026-08-08T12:59:00,False
3028,2465,2,0,0,2026-08-15T11:41:00,False
3029,2466,4,0,0,2026-08-15T11:42:00,False
3030,2467,9,0,0,2026-08-15T12:16:00,False
3032,2469,2,0,0,2026-08-15T12:35:00,False
3033,2470,2,0,0,2026-08-15T12:43:00,False
3034,2471,1,0,0,2026-08-15T14:53:00,False
3035,2472,2,0,0,2026-08-15T14:57:00,False
3036,2473,8,0,0,2026-08-15T15:17:00,False
3037,2474,1,0,0,2026-08-15T15:19:00,False
3039,2475,4,0,0,2026-08-15T16:19:00,False
3040,2476,2,0,0,2026-08-15T09:17:00,False
3041,2477,9,20,520,2026-08-16T09:31:00,False
3042,2478,4,0,1040,2026-08-11T10:05:00,False
3043,2479,2,0,0,2026-08-15T10:08:00,False
3044,2480,2,0,0,2026-08-15T10:15:00,False
3045,2481,1,0,400,2026-08-16T10:18:00,False
3046,2482,2,0,0,2026-08-15T17:39:00,False
3047,2483,4,0,0,2026-08-16T10:46:00,False
3048,2484,2,0,0,2026-07-01T11:31:00,False
3049,2485,14,0,400,2026-08-16T11:37:00,False
3050,2486,2,0,0,2026-08-13T11:38:00,False
3051,2487,13,0,0,2026-08-16T12:53:00,False
3052,2488,1,0,600,2026-08-16T13:46:00,False
3053,2489,14,0,0,2026-08-16T13:48:00,False
3054,2490,2,0,0,2026-08-16T13:55:00,False
3055,2491,2,0,0,2026-08-16T14:53:00,False
3058,2493,9,0,0,2026-08-17T08:58:00,False
3059,2494,1,20,0,2026-08-17T09:00:00,False
3060,2494,9,20,0,2026-08-17T09:00:00,False
3061,2495,13,0,0,2026-08-17T09:25:00,False
3062,2496,1,0,0,2026-08-17T09:33:00,False
3063,2497,4,0,0,2026-08-17T09:34:00,False
3064,2498,14,0,0,2026-08-16T22:21:00,False
3065,2499,2,0,0,2026-08-16T22:24:00,False
3066,2500,2,0,0,2026-08-16T22:40:00,False
3068,2502,1,0,0,2026-08-17T11:03:00,False
3069,2503,2,0,0,2026-08-17T11:14:00,False
3071,2501,4,0,0,2026-08-17T22:44:00,False
3072,2505,9,0,0,2026-08-17T11:54:00,False
3073,2506,1,0,0,2026-08-17T11:56:00,False
3074,1097,11,0,600,2026-06-02T16:01:00,False
3075,2542,10,0,1250,2026-08-19T09:21:00,False
3076,2543,2,0,0,2026-08-19T09:37:00,False
3077,2544,2,0,0,2026-08-13T09:39:00,False
3078,2545,2,0,0,2026-08-19T11:04:00,False
3079,2546,2,0,0,2026-08-19T11:05:00,False
3080,2547,14,0,0,2026-08-19T11:08:00,False
3081,2548,14,0,0,2026-08-19T11:11:00,False
3082,2549,11,0,0,2026-08-12T11:46:00,False
3083,2549,14,0,0,2026-08-12T11:46:00,False
3084,2550,14,0,0,2026-08-20T11:55:00,False
3085,2551,1,0,1200,2026-08-02T12:06:00,False
3086,2552,14,0,0,2026-08-17T15:55:00,False
3087,2553,2,0,0,2026-08-20T15:56:00,False
3088,2554,1,0,1700,2026-08-18T16:57:00,False
3089,2554,5,0,1700,2026-08-18T16:57:00,False
3090,2554,4,0,1600,2026-08-18T16:57:00,False
3091,2555,2,0,0,2026-08-20T11:48:00,False
3092,2556,2,0,0,2026-08-21T11:51:00,False
3093,2557,2,0,0,2026-08-21T11:52:00,False
3094,2558,3,0,0,2026-08-21T11:54:00,False
3095,2559,1,80,0,2026-08-21T14:30:00,False
3096,2559,5,40,0,2026-08-21T14:30:00,False
3097,2559,3,40,0,2026-08-21T14:30:00,False
3098,2559,14,20,0,2026-08-21T14:30:00,False
3102,2560,9,0,900,2026-08-16T11:44:00,False
3103,2560,14,0,900,2026-08-16T11:44:00,False
3104,2492,1,0,1400,2026-08-16T16:11:00,False
3105,2492,4,0,1435,2026-08-16T16:11:00,False
3106,2561,10,0,756,2026-08-18T11:51:00,False
3107,2562,10,140,0,2026-08-22T12:15:00,False
3108,2562,5,140,0,2026-08-22T12:15:00,False
3109,2562,14,120,0,2026-08-22T12:15:00,False
3110,2562,3,80,0,2026-08-22T12:15:00,False
3111,2382,11,0,300,2026-08-11T12:32:00,False
3112,2386,9,0,1000,2026-08-11T12:48:00,False
3113,2563,5,0,0,2026-08-21T12:26:00,False
3114,2223,2,0,0,2026-08-01T15:18:00,False
3115,2564,2,0,0,2026-08-17T12:50:00,False
3116,2565,2,0,0,2026-08-21T13:02:00,False
3118,2566,10,0,0,2026-08-22T12:56:00,False
3119,2567,4,0,0,2026-08-22T13:05:00,False
3120,2568,1,0,0,2026-08-22T13:06:00,False
3121,2569,4,0,0,2026-08-22T13:09:00,False
3122,2570,3,0,0,2026-08-22T13:10:00,False
3123,2571,10,0,0,2026-08-22T13:13:00,False
3124,2572,10,0,0,2026-08-22T13:16:00,False
3126,2574,14,0,0,2026-08-22T13:19:00,False
3127,2575,14,0,0,2026-08-20T13:48:00,False
3128,2575,5,0,0,2026-08-20T13:48:00,False
3129,2575,10,0,0,2026-08-20T13:48:00,False
3130,2575,3,0,0,2026-08-20T13:48:00,False
3132,2416,1,0,1250,2026-08-11T11:19:00,False
3133,2416,9,0,1000,2026-08-11T11:19:00,False
3134,2429,9,0,1250,2026-08-13T12:46:00,False
3135,2576,1,0,0,2026-08-22T14:09:00,False
3136,2577,4,0,480,2026-08-22T14:11:00,False
3137,2578,7,0,0,2026-08-22T14:13:00,False
3138,2579,2,0,0,2026-08-22T14:28:00,False
3139,2580,2,0,0,2026-08-22T14:36:00,False
3140,2581,4,0,0,2026-08-22T14:38:00,False
3141,2582,5,0,600,2026-08-22T14:49:00,False
3142,2583,1,20,0,2026-08-22T14:52:00,False
3143,2584,2,0,0,2026-08-23T14:53:00,False
3144,2585,2,0,0,2026-08-19T14:54:00,False
3145,2586,3,0,1200,2026-08-23T15:04:00,False
3146,2587,4,0,0,2026-08-23T15:07:00,False
3147,2588,3,0,0,2026-08-23T15:29:00,False
3148,2589,10,0,0,2026-08-23T15:34:00,False
3149,2590,1,20,1000,2026-08-23T15:39:00,False
3150,2591,1,0,600,2026-08-23T15:41:00,False
3151,2592,9,20,600,2026-08-18T15:45:00,False
3152,2593,10,0,0,2026-08-23T15:46:00,False
3153,2594,14,0,0,2026-08-18T15:50:00,False
3154,2595,5,0,1000,2026-08-23T16:03:00,False
3155,2595,14,0,1000,2026-08-23T16:03:00,False
3156,2596,3,0,1000,2026-08-23T16:25:00,False
3157,2597,10,0,0,2026-08-23T16:29:00,False
3158,2598,4,0,1500,2026-08-23T16:35:00,False
3159,2599,14,0,0,2026-08-23T16:38:00,False
3160,2600,2,0,0,2026-08-23T16:40:00,False
3161,2601,2,0,2400,2026-08-23T17:07:00,False
3162,2602,2,0,0,2026-08-23T17:09:00,False
3163,2603,1,0,700,2026-08-23T17:09:00,False
3164,2604,14,0,304.75,2026-08-13T17:12:00,False
3165,2605,3,20,600,2026-08-18T13:13:00,False
3166,2606,4,0,600,2026-08-24T13:16:00,False
3167,2607,3,0,0,2026-08-24T13:23:00,False
3168,2608,2,0,0,2026-08-24T13:29:00,False
3169,2609,4,0,1000,2026-08-24T13:30:00,False
3170,2610,3,0,800,2026-08-24T13:34:00,False
3171,2611,5,0,0,2026-08-24T13:36:00,False
3172,2612,2,0,0,2026-08-24T13:43:00,False
3173,2613,2,0,800,2026-08-24T13:45:00,False
3174,2614,2,0,0,2026-08-24T14:09:00,False
3175,2615,2,0,0,2026-08-24T14:22:00,False
3176,2616,4,0,260,2026-08-24T14:23:00,False
3177,2617,2,0,0,2026-08-24T14:32:00,False
3178,2618,2,0,0,2026-08-24T15:23:00,False
3179,2619,2,0,0,2026-08-24T15:27:00,False
3180,2620,6,0,0,2026-08-24T16:13:00,False
3181,2621,3,25,1250,2026-08-24T16:54:00,False
3182,2621,4,25,1250,2026-08-24T16:54:00,False
3183,2621,5,25,1250,2026-08-24T16:54:00,False
3184,2621,14,95,4750,2026-08-24T16:54:00,False
3185,2622,2,0,0,2026-08-25T11:03:00,False
3186,2623,3,0,0,2026-08-25T11:04:00,False
3187,2624,4,0,0,2026-08-25T11:06:00,False
3188,2625,13,0,0,2026-08-25T11:08:00,False
3189,2626,4,0,0,2026-08-25T11:09:00,False
3190,2627,10,0,0,2026-08-01T10:07:00,False
3191,2627,9,0,0,2026-08-01T10:07:00,False
3192,2628,4,0,0,2026-08-06T12:09:00,False
3193,2629,2,0,0,2026-08-04T12:27:00,False
3194,2630,2,0,0,2026-08-25T12:31:00,False
3195,2631,5,0,0,2026-08-25T12:50:00,False
3196,2632,3,0,0,2026-08-25T12:52:00,False
3197,2633,2,0,0,2026-08-25T12:55:00,False
3198,2634,4,0,0,2026-08-25T12:57:00,False
3199,2635,4,0,0,2026-08-25T11:40:00,False
3200,2636,4,0,0,2026-08-25T11:42:00,False
3201,2637,2,0,0,2026-08-25T11:44:00,False
3202,2638,3,0,0,2026-08-25T11:46:00,False
3203,2639,14,0,0,2026-08-25T11:52:00,False
3204,2640,2,0,0,2026-08-25T11:55:00,False
3205,2641,2,0,0,2026-08-25T11:57:00,False
3206,2642,5,0,0,2026-08-25T11:58:00,False
3207,2643,14,0,0,2026-08-25T12:00:00,False
3208,2643,4,0,0,2026-08-25T12:00:00,False
3209,2644,13,0,0,2026-08-25T12:02:00,False
3210,2645,5,0,0,2026-08-25T12:05:00,False
3211,2646,5,0,0,2026-08-27T12:11:00,False
3212,2647,4,0,0,2026-08-27T12:17:00,False
3213,2648,10,0,0,2026-08-27T12:18:00,False
3214,2649,3,0,0,2026-08-27T12:21:00,False
3215,2650,4,0,0,2026-08-27T12:23:00,False
3216,2651,2,0,0,2026-08-27T12:24:00,False
3217,2652,10,0,0,2026-08-27T12:28:00,False
3218,2653,2,0,0,2026-08-27T12:34:00,False
3219,2654,10,0,0,2026-08-27T10:38:00,False
3220,2654,4,0,0,2026-08-27T10:38:00,False
3221,2655,14,0,0,2026-08-28T10:44:00,False
3222,2656,3,0,0,2026-08-27T10:50:00,False
3223,2657,4,0,0,2026-08-28T11:12:00,False
3224,2658,4,0,0,2026-08-28T11:14:00,False
